:020000040800F2
:10000000D8330020B955000845020008470200080F
:100010004B0200084F0200085302000800000000D5
:100020000000000000000000000000009D0100082A
:100030005702000800000000E1010008D385000815
:10004000D3550008D3550008D3550008D3550008F0
:10005000D3550008D3550008D3550008D3550008E0
:10006000A5040008E9040008D35500081903000896
:10007000FB02000857030008D3550008750200086A
:10008000D355000881020008D3550008D355000855
:10009000D3550008D3550008D3550008D3550008A0
:1000A000D3550008C1030008ED030008D35500082C
:1000B000EF0300081D04000849040008D355000898
:1000C000D3550008D3550008D3550008A1040008F3
:1000D000D35500085D020008D3550008D355000829
:1000E000D3550008D3550008D3550008D355000850
:1000F000D3550008D3550008D35500083303000832
:10010000D3550008D355000875040008A30400085F
:10011000D3550008D3550008930300089F03000837
:10012000D35500089B020008CD020008D3550008F3
:10013000D3550008D3550008D3550008D3550008FF
:10014000D3550008D3550008D3550008D3550008EF
:10015000ED020008D3550008D3550008D355000818
:10016000D3550008D3550008D3550008D3550008CF
:10017000D3550008D3550008D3550008D3550008BF
:10018000D3550008D3550008DFF80CD009F084FDE2
:1001900000480047FB520008D8330020234B196861
:1001A0000868B0E8F04F80F309884FF0000080F352
:1001B000118870470000000003480068006880F361
:1001C000088862B600DF00BF08ED00E0DFF80C0031
:1001D000016841F470010160704700BF88ED00E0E4
:1001E000EFF30980114B1A681EF0100F08BF20EDC5
:1001F000108A20E9F04F106008B54FF0140080F32A
:10020000118808F0AEFD4FF0000080F31188BDE8C2
:10021000084019680868B0E8F04F1EF0100F08BFDA
:10022000B0EC108A80F30988704700BF18040020E2
:10023000EFF311804FF0140181F31188704780F3C0
:1002400011887047704700BFFEE700BFFEE700BFA0
:10025000FEE700BFFEE770477047704710B540F2F9
:100260002551A24807F0C9FA18B120219F4807F08C
:10027000BBFA10BD10B59E499E4806F0F3F910BDBB
:1002800010B59D499B48303006F0C2F920B19A491B
:100290009848303006F0E6F910BD10B597499848F7
:1002A00006F0B6F988B19549954806F0DBF901F0FA
:1002B000CCFD0021924806F001F90421904806F097
:1002C0001EF901218E4806F0F9F810BD10B58D49D0
:1002D0008B48183006F0C6F98B4840788A4909786F
:1002E00040EA012000B28949088010BD10B5884954
:1002F0008348603006F0B6F910BD10B57F497D48DF
:10030000483806F085F930B17C497A48483806F01B
:10031000A9F900F0B7FA10BD10B57E4975486038EC
:1003200006F076F920B17B497248603806F09AF9F8
:1003300010BD10B578496F48483006F069F948B1EA
:1003400000216C48483006F0B9F8734969484830D4
:1003500006F088F910BD10B56A496648303806F0D5
:1003600057F9A8B167496348303806F07BF901F0C6
:1003700027FC00215F48303806F0A0F804215D48D2
:10038000303806F0BCF801215A48303806F096F8AB
:1003900010BD10B50121614806F08CFF10BD10B5ED
:1003A00001215F4806F086FF7A20504988800121AC
:1003B0005C4807F031F901215B4807F02DF910BDC9
:1003C00010B50121594806F075FF5848008800F023
:1003D000100028B156480068401E5549086004E0E6
:1003E00053480068401C5249086010BD704710B562
:1003F0000121880706F05EFF4FF08040008800F082
:10040000100028B14B480068401E4A49086004E0CB
:1004100048480068401C4749086010BD10B50121DC
:10042000454806F047FF4448008800F0100028B116
:1004300042480068401E4149086004E03F480068A7
:10044000401C3E49086010BD10B501213C4806F033
:1004500031FF3B48008800F0100028B1394800689F
:10046000401E3849086004E036480068401C3549A1
:10047000086010BD10B50121334806F01BFF32485B
:10048000008800F0100028B130480068401E2F4955
:10049000086004E02D480068401C2C49086010BD2D
:1004A0007047704710B5042006F074F9D8B12021C8
:1004B000274805F0F8F90421264805F0CFF901286E
:1004C00004D10021164806F075FA09E004212148FC
:1004D00005F0C4F920B9124806F070FA1E49086008
:1004E00004201E49086010BD704700000010014044
:1004F00020800020706002400080202000880010D2
:100500002864024000802010340600208C00002067
:10051000008800202080001000800028001000408B
:100520000014004000480040001401400000014059
:100530006C000020700000200004004074000020C7
:100540000008004088000020000C004078000020D7
:1005500000000240000C024068000020143C0140F2
:1005600070B50446204608F0E5FF05462146FE48E2
:1005700008F0E7FFA0B195222146FB4808F0CEFF26
:100580000021FA4805F09AFFF748F8490C31086055
:10059000F648B838C0F8BC500121F44805F08EFF89
:1005A00070BD70B50446002510E0605D68B1615D06
:1005B000EF4807F05CF800BF8021ED4807F007F92D
:1005C0000028F9D0681CC5B200E070BDEDE770B539
:1005D000044600250FE05CB12146E54807F047F8E6
:1005E00000BF8021E24807F0F2F80028F9D000E0CF
:1005F00070BD681CC5B2032DEDDB00BFF8E713B575
:100600000C460020FFF7E3FFDAA0FFF7CAFF2346FE
:10061000D9A29621D94809F089FBD848FFF7C1FF34
:10062000D7A0FFF7BEFFD4A29621D448009B09F0C3
:100630007DFBD248FFF7B5FFD3A0FFF7B2FFFF2045
:10064000FFF7C5FFFF20FFF7C2FFFF20FFF7BFFF47
:100650001CBD70B505460C46C6A0FFF7A2FF22469A
:10066000C5A1C64809F07AFBC448FFF79AFFC4A0A9
:10067000FFF797FF2846FFF794FFC3A0FFF791FF0E
:10068000FF20FFF7A4FF70BD77B585B00546FF26B4
:10069000BBA103C9CDE90301BBA000680290B5A0CE
:1006A0000068019000240AE00020B8490855B849C4
:1006B0000855B2490855AC490855601CC4B21E2CF7
:1006C000F2DB0A20AD490870FF2048708870C870BE
:1006D000A9A1AF48079A09F041FBAD4901A808F06C
:1006E00011FF01A9A54808F00DFF03A9A34808F0D0
:1006F00009FF2946A14808F005FF9FA1A448069AD2
:1007000009F02CFBA2499D4808F0FCFE02A99B4879
:1007100008F0F8FEFF209D490870487088709748DF
:1007200008F0F0FE9548FFF71BFF08B070BDF7B565
:1007300084B005460E46FF2791A103C9CDE9020109
:1007400091A0006801908BA000680090002408E050
:1007500000208E4908558E49085588490855601C67
:10076000C4B20A2CF4DB0A2084490870FF204870C8
:100770008870C87080A18648069A09F0EFFA84490B
:10078000684608F0BFFE69467C4808F0BBFE02A937
:100790007A4808F0B7FE2946784808F0B3FE31469B
:1007A000764808F0AFFE01A9744808F0ABFEFF20C0
:1007B00076490870487088700020C87008716F48CA
:1007C00008F0A0FE6D48FFF7CBFE07B0F0BD01B505
:1007D0008EB070A2322101A80E9B09F0A7FA01A8E1
:1007E000FFF7BEFE0FB000BD73B584B00546FF260F
:1007F00063A103C9CDE9020163A0006801905DA077
:100800000068009000240AE0002060490855604913
:1008100008555A49085554490855601CC4B21E2C45
:10082000F2DB0A2055490870FF2048708870C870B4
:1008300051A15748059A09F091FA5549684608F0C0
:1008400061FE69464D4808F05DFE02A94B4808F07C
:1008500059FE2946494808F055FE4D49474808F0D9
:1008600051FE01A9454808F04DFEFF204749087098
:1008700048708870414808F045FE4048FFF770FE18
:1008800006B070BD1CB54648007845494978084413
:100890004349897808444249C9780844404909795C
:1008A00008443F49497908443D49897908443C490D
:1008B000C97908443A49097A0844C0B201903848D5
:1008C000007A00F00F0000909DF800000D2803D082
:1008D0000021344806F0A0FE1CBD3148007A00F02B
:1008E0000F000D2806D12E48007800F0010008B155
:1008F0000D2070470020FCE72948007800F0020036
:1009000008B1012070470020FCE730B52DED048BC5
:1009100083B0254806F052F82449096840EA0145A9
:10092000284608F0A4FF41EC190B9FED210B53EC76
:10093000102B08F02DFF41EC180B08F0A9FF0190D7
:1009400000244DE0184806F039F81849096840EAD3
:100950000145284608F08BFF41EC190B9FED140B65
:1009600053EC102B28E000008E050020B8600240F8
:10097000005000407400000025640000580400206E
:100980002E7478743D220000220000003E050020F5
:10099000160500206A302E76616C3D25640000004B
:1009A0007006002000480040000400407400002051
:1009B0006666666666A64E4008F0EAFE41EC180BD5
:1009C00008F066FF0290DDE90121881A002801DBAA
:1009D000014600E04142052900DA641C02980190BA
:1009E000022CAFDB0298404203B0BDEC048B30BD5B
:1009F00030B52DED048B83B0FE4805F0DFFFFE49D6
:100A0000096840EA0145284608F031FF41EC190B1E
:100A10001FED190B53EC102B08F0BAFE41EC180B2C
:100A200008F036FF0190002423E0F24805F0C6FFED
:100A3000F149096840EA0145284608F018FF41ECF1
:100A4000190B1FED250B53EC102B08F0A1FE41EC08
:100A5000180B08F01DFF0290DDE90121881A00281B
:100A600001DB014600E04142052900DA641C0298DE
:100A70000190022CD9DB0298404203B0BDEC048BFC
:100A800030BD30B52DED048B83B04FF0804005F0C4
:100A900095FFDA49096840EA0145284608F0E7FE73
:100AA00041EC190B1FED3E0B53EC102B08F070FEC0
:100AB00041EC180B08F0ECFE0190002424E04FF00C
:100AC000804005F07BFFCD49096840EA0145284692
:100AD00008F0CDFE41EC190B1FED4B0B53EC102B26
:100AE00008F056FE41EC180B08F0D2FE0290DDE94A
:100AF0000121881A002801DB014600E04142052956
:100B000000DA641C02980190022CD8DB029803B032
:100B1000BDEC048B30BD30B52DED048B83B0B848EF
:100B200005F04CFFB749096840EA0145284608F03E
:100B30009EFE41EC190B1FED620B53EC102B08F0DD
:100B400027FE41EC180B08F0A3FE0190002423E0DF
:100B5000AB4805F033FFAB49096840EA0145284638
:100B600008F085FE41EC190B1FED6F0B53EC102BB9
:100B700008F00EFE41EC180B08F08AFE0290DDE949
:100B80000121881A002801DB014600E04142322998
:100B900000DA641C02980190022CD9DB029803B0A1
:100BA000BDEC048B30BD01B581B0002000900198F0
:100BB00000EBC0004000009002E00098401E009052
:100BC00000980028F9D10CBD01B581B0002000903B
:100BD00044F2506101984843009002E00098401EA2
:100BE000009000980028F9D10CBD1CB501211F20F0
:100BF00005F018F84FF6FF70009001208DF8040002
:100C000000208DF8060001208DF8070003208DF8E4
:100C1000050069467C4804F0BFFD4FF6FF70009068
:100C200001208DF8040000208DF8060001208DF8C9
:100C3000070003208DF805006946744804F0ACFDF8
:100C40004FF6FF70009001208DF8040000208DF811
:100C5000060001208DF8070003208DF80500694685
:100C60006B4804F099FD1CBD1CB501217E2004F0E9
:100C7000D9FFC020009000208DF8040001208DF8DD
:100C8000070002208DF805006946624804F084FDE3
:100C90000620009000208DF8040001208DF8070048
:100CA00002208DF805006946574804F075FD0420C0
:100CB000009000208DF8040001208DF8070002202C
:100CC0008DF805006946514804F066FD1CBD1FB54E
:100CD0004FF4E06004F082FC36208DF80000002024
:100CE0008DF801008DF8020001208DF803006846A0
:100CF00004F079FC0121102004F0C7FF3220ADF888
:100D0000040040F2E73002900020ADF80C00ADF88E
:100D1000060001A9404805F004FE01213E4806F006
:100D2000C9FA012211463C4806F09CFA00213A48D3
:100D300005F040FE0121384805F07CFE1FBD1FB5BF
:100D40004FF4E06004F04AFC37208DF800000020EA
:100D50008DF801008DF8020001208DF8030068462F
:100D600004F041FC0121202004F08FFF3220ADF877
:100D7000040040F2E73002900020ADF80C00ADF81E
:100D8000060001A9254805F0CCFD0121234806F005
:100D900091FA01221146214806F064FA00211F4809
:100DA00005F008FE01211D4805F044FE1FBD00B5F9
:100DB0008BB00121022004F079FF01210C2004F006
:100DC00031FF03220621114804F071FD032207219F
:100DD0000E4804F06CFD032208210C4804F067FD66
:100DE00003220921094804F062FD4FF47070069057
:100DF000022015E0000C0040780000207000002068
:100E0000000001406C000020000402400008024085
:100E1000000C02400000024000100040001400409E
:100E20008DF81C0003208DF81D0000208DF81E0099
:100E300001208DF81F0006A9FE4804F0ADFCA42097
:100E4000ADF8200040F6B83009904FF48070ADF84E
:100E500028000020ADF8220008A9F74805F061FD40
:100E60006020ADF804000120ADF8060000200390DA
:100E7000ADF810000121F04805F0DCFD0021EE483E
:100E800005F098FD01A9EC4805F0E0FD01A9EA484C
:100E900005F015FE01A9E84805F05EFE01A9E64847
:100EA00005F0C0FE0121E44806F0B5F90BB000BD25
:100EB00000B58BB00121082004F0E7FE01210846AF
:100EC00004F0B0FE02220021DC4804F0F0FC022213
:100ED0000121DA4804F0EBFC02221146D74804F065
:100EE000E6FC02220321D54804F0E1FC0F20069025
:100EF00002208DF81C0003208DF81D0000208DF8C5
:100F00001E0001208DF81F0006A9CC4804F044FC07
:100F1000BA20ADF8200042F2107009900020ADF820
:100F20002800ADF8220008A9C54805F0FAFC6020A9
:100F3000ADF804000120ADF8060000200390ADF8E4
:100F400010000121BE4805F075FD0021BC4805F0E8
:100F500031FD01A9BA4805F079FD01A9B84805F0AD
:100F6000AEFD01A9B64805F0F7FD01A9B44805F0AA
:100F700059FE0121B24806F04EF90BB000BD00B594
:100F80008BB00121042004F080FE01210D2004F02B
:100F900049FE02220C21AB4804F089FC02220D21FB
:100FA000A84804F084FC02220E21A64804F07FFC2D
:100FB00002220F21A34804F07AFC4FF470400690FF
:100FC00002208DF81C0003208DF81D0000208DF8F4
:100FD0001E0001208DF81F0006A99A4804F0DCFBD2
:100FE000A420ADF8200040F6B83009904FF480708E
:100FF000ADF828000020ADF8220008A9924805F0BD
:1010000090FC6020ADF804000120ADF8060000203F
:101010000390ADF8100001218B4805F00BFD002175
:10102000894805F0C7FC01A9874805F00FFD01A913
:10103000854805F044FD01A9834805F08DFD01A90F
:10104000814805F0EFFD0BB000BD00B589B001216E
:10105000080404F02BFE0121084604F0E3FD0322FE
:101060001146764804F023FC03220221734804F061
:101070001EFC0C20019002208DF8080003208DF842
:10108000090000208DF80A0001208DF80B0001A94D
:101090006A4804F081FB0020ADF818004FF6FF709D
:1010A00007900020ADF82000ADF81A0006A96748A7
:1010B00005F037FC0420ADF80C000020ADF80E0060
:1010C000C820ADF814000120ADF8100003A95F4856
:1010D00005F0FEFF00231A4603215D4806F095F94E
:1010E00001215B4806F0E6F801221146584806F057
:1010F000B9F80121554805F09DFC0021544805F040
:1011000059FC09B000BD00B589B00121084604F0C2
:10111000BCFD0121022004F0B8FD0121032004F0F0
:1011200081FD01220F21454804F0C1FB012203216A
:10113000484804F0BCFB02220421464804F0B7FBF7
:1011400002220521434804F0B2FB3820019002201E
:101150008DF8080003208DF8090000208DF80A00A2
:1011600001208DF80B0001A93A4804F015FB4FF45B
:101170000040019002208DF8080003208DF809003E
:1011800000208DF80A0001208DF80B0001A92B48E2
:1011900004F002FB0020ADF818004FF6FF70079036
:1011A0000020ADF82000ADF81A0006A94FF08040ED
:1011B00005F0B7FB06A9284805F0B3FB0420ADF8FD
:1011C0000C000220ADF80E001420ADF81400012030
:1011D000ADF8100003A9800705F07AFF03A91E48A7
:1011E00005F076FF02231A460321580706F00DF991
:1011F00002231A460321184806F007F9012188073F
:1012000006F058F80121144806F054F8012211465E
:10121000900706F027F8012211460F4806F022F841
:101220000121880705F006FC01210B4805F002FCAE
:10123000002113E0000802400004014000000240C9
:10124000000C0040000C024000080040000001407B
:101250000040014000040240000400404FF0804084
:1012600005F0A8FB0021FE4805F0A4FB4FF4C06088
:1012700004F0B4F91D208DF8000003208DF8010062
:1012800000208DF8020001208DF80300684604F06C
:10129000AAF91C208DF8000004208DF80100002020
:1012A0008DF8020001208DF80300684604F09BF9D8
:1012B00009B000BD00B589B00121084604F0F6FC74
:1012C0000121102004F0AEFC4FF4206001900220B8
:1012D0008DF8080003208DF8090000208DF80A0021
:1012E00001208DF80B0001A9DE4804F055FA012217
:1012F0000921DC4804F0DBFA01220B21D94804F073
:10130000D6FA0020ADF818004FF6FF7007900020C5
:10131000ADF82000ADF81A0006A9D34805F001FB8E
:101320000420ADF80C000020ADF80E000A20ADF846
:1013300014000120ADF8100003A9CB4805F0C8FE49
:1013400000231A460321C84806F05FF80121C64869
:1013500005F0B0FF01221146C34805F083FF0121CB
:10136000C14805F0A7FF01221146BF4805F07AFFEA
:101370000121BD4805F05EFB0021BB4805F01AFBCA
:101380004FF4C06004F02AF919208DF80000012004
:101390008DF8010000208DF8020001208DF8030077
:1013A000684604F020F909B000BD00B589B00121FC
:1013B000042004F06AFC0121082004F033FC4FF4FF
:1013C0004050019002208DF8080003208DF809009C
:1013D00000208DF80A0001208DF80B0001A9A34818
:1013E00004F0DAF90020ADF818004FF6FF7007900E
:1013F0000020ADF82000ADF81A0006A99C4805F0C1
:1014000090FA02220C21994804F051FA02220D218F
:10141000964804F04CFA0420ADF80C000220ADF818
:101420000E00C820ADF814000120ADF8100003A98B
:101430008F4805F04DFE02231A4603218C4805F023
:10144000E4FF01218A4805F035FF01221146884852
:1014500005F008FF0121864805F0ECFA00218448D8
:1014600005F0A8FA00208249143108800120804943
:1014700008804FF4C06004F0B1F81E208DF8000021
:1014800004208DF8010000208DF8020001208DF865
:101490000300684604F0A7F809B000BD00B589B0A4
:1014A0000121082004F0F1FB0121084604F0BAFBF9
:1014B0000320019002208DF8080003208DF8090018
:1014C00000208DF80A0001208DF80B0001A9694861
:1014D00004F062F90020ADF818004FF6FF70079095
:1014E0000020ADF82000ADF81A0006A9624805F00A
:1014F00018FA022200215F4804F0D9F902220121E2
:101500005C4804F0D4F90420ADF80C000220ADF8DA
:101510000E00C820ADF814000120ADF8100003A99A
:10152000554805F0D5FD02231A460321524805F01F
:101530006CFF0121504805F0BDFE012211464E48C6
:1015400005F090FE01214C4805F074FA00214A484C
:1015500005F030FA0020484914310880012046493E
:1015600008804FF4C06004F039F832208DF8000094
:1015700004208DF8010000208DF8020001208DF874
:101580000300684604F02FF809B000BD00B59BB019
:1015900001213A4804F046FB0121080204F086FBD1
:1015A00000200290364803903648049000200590B1
:1015B00008200690002007904FF4806008904000BB
:1015C000099080000A9040110B9040020C9000207E
:1015D0000D9001200E9000200F90109002A92A4833
:1015E00004F032FF0121284804F068FF3C200090FD
:1015F00003208DF8040000208DF8070069461D487F
:1016000004F0CAF83C20009003208DF8040000206C
:101610008DF8070069461D4804F0BEF800201190BF
:1016200012901390149011A804F074FC4FF0807085
:10163000159001208DF858008DF859000020179062
:101640001890199008208DF8680015A90C484C389E
:1016500004F031FC00230122022109484C3817E034
:10166000000400400010024000000140000C024055
:101670000008004000000240000C0040050040004F
:101680004C20014024060020106402400008024063
:1016900004F097FC002302220321FA4804F091FC95
:1016A000002303220421F74804F08BFC00230422CA
:1016B0000521F44804F085FC002305220C21F148A3
:1016C00004F07FFC002306220D21EE4804F079FC93
:1016D000002307220E21EB4804F073FC00230822AC
:1016E0000F21E84804F06DFC0121E64804F014FDE8
:1016F0000121E44804F005FD0121E24804F021FC49
:10170000E04804F0BAFC1BB000BD08B54FF4E0603F
:1017100003F064FF25208DF8000000208DF8010003
:101720008DF8020001208DF80300684603F05BFF8E
:1017300008BD10B596B004460121102004F0B6FA99
:101740000121084604F06EFA0121880504F06AFAC6
:101750004FF4C060009002208DF8040000208DF846
:1017600006008DF8070002208DF805006946C6487E
:1017700004F012F807220921C34804F098F8072260
:101780000A21C14804F093F802940020ADF80C003F
:10179000ADF80E00ADF81000ADF814000C20ADF857
:1017A000120002A9B94805F0AFFE0121B74805F0C3
:1017B00033FF4FF4A06003F011FF3A208DF81800BA
:1017C00000208DF819008DF81A0001208DF81B00FB
:1017D00006A803F008FFAE4804F094FD4FF0006047
:1017E000079000200A90AB4809900A200B90A74868
:1017F000001D089000200C904FF480600D90002098
:101800000E900F904FF480701090400211900420C1
:1018100012900320139000201490159007A99C4863
:1018200004F012FE01224021984805F0A2FF012297
:101830001021974804F0CFFE0121954804F03EFEA8
:1018400016B010BD10B596B004460121480504F04D
:10185000E9F90121480404F018FA0121082004F0F4
:10186000E1F96020009002208DF8040000208DF83E
:1018700006008DF8070002208DF8050069468648AD
:1018800003F08AFF07220521834804F010F807229D
:101890000621814804F00BF802940020ADF80C00FA
:1018A000ADF80E00ADF81000ADF814000C20ADF846
:1018B000120002A9794805F027FE0121774805F0BA
:1018C000ABFE4FF4A06003F089FE11208DF81800E4
:1018D00000208DF819008DF81A0001208DF81B00EA
:1018E00006A803F080FE6E4804F00CFD4FF0006087
:1018F000079040200A906B48099050200B90674851
:10190000001D089000200C904FF480600D90002086
:101910000E900F904FF480701090400211900420B0
:1019200012900320139000201490159007A95C4892
:1019300004F08AFD01228021584805F01AFF012297
:101940008021564805F015FF01221021544804F06B
:1019500042FE0121524804F0B1FD16B010BD10B591
:1019600096B004460121880404F08FF90121082073
:1019700004F058F90121480504F054F94FF440707F
:10198000009002208DF8040000208DF806008DF8EC
:10199000070002208DF8050069463F4803F0FCFE71
:1019A000072208213C4803F082FF072209213A4818
:1019B00003F07DFF02940020ADF80C00ADF80E009E
:1019C000ADF81000ADF814000C20ADF8120002A91B
:1019D000354805F099FD0121334805F01DFE4FF40F
:1019E000A06003F0FBFD0C208DF8180000208DF89E
:1019F00019008DF81A0001208DF81B0006A803F0CD
:101A0000F2FD2748783804F07DFC4FF00060079025
:101A100000200A90254809900A200B902248001DBA
:101A2000089000200C904FF480600D9000200E90E4
:101A30000F904FF48070109040021190042012908B
:101A40000320139000201490159007A914487838AB
:101A500004F0FAFC01224021134805F08AFE01221D
:101A60004021114805F085FE012210210C487838EC
:101A700004F0B1FD01210A48783804F01FFD16B0CA
:101A800010BD000000200140000002400010014095
:101A90004064024034060020000C02400044004034
:101AA000A0600240040000200048004070060020B2
:101AB00010B596B004460121C80404F0E6F80121EF
:101AC000042004F0AFF80121480504F0ABF84FF40E
:101AD0004060009002208DF8040000208DF8060080
:101AE0008DF8070003208DF805006946FE4803F0D5
:101AF00053FE08220A21FC4803F0D9FE08220B21DC
:101B0000F94803F0D4FE02940020ADF80C00ADF8C3
:101B10000E00ADF81000ADF814000C20ADF8120066
:101B200002A9F24805F0F0FC0121F04805F074FD2F
:101B30004FF4A06003F052FD0D208DF81800022034
:101B40008DF8190001208DF81A008DF81B0006A8E9
:101B500003F049FDE64804F0D5FB4FF00060079024
:101B600000200A90E348099004200B90DF48001DF4
:101B7000089000200C904FF480600D9000200E9093
:101B80000F9010904FF4003011900020129003201D
:101B9000139000201490159007A9D54804F054FC28
:101BA00001224021D14805F0E4FD01221021D04856
:101BB00004F011FD0121CE4804F080FC16B010BDE8
:101BC0000CB5002001900090CA480078022812D17C
:101BD000C84840780190C748C078C649897840EA2B
:101BE000012000909DF80400C3490870BDF8000072
:101BF000C249088004E00420BF490870BF4908803A
:101C00000CBD10B596B004460121480504F00AF851
:101C10000121080504F039F801210C2004F002F834
:101C20000420009002208DF8040000208DF80600AA
:101C30008DF8070002208DF805006946B04803F0D2
:101C4000ABFD4FF48050009002208DF8040000207E
:101C50008DF806008DF8070002208DF80500694612
:101C6000A14803F099FD08220221A54803F01FFEB8
:101C700008220C219C4803F01AFE4FF4A06003F0E8
:101C8000ADFC2F208DF8180005208DF819008DF877
:101C90001A0001208DF81B0006A803F0A4FC029492
:101CA0000020ADF80C00ADF80E00ADF81000ADF856
:101CB00014000C20ADF8120002A9924805F024FC93
:101CC0000121904805F0A8FC8948783004F01AFBFF
:101CD0004FF00060079040200A908B4809909620B2
:101CE0000B908848001D089000200C904FF48060F5
:101CF0000D9000200E900F9010904FF40030119036
:101D0000002012900320139000201490159007A932
:101D10007748783004F098FB01228021794805F05B
:101D200028FD012210217248783004F054FC012172
:101D30006F48783004F0C2FB16B010BD10B596B0F5
:101D400004460121202003F0B1FF0121042003F00B
:101D500069FF0121880503F065FFC0200090022083
:101D60008DF8040000208DF806008DF80700032090
:101D70008DF8050069465C4803F00EFD0822062137
:101D8000594803F094FD08220721574803F08FFDBE
:101D900002940020ADF80C00ADF80E00ADF8100074
:101DA000ADF814000C20ADF8120002A9574805F058
:101DB000ABFB0121554805F02FFC4FF4A06003F068
:101DC0000DFC39208DF8180003208DF81900012032
:101DD0008DF81A008DF81B0006A803F004FC4C488F
:101DE00004F090FA4FF02060079000200A904948D4
:101DF000099004200B904548001D089000200C908D
:101E00004FF480600D9000200E900F9010904FF4D2
:101E100000301190002012900320139000201490A5
:101E2000159007A93A4804F00FFB012240213748DA
:101E300005F09FFC01221021354804F0CCFB012164
:101E4000334804F03BFB16B010BD0CB500200190E8
:101E5000009030480078022812D12E484078019036
:101E60002C48C0782B49897840EA012000909DF8E1
:101E7000040029490870BDF800002849088004E0E2
:101E8000042025490870254908800CBD00B585B09F
:101E90000121082003F0C6FE0121880303F006FF9C
:101EA00000208DF8100001208DF813000C20039005
:101EB00003A9134803F070FC0221032005F0F2FC93
:101EC0000420009000208DF8040010208DF80500FB
:101ED00001208DF80600684604F0F6FB08208DF816
:101EE000080000201CE0000000080240004C0040F8
:101EF000406002407B0100207F0100208001002023
:101F0000000C0240005000408E05002000140140EB
:101F10002864024082010020860100208801002000
:101F20008DF809008DF80A0001208DF80B0002A839
:101F300003F059FB05B000BD70B504460D46012CF9
:101F40000BD12946FE4805F092FB00BF4021FC481A
:101F500005F03DFC0028F9D028E0032C0BD12946E0
:101F6000F84805F084FB00BF4021F64805F02FFC3F
:101F70000028F9D01AE0042C0BD12946F24805F0CC
:101F800076FB00BF4021F04805F021FC0028F9D085
:101F90000CE0052C0AD12946EC4805F068FB00BF8F
:101FA0004021EA4805F013FC0028F9D070BD00205C
:101FB000E7494862E7490860E7490860E74908607F
:101FC00070470020E2494862E24908604FF08041D2
:101FD0004862E3490860E3490860E3490860DE4974
:101FE0000860DE490860E1490860E149086070471F
:101FF00000204FF080414862D949086070470020B6
:10200000D8490860D8490860704710B50020D94900
:102010000870002407E061210120FFF78DFF3220C6
:10202000FEF7D2FD641C022CF5D30120D1490870C3
:102030007A20D149087010BD10B50020CF49087032
:10204000002407E061210320FFF776FF3220FEF72E
:10205000BBFD641C022CF5D30120C84908707A200E
:10206000C749087010BD2DE9F14FAEB0C5A02D9045
:1020700000202C908DF888008DF860002E98122892
:1020800031D2DFE800F009313A41484F565F6871BC
:102090007A81888F969DA4FD0221C34803F0DEFB60
:1020A00088B100224FF40041C04803F0F5FB4FF423
:1020B0000041BE4803F0DFFB044600222146BCA0DD
:1020C000FEF7E2FA0FE00122D103B84803F0E4FB87
:1020D0004FF40041B54803F0CEFB044600222146F0
:1020E000BBA0FEF7D1FA53E20122C148B0F90000CB
:1020F0004142C0A0FEF7C8FA4AE20222BF48016886
:10210000BFA0FEF7C1FA43E20322C0480168C0A0A5
:10211000FEF7BAFA3CE20422C1480168C1A0FEF70A
:10212000B3FA35E20522C2480168C2A0FEF7ACFA54
:102130002EE2FEF7EAFB044606222146C1A0FEF786
:10214000A3FA25E2FEF754FC044607222146C0A06C
:10215000FEF79AFA1CE2FEF794FC04460822214698
:10216000BEA0FEF791FA13E2FEF7D5FC0446092261
:102170002146BDA0FEF788FA0AE20A22BD4801689E
:10218000BDA0FEF781FA03E20B22A5480168BEA0BC
:10219000FEF77AFAFCE10C22BF480168BFA0FEF707
:1021A00073FAF5E10D22C0480178C0A0FEF76CFA81
:1021B000EEE10E22C0480188C0A0FEF765FAE7E113
:1021C0000F22C0480168C0A0FEF75EFAE0E10121DD
:1021D000C14803F043FB4FF400511790734803F0DC
:1021E0003DFB04460221BC4803F038FB05464FF492
:1021F00080416E4803F032FB06460421B64803F0E6
:102200002DFB4FF400411690B34803F027FB07461F
:102210000821B14803F022FB80464FF48041AE48CC
:1022200003F01CFB81461021AB4803F017FB4FF471
:1022300000511590A84803F011FB82460821A748D9
:1022400003F00CFB4FF480511490A34803F006FBFD
:1022500010211390A14803F001FB4FF4806112900C
:102260009D4803F0FBFA834680219B4803F0F6FA71
:102270004FF480711190984803F0F0FA109000E04C
:1022800021E01798CDE90B65CDE90D401698CDE911
:102290000798CDE90970DDE913121598CDE9042AF4
:1022A00003910690DDE91101CDE901B100908CA206
:1022B000282122A8109B07F039FD102222A991A005
:1022C000FEF735FA64E18021374803F0D4FA04467A
:1022D0000121354803F0CFFA05464021324803F08A
:1022E000CAFA06464FF400417C4803F0C4FA074698
:1022F0004FF48051844803F0BEFA80464FF4806169
:10230000294803F0B8FA81464FF400617E4803F093
:10231000B2FA4FF400611790234803F0ACFA8246FA
:102320004FF480616D4803F0A6FA83464FF4805164
:102330001D4803F0A0FA4FF4006116906748E5E0ED
:102340000010014000480040004C00400050004098
:10235000000001406C00002024080040880000209C
:10236000700000202404004074000020240C004071
:1023700078000020910000209000002093000020B1
:10238000920000203131313131313131313131314F
:10239000313131313131313131313031313131312E
:1023A00031313131000000000004024000080240D9
:1023B000524F424F5420322044414E47204348411F
:1023C000592053414E2058414E483A2020200000C9
:1023D000524F424F5420322044414E4720434841FF
:1023E000592053414E20444F3A2020200000000045
:1023F0008C000020494D553A00000000B00000203C
:1024000042545F4E414E475F48413A00300300203E
:10241000204C55435F63687579656E203A00000073
:102420001C0300204C75632042616E3A20000000BE
:102430009C0000204769615F7472695F6C617A6516
:1024400072200000454E434F4445525F3048200003
:10245000454E434F4445525F34482000454E434F5C
:102460004445525F38482000454E434F4445525F33
:1024700052522000AC00002042545F4E414E475F54
:102480004E4F4E473A00000046696E616C5F666FC2
:10249000726365203A00000024030020666F7263B7
:1024A000655F4C3A00000000860100204F666673AD
:1024B0006574203A000000008801002044697374AC
:1024C000633A00002C030020466F7263655F7472EC
:1024D00061636B3A0000000000100240000C0240F3
:1024E00025642564256425642564256425642564A4
:1024F0002564256425642564256425642564256494
:1025000000000000493A00000000024003F0B3F967
:102510004FF400511590F84803F0ADF94FF48041A5
:102520001490F64803F0A7F94FF480411390F24855
:1025300003F0A1F94FF480711290F14803F09BF978
:102540004FF400411190EC4803F095F9CDE90B767A
:10255000CDE90D5410901798CDE907A0CDE9099861
:1025600014A807C803ABA3E80708DDE91112139804
:10257000CDE900120290AFF29802282122A8109B08
:1025800007F0D4FB112222A9DEA0FEF7D0F800BF8D
:1025900000BF2FB0BDE8F08F10B50121DB4803F07C
:1025A0008DFF10BD01B5DA4800680099884203DD4F
:1025B0000020D749086004E0D5480068401CD44991
:1025C0000860D3480068FFF74EFD08BD10B5FEF760
:1025D0009CF9D0490860FEF70BFACF490860FEF776
:1025E00050FACE49086010BD2DE9F0412DED088B61
:1025F00006460F46304607F03AF941EC190B9FEDBD
:10260000C81BB0EE490AF0EE690A08F015F8B0EE02
:10261000408AF0EE608A51EC180B07F039F9044655
:10262000002C02DBA4F5E16401E004F5E164384626
:1026300007F01DF941EC1B0B9FEDB91BB0EE4B0AE7
:10264000F0EE6B0A07F0F8FFB0EE409AF0EE609AF9
:10265000304607F00CF941EC1B0B9FEDB11BB0EEBF
:102660004B0AF0EE6B0A07F0E7FFB0EE40AAF0EE7F
:1026700060AA53EC192B51EC1A0B07F011F841EC3E
:10268000180B07F005F905462846211E01DB0A460E
:1026900000E04A42002801DB034600E043429A4240
:1026A00005DA25464FF0FF309F49086003E03546C4
:1026B00001209D4908602846BDEC088BBDE8F081EB
:1026C0000146FA2901DDFA2102E0032900DC02219A
:1026D000C8B2704710B504460B4624B99348007839
:1026E0009349C87116E0934890ED000AB5EEC00A10
:1026F000F1EE10FA07DD2046FFF7E2FF8C49C871C2
:102700000120887106E06042FFF7DAFF8849C8714E
:102710000020887123B9854800788549C87516E07E
:10272000854890ED000AB5EEC00AF1EE10FA07DD1B
:102730001846FFF7C5FF7E49C8750020887506E07A
:102740005842FFF7BDFF7A49C8750120887522B944
:10275000764800787649C87316E0784890ED000A0C
:10276000B5EEC00AF1EE10FA07DD1046FFF7A8FF3C
:102770006F49C8730120887306E05042FFF7A0FF3D
:102780006B49C8730020887310BD6D4B18606D4B8A
:1027900019606D4B1A607047654AD071D075D0735F
:1027A00070476348C079032809DA6148C07D03286F
:1027B00005DA5F48C07B032801DA0120704700205A
:1027C000FCE701206149086070476148006847F2F2
:1027D0003051884201D0012070470020FCE710B53D
:1027E000FFF713FC10BD5B48B0F900004042704792
:1027F000B5EEC00AF1EE10FA09D25748D0ED000A42
:1028000070EE600AFDEEE00A10EE900A7047524842
:10281000D0ED000A70EE200AFDEEE00A10EE900AFC
:10282000F4E710B52DED0A8B044624B99FED4B0A51
:10283000BDEC0A8B10BD002C25DA4948006807F072
:1028400016F841EC190B204607F011F841EC1C0B6F
:102850009FED440B53EC102B06F028FF41EC1B0BB3
:102860009FED420B53EC102B06F01AFF41EC1A0BB4
:1028700053EC192B06F08CFF41EC180B07F03AF8DB
:1028800000EE100AD4E73648006806F0F0FF41EC8D
:10289000190B204606F0EBFF41EC1C0B9FED310BB2
:1028A00053EC102B06F002FF41EC1B0B9FED2F0B9E
:1028B00053EC102B06F053FE41EC1A0B53EC192B82
:1028C00006F066FF41EC180B07F014F800EE100A52
:1028D000AEE7F0EE400AF5EEC00AF1EE10FA02DBC8
:1028E000B0EE600A7047B1EE600AFBE701460029CE
:1028F00040DB08467047000000040240000C024024
:10290000000002404F55543A00000000A060024011
:102910008400002084030020880300208C03002012
:10292000000000000020AC4078020020D40100200C
:10293000040000203C02002040020020440200204D
:10294000600200206402002068020020B40200201F
:10295000000200208C0000209401002000000000F4
:10296000EC01002000000000000004400000000016
:102970000000E03F484270470146FE48D0ED000AA3
:10298000F1EE600AFC48D0ED001A80EEA11A00EECC
:10299000901AF8EEE01AF748D0ED000A41EE210A4D
:1029A000B0EE600AFDEEC00A10EE900A7047F0EE3D
:1029B000401A9FEDF22AB0EE420AF5EEC01AF1EE8F
:1029C00010FA03D2B1EE612AF0EE421AF5EEC00A17
:1029D000F1EE10FA03D2B1EE602AF0EE420AB5EE43
:1029E000C01AF1EE10FA03D2B1EE412AB0EE421A4B
:1029F000F4EEC01AF1EE10FA01DDB0EE610AF4EE69
:102A0000C00AF1EE10FA01DDB0EE600AB4EEC01AB1
:102A1000F1EE10FA01DDB0EE410A7047D8480068C7
:102A20007047D8480068704710B52DED0A8BF0EE5E
:102A3000408A18EE900A06F04AFF41EC1C0B1FED8D
:102A4000481BB0EE4C0AF0EE6C0A07F0F5FDB0EE54
:102A500040BAF0EE60BA1FED4E0B53EC102B51EC68
:102A60001B0B06F07CFD41EC1A0B1FED531BB0EE67
:102A70004A0AF0EE6A0A07F0DFFDB0EE409AF0EE87
:102A8000609A51EC190B06F035FF08EE100A9FED25
:102A9000BE0AB4EEC08AF1EE10FA06DD9FEDBB0A65
:102AA000B4EEC08AF1EE10FA0BD3B5EEC08AF1EEA7
:102AB00010FA0ADB9FEDB60AB4EEC08AF1EE10FA06
:102AC00003D80120BDEC0A8B10BD9FEDB20AB4EE15
:102AD000C08AF1EE10FA01D80220F3E79FEDAE0AAA
:102AE000B4EEC08AF1EE10FA01D80320EAE7042020
:102AF000E8E710B52DED108B8AB0B0EE408AF0EE0D
:102B0000608AB0EE419AA54890ED000A28EE000ACE
:102B1000DFEDA30A80EE201A11EE104A204606F0DF
:102B2000D6FECDE908019DED080B07F081FAB0EE65
:102B300040FAF0EE60FA18EE900A06F0C8FE41EC9A
:102B40001E0B53EC1F2B06F0B1FD41EC1C0B06F0E5
:102B5000D1FE0AEE900A19EE100A06F0B8FECDE991
:102B600006018E4890ED000A28EE000ADFED8C0A7F
:102B700080EE201A11EE104A204606F0A8FE41EC25
:102B80001E0BB0EE4E0AF0EE6E0A08F099FE8DEDC7
:102B9000040B18EE900A06F09AFE41EC1C0B9DED1A
:102BA000040B53EC102B06F081FD41EC1F0B9DED47
:102BB000060B53EC102B06F0D2FCCDE908019DED7D
:102BC000080B51EC100B06F095FE0BEE100A9FED72
:102BD000750A38EE400A7148D0ED000A20EE200A4E
:102BE000DFED6F0A80EE201A11EE104A204606F043
:102BF0006EFECDE908019DED080B07F019FAB0EE65
:102C000040FAF0EE60FA18EE900A06F060FE41EC31
:102C10001E0B53EC1F2B06F049FD41EC1C0B06F07C
:102C200069FE0BEE900A19EE100A06F050FE41EC18
:102C30001F0B9FED5C0A38EE400A5848D0ED000AA1
:102C400020EE200ADFED560A80EE201A11EE104A1F
:102C5000204606F03CFE41EC1E0BB0EE4E0AF0EEB4
:102C60006E0A08F02DFE8DED040B18EE900A06F0AA
:102C70002EFE41EC1C0B9DED040B53EC102B06F0CB
:102C800015FD53EC1F2BCDE906019DED060B51EC14
:102C9000100B06F064FCCDE908019DED080B51EC2A
:102CA000100B06F027FE0DEE100A9FED3F0A38EEDE
:102CB000400A3A48D0ED000A20EE200ADFED380A3B
:102CC00080EE201A11EE104A204606F000FE41EC7C
:102CD0001E0BB0EE4E0AF0EE6E0A07F0A9F9B0EE48
:102CE00040FAF0EE60FA18EE900A06F0F0FD41ECC2
:102CF0001C0B53EC1F2B06F0D9FCCDE908019DED10
:102D0000080B51EC100B06F0F5FD09EE900A19EED8
:102D1000100A06F0DCFD9FED240A38EE400ACDE9EA
:102D200006011E48D0ED000A20EE200ADFED1C0A45
:102D300080EE201A11EE104A204606F0C8FD41EC44
:102D40001E0BB0EE4E0AF0EE6E0A08F0B9FDB0EEC2
:102D500040CAF0EE60CA18EE900A06F0B8FD41ECE9
:102D60001F0B53EC1C2B06F0A1FCCDE904019DEDDB
:102D7000060B1BE0CC010020D00100206F12833A2B
:102D8000EC0100201C02002000E0444500006145E9
:102D90000000E14300C0A84400A00C45E001002071
:102DA0000000E144000096440000164553EC102B4F
:102DB0009DED040B51EC100B06F0D1FBCDE90801A1
:102DC0009DED080B51EC100B06F094FD0AEE100A75
:102DD000F0EE6A0AB0EE4B0A07F000F85FED100A59
:102DE00020EE200AF848D0ED000A80EE201AF748BD
:102DF00080ED001AF6480168F44890ED000ABDEE37
:102E0000C00A10EE100AFFF7EFFB00EE100AB8EE52
:102E1000C00AEE4880ED000AEE4890ED000AB8EED8
:102E2000C00AED4880ED000AEA48006806F01FFD80
:102E3000CDE906011BEE100A06F049FD41EC1E0B20
:102E40009FEDE61BB0EE4E0AF0EE6E0A07F010FFA3
:102E5000B0EE40FAF0EE60FA1AEE900A06F037FD96
:102E600041EC1E0B9FEDDD1BB0EE4E0AF0EE6E0A3C
:102E700007F0FEFE8DED000B53EC1F2B9DED000BBC
:102E800051EC100B06F06BFBCDE902019DED020B3E
:102E900008F07AFDB0EE40CAF0EE60CA9FEDD10BAB
:102EA00053EC102B51EC1C0B06F072FCCDE9040125
:102EB0009DED060B53EC102B9DED040B51EC100B0C
:102EC00006F0F4FBCDE908019DED080B51EC100B69
:102ED00006F010FDC5490860F0EE6B0AB0EE4D0A31
:102EE00006F07CFF5FED520A20EE200AB648D0EDD6
:102EF000000A80EE201ABE4880ED001ABD48016825
:102F0000BB4890ED000ABDEEC00A10EE100AFFF7B4
:102F10006BFB00EE100AB8EEC00AB54880ED000A5F
:102F2000AC4890ED000AB8EEC00AB34880ED000A44
:102F3000A848006806F09BFCCDE906011DEE100ACA
:102F400006F0C5FC41EC1E0B9FEDA41BB0EE4E0A33
:102F5000F0EE6E0A07F08CFE8DED020B1BEE900A70
:102F600006F0B5FC41EC1E0B9FED9C1BB0EE4E0A2B
:102F7000F0EE6E0A07F07CFE8DED000B9DED020B6E
:102F800053EC102B9DED000B51EC100B06F0E7FA03
:102F900041EC1C0BB0EE4C0AF0EE6C0A08F0F4FCAD
:102FA000B0EE40FAF0EE60FA9FED8E0B53EC102B72
:102FB00051EC1F0B06F0ECFBCDE904019DED060B77
:102FC00053EC102B9DED040B51EC100B06F06EFB37
:102FD000CDE908019DED080B51EC100B06F08AFCC1
:102FE00086490860F0EE690AB0EE4A0A06F0F6FE7D
:102FF0005FED950A20EE200A7348D0ED000A80EEBE
:10300000201A7F4880ED001A7E4801687C4890EDC8
:10301000000ABDEEC00A10EE100AFFF7E5FA00EE56
:10302000100AB8EEC00A764880ED000A694890EDB3
:10303000000AB8EEC00A744880ED000A65480068CE
:1030400006F015FC41EC1F0B1AEE100A06F03FFCCF
:1030500041EC1E0B9FED611BB0EE4E0AF0EE6E0AC6
:1030600007F006FE8DED000B19EE900A06F02FFC1E
:1030700041EC1E0B9FED591BB0EE4E0AF0EE6E0AAE
:1030800007F0F6FDB0EE40CAF0EE60CA9DED000B11
:1030900053EC102B51EC1C0B06F061FACDE9020148
:1030A0009DED020B08F070FC8DED040B9FED4D0BB8
:1030B00053EC102B9DED040B51EC100B06F068FB4C
:1030C00053EC1F2BCDE906019DED060B51EC100BC7
:1030D00006F0ECFACDE908019DED080B51EC100B60
:1030E00006F008FC494908601AEE100A06F0EFFBEA
:1030F00041EC1F0B9FED391BB0EE4F0AF0EE6F0A4B
:1031000007F0B6FD8DED080B19EE900A06F0DFFB17
:1031100041EC1F0B9FED311BB0EE4F0AF0EE6F0A32
:1031200007F0A6FD8DED060B9DED080B53EC102B63
:103130009DED060B51EC100B06F011FA41EC1C0B47
:10314000B0EE4C0AF0EE6C0A08F01EFCB0EE40EA5D
:10315000F0EE60EA51EC1E0B06F09AFB2C49086079
:10316000264890ED000ABDEEC00A2A4880ED000A0C
:10317000294890ED000AB8EEC00AFFF755FC274930
:1031800008600AB0BDEC108B10BDF0EE400AB0EE46
:10319000600ABAEE0E1AF4EEC10AF1EE10FA04D289
:1031A000BAEE0E1AB0EE410A0DE0184890ED001A82
:1031B000F2EE0E1AB4EEE11AF1EE10FA03DDB2EE01
:1031C0000E1AB0EE410A7047E001002048020020CC
:1031D00084030020780200203C0200200000000050
:1031E00000000040000000000000344030020020D9
:1031F0004C020020880300204002002034020020FE
:10320000500200208C0300204402002038020020DD
:103210005402002058020020000200205C0200201E
:10322000F848D0ED000AF5EEC00AF1EE10FA06DD1E
:10323000D0ED000A70EEC00AC0ED000A06E0F148C9
:10324000D0ED000A70EE800AC0ED000AED48D0ED26
:10325000000ABAEE0E1AF4EEC10AF1EE10FA04D228
:10326000FAEE0E0AC0ED000A0DE0E648D0ED000AC5
:10327000B2EE0E1AF4EEC10AF1EE10FA03DDF2EE30
:103280000E0AC0ED000A7047DE48D0ED000AF5EEE8
:10329000C00AF1EE10FA06DDD0ED000A70EE800AE9
:1032A000C0ED000A06E0D748D0ED000A70EEC00A73
:1032B000C0ED000AD348D0ED000ABAEE0E1AF4EEC3
:1032C000C10AF1EE10FA04D2FAEE0E0AC0ED000ABD
:1032D0000DE0CC48D0ED000AB2EE0E1AF4EEC10AB1
:1032E000F1EE10FA03DDF2EE0E0AC0ED000A7047AF
:1032F000C548D0ED000AF5EEC00AF1EE10FA06DD81
:10330000D0ED000A70EEC00AC0ED000A06E0BE482B
:10331000D0ED000A70EE800AC0ED000ABA48D0ED88
:10332000000ABAEE0E1AF4EEC10AF1EE10FA04D257
:10333000FAEE0E0AC0ED000A0DE0B348D0ED000A27
:10334000B2EE0E1AF4EEC10AF1EE10FA03DDF2EE5F
:103350000E0AC0ED000A7047AB48D0ED000AF5EE4A
:10336000C00AF1EE10FA06DDD0ED000A70EE800A18
:10337000C0ED000A06E0A448D0ED000A70EEC00AD5
:10338000C0ED000AA048D0ED000ABAEE0E1AF4EE25
:10339000C10AF1EE10FA04D2FAEE0E0AC0ED000AEC
:1033A0000DE09948D0ED000AB2EE0E1AF4EEC10A13
:1033B000F1EE10FA03DDF2EE0E0AC0ED000A7047DE
:1033C0009248D0ED000AF5EEC00AF1EE10FA06DDE3
:1033D000D0ED000A70EEC00AC0ED000A06E08B488E
:1033E000D0ED000A70EE800AC0ED000A8748D0EDEB
:1033F000000ABAEE0E1AF4EEC10AF1EE10FA04D287
:10340000FAEE0E0AC0ED000A0DE08048D0ED000A89
:10341000B2EE0E1AF4EEC10AF1EE10FA03DDF2EE8E
:103420000E0AC0ED000A70477848D0ED000AF5EEAC
:10343000C00AF1EE10FA06DDD0ED000A70EE800A47
:10344000C0ED000A06E07148D0ED000A70EEC00A37
:10345000C0ED000A6D48D0ED000ABAEE0E1AF4EE87
:10346000C10AF1EE10FA04D2FAEE0E0AC0ED000A1B
:103470000DE06648D0ED000AB2EE0E1AF4EEC10A75
:10348000F1EE10FA03DDF2EE0E0AC0ED000A70470D
:1034900010B52DED068BB0EE408A18EE100A06F03E
:1034A00016FA41EC1A0B9FED5A0B53EC102B06F059
:1034B000FDF841EC190B06F01DFA08EE900A56488B
:1034C000006847F2305188420FD1B2EE040A28EE6C
:1034D000000A524880ED000A90ED001ADFED500A14
:1034E0009FED4F0AFFF705FB24E04E4800684E4968
:1034F0000968401A48490968081A00EE100AB8EE2F
:10350000C00A4A4880ED000A494890ED000AF2EEF0
:10351000080A20EE200A414880ED000A90ED001ACA
:10352000444890ED000AF8EEC00A404890ED000AC9
:10353000FFF7DFFAB5EEC08AF1EE10FA3AD036485E
:10354000006847F23051884234D0334890ED000A89
:10355000B8EEC00AFFF768FA012806D002280DD09D
:10356000032814D0042824D11AE0B0EE680AFFF72B
:10357000BFFEB0EE680AFFF787FE1AE0B0EE680AF9
:10358000FFF752FFB0EE680AFFF7B2FE11E0B0EEAF
:10359000680AFFF7E1FEB0EE680AFFF741FE08E0B7
:1035A000B0EE680AFFF70CFFB0EE680AFFF76CFE9A
:1035B00000BF00BF134890ED001A1348D0ED000A79
:1035C000124890ED000AFFF7F2F91B48D0ED000A0F
:1035D000F8EEE00A80EE801ABDEEC10A174880EDD1
:1035E000000A1748006815490968884203DD134836
:1035F000006813490860012012490860BDEC068B81
:1036000010BD0000380200203402002030020020EB
:103610007B14AE47E17AB43F000200209C020020F8
:1036200000000000240200200C0200208C01002079
:1036300014020020F001002090010020F40100207D
:10364000EC010020E401002010B504460020FE49F2
:103650000860FE480460FCB90020FD4908601FEDC9
:10366000100AFC4880ED000A47F23050FA49086021
:10367000FA4908601FED160AF94880ED000A00209B
:10368000F8490860F8490860F8490860F849086096
:103690001FED1D0AFFF7FCFE10BD10B5F04890EDC0
:1036A000000AB5EEC00AF1EE10FA05D1ED48006847
:1036B00010B9ED48006890B11FED270AE84880ED89
:1036C000000A0020E7490860E7490860E948006807
:1036D000E9490860E24890ED000AFFF7D9FE10BD05
:1036E000E648C0ED000AE64880ED000A704770B574
:1036F0002DED028B05460C46B0EE408AD648006898
:10370000A8420BD1D0480068A04207D1D14890ED23
:10371000000AB4EE480AF1EE10FA18D0CA48046064
:10372000CB48006810B90520C9490860D148006835
:10373000D1490860C74880ED008AC748056000206D
:10374000D0490860C64890ED000AFFF7A1FEBDEC25
:10375000028B70BD70B52DED028B0446B0EE408A31
:103760000D46C1480068A0420BD1BD4890ED000A4B
:10377000B4EE480AF1EE10FA03D1BA480068A84244
:1037800037D0B548006847F23051884222D1322004
:10379000AD4908600A20AE49086047F230508442C3
:1037A00018DA0120B1490860B5EEC08AF1EE10FACE
:1037B00003DDB0480068A04208DCB5EEC08AF1EE37
:1037C00010FA07D2AB480068A04203DAB1EE480A0B
:1037D000B0EE408AA4480460A2480560A04880ED8D
:1037E000008A0020A74908609D4890ED000AFFF775
:1037F0004FFEBDEC028B70BD10B52DED028BB0EE0F
:10380000408A04462146B0EE480A47F23050FFF79E
:10381000A1FFBDEC028B10BD70B504460D461FED37
:10382000800A29462046FFF762FF70BD10B52DEDD6
:10383000088BF0EE408A0446B0EE608AB0EE419A02
:10384000864890ED000AB8EEC00AB4EE680AF1EEC0
:1038500010FA0DD17C480068A04209D1824890ED51
:10386000000AB8EEC00AB4EE480AF1EE10FA5ED0D3
:10387000BDEEE80A794880ED000A7E4991ED000A24
:10388000B8EEC00A38EEC00ABDEEC00A10EE100A4B
:103890001FED9D0A2146FFF72AFF7648D0ED000A6A
:1038A000F8EEE00A78EE600AB0EE600AFFF711F871
:1038B000DFED750AB4EEE00AF1EE10FA14DD6D48A2
:1038C00090ED000AB8EEC00AB4EEC08AF1EE10FA2C
:1038D00002DDB0EE490A01E0B1EE490A10EE101A1D
:1038E000084605F0F4FF13E0624890ED000AB8EED8
:1038F000C00A38EE400A10EE101A084605F0E7FF3D
:1039000041EC1B0B9FED610B53EC102B05F0CEFE31
:1039100041EC1A0B05F0EEFF09EE900A0021B0EE23
:10392000690AFDEEC80A10EE900AFFF713FFBDEC1E
:10393000088B10BD10B54D48006801283DDD4A498F
:1039400009684C4A1268881AFEF7D0FF05280CDA7D
:10395000464801680068401C444A1060B1F5FA7F8F
:103960002BDD0020FFF770FE10BD40480068FA28EC
:1039700008DD05203449086035490860FB203B49D3
:10398000086004E005203049086031490860394882
:10399000006835490968884205DDBFEE000A3048F5
:1039A00080ED000A04E0B7EE000A2D4880ED000A21
:1039B0002B4890ED000AFFF76BFD00BFD4E710B570
:1039C0002DED028B234890ED000AB5EEC00AF1EE12
:1039D00010FA08D11E48006828B12348006847F251
:1039E0003051884202DBBDEC028B10BD22490968D0
:1039F000204A1268881AFEF714FFB0EE408AFFF7DB
:103A000047FD00BFEFE700B518480068022815DA47
:103A10001FEDFD0A0F4880ED000A9FED1E0A1048B9
:103A200080ED000A00200F49086047F230500A4933
:103A300008600A49086000200B49086011480068C6
:103A4000401C1049086027E0F0010020F801002028
:103A5000EC010020180200200002002004020020D7
:103A600014020020E8010020080200201C020020AF
:103A7000B4020020240200200C020020CC0100200F
:103A8000D0010020FC01002000004842FCA9F1D236
:103A90004D62403F00000000FD490968884204DA99
:103AA000FC480068FEF778FE0EE0F9480068FA4925
:103AB0000860FA48006820B1F6480068FEF76CFE1E
:103AC00002E00020FEF768FE00BDF34A1268521CB7
:103AD000F14B1A60824207DDF14A12680A44F04B4A
:103AE0001A600022EC4B1A60704770B5FEF77BFE3F
:103AF000EC490860FFF71EFFEB480068002821DD55
:103B0000E7480068E8490968884229D0E448006825
:103B1000E549096888420EDAE1480068E349096826
:103B200088421DDADE480068FEF726FF04460121C0
:103B3000FFF7CBFF14E04FF0FF31DD480068FFF7DF
:103B4000C4FF0DE0D6480068002806DD4FF0FF31C5
:103B5000D8480068FFF7B9FF02E0FFF754FF70BDD7
:103B6000D5480068CF490968884205D0FFF727FF8C
:103B7000CC480068D0490860D0480068E8B3C8481D
:103B8000D0ED000AF8EEE00ACD4890ED001A60EEA4
:103B9000810AB0EE600AFEF72BFE0446C048D0ED65
:103BA000000AF8EEE00AC74890ED001A60EE810ABC
:103BB000B0EE600AFEF71CFE0546B948D0ED000ADB
:103BC000F8EEE00AC04890ED001A60EE810AB0EE0F
:103BD000600AFEF70DFE064622462946FEF77AFDEC
:103BE000BA4890ED000ABDEEC00A10EE102AB8489F
:103BF00090ED000ABDEEC00A00E00AE010EE101AD7
:103C0000B44890ED000ABDEEC00A10EE100AFEF7AF
:103C1000BCFD00BFA3E72DE9F0412DED0E8B04465E
:103C20000D461FED640AF0EE408A1FED660AB0EE05
:103C3000408A284605F01BFE41EC1A0B9FEDA60BAF
:103C400053EC102B05F032FD41EC190B05F020FE72
:103C50000646A348006805F03AFE41EC1C0B9FEDB8
:103C6000A10B53EC102B05F021FD41EC1A0BA01B0E
:103C700005F0FDFD41EC1C0B9FED9C0B53EC102B54
:103C800005F014FD41EC1B0B53EC1A2B05F067FCFF
:103C900041EC190B05F02EFE91490860084690EDA5
:103CA000000A20EE000A10EE101A084605F00FFE7A
:103CB00041EC1A0BB0EE4A0AF0EE6A0A07F064FE15
:103CC000B0EE409AF0EE609A51EC190B05F012FE3E
:103CD0000746384605F0FBFD41EC1C0B9FED850BBC
:103CE00006F02EFDB0EE40EAF0EE60EA9FED830BA9
:103CF00053EC102B51EC1E0B05F04AFD41EC1D0B53
:103D000053EC1C2B05F0D2FC41EC1B0BB0EE4B0A24
:103D1000F0EE6B0A06F0F0F9B0EE40AAF0EE60AA01
:103D20009FED780B53EC102B51EC1A0B05F0BEFCF9
:103D300041EC190B05F0DEFD08EE100A9FED730A49
:103D4000B4EEC08AF1EE10FA04DD9FED700AB0EE19
:103D5000408A0AE0B3EE040AB4EEC08AF1EE10FA2B
:103D600003D2B3EE040AB0EE408ABDEEC80A68483A
:103D700080ED000A006867490860BDEC0E8BBDE865
:103D8000F08110B50221644801F068FDD0B96348A4
:103D90000068634908606348017861480068FFF77C
:103DA0003AFF5C480078604981F82F0081F82B00C9
:103DB00081F82700002081F8260081F82A000120E0
:103DC00081F82E0010BD10B50221534801F046FDC8
:103DD000D8B952480068401F5149086051480178DD
:103DE0004F480068FFF717FF4A4800784E4981F8AE
:103DF0002F0081F82B0081F82700002081F8260091
:103E000081F82A00012081F82E0010BD10B5022192
:103E1000414801F023FDD8B9404800680A384049BC
:103E20000860404801783E480068FFF7F4FE3948D2
:103E300000783D4981F82F0081F82B0081F8270098
:103E4000002081F8260081F82A00012081F82E0048
:103E500010BD10B50221304801F000FDB8B92F485F
:103E600000680F382E4908602E4801782C480068F9
:103E7000FFF7D1FE274800782B4981F82F0081F801
:103E80002B0081F82700002081F826004EE052E048
:103E9000D8010020D4010020FC010020B402002041
:103EA000EC01002024020020F0010020F401002099
:103EB0002C020020F801002028020020E40100204C
:103EC000380200203402002030020020500200207E
:103ED0004C020020480200209A9999999999C93F6B
:103EE00060030020CDCCCCCCCCCCEC3F9A999999F6
:103EF0009999B93F000000A0D750FE3F0000000094
:103F000000C06940000000000000334000007A4318
:103F1000240300201C030020001002409C0000200D
:103F20005C030020860100200400002081F82A00A4
:103F3000012081F82E0010BD10B5FD48C079002881
:103F400050D0FB48007800F0800000284AD10122C0
:103F50005102F84801F0A0FC0120F7490860F74839
:103F600000685A2802DD5A20F5490860F4480078B4
:103F7000F44981F82F0081F82B0081F827000020F8
:103F800081F8260081F82A00012081F82E0043F6EE
:103F9000982004F063FE01221102E64801F07CFC47
:103FA00042F2107004F05AFE0020E64981F82F001A
:103FB00081F82B0081F82700DF49086000224FF4C8
:103FC0000071DC4801F068FC41F2883004F046FEE4
:103FD00000224FF48071D74801F05EFC0020D949DF
:103FE00081F8330010BD10B5D148007800F0800092
:103FF00040B301221102CF4801F04EFC42F2107092
:1040000004F02CFE0020CF4981F82F0081F82B000E
:1040100081F82700C849086000224FF40071C548A4
:1040200001F03AFC41F2883004F018FE00224FF40F
:104030008071C04801F030FC0020C24981F8330093
:10404000C149086010BD10B5B948407800F00200C1
:1040500028BBB748407800F0200000B30020BB49DF
:1040600008600120BA4908600020BA490860BA48CF
:104070000068BA4908600020B24981F82F0081F831
:104080002B0081F82700B64908603220AD4981F83D
:10409000330001225102A74801F0FEFB12E0B148B3
:1040A0000168AD480068C01C81420BDCAB48006869
:1040B000A9490968884205D1A448006810B90120BF
:1040C0009D4908609A48407800F0020078B9984805
:1040D000407800F0040050B1A34800689F49086090
:1040E00001209A49086000209349086015E099482A
:1040F000006890B9994800689B49096888420CD1CA
:10410000994800680A3897490968884205DA00200A
:104110008F49086001208F49086010BD10B58448A0
:104120008079A8B1322004F099FD8148807978B176
:104130008B480068401C8A490860084600680228CD
:1041400001DD0020086000BF794880790028FBD19C
:1041500083480068012821D10221844801F07EFBB8
:10416000E0B900224FF40071724801F095FB41F272
:10417000883004F073FD1A20724981F82700DC2092
:1041800081F82B00182081F82F00002081F82600EC
:1041900081F82A00012081F82E005FE07048006855
:1041A00002285BD10122C101624801F075FB41F296
:1041B000883004F053FD0020624981F82F0081F817
:1041C0002B0081F8270000224FF48071594801F03C
:1041D00063FB42F2107004F041FD3220594981F82E
:1041E00033000A2081F82F0081F82B0081F8270086
:1041F000012081F8260081F82A00002081F82E0095
:104200005B49086013E006E0FCF776FB00B108E0CC
:10421000012004F023FD0221544801F01FFB012876
:10422000F2D000BF52480068401C51490860504815
:1042300000686428E7DB40F6B83004F00FFD012287
:1042400051023C4801F028FB00203E4981F82F0034
:1042500081F82B0081F827004149086010BD00213A
:1042600000EE900AF8EEE00A70EE600AFDEEE00A59
:1042700010EE901A3F4A11607047704770B52DEDEF
:104280000C8B044625469FED3C0AB0EE408AB3EE07
:10429000030AF0EE408AB3EE0B0AC0EE280AB0EE35
:1042A00060AAB0EE4A0A06F02DFCDFED340A80EE7B
:1042B000201AF0EE419A3248006805F008FB41EC04
:1042C0001D0B1FEDF80B53EC102B05F0EFF941EC33
:1042D0001B0B284605F0CBFA41EC1D0B1FEDFD0B27
:1042E00053EC102B05F0E2F941EC1C0B53EC1B2BAB
:1042F00005F035F941EC1A0B05F0FCFA204908608D
:10430000084690ED000AB0EE409A69EE890AB0EED8
:10431000600A06F09DF820EE280AB0EE408A9FED74
:10432000190AB4EEC08AF1EE10FA32DD2CE000007A
:104330007006002000080240380300202C030020F3
:1043400030030020040000204C0300204403002020
:104350003C030020400300203C01002038010020E5
:1043600050030020B0000020400100200010024057
:10437000E8020020640300200000000000007A44EE
:104380006803002000007A431FED020AB0EE408A65
:1043900008E0B5EEC08AF1EE10FA03D21FED0A0A6A
:1043A000B0EE408ABDEEC80AFC4880ED000A006805
:1043B000FB490860BDEC0C8B70BD10B52DED028B78
:1043C000F848C07801EE100AB8EE411ADFEDF61A8F
:1043D00031EE611AF0EE410AF248807801EE100ADF
:1043E000B8EE411ADFEDF01A31EE611AB0EE410A73
:1043F00005F0F4FCF0EE408AEC48D0ED000A9FEDA9
:10440000EC1A81EE200A20EE280AB0EE408AB5EEC2
:10441000C08AF1EE10FA05D29FEDE60A38EE000AE6
:10442000B0EE408ADF48C0787E2807D1DD4880782A
:104430007F2803D19FEDE00AB0EE408A9FEDDC0AB1
:10444000B4EEC08AF1EE10FA06D8B2EE040A28EEF5
:10445000000AB0EE408A09E09FEDD60A38EE400A25
:10446000F2EE040A20EE200AB0EE408A9FEDD30A55
:1044700038EE400AD24880ED000ABDEC028B10BD38
:1044800010B5C848407800F08000002838D00A20D5
:10449000CC4981F82F0081F82B0081F827000120FA
:1044A00081F8260081F82A00002081F82E000024DF
:1044B0000FE006E0FCF720FA00B108E0012004F06C
:1044C000CDFB0221C04801F0C9F90128F2D000BF9C
:1044D000641C642CEDDB40F6B83004F0BFFB3220E6
:1044E000B84981F83300002081F82F0081F82B00B3
:1044F00081F8270001225102B44801F0CDF900BF34
:1045000010BDA848007800F0020090B10020AD492D
:1045100081F82F0081F82B0081F82700AC49086052
:10452000A84981F83300AB490860AB490860AB4942
:1045300008607047AA4801680068401CA84A1060DB
:10454000642907D2A7484089A74909680844A649B1
:1045500008600BE0A44800686421B0FBF1F0A349B7
:10456000086000209E4908609F490860A0480168D3
:104570000068401C9E4A1060642907D2994800894F
:104580009C49096808449B4908600BE09948006809
:104590006421B0FBF1F0984908600020944908605C
:1045A00094490860954801680068401C934A10606F
:1045B000642907D28B488089914909680844904949
:1045C00008600BE08E4800686421B0FBF1F08D4973
:1045D0000860002089490860894908608A480168A4
:1045E0000068401C884A1060782907D27D48C0893D
:1045F000864909680844854908600BE083480068DB
:104600007821B0FBF1F08249086000207E49086003
:104610007E4908607F4801680068401C7D4A106040
:104620000A2907D26F48C0887B49096808447A493B
:1046300008600BE0784800680A21B0FBF1F0774988
:104640000860002073490860734908607448016875
:104650000068401C724A1060322907D261484088C5
:104660007049096808446F4908600BE06D480068AC
:104670003221B0FBF1F06C49086000206849086005
:1046800068490860694801680068401C674A106012
:10469000322907D2534800886549096808446449AB
:1046A00008600BE0624800683221B0FBF1F061491C
:1046B000086000205D4908605D49086070475E48F9
:1046C00000685E490968884203DA5C4800685A4914
:1046D0000860594800685A490968884203DD58480B
:1046E00000685549086053490968534A1268881A96
:1046F000002801DB014600E04142032928DD4D4846
:1047000000684D490968884204DD00202D4981F880
:10471000220003E001202B4981F822004549096865
:10472000454A1268881A002801DB014600E0414230
:104730004900444A1160104600689A2802DD9A2018
:10474000114608603F4800781E4981F8230003E0C5
:1047500005201C4981F823003B48006818B9002057
:10476000184981F82300704710B50E48C079A0B1F0
:104770000C48407800F0040078B12F4800683049B8
:104780000968884262DA2C480068401C2A4908609F
:104790004FF4967004F062FA6FE057E030030020A7
:1047A0002C030020700600200000FF420C030020B4
:1047B000000034430000B44300409C460000E14345
:1047C000CC0000200400002000100240000802403D
:1047D0005803002054030020500300204C03002005
:1047E000900300202406002094030020980000205D
:1047F000980300209C0300209C000020A0030020C0
:10480000A4030020A4000020A8030020AC03002083
:10481000A0000020B0030020B4030020B40000205A
:10482000B8030020BC030020AC000020C00300201F
:10483000C4030020B0000020380100203C0100200B
:1048400040010020700300203C030020FA48C0799A
:1048500098B1F948407800F0200070B1F74800683E
:10486000F7490968884208DDF4480068401EF349AA
:1048700008604FF4C87004F0F1F910BD73B52DED68
:10488000028B14259FEDEF0AB0EE408AEA480079CA
:10489000322805DBE8480079C82801DC012000E067
:1048A00000200446E448007800F00800A8B9E24877
:1048B000007800F0100080B9DF48007800F0200098
:1048C00058B9DD48007800F0400030B92CB119200B
:1048D000FEF7BAFEBDEC028B7CBDD748407800F0F5
:1048E000020030B19DF80C509FEDD70AB0EE408A1F
:1048F00005E09DF808509FEDD50AB0EE408ACE48FD
:10490000007800F0080098B1CB48007800F0100063
:1049100070B9C948007800F0200048B9C64800784E
:1049200000F0400020B929460020FEF775FFB1E0F5
:10493000C148007800F00800A0B9BF48007800F036
:10494000100078B1BC48007800F0200050B9BA4897
:10495000007800F0400028B929464FF4E160FEF7E6
:104960005BFF97E0B448007800F00800A0B9B248B7
:10497000007800F0100078B9AF48007800F020000F
:1049800050B1AD48007800F0400028B929464FF4F6
:104990006170FEF741FF7DE0A748007800F0080055
:1049A00098B9A548007800F0100070B9A2480078C6
:1049B00000F0200048B9A048007800F0400020B185
:1049C0002946A348FEF728FF64E09B48007800F0E2
:1049D0000800A0B19848007800F0100078B9964817
:1049E000007800F0200050B19348007800F04000BB
:1049F00028B929464FF4E170FEF70EFF4AE08E48D1
:104A0000007800F0080098B18B48007800F01000A2
:104A100070B98948007800F0200048B986480078CD
:104A200000F0400020B129468A48FEF7F5FE31E04B
:104A30008148007800F00800A0B97F48007800F0B5
:104A4000100078B17C48007800F0200050B17A481E
:104A5000007800F0400028B9294640F24650FEF7A1
:104A6000DBFE17E07448007800F0080090B9724847
:104A7000007800F0100068B16F48007800F0200066
:104A800040B96D48007800F0400018B129467248DE
:104A9000FEF7C2FE6848007800F00800A8B9664832
:104AA000007800F0100080B96348007800F0200022
:104AB00058B96148007800F0400030B92CB1FDF7DA
:104AC00084FE10B11920FEF7BFFD14B1FEF7E5FD1D
:104AD00027E05948007932280EDAFDF776FE28B132
:104AE0000020B1EE480AFEF787FE1AE00020B1EE82
:104AF000480AFEF781FE14E04F480079C8280EDD11
:104B0000FDF763FE28B10020B0EE480AFEF774FE00
:104B100007E00020B0EE480AFEF76EFE01E0FEF767
:104B2000BCFD00BFD6E610B501204C4988700421B9
:104B30004B4800F093FE012804D102204749C87079
:104B4000012010BD64204549C8700020F9E710B568
:104B50000421434800F082FE01280BD1414800782F
:104B600040B964203D49C87000203F4908603F4972
:104B7000086010BDFBF7C9FE041E01DB204600E003
:104B800060423B490968884208DD364800780128C0
:104B900004D102203149C8700120EAE71E202F49C4
:104BA000C87001202F4908700020E2E710B50020EE
:104BB0002A4988744FF40041294800F04FFE01282B
:104BC00004D102202549C874012010BD6420234966
:104BD000C8740020F9E710B54FF40041204800F0F8
:104BE0003DFE01280BD12348007840B964201B49C1
:104BF000C8740020204908602049086010BDFBF7F8
:104C0000F7FE041E01DB204600E060421C490968F3
:104C1000884208DD17480078012804D102200F4996
:104C2000C8740120EAE71E200C49C874012011490C
:104C300008700020E2E70000700600203801002024
:104C40003C010020000000009A9959403333333F63
:104C50007CFCFFFF3EFEFFFFBAFAFFFF04000020CE
:104C6000001002406C030020240400407400002067
:104C7000780300206D030020240C00407800002001
:104C80007C03002010B50020F84988724FF4804161
:104C9000F74800F0E3FD012804D10220F349C8726F
:104CA000012010BD6420F149C8720020F9E710B559
:104CB0004FF48041EE4800F0D1FD01280CD1ED48C1
:104CC000007848B96420E949C87200204FF080415B
:104CD0004862E949086010BDFBF7D3FE041E01DB02
:104CE000204600E06042E5490968884208DDE14865
:104CF0000078012804D10220DC49C8720120EAE7CB
:104D00001E20DA49C8720120DA4908700020E2E763
:104D100010B52DED048BFBF7F8FDD9490968441A4D
:104D2000002C01DB204600E06042002839DDFBF763
:104D3000ECFDD3490968884203DD0020CB49887027
:104D400002E00120C9498870FBF7DFFDCC49096802
:104D5000441A002C01DB214600E06142084604F0C1
:104D600086FD41EC190B9FEDC70B53EC102B04F0A3
:104D70009DFC41EC180B04F08BFDC449086008460B
:104D80000068FA2801DDFA200860C04800680A2897
:104D900002DA0A20BD490860BC480078B349C870EF
:104DA00002E00220B149C870BDEC048B10BD10B503
:104DB0002DED048BFBF71CFEB5490968441A002C45
:104DC00001DB204600E06042002839DDFBF710FEE1
:104DD000AF490968884203DD0120A449887402E0D4
:104DE0000020A2498874FBF703FEA9490968441A08
:104DF000002C01DB214600E06142084604F037FD4B
:104E000041EC190B9FED9F0B53EC102B04F04EFC63
:104E100041EC180B04F03CFD9C4908600846006812
:104E2000FA2801DDFA200860984800680A2802DAAA
:104E30000A2096490860954800788C49C87402E0B9
:104E400002208A49C874BDEC048B10BD10B52DED4D
:104E5000048BFBF716FE8F490968441A002C01DB0E
:104E6000204600E06042002839DDFBF70AFE894950
:104E70000968884203DD01207C49887202E0002035
:104E80007A498872FBF7FDFD82490968441A002CB3
:104E900001DB214600E06142084604F0E8FC41ECF9
:104EA000190B9FED780B53EC102B04F0FFFB41EC3A
:104EB000180B04F0EDFC7549086008460068FA28F4
:104EC00001DDFA200860714800680A2802DA0A2029
:104ED0006E4908606D4800786449C87202E002209B
:104EE0006249C872BDEC048B10BD70B52DED108BFE
:104EF000F0EE408A04461FEDAD0AB0EE40FA1FED19
:104F0000AF0AB0EE408A6448006804F0E0FC41EC6F
:104F10001C0B9FED620B53EC102B04F0C7FB41EC14
:104F20001A0B00EE104AB8EEC00A38EEC00A10EEB6
:104F3000101A084604F0CBFC41EC1C0B9FED590BFA
:104F400053EC102B04F0B2FB41EC1B0B53EC1A2B6F
:104F500004F005FB41EC190B04F0CCFC4E49086051
:104F6000084690ED000A20EE000A10EE101A0846DE
:104F700004F0ADFC41EC1A0BB0EE4A0AF0EE6A0AFE
:104F800006F002FDB0EE409AF0EE609A51EC190B7B
:104F900004F0B0FC0546284604F099FC41EC1C0BDB
:104FA0009FED420B05F0CCFBB0EE40EAF0EE60EA7C
:104FB0009FED400B53EC102B51EC1E0B04F0E8FB63
:104FC00041EC1D0B53EC1C2B04F070FB41EC1B0B54
:104FD000B0EE4B0AF0EE6B0A05F08EF8B0EE40AA88
:104FE000F0EE60AA9FED350B53EC102B51EC1A0B31
:104FF00004F05CFB41EC190B04F07CFC08EE100A99
:105000009FED300AB4EEC08AF1EE10FA04DD9FED98
:105010002D0AB0EE408A0AE0B3EE040AB4EEC08A6C
:10502000F1EE10FA03D2B3EE040AB0EE408ABDEE00
:10503000C80A254880ED000A006824490860BDECD4
:10504000108B70BD09E01120FDF7ACFA012120485A
:1050500002F0E2FA0F2003F001FEF4E743E01D48FE
:10506000006810B9FFF72BFB3AE035E004000020A0
:10507000001002406F030020700000208003002019
:10508000600200209A9999999999E93F700300204C
:10509000640200206802002060030020CDCCCCCC4C
:1050A000CCCCEC3F9A9999999999B93F000000C0EE
:1050B0006B28FF3F0000000000C0694000000000B6
:1050C0000000334000007A43240300201C0300202A
:1050D00000480040380300200520974981F823004C
:1050E000032003F0BBFDBAE715E09448007800F018
:1050F000010020B143211E20FFF7C0FB02E0192070
:10510000FEF7A2FAFFF704FEFFF751FEFFF79EFE3F
:10511000032003F0A3FDE8E708E0FFF70BFAFDF733
:1051200055FAFEF7E2FC042003F098FDF5E71FB501
:10513000FBF75BFDFBF798FDFBF7E5FFFCF7BAF823
:10514000FCF7ACF9FCF731F9FCF720FAFBF7F7FDB7
:105150004FF4E130FCF7EDFA4FF4E130FCF772FB6D
:105160004FF4E130FCF7FBFB4FF4E130FCF7A0FC1F
:105170004FF46120FCF745FD4FF4E130FCF7DEFD14
:10518000FDF72DFB00BFFFF7CEFC08B9012400E0BE
:105190000024FFF70BFD08B9012000E000200443C4
:1051A000FFF770FD08B9012000E000200443002C47
:1051B000E9D100BFFFF7CBFC08B9012400E00024CF
:1051C000FFF709FD08B9012000E000200443FFF7C4
:1051D0006EFD08B9012000E000200443002CE9D155
:1051E000002057490860FCF7ECFE00200090019079
:1051F000029003464FF4807252A10390564803F088
:10520000EEFA002000900190029003464FF4807265
:1052100052A10390564803F0E2FA0020009001905A
:10522000029003464FF4807252A10390564803F057
:10523000D6FA0020554908605EE054E0FFF761F9B6
:1052400053480068502837DC3C48407800F0400064
:1052500008B1FFF712F83948407800F0020030B189
:105260003648407800F0200008B1FEF78AFD334848
:10527000407800F0020030B13048407800F0100073
:1052800008B1FEF7A0FD2D48407800F0020030B1D3
:105290002A48407800F0040008B1FEF7B7FD27481F
:1052A000407800F0020090B12448407800F00800F7
:1052B00068B1FEF7CEFD0AE03548006840F266317D
:1052C000884204DB1D48807908B1FEF727FFFEF70E
:1052D0008AFEFEF731FE2F480088FEF7CFFFFEF76B
:1052E000B2FEFFF7CDF81548007800F00100002865
:1052F000A4D10A20FEF7A8F99FE71FB5002000906F
:105300000190029003464FF4807223A10390254838
:1053100003F065FA002000900190029003464FF4DC
:10532000807221A10390234803F059FA03F070FE24
:10533000002004B010BD0000040000207006002012
:10534000D00000207461736B526F626F74416E61A4
:105350006C79746963730000195100087461736B90
:10536000446965754B6869656E436F4361750000FC
:10537000E95000087461736B446965754B68696531
:105380006E436F43617531005D5000083C0300209F
:10539000B0000020880100207461736B4D61696E5C
:1053A000000000002F5100087461736B4779726F21
:1053B00000000000455000080CB50020019000904E
:1053C0007248006840F480307049086000BF6F4840
:1053D000006800F4003000900198401C0190009893
:1053E00018B90198B0F5A06FF1D16848006800F4D1
:1053F000003010B10120009001E0002000900098E2
:10540000012846D161484030006840F080505F4933
:10541000403108605E48006840F480405C490860A4
:105420005A48083000685949083108600846006841
:1054300040F4004008600846006840F4A05008604E
:105440005448091F0860081F006840F08070091F59
:10545000086000BF4D48006800F000700028F9D0D7
:1054600040F205604C49086048480830006820F068
:1054700003004649083108600846006840F0020011
:10548000086000BF41480830006800F00C000828A0
:10549000F8D10CBD10B53D48006840F001003B4913
:1054A00008600020394908310860384800683B49E5
:1054B0000840364908603A48091D0860081F00681E
:1054C00020F48020091F0860002030490C3108605A
:1054D000FFF772FF4FF000603249086010BD70B5F1
:1054E00000200022022300240221284D08352D68C7
:1054F00005F00C0020B1042806D0082834D107E0BC
:10550000294D2A4E356033E0294D284E35602FE075
:105510001E4D2D1D2D68C5F380541C4D2D1D2D686D
:1055200005F03F0154B1224DB5FBF1F5174E361D84
:105530003668C6F3881605FB06F209E01A4DB5FB7E
:10554000F1F5124E361D3668C6F3881605FB06F2D5
:105550000E4D2D1D2D68C5F301456D1C6B00B2FB72
:10556000F3F5124E356003E00F4D104E356000BF6D
:1055700000BF064D08352D68C5F303150D4E705D4F
:105580000A4D2D68C540094E356070BD0038024097
:105590000070004008544007003C0240FFFFF6FE48
:1055A0001030002408ED00E00024F400C8030020BF
:1055B00000127A00CC0300200648804706480047C6
:1055C000FEE7FEE7FEE7FEE7FEE7FEE7FEE7FEE7B3
:1055D000FEE7FEE7955400088901000832490143BF
:1055E000324A1160704770B5002100230F22C47841
:1055F0001CB32E4C246804F4E064C4F5E064C4F3E6
:105600000721C1F10404E3B20A4144789C40E1B2AD
:105610008478144021430C07210E254C05786155F0
:10562000047804F01F050124AC4005786D11AD002D
:1056300005F1E025C5F8004109E0047804F01F05F4
:105640000124AC401B4D0678761145F8264070BD0C
:10565000194A0A400243154B1B1F1A60704739B1A3
:10566000124A121D12680243104B1B1D1A6006E0FD
:105670000E4A121D126882430C4B1B1D1A607047A4
:10568000042808D14FF0E021096941F004014FF0EE
:10569000E022116107E04FF0E021096921F00401E7
:1056A0004FF0E022116170470000FA050CED00E0B8
:1056B00000E400E080E100E080FFFF1F10B5044639
:1056C0008C48844208D10121084600F000FB0021EB
:1056D000012000F0FCFA5EE08748844208D10121F5
:1056E000022000F0F4FA0021022000F0F0FA52E06B
:1056F0008248844208D10121042000F0E8FA002108
:10570000042000F0E4FA46E07D48844208D10121FB
:10571000082000F0DCFA0021082000F0D8FA3AE076
:105720007848844208D10121102000F0D0FA0021ED
:10573000102000F0CCFA2EE07348844208D10121F9
:10574000202000F0C4FA0021202000F0C0FA22E05E
:105750006E48844208D10121402000F0B8FA0021AF
:10576000402000F0B4FA16E06948844208D10121D3
:10577000802000F0ACFA0021802000F0A8FA0AE0B6
:105780006448844207D10121801500F0A0FA00216D
:10579000A01500F09CFA10BDF0B50A4600210023C8
:1057A000002400BF3DE0012505FA01F3156805EA74
:1057B00003049C4234D105684F000326BE40B54324
:1057C000056015794E00B5400668354305601579CA
:1057D000012D02D01579022D16D185684F000326C0
:1057E000BE40B543856055794E00B5408668354367
:1057F0008560456801268E40B543456045689679C9
:105800008E40B6B235434560C5684F000326BE40A2
:10581000B543C560D5794E00B540C6683543C5600F
:10582000491C1029BFD3F0BD4FF6FF710160002164
:10583000017141718171C171704708B54FF48032B7
:105840000092009A0A430092009AC261C161009AD4
:10585000C261C2690092C269009208BD024600207E
:1058600013690B400BB1012000E000207047014696
:10587000086980B270470246002053690B400BB1A3
:10588000012000E0002070470146486980B270475F
:1058900001837047418370470AB1018300E041836F
:1058A00070474161704742694A4042617047F0B5B4
:1058B000002300244D07ED0E02FA05F3CE1000F18F
:1058C000200555F826504E07F70E0F26BE40B5436B
:1058D000CF1000F1200646F82750CE1000F1200529
:1058E00055F8265045EA0304CE1000F1200545F88E
:1058F0002640F0BD000002400004024000080240C3
:10590000000C024000100240001402400018024047
:10591000001C024000200240FA48006840F00100EC
:10592000F84908600020F74908310860F548006828
:10593000F5490840F3490860F448091D0860081F4C
:10594000006820F48020091F08600020ED490C3118
:10595000086070470021EB4A921C117011460870D4
:10596000704710B501460022002300204A11012A89
:1059700002D1E44C236808E0022A03D1E14C7034E0
:10598000236802E0DF4C7434236801F01F02012415
:1059900094401C400CB1012000E0002010BD38B53F
:1059A000002000900024002500BF3120FFF7D9FF20
:1059B00005460098401C00900098B0F5A06F01D0FB
:1059C000002DF2D03120FFF7CCFF08B1012400E018
:1059D0000024204638BD01460020CA4A106820F045
:1059E000F80040EAC10010607047C949086070477C
:1059F0000021C44A703211701170012802D00428AD
:105A00000AD104E00121BF4A7032117005E005217E
:105A1000BC4A7032117000E000BF00BF7047BD4942
:105A20000860704770B5049C41EA82150126C6EBF8
:105A3000530645EA0645054345EA0465B14E361D61
:105A4000356070BDB24908667047820142EA017252
:105A5000AC4B84331A607047AD4988667047AC49D7
:105A6000C864704702460020A64B0833186820F02F
:105A7000EC6042EA01031843A24B083318607047F8
:105A8000024600209F4B0833186820F0784042EA15
:105A9000010318439B4B08331860704701460020F0
:105AA000984A0832106820F00300084310607047DD
:105AB00094480830006800F00C0070470146002050
:105AC000904A0832106820F0F000084310607047D8
:105AD000014600208B4A0832106820F4E050084349
:105AE0001060704701460020864A0832106820F492
:105AF000604040EAC10010607047F0B5002100220C
:105B000000240225002602237E4F08373F6807F055
:105B10000C0121B1042905D0082937D105E07E4FB9
:105B2000076036E07D4F076033E0764F3F1D3F68EA
:105B3000C7F38056734F3F1D3F6807F03F036EB1B8
:105B4000764FB7FBF3F7DFF8BCC10CF1040CDCF8BF
:105B500000C0CCF3881C07FB0CF40CE06E4FB7FBC5
:105B6000F3F7DFF8A0C10CF1040CDCF800C0CCF3B3
:105B7000881C07FB0CF4634F3F1D3F68C7F30147C8
:105B80007F1C7D00B4FBF5F7076002E0624F076001
:105B900000BF00BF5B4F08373F6807F0F0010909FD
:105BA0005F4F7A5C0768D7404760564F08373F68B9
:105BB00007F4E051890A5A4F7A5C4768D7408760FA
:105BC000504F08373F6807F46041490B544F7A5CE7
:105BD0004768D740C760F0BD002100F44072B2F5BD
:105BE000407F0AD1474A0832116821F4F8114D4A22
:105BF00002401143434A08321160424A703212682F
:105C0000C0F30B031A433F4B70331A60704741498E
:105C10004439086070473F4940390860704742493D
:105C20000860704739B1374A303212680243354B49
:105C300030331A6006E0334A303212688243314B07
:105C400030331A60704739B12E4A34321268024339
:105C50002C4B34331A6006E02A4A343212688243ED
:105C6000284B34331A60704739B1264A38321268EB
:105C70000243244B38331A6006E0224A3832126855
:105C80008243204B38331A60704739B11D4A403285
:105C9000126802431B4B40331A6006E0194A403237
:105CA00012688243174B40331A60704739B1154A66
:105CB000443212680243134B44331A6006E0114A1F
:105CC0004432126882430F4B44331A60704739B133
:105CD0000C4A1032126802430A4B10331A6006E075
:105CE000084A103212688243064B10331A6070471C
:105CF000E1B1044A143212680243024B14331A60B1
:105D000019E0000000380240FFFFF6FE10300024CA
:105D100000004742800E47420024F40000127A003F
:105D2000DC030020FFFCFF0F5C0147425B4A126866
:105D300082435A4B1A60704739B1584A121D126893
:105D40000243564B1B1D1A6006E0544A121D12688E
:105D50008243524B1B1D1A60704739B14F4A0C32B7
:105D6000126802434D4B0C331A6006E04B4A0C326A
:105D700012688243494B0C331A60704739B1474A65
:105D8000103212680243454B10331A6006E0434A52
:105D9000103212688243414B10331A60704739B198
:105DA0003E4A3C32126802433C4B3C331A6006E0E8
:105DB0003A4A3C3212688243384B3C331A6070478F
:105DC00039B1364A403212680243344B40331A60CC
:105DD00006E0324A403212688243304B40331A6048
:105DE000704739B12D4A4432126802432B4B443379
:105DF0001A6006E0294A443212688243274B443332
:105E00001A60704739B1254A4C3212680243234B5D
:105E10004C331A6006E0214A4C32126882431F4B11
:105E20004C331A60704739B11C4A50321268024331
:105E30001A4B50331A6006E0184A503212688243F7
:105E4000164B50331A60704739B1144AD21F12787A
:105E50000243124BDB1F1A7006E0104AD21F127861
:105E600082430E4BDB1F1A7070470C48603000688D
:105E700040F0807009496031086070470146002099
:105E8000064A083A12680A400AB1012000E00020E0
:105E900070470249891F087070470000143802409B
:105EA00010B501210802FFF769FF00214FF480704F
:105EB000FFF764FF10BD30B5024600200023506894
:105EC000F84C20400D790C6844EA052420435060CA
:105ED0009068F54C2040D1E903542C438D682C4345
:105EE0004D7944EA450420439060D06A20F4700064
:105EF0000C7D641EE4B2234340EA0350D06230BDFF
:105F000000210160017141718160C1600161012165
:105F1000017570470021E54A1168E54A1140D0E952
:105F200000231A4383681A43C3681A431143E14AA2
:105F3000C2F8041370470021016041608160C160B4
:105F4000704721B1826842F00102826003E08268FA
:105F500022F00102826070470A4600214168D64B58
:105F600019401143416070474162826270470A469E
:105F70000021416821F01F0111434160704738B191
:105F8000CA49096841F40001CA4AC2F8041306E08C
:105F9000C649096821F40001C64AC2F804137047D3
:105FA00038B1C249096841F48001C24AC2F80413F9
:105FB00006E0BE49096821F48001BE4AC2F8041314
:105FC0007047F0B504460D4600200021092D11DD73
:105FD000E068A5F10A0606EB4607072606FA07F170
:105FE0008843A5F10A0606EB460603FA06F10843C4
:105FF000E0600CE0206905EB4507072606FA07F18B
:10600000884305EB450603FA06F108432061072A99
:106010000FDA606B561E06EB86071F2606FA07F19D
:106020008843561E06EB860605FA06F108436063B0
:1060300022E00D2A0FDA206BD61F06EB86071F26FB
:1060400006FA07F18843D61F06EB860605FA06F125
:106050000843206310E0E06AA2F10D0606EB860714
:106060001F2606FA07F18843A2F10D0606EB860605
:1060700005FA06F10843E062F0BD816841F0804115
:1060800081607047014600208A6802F480020AB1EC
:10609000012000E00020704721B1826842F4806254
:1060A000826003E0826822F480628260704721B1DE
:1060B000826842F00202826003E0826822F00202FB
:1060C0008260704710B50A4600210023416821F420
:1060D0006041531E41EA4331416010BD21B1426825
:1060E00042F40062426003E0426822F400624260CF
:1060F00070470146C86C80B270476C48001D00684C
:10610000704721B1826842F48072826003E0826845
:1061100022F480728260704721B1826842F400727A
:10612000826003E0826822F400728260704738B1B6
:106130005E49096841F400515E4AC2F8041306E062
:106140005A49096821F400515A4AC2F804137047A9
:10615000F0B504461546002000220026092911DD6D
:10616000E068A1F10A0707EB470C072707FA0CF2D2
:106170009043A1F10A0707EB470703FA07F2104320
:10618000E0600CE0206901EB410C072707FA0CF2F4
:10619000904301EB410703FA07F210432061A06B23
:1061A000C0F30156EF1C06F1010CA7EB0C0707EB3F
:1061B000870C1F2707FA0CF29043EF1C06F1010C25
:1061C000A7EB0C0707EB870701FA07F21043A06360
:1061D000F0BD10B50A4600210023816B21F4401167
:1061E000531E41EA0351816310BD08B5002300939B
:1061F0000090009B0B440093009B1A6008BD0A4668
:106200000021816821F470211143816070470A46A2
:106210000021816821F44011114381607047816839
:1062200041F4800181607047014600208A6802F4D1
:1062300080020AB1012000E00020704721B14268CD
:1062400042F48062426003E0426822F4806242606D
:10625000704721B1426842F48052426003E04268D4
:1062600022F480524260704708B502460020009038
:10627000009201F12800009B1844009000980068EB
:1062800080B208BD10B50B460021D9B2012404FA32
:1062900001F11AB144680C43446002E044688C4345
:1062A000446010BDFFFEFFFCFDF7FFC0042301406A
:1062B000E030FCFF00200140FFFD3FFF02460020D0
:1062C00013680B400BB1012000E000207047CA4367
:1062D0000260704770B502460020002300240B12B4
:1062E000556801268E4005EA060415681D4015B163
:1062F0000CB1012000E0002070BD00220A12D3433F
:1063000003607047016821F0010101600021016014
:1063100041608160C160016121214161DB498842A6
:1063200004D13D21D94A103A91608CE0D749183107
:10633000884205D14FF47461D44A103A916082E0EA
:10634000D2493031884205D14FF47411CF4A103A06
:10635000916078E0CD494831884205D14FF07461B1
:10636000CA4A103A91606EE0C8496031884204D14F
:10637000C749C64A103AD16065E0C44978318842BD
:1063800004D1C449C14A103AD1605CE0BF499031A0
:10639000884204D1C049BD4A103AD16053E0BB499C
:1063A000A831884205D14FF03D51B84A103AD1602A
:1063B00049E0BA49884204D13D21B84A083A1160FF
:1063C00041E0B6491831884205D14FF47461B34AAF
:1063D000083A116037E0B1493031884205D14FF4B5
:1063E0007411AE4A083A11602DE0AC494831884238
:1063F00005D14FF07461A94A083A116023E0A7491A
:106400006031884204D1A249A44A121F11601AE0E7
:10641000A2497831884204D19E49A04A121F1160D6
:1064200011E09E499031884204D19B499B4A121F3A
:10643000116008E09949A831884204D14FF03D51DC
:10644000964A121F1160704710B500220268944BE3
:106450001A40CC680B6823434C6923438C6923435F
:10646000CC6923430C6A23434C6A23438C6A23433D
:106470004C6B23438C6B23431A430260426922F026
:106480000702D1E90B3423431A4342610B6943608D
:106490004B6883608B68C36010BD00210160416060
:1064A0008160C160016141618161C16101624162DC
:1064B0008162C162016341638163704721B10268F7
:1064C00042F00102026003E0026822F00102026071
:1064D000704721B1026842F40042026003E00268A2
:1064E00022F400420260704721B1026842F02002AB
:1064F000026003E0026822F02002026070474160FF
:1065000070470146486880B2704722B1036843F47F
:106510000023036003E0036823F4002303600161A8
:10652000704721B1026842F48022026003E00268F1
:1065300022F48022026070470AB1016100E0C1606C
:106540007047014600200A6802F400220AB10120C7
:1065500000E000207047014600200A6802F00102B6
:106560000AB1012000E000207047014600204A697E
:1065700002F03800704730B503460A460020002478
:10658000464DAB4202D24149103901E0434910392E
:1065900002F000550DB14C6800E00C68414D2C40F4
:1065A00004EA02050DB1012000E0002030BD0246E2
:1065B0003A4B9A4202D23548103801E03748103839
:1065C00001F000531BB1374B0B40C36002E0354B69
:1065D0000B408360704710B501F080034BB122B1CE
:1065E000436943F08003436103E0436923F0800380
:1065F000436180290BD02AB1036801F01E042343B4
:10660000036004E0036801F01E04A343036010BDAF
:1066100070B50246002000240025204EB24202D26E
:106620001A4B103B01E01D4B103B1F4E0E4036B184
:106630001E2606EAD124166806EA040502E0566919
:1066400006F0800501F000560EB15C6800E01C68A1
:10665000144E344004EA010616B10DB1012000E0E9
:10666000002070BD02460D4B9A4202D207481038F6
:1066700001E00A48103801F000531BB1094B0B40F0
:10668000C36002E0074B0B4083607047106002401C
:106690003D000020400F002000003D20106402401B
:1066A0003F801CF07D0F7D0F3C0F3C0F00204449C4
:1066B0000860091D0860091D0860091D086041483F
:1066C0003F4914310860704700213D498279002A12
:1066D0003AD00A46126803689A430B461A600A1DAC
:1066E000126803689A430B1D1A60027911440A6804
:1066F00003681A430A60324A0832126803689A43F0
:106700002F4B08331A601A1D126803689A432C4BEA
:106710000C331A604279102A0ED11A1F12680368CE
:106720001A43274B08331A601A1D126803681A436C
:10673000234B0C331A600DE02149427911440A6859
:1067400003681A430A6005E0027911440A68036885
:106750009A430A6070470021016001710C21417168
:106760000021817170471649103109680143144AAC
:1067700010321160704701460020114A143212682D
:106780000A400AB1012000E0002070470C49143192
:1067900008607047014600200022094B1B6803EA8D
:1067A0000102074B14331B680B4013B10AB10120DF
:1067B00000E0002070470249143108607047000073
:1067C000003C0140FFFF7F0010B50446FE488442B4
:1067D00008D101210846FFF7D1FA00210120FFF777
:1067E000CDFA9DE0B4F1804F08D101210846FFF7B2
:1067F000B4FA00210120FFF7B0FA91E0F348844297
:1068000008D101210220FFF7A8FA00210220FFF79A
:10681000A4FA85E0EE48844208D101210420FFF764
:106820009CFA00210420FFF798FA79E0E9488442B5
:1068300008D101210820FFF790FA00210820FFF776
:106840008CFA6DE0E448844208D101211020FFF762
:1068500084FA00211020FFF780FA61E0DF488442CB
:1068600008D101212020FFF778FA00212020FFF72E
:1068700074FA55E0DA48844208D101210220FFF77A
:106880007DFA00210220FFF779FA49E0D5488442D9
:1068900009D101210804FFF771FA00214FF480307B
:1068A000FFF76CFA3CE0D048844209D1012148044A
:1068B000FFF764FA00214FF40030FFF75FFA2FE092
:1068C000CA48844209D101218804FFF757FA002100
:1068D0004FF48020FFF752FA22E0C548844208D1E5
:1068E00001214020FFF739FA00214020FFF735FA57
:1068F00016E0C048844208D101218020FFF72DFA1C
:1069000000218020FFF729FA0AE0BB48844207D122
:1069100001218015FFF721FA0021A015FFF71DFACC
:1069200010BD00220288A84B98420ED0AC4B984272
:106930000BD0B0F1804F08D0A44B984205D0A44BA7
:10694000984202D0A34B984204D14FF68F731A405D
:106950004B881A43A04B984207D0A04B984204D0D2
:106960004FF6FF431A400B891A4302804B68C362FB
:106970000B880385944B984202D0994B984201D1E1
:106980008B7A03860123838270474FF0FF31416089
:1069900000210180018141808172704701858282DE
:1069A00070470A46002101884FF68F731940114342
:1069B0000180704741627047C16270470146486A72
:1069C00070470146088D704721B1028842F00202EB
:1069D000028004E002884FF6FD731A40028070477F
:1069E00021B1028842F00402028004E002884FF6DE
:1069F000FB731A400280704721B1028842F0800286
:106A0000028004E002884FF67F731A4002807047CC
:106A100002884FF6F7731A40028002880A43028008
:106A2000704702884FF6FF431A40028002880A43EB
:106A30000280704721B1028842F00102028004E026
:106A400002884FF6FE731A400280704770B500242A
:106A500000220023058C4FF6FE7635400584028C1B
:106A60008388048B4FF68F752C40B51E2C400D8803
:106A70002C43751E2A408D892A434D882A43524D46
:106A8000A84202D0564DA84213D14FF6F7752A40BE
:106A9000CD892A434FF6FB752A408D882A434FF64D
:106AA000FF652B404FF6FF552B400D8A2B434D8A37
:106AB0002B43838004838D684563028470BD70B569
:106AC000002400220023058C4FF6EF763540058424
:106AD000028C8388048B48F6FF752C404FF6FF45E7
:106AE0002C400D884FF6FF7606EA05252C434FF61D
:106AF000DF752A408D8906EA05152A434D8806EA86
:106B000005152A43304DA84202D0354DA8421DD16B
:106B10004FF67F752A40CD894FF6FF7606EA0515B8
:106B20002A434FF6BF752A408D8806EA05152A4389
:106B30004FF6FF352B404FF2FF752B400D8A06EACA
:106B400085052B434D8A06EA85052B438380048304
:106B50008D688563028470BD70B500240022002317
:106B6000058C4FF6FF6635400584028C8388848B44
:106B70004FF68F752C404FF6FC752C400D882C433A
:106B80004FF6FF552A408D894FF6FF7606EA052518
:106B90002A434D8806EA05252A430B4DA84202D018
:106BA0000F4DA84238D14FF2FF752A40CD894FF6DC
:106BB000FF7606EA05252A434FF6FF352A408D88E1
:106BC00006EA05252A4319E00000014000040040C0
:106BD00000080040000C004000100040001400407D
:106BE00000040140004001400044014000480140D1
:106BF00000180040001C0040002000404EF6FF75C9
:106C00002B404DF6FF752B400D8A06EA05152B43E8
:106C10004D8A06EA05152B43838084838D68C563FE
:106C2000028470BD70B5002200230024058C4EF64E
:106C3000FF7635400584038C8488828B48F6FF7587
:106C40002A404FF6FF452A400D884FF6FF7606EAA8
:106C500005252A434DF6FF752B408D8906EA05353B
:106C60002B434D8806EA05352B43FE4DA84202D042
:106C7000FD4DA84208D14BF6FF752C400D8A4FF60A
:106C8000FF7606EA85152C43848082838D6805642F
:106C9000038470BD002101804180818081608181F9
:106CA000C18101824182704770B5034600200024F3
:106CB0001846183001258D40ACB21D8CA5431D84AB
:106CC00009B108290AD100EB610005684FF68F76FB
:106CD000354005600568154305600FE00D1FC5F3DD
:106CE0004E052844056848F6FF763540056005687E
:106CF0004FF6FF7606EA02263543056070BD416314
:106D0000704781637047C1637047016470470A46EA
:106D10000021018B4FF68F73194011430183704797
:106D20000A460021018B48F6FF7319404FF6FF73A6
:106D300003EA02231943018370470A460021818B2D
:106D40004FF68F7319401143818370470A46002123
:106D5000818B48F6FF7319404FF6FF7303EA022355
:106D60001943818370470A460021018B4FF6F77360
:106D700019401143018370470A460021018B4FF2ED
:106D8000FF7319404FF6FF7303EA0223194301838F
:106D900070470A460021818B4FF6F7731940114363
:106DA000818370470A460021818B4FF2FF7319409F
:106DB0004FF6FF7303EA02231943818370470A46A3
:106DC0000021018B4FF6FB7319401143018370477B
:106DD0000A460021018B4FF6FF3319404FF6FF732F
:106DE00003EA02231943018370470A460021818B7D
:106DF0004FF6FB7319401143818370470A46002107
:106E0000818B4FF6FF3319404FF6FF7303EA0223DD
:106E10001943818370470A460021018B4FF67F7327
:106E200019401143018370470A460021018BC1F3C9
:106E30000E014FF6FF7303EA0223194301837047E3
:106E40000A460021818B4FF67F73194011438183DD
:106E500070470A460021818BC1F30E014FF6FF7384
:106E600003EA02231943818370470A460021018CFB
:106E70004FF6FD7319401143018470470A46002103
:106E8000018C4FF6F77319401143018470470A468D
:106E90000021018C4FF6DF7319404FF6FF7303EAB0
:106EA00002131943018470470A460021018C4FF6F2
:106EB0007F7319404FF6FF7303EA021319430184ED
:106EC00070470A460021018C4FF6FF5319404FF6D8
:106ED000FF7303EA02231943018470470A46002125
:106EE000018C4FF2FF7319404FF6FF7303EA022340
:106EF0001943018470470A460021018C4DF6FF7347
:106F000019404FF6FF7303EA0233194301847047B7
:106F100030B5002301248C40A3B2048C9C4304842C
:106F2000048C02FA01F5ADB22C43048430BD30B5B7
:106F3000002304248C40A3B2048C9C430484048C5E
:106F400002FA01F5ADB22C43048430BD828B4FF2BE
:106F5000FF331A408283828B4FF6FF7303EA0123CB
:106F60001A4382837047F0B50C4615460021002273
:106F70000026078C4EF6FF7C07EA0C070784818BFE
:106F8000028C4FF6FF7707EA043640F6FF47394098
:106F90004FF6FF7707EA052739434FF6FF7707EAF1
:106FA0000337394345F6FF773A4046F480573A4372
:106FB00081830284F0BD828B4FF6F3731A40828383
:106FC000828B0A4382837047F0B50C461546002138
:106FD00000220026078C4FF6FF6C07EA0C07078497
:106FE000818B028C4FF6FF7707EA04264FF60C7769
:106FF00039404FF6FF7707EA03172F4339434FF223
:10700000FF573A4046F480773A4381830284F0BDCB
:10701000028B4FF2FF331A400283028B4FF6FF734D
:1070200003EA01231A4302837047F0B50C46154664
:10703000002100220026078C4FF6EF7C07EA0C07A0
:107040000784018B028C4FF6FF7707EA041640F69F
:10705000FF4739404FF6FF7707EA033739434FF6CA
:10706000FF7703E0000001400004014007EA052724
:1070700039434FF65F773A4046F010073A430183B1
:107080000284F0BD028B4FF6F3731A400283028B29
:107090000A4302837047F0B50C46154600210022D2
:1070A000068C4FF6FE773E400684018B028C4FF62D
:1070B0000C7631407E1C06EA03162E4331434FF610
:1070C000F576324044F00106324301830284F0BD7C
:1070D00070B505460C46208850B92389A28861887E
:1070E0002846FFF7D8FFE1882846FFF7CBFF25E0C9
:1070F000208804280AD12389A28861882846FFF7BE
:1071000094FFE1882846FFF783FF17E020880828CE
:107110000AD12389A28861882846FFF755FFE188B4
:107120002846FFF748FF09E02389A288618828469E
:10713000FFF719FFE1882846FFF708FF70BD00211F
:1071400001804180012181800021C180018170473F
:107150002DE9F04105460C4600260127608808B954
:10716000022600E00026A088012801D1022700E0C5
:1071700001272088A0B92389A28861882846FFF7C3
:107180008AFFE1882846FFF77DFF23893A4631468A
:107190002846FFF74AFFE1882846FFF739FF13E04A
:1071A0002389A28861882846FFF73FFFE1882846A7
:1071B000FFF72EFF23893A4631462846FFF76BFF3B
:1071C000E1882846FFF75EFFBDE8F0810146486B85
:1071D00070470146886B70470146C86B704701468F
:1071E000086C70470A884B881A438B881A43CB88EF
:1071F0001A430B891A434B891A438B891A43A0F807
:10720000442070470021018041808180C18001813C
:1072100041818181704731B1B0F8442042F400428D
:10722000A0F8442005E0B0F84420C2F30E02A0F814
:107230004420704721B1828842F00402828004E039
:1072400082884FF6FB731A408280704721B1828892
:1072500042F00102828004E082884FF6FE731A40F9
:10726000828070471AB183890B43838102E083894E
:107270008B43838170478182704702460020138AC6
:107280000B400BB1012000E000207047CA4302828E
:10729000704730B50246002000230024158A05EA15
:1072A0000103958905EA010413B10CB1012000E046
:1072B000002030BDCA430282704741EA0203A0F8B1
:1072C000483070471AB183890B43838102E0838978
:1072D0008B438381704721B1828842F0080282800B
:1072E00004E082884FF6F7731A4082807047018964
:1072F0004FF6F8721140018170470A46002101895A
:107300004FF68F73194011430181704730B5044621
:107310000D4629462046FFF7F0FF208940F0070080
:10732000208130BD2DE9F04104460D4616461F462A
:10733000602D06D13B46012231462046FFF775FEFF
:1073400005E03B46012231462046FFF7A4FE2946D0
:107350002046FFF7D2FF208940F007002081BDE8DA
:10736000F08130B50C4600210189C9B24FF6FF7596
:1073700005EA0325154325432943018130BD2DE945
:10738000F04105460E4617469846002443463A46C5
:1073900031462846FFF7E5FF2C894FF6F870044088
:1073A00044F007044FF68F70044044F070042C81C1
:1073B000BDE8F081F0B504460D4616461F463B4633
:1073C000324629462046FFF7CCFF208940F4804012
:1073D0002081F0BD82884FF68F731A4082808288A8
:1073E0000A438280704702894FF6F8731A4002817F
:1073F00002890A430281704702894FF67F731A405F
:10740000028102890A4302817047F0B50C46154695
:107410001E460021002200230189028B038C4FF6B7
:10742000F877394021434FF6FC473A4040F20117C4
:107430003A434FF6DD773B404FF6FF7707EA0617F2
:107440002F433B43018102830384F0BD21B1828835
:1074500042F08002828004E082884FF67F731A40F7
:1074600082807047A0F850107047000010B50446A5
:10747000F748844208D101211020FEF77FFC00214B
:107480001020FEF77BFC3EE0F248844209D1012146
:107490004804FEF762FC00214FF40030FEF75DFC6B
:1074A00031E0ED48844209D101218804FEF755FC02
:1074B00000214FF48020FEF750FC24E0E74884428E
:1074C00009D10121C804FEF748FC00214FF4002037
:1074D000FEF743FC17E0E248844209D10121080588
:1074E000FEF73BFC00214FF48010FEF736FC0AE06B
:1074F000DC48844207D101212020FEF73FFC002117
:107500002020FEF73BFC10BD2DE9FF4705460E4647
:107510000024A14600BFA046B08900B100BF2C8A5C
:1075200024F44054F08804432C82AC8941F20C606E
:107530008443B08831890843718908430443AC818E
:10754000AC8A24F44074B0890443AC826846FEF7E8
:10755000D4FABF48854202D0C248854202D1DDF844
:107560000C9001E0DDF80890A88900F4004040B1DB
:1075700009EBC90000EB091031684900B0FBF1F7D5
:1075800007E009EBC90000EB091031688900B0FB86
:10759000F1F76420B7FBF0F004012009642101FB3E
:1075A0001078A88900F4004040B1322000EBC800F8
:1075B000B0FBF1F000F00700044308E0322000EBDC
:1075C00008106421B0FBF1F000F00F0004432C819F
:1075D000BDE8FF874FF41651016000218180C18012
:1075E00001810C21418100218181704710B5024643
:1075F0000020108A20F470600B884C8823438C880C
:107600002343CC8823431843108210BD00210180FE
:1076100041808180C180704721B1828942F400524B
:10762000828104E082894DF6FF731A40828170479F
:10763000028B02F47F420283028B0A43028370476B
:1076400021B1828942F40042828103E08289C2F33F
:107650000E028281704721B1828A42F400628282E6
:1076600004E0828A4FF2FF731A4082827047C1F3AE
:1076700008028280704701468888C0F3080070477E
:10768000028A4FF6F0731A400282028A0A4302828B
:10769000704721B1828942F00202828104E082892E
:1076A0004FF6FD731A408281704782894FF2FF7353
:1076B0001A40828182890A4382817047028A4FF68A
:1076C000DF731A400282028A0A430282704721B1A4
:1076D000028A42F48042028204E0028A4BF6FF737F
:1076E0001A4002827047818941F00101818170470F
:1076F00021B1828A42F00802828204E0828A4FF637
:10770000F7731A4082827047028BD2B20283028BD7
:1077100042EA01220283704721B1828A42F02002AC
:10772000828204E0828A4FF6DF731A4082827047B9
:1077300021B1828A42F01002828204E0828A4FF6EE
:10774000EF731A4082827047828A4FF6FB731A40A9
:107750008282828A0A438282704721B1828A42F001
:107760000202828204E0828A4FF6FD731A4082820E
:1077700070471AB1838A0B43838202E0838A8B436A
:1077800083827047F0B503460024002600250020C0
:1077900040F66A17B94200D100BF1846C1F342143F
:1077A00001F01F06012707FA06F5012C01D10C3064
:1077B00004E0022C01D1103000E014301AB1076847
:1077C0002F43076002E00768AF430760F0BD024641
:1077D0000020B1F5007F00D100BF13880B400BB132
:1077E000012000E00020704701F40072B2F5007F34
:1077F00000D100BFCA430280704770B50246002422
:1078000000230025002040F66A16B14200D100BFD7
:10781000C1F3421501F01F03012606FA03F3012DFF
:1078200002D19689334006E0022D02D1168A3340F8
:1078300001E0968A33400C12012606FA04F41688F9
:10784000344013B10CB1012000E0002070BD0000F5
:10785000001001400044004000480040004C00403F
:10786000005000400014014010B50022002340F6F3
:107870006A14A14200D100BF0A1201249440A3B2AD
:10788000DC43048010BD000010B501218803FEF721
:1078900075FA00214FF48040FEF770FA10BD1A49C6
:1078A0000860704730B500228B071C0F0F2303FAC6
:1078B00004F2154B08338C1053F824309343124CC8
:1078C00008348D1044F8253023468C1053F82430AA
:1078D0008C07240F00FA04F423430B4C08348D105A
:1078E00044F8253030BD09490860704708490860F0
:1078F0007047002004492031096801F4807109B102
:10790000012000E00020704700380140DC002742E1
:107910000004274200F1080141604FF0FF3181600F
:1079200000F10801C1600161002101607047002180
:1079300001617047426853684B6043688B605368CD
:10794000996051604160086103685B1C0360704787
:1079500010B502460B685C1C0CB9106907E002F117
:10796000080000E04068446824689C42FAD94468F2
:107970004C604C68A160886041600A611468641CB6
:10798000146010BD0146D1E901309860D1E90103CE
:1079900058600A695068884201D1886850600020A8
:1079A00008611068401E10601068704770B504468A
:1079B0000D461CB9F8F73CFC00BFFEE700F0F3FDF4
:1079C000D4E90F12206801FB020060600020A06370
:1079D0002068A060E06B401E226C216800FB021052
:1079E000E0604FF0FF306064A06475B9206908B9A9
:1079F000012000E0002080B904F1100001F02AFC11
:107A000001280AD100F0C9FD07E004F11000FFF7DA
:107A100081FF04F12400FFF77DFF00F0CDFD012080
:107A200070BD2DE9F04705460E4617464FF0000998
:107A3000DDB1502000F0E4FD0446B4B105FB06F0D2
:107A400000F10108404600F0DBFD2060206848B1ED
:107A5000E563266401212046FFF7A8FF84F84D70F6
:107A6000A14602E0204600F02CFEB9F1000F03D140
:107A7000F8F7DEFB00BFFEE74846BDE8F08710B52B
:107A8000044600F090FD11E0606A08B9012000E0B2
:107A9000002050B904F1240001F0DCFB08B101F032
:107AA00054FCA06C401EA06400E002E0A06C002822
:107AB000EADC00BF4FF0FF30A06400F07DFD00F075
:107AC00072FD11E0206908B9012000E0002050B9E2
:107AD00004F1100001F0BEFB08B101F036FC606C4F
:107AE000401E606400E002E0606C0028EADC00BF39
:107AF0004FF0FF30606400F05FFD10BD70B50446CC
:107B000000F051FDA06BE16B884201D1012000E043
:107B10000020054600F050FD284670BD70B50446B3
:107B20000E461546206C38B9206838BB606801F0F5
:107B30009BFC0020606021E07DB93146226CA0688A
:107B400001F0BCFC216CA0680844A060D4E90110DD
:107B5000884213D32068A06010E03146226CE068B0
:107B600001F0ACFC216CE068401AE0602168E0683C
:107B7000884203D2216C6068401AE060A06B401C10
:107B8000A06370BDFFB583B004460D461E460027B6
:107B90001CB9F8F74DFB00BFFEE70DB9206C08B922
:107BA000012000E0002018B9F8F742FB00BFFEE713
:107BB00000BF00F0F8FCA06BE16B884217D23246A0
:107BC00029462046FFF7AAFF606A08B9012000E0B5
:107BD000002038B904F1240001F03CFB012801D158
:107BE00000F0DBFC00F0E8FC012007B0F0BD0598D8
:107BF00018B900F0E1FC0020F7E71FB901A801F077
:107C00005EFB012700F0D8FC00F0DEFF00F0CBFCAB
:107C1000606C401C08B900206064A06C401C08B96E
:107C20000020A06400F0C8FC05A901A801F055FBE4
:107C3000C0B92046FFF762FF70B104F1100005994A
:107C400001F0CBFA2046FFF71AFF00F00DFF0028E5
:107C5000AFD100F0A2FCACE72046FFF710FF00F028
:107C600003FFA6E72046FFF70AFF00F0FDFE002015
:107C7000BBE770B50546502000F0C2FC0446E4B1F5
:107C8000002060602060A060E060A0630120E063ED
:107C900000202064401E6064A06484F84D5004F10C
:107CA0001000FFF737FE04F12400FFF733FE002336
:107CB0001A4619462046FFF765FF1CB9F8F7B8FACF
:107CC00000BFFEE7204670BD70B504461CB9F8F74A
:107CD000AFFA00BFFEE701F047FB616888420CD1B4
:107CE000E068401EE060E06828B900231A461946A3
:107CF0002046FFF747FF012500E00025284670BD1C
:107D000070B5044600F04FFCA06B08B9012000E0FC
:107D10000020054600F050FC284670BD70B50446B2
:107D20000D46206870B1216CE0680844E06061682D
:107D3000E068884201D32068E0602846226CE16850
:107D400001F0BCFB70BD2DE9FF4182B004460D4639
:107D50001E464FF000081CB9F8F76AFA00BFFEE7AC
:107D60000DB9206C08B9012000E0002018B9F8F71F
:107D70005FFA00BFFEE700BF00F015FCA06B80B308
:107D8000E76829462046FFF7C9FFB6B9A06B401E39
:107D9000A063206810B901F0E7FA6060206908B9B3
:107DA000012000E00020B0B904F1100001F052FA07
:107DB000012810D100F0F1FB0DE0E760606A08B91E
:107DC000012000E0002030B904F1240001F042FA63
:107DD00008B100F0E2FB00F0EFFB012006B0BDE8C7
:107DE000F081FFE7049818B900F0E6FB0020F5E702
:107DF000B8F1000F04D1684601F061FA4FF00108B4
:107E000000F0DAFB00F0E0FE00F0CDFB606C401CFF
:107E100008B900206064A06C401C08B90020A06470
:107E200000F0CAFB04A9684601F057FA08BB2046D7
:107E3000FFF766FFB8B1206830B900F0B4FB6068A6
:107E400001F0A1FA00F0B8FB04F12400049901F05C
:107E5000C4F92046FFF713FE00F006FE00288BD180
:107E600000F09BFB88E72046FFF709FE00F0FCFDD1
:107E700082E72046FFF703FE00F0F6FD0020ADE7A5
:107E800070B504460E461CB9F8F7D2F900BFFEE7FC
:107E900001F06AFA6168884204D1E068401CE06041
:107EA00001250BE00023324619462046FFF74BFF21
:107EB0000546012D02D1E068401CE060284670BDF7
:107EC00070B506460D46022200213046FFF7A9FD97
:107ED000044604B1A5631CB9F8F7AAF900BFFEE790
:107EE000204670BD2DE9F04704460F4615469846DA
:107EF0001CB9F8F79DF900BFFEE70FB9206C08B96F
:107F0000012000E0002018B9F8F792F900BFFEE761
:107F1000F8F78EF98146A06BE16B88421BD242468E
:107F200039462046FFF7FAFDA06C401C70B9606A24
:107F300008B9012000E0002058B904F1240001F044
:107F400089F930B12DB10120286002E0A06C401CFD
:107F5000A064012600E000264846F8F770F9304694
:107F6000BDE8F0872DE9F04104460F4615461CB9DF
:107F7000F8F75EF900BFFEE70FB9206C08B90120E1
:107F800000E0002018B9F8F753F900BFFEE7F8F752
:107F90004FF98046A06BE8B139462046FFF7BEFE98
:107FA000A06B401EA063606C401C70B9206908B9CA
:107FB000012000E0002058B904F1100001F04AF956
:107FC00030B12DB10120286002E0606C401C60647B
:107FD000012600E000264046F8F731F93046BDE8BA
:107FE000F08170B504461CB9F8F722F900BFFEE72E
:107FF00000F0D9FAA56B00F0DFFA284670BD70B525
:1080000004461CB9F8F714F900BFFEE7A56B284633
:1080100070BD014600200BE03D4A02EBC0025268F1
:108020008A4204D100223A4B43F8302002E0401C3F
:108030000828F1D300BF704710B504461CB9F8F703
:10804000F7F800BFFEE72046FFF7E3FF206800F0E7
:1080500038FB204600F035FB10BD014691F84C007E
:10806000704780F84C107047014691F84D007047FA
:1080700070B504461CB9F8F7DBF800BFFEE7A06B4B
:1080800008B9012000E000200546284670BD70B503
:1080900004461CB9F8F7CCF800BFFEE7A06BE16B13
:1080A000884201D1012000E000200546284670BD2D
:1080B000024600200BE0164B53F8303033B9144B16
:1080C00043F8301003EBC0035A6002E0401C08285C
:1080D000F1D300BF704770B504460D4600F063FA57
:1080E000606C401C08B900206064A06C401C08B99A
:1080F0000020A06400F060FAA06B20B9294604F1CA
:10810000240001F08DF82046FFF7B9FC70BD000097
:10811000800600202DE9F04104460D4616461F4614
:108120004FF0000865602461B5420CD8F01BA169CE
:10813000884202D34FF0010811E0211DF048006889
:10814000FFF706FC0BE0BE4204D2BD4202D34FF063
:10815000010804E0211DEB480068FFF7F9FB4046E9
:10816000BDE8F0812DE9FE4305460E4617461C4644
:10817000DDF828804FF00009E348006808B3009656
:1081800001970295ACB901F0F2F8012808D100235B
:1081900042466946DC480068FFF7F4FC814610E07F
:1081A00000231A466946D8480068FFF7EBFC814671
:1081B00007E0002322466946D3480068FFF792FE95
:1081C00081464846BDE8FE832DE9F84381462BE011
:1081D000CC480068C0680568CA480068C068C468C0
:1081E000201DFFF7CFFB2046616A8847E069012820
:1081F0001AD1A0694619AE4207D966602461211DD3
:10820000C0480068FFF7A4FB0EE0002003462A46A2
:10821000014600902046FFF7A5FF07461FB9F8F773
:1082200007F800BFFEE700BFB6480068006808B95D
:10823000012000E000200028CAD0B248D0F8008019
:10824000AF480068AF490860AD48C0F80080BDE89D
:10825000F88370B5044600F009FF0546AB48006896
:10826000854206D2A9480068FFF7AEFF01202060D2
:1082700001E000202060A5480560284670BD70B56B
:1082800086B002A8FFF7E5FF064650E0059C44B122
:10829000606908B9012000E0002010B9201DFFF737
:1082A00071FB039830B1012826D0022825D003287D
:1082B0003BD136E00498A269811803463246204635
:1082C000FFF728FF012816D12046616A8847E06938
:1082D000012810D1002000900498A16942180023C1
:1082E00019462046FFF73EFF05461DB9F7F7A0FFE8
:1082F00000BFFEE700BF19E018E00498A061A06984
:1083000008B1012000E0002018B9F7F791FF00BF85
:10831000FEE7A0698119334632462046FFF7FAFE90
:1083200004E0204600F0CDF900E000BF00BF0023CC
:108330001A4603A974480068FFF705FD0028A5D177
:1083400006B070BDF8B505460F466E480068C068B7
:10835000C468201DFFF716FBE069012817D1A0694A
:1083600041192B463A462046FFF7D4FE01280ED18C
:10837000002003462A46014600902046FFF7F2FE01
:1083800006461EB9F7F754FF00BFFEE700BF2046C0
:10839000616A8847F8BDF8B504460E4600F014FC43
:1083A0006846FFF756FF05460098A0B946B9AC42AB
:1083B00006D800F059FB29462046FFF7C3FF0CE022
:1083C000611B51480068FFF786FE00F04DFB20B9A5
:1083D00000F0E3F801E000F047FBF8BD0146494A30
:1083E000126812680AB9012200E000220A600A68D5
:1083F00022B9444A1268D268106800E00020704731
:1084000008B500BF6846FFF7E9FF0446204600991B
:10841000FFF7C1FFFFF733FFF4E710B500F0C3F833
:108420003948006890B93A48FFF774FA3948FFF7BD
:1084300071FA3748334908603648314908600022EC
:108440000C210A20FFF7EDFA2F49086000F0B4F87C
:1084500010BD1FB50024FFF7E0FF2B48006868B18E
:1084600000200223CDE90030029003464FF4007251
:1084700029A103902A4800F0B2F904461CB9F7F785
:10848000D7FE00BFFEE7204604B010BD2DE9F0473F
:1084900006460D4617469846DDF820904DB9002453
:1084A0000DB1012000E00020A0B9F7F7C1FE00BF28
:1084B000FEE7282000F0A4F804465CB1FFF7ADFF0A
:1084C0002660A561E761C4F82080C4F82490201DCF
:1084D000FFF72DFA2046BDE8F08770B50446264622
:1084E00000F061F8706908B1012000E00020054645
:1084F00000F062F8284670BD01460A46106A7047CF
:10850000F0030020EC030020F4030020F803002017
:10851000C0060020D4060020546D722053766300FC
:1085200001840008001F4FF080730360001F01608A
:10853000001F0023036014380260001FDB1E03606D
:10854000203870472A48006842F21071B0FBF1F001
:10855000401E4FF0E021486107200861704710B5C8
:108560002448006840F47C002249086008460068FE
:1085700040F07C400860FFF7E5FF00201E490860DE
:10858000F7F724FE1D48006840F040401B49086092
:10859000F7F712FE002010BD70474FF080501549CC
:1085A0001C390860704710B5F7F742FE12480068A2
:1085B000401C1149086010BD10B50F480068401EEE
:1085C0000D4908600846006810B90020F7F737FE2B
:1085D00010BD10B54FF0805006491C390860F7F700
:1085E00027FE00F0C2F90020F7F729FE10BD0000B9
:1085F000C803002020ED00E0FC03002034EF00E081
:108600002DE9F04104464FF0000800F0DDFA3D4846
:10861000006898B93C493D4A1160002151604FF40F
:1086200020513B4A51600021116037484FF42051DE
:1086300041601146016001203249086044B11034A4
:1086400004F0070020B104F00700C0F10800044462
:10865000002C31D0B4F5205F2ED22C4F384605685F
:1086600001E02F462D686868A04202D228680028E1
:10867000F7D1274885421FD0386800F110082868D4
:1086800038606868001B202810D92E196868001B04
:1086900070606C6071681D4800E000680268526894
:1086A0008A42FAD302683260066000BF19496868DE
:1086B0000968081A1749086000F0D6F94046BDE875
:1086C000F08170B506463546B6B1103D2C4600F037
:1086D0007BFA61680D4800E00068026852688A42CF
:1086E000FAD30268226004600A4960680968084495
:1086F0000849086000F0B8F970BD06480068704786
:108700007047000014040020E80600200004002048
:10871000080400201004002010B5002407E004EB3A
:108720008401FE4A02EB8100FFF7F4F8641C052C7B
:10873000F5D3FB48FFF7EEF8FA48FFF7EBF8FA48F5
:10874000FFF7E8F8F948FFF7E5F8F948FFF7E2F82E
:10875000F348F8490860F348F749086010BD2DE96F
:10876000F04104460E4615469846069F0A223146B9
:1087700004F1340000F0D2FE00213D200155052D0A
:1087800000D30425E562A564201DFFF7D0F804F1AD
:108790001800FFF7CCF82461C5F10500A061646200
:1087A000BDE8F08170B505460E464C20FFF728FF66
:1087B000044694B11EB9A800FFF722FF00E030463E
:1087C0002063206B20B92046FFF77BFF002404E0E4
:1087D000A900A522206B00F083FE204670BD2DE984
:1087E000FF4F81B0804616469A46DDE90E5BB8F130
:1087F000000F03D1F7F71CFD00BFFEE7052D01D2E6
:10880000012000E0002018B9F7F712FD00BFFEE7D5
:1088100030461099FFF7C6FF0446002C64D0701E46
:10882000216B01EB800929F0070909F0070008B95D
:10883000012000E0002018B9F7F7FAFC00BFFEE7BE
:1088400000962A462046119B0299FFF788FF524660
:1088500041464846FFF766FE2060BBF1000F01D09D
:10886000CBF80040FFF79FFEB4480068401CB349B6
:108870000860B348006840B9B14804600846006821
:1088800001280CD1FFF748FF09E0AE48006830B975
:10889000AB480068C06AA84201D8A9480460AA4948
:1088A000E06A0968884202D9A749E06A0860A748D7
:1088B00000682064A5480068401CA4490860A449D9
:1088C000E06A0968884202D9A149E06A0860E16A61
:1088D00001EB8101914A02EB8100211DFFF72AF88B
:1088E0000127FFF769FE01E04FF0FF37012F09D1A3
:1088F0009448006830B192480068C06AA84201D22A
:10890000FFF74BFE384605B0BDE8F08F70B5044662
:10891000FFF749FE8A480068844200D1002414B958
:108920008748006800E020460546281DFFF72AF822
:10893000A86A18B105F11800FFF724F8291D7B4833
:10894000FEF7F8FF83480068401C824908607F48B2
:108950000068401C7D490860FFF72EFE79480068DA
:1089600010B10CB9FFF719FE70BD70B57A480068F8
:10897000002873D179480068401C7849086008468F
:10898000006868BB6B480068006808B9012000E017
:10899000002018B9F7F74CFC00BFFEE765480568F2
:1089A0006548006863490860634805606C48006872
:1089B000401C6B4908605F480068006808B90120E6
:1089C00000E0002020B14FF0FF306649086006E06B
:1089D00058480068C068C46862496068086000BFA1
:1089E0005E4800685F490968884236D300BF514835
:1089F0000068006808B9012000E0002020B14FF0B5
:108A0000FF305849086027E04A480068C068C468D9
:108A1000656852480068A84202D2524805601BE0CF
:108A2000201DFEF7AFFFA06A18B104F11800FEF791
:108A3000A9FF4749E06A0968884202D94449E06AC7
:108A40000860E16A01EB8101344A02EB8100211DDB
:108A5000FEF770FFCBE701E000BF04E0424800688A
:108A6000401C4149086070BD70B500253A48006857
:108A700018B9F7F7DDFB00BFFEE7FFF794FD3648B6
:108A80000068401E3449086008460068002878D114
:108A90002A480068002874D0002621E02248C068D7
:108AA000C46804F11800FEF76DFF201DFEF76AFF91
:108AB0002749E06A0968884202D92549E06A0860C6
:108AC000E16A01EB8101154A02EB8100211DFEF7ED
:108AD00031FF1B49E06A0968C96A884200D3012650
:108AE0001148006808B9012000E000200028D5D016
:108AF0001D48006860B106E0FFF737FF1A480068BC
:108B0000401E19490860184800680028F4D1012661
:108B1000012E2FD01548006801282AE0E82E0020F9
:108B20004C2F0020602F0020742F0020882F002061
:108B30009C2F00201C04002020040020280400207A
:108B40001804002038040020300400204C040020C9
:108B500034040020240400203C0400202C040020C5
:108B60004804002050040020400400204404002059
:108B700007E005D101250020F9490860FFF70DFD48
:108B800000BFFFF719FD284670BD10B50446F54833
:108B900000684460F4480068844207D2F1480168E4
:108BA000091DF2480068FEF7D3FE0CE0ED480168AD
:108BB000091DEF480068FEF7CBFEEE4800688442CE
:108BC00001D2EC48046010BDEB480068401CEA4943
:108BD000086070472DE9F04104460E464FF000084A
:108BE0001CB9F7F725FB00BFFEE70EB1012000E03E
:108BF000002018B9F7F71CFB00BFFEE7FFF7E4FF02
:108C000020688519D84920680968884209D92068F0
:108C1000A8420FD9D448006885420BD94FF001080B
:108C200008E02068A84203D8CF480068854201D9EF
:108C30004FF001082560B8F1000F07D0C94800685F
:108C4000001DFEF79FFE2846FFF79FFFFFF70CFF72
:108C500007460FB9FFF7A1FCBDE8F08170B50446E7
:108C600000267CB1FFF7B0FFBF4800680519BD487A
:108C70000068001DFEF786FE2846FFF786FFFFF717
:108C8000F3FE06460EB9FFF788FC70BD70B50446CA
:108C9000FFF789FC14B9B348006800E02046064697
:108CA000F56AFFF789FC284670BD2DE9F0470646B6
:108CB0000D464FF00009052D01D2012000E00020F3
:108CC00018B9F7F7B5FA00BFFEE7052D00D3042564
:108CD000FFF769FCA3480068864200D1002616B958
:108CE000A048006800E030460446A76CAF4234D08C
:108CF000BD4203D92EB14FF0010902E00EB94FF089
:108D00000109D4F82C80E16AA06C884200D1E562A8
:108D1000A564C5F10500A06107EB8701974A02EB46
:108D200081016069884213D1201DFEF72BFE944912
:108D3000E06A0968884202D99149E06A0860E16AFC
:108D400001EB81018D4A02EB8100211DFEF7F2FD4E
:108D5000B9F1010F01D1FFF720FCFFF72DFCBDE8B1
:108D6000F08710B58448006818B101207C4908607C
:108D70002CE00BE08248006818B9F7F759FA00BFF9
:108D8000FEE77F480068401E7D4908607C48006817
:108D900000EB8000794951F820000028EAD078499A
:108DA000096801EB8101754A02EB8100416849685D
:108DB000416000F1080142688A4202D14168496875
:108DC00041604168C968674A116000BF10BD70B555
:108DD0000446FFF7E8FB63480068844200D10024A2
:108DE00014B96048006800E020460546281DFEF7DB
:108DF000C9FDA86A18B105F11800FEF7C3FD291DC9
:108E00006048FEF797FDFFF7D7FB8CB95E48006816
:108E100010B1FFF7C2FB0BE05A4800685B490968D4
:108E2000884203D100204F49086001E0FFF799FF15
:108E300070BD70B5054600262C461DB9F7F7F8F948
:108E400000BFFEE74F496069884201D1012000E080
:108E5000002080B14E49A06A884201D1012000E083
:108E60000020012807D0A06A08B9012000E00020F6
:108E7000012800D10126304670BD70B505461DB9E8
:108E8000F7F7D6F900BFFEE72C4644B33548006833
:108E9000844224D0FFF787FB2046FFF7CAFF012852
:108EA0001BD1201DFEF76EFD3549E06A0968884236
:108EB00002D93349E06A0860E16A01EB81012F4A77
:108EC00002EB8100211DFEF735FD2649E06A0968A5
:108ED000C96A884201D3FFF760FBFFF76DFB70BDE5
:108EE0002DE9F041054600261DB9F7F7A1F900BFAD
:108EF000FEE72C46F7F79CF907462046FFF799FF57
:108F0000012826D11C480068F0B91649E06A0968B2
:108F1000C96A884201D3012000E000200646201DD6
:108F2000FEF730FD1649E06A0968884202D9144903
:108F3000E06A0860E16A01EB8101104A02EB8100FE
:108F4000211DFEF7F7FC04E004F118011048FEF7BC
:108F5000F1FC3846F7F773F93046BDE8F0810000C0
:108F600044040020180400202C04002020040020C9
:108F70001C040020500400203C040020E82E0020A7
:108F8000340400209C2F00203804002028040020F6
:108F9000742F002010B50446206BFFF792FB20468B
:108FA000FFF78FFB10BD70B523E0FFF70DFEFD4806
:108FB000006808B9012000E000200546FFF754FDD5
:108FC000BDB9FFF7F0FAF748C068C468201DFEF786
:108FD000D9FCF5480068401EF3490860F348006872
:108FE000401EF2490860FFF7E7FA2046FFF7D2FF7C
:108FF00000BFEE4800680028D7D170BD00BFFFF762
:10900000D2FFEB4800680128F9D9FFF7C6FAF6E766
:109010001FB5002000900190029003464FF480722B
:10902000E4A10390E548FFF7DAFB0446012C02D1E6
:10903000FFF70FFA0446012C09D1F7F7F9F80120E0
:10904000DF4908600020DF490860FFF788FA1CB993
:10905000F7F7EEF800BFFEE71FBD10B5F7F7E8F829
:109060000020D7490860FFF797FA10BD10B5FFF749
:109070009AFAD4480468FFF79FFA204610BD70B5ED
:10908000F7F7D6F80546CF4804682846F7F7D7F82B
:10909000204670BDC448006870470146002002E0C9
:1090A000491C421C90B20A78A52AF9D08008704762
:1090B0002DE9FE4381460C46164620464168496824
:1090C000416000F1080142688A4202D14168496862
:1090D00041604168CF6800BF2046416849684160EF
:1090E00000F1080142688A4202D141684968416042
:1090F0004168CD68286BFFF7D0FF8046286CE96A8D
:10910000334605F13402CDE900180290AEA1B34810
:1091100000F024FEB149484600F0F4F9BD42DBD12D
:10912000BDE8FE8370B50546FFF74EFD00202870B0
:10913000ABA1284600F0E6F9AA480068441C00BF2D
:10914000641E04EB84009A4951F8200008B90120FC
:1091500000E0002040B904EB8400954A02EB800156
:1091600052222846FFF7A4FF002CE9D19E48006850
:10917000006808B9012000E0002028B942229A487E
:1091800001682846FFF794FF98480068006808B90E
:10919000012000E0002028B94222944801682846B6
:1091A000FFF786FF7F48006808B9012000E0002033
:1091B00020B944227B492846FFF77AFF8C48006893
:1091C00008B9012000E0002020B953228849284630
:1091D000FFF76EFFFFF748FC70BD70B505460C4603
:1091E0001DB9F7F725F800BFFEE78248016818317E
:1091F0002846FEF7ADFB7F480068001DFEF7C2FB66
:10920000601C30B97B480168091D7948FEF792FB64
:1092100005E06C48006806193046FFF7B6FC70BDE3
:1092200070B504460D461CB9F7F702F800BFFEE71B
:109230007048016818312046FEF77CFB6D480068D5
:10924000001DFEF79FFB5F48006846193046FFF798
:109250009CFC70BD70B50646F068C4681CB9F6F792
:10926000E7FF00BFFEE704F11800FEF78BFB624842
:109270000068A0B9201DFEF785FB6049E06A096817
:10928000884202D95D49E06A0860E16A01EB810128
:10929000474A02EB8100211DFEF74CFB04E004F17C
:1092A00018015748FEF746FB5249E06A0968C96A47
:1092B000884201D3012500E00025284670BD10B585
:1092C00004461CB9F6F7B4FF00BFFEE74D4800683E
:1092D00020603C480068606010BD70B504460D46D3
:1092E0001CB9F6F7A5FF00BFFEE71DB9F6F7A0FF12
:1092F00000BFFEE7FFF757F92868401C08B90026B1
:109300001FE0404920680968884206D02D496068FE
:109310000968884201D8012613E02A496068096873
:10932000081A296888420BD22868264A61681268A0
:10933000511A401A28602046FFF7C1FF002600E0BE
:109340000126FFF739F9304670BD01202E4908602B
:109350007047014611B10A46506C00E0002070478A
:1093600008B10246516470472249086870471449A1
:10937000096809B9002005E01F49096809B90120F9
:1093800000E00220704770B505462C464DB11949E2
:10939000E06A0968C96A884265D216480068C06AEE
:1093A00034E060E0882F00202804002024040020FE
:1093B000E82E002049444C4500000000FD8F0008C5
:1093C000380400202C040020257309092563092591
:1093D000750925750925750D0A000000B02F0020BC
:1093E0000D0A0000300400201C040020200400208E
:1093F0009C2F0020180400203C040020340400208E
:10940000742F00204804002044040020C0F105000F
:10941000A061E16A01EB8101254A02EB81016069EB
:10942000884201D1012000E00020C0B1201DFEF7DC
:10943000A9FA20480068C06AE0621F49E06A09682A
:10944000884202D91C49E06A0860E16A01EB8101A7
:10945000174A02EB8100211DFEF76CFA03E0154864
:109460000068C06AE06270BD70B505462C46EDB17B
:10947000A16CE06A884219D0201DFEF783FAA06C27
:10948000E062E06AC0F10500A0610B49E06A09688A
:10949000884202D90849E06A0860E16A01EB81016B
:1094A000034A02EB8100211DFEF744FA70BD000063
:1094B000E82E0020180400203404002040EA0103B4
:1094C0009B0703D009E008C9121F08C0042AFAD27A
:1094D00003E011F8013B00F8013B521EF9D270473E
:1094E000D2B201E000F8012B491EFBD270470022E6
:1094F000F6E710B513460A4604461946FFF7F0FF93
:10950000204610BD421E12F8013F002BFBD111F87E
:10951000013B02F8013B002BF9D1704710B504461E
:1095200004E00B7800F8013B03B1491C521EF8D24D
:10953000204610BD421C10F8011B0029FBD1801AE7
:10954000704710B5002200E0521C835C8C5CA34283
:1095500001D1002BF8D1D8B2E1B2401A10BD2DE9EB
:10956000FE4F804681EA0300C00F0C46009021F0B8
:10957000004123F00045B8EB0200A94105D2404666
:10958000214690461C460B46024623F000401043FD
:1095900047D0270DC7F30A00C3F30A510290401ABF
:1095A000019040286BDAC3F3130040F4801B00984D
:1095B000924620B10023D2EB030A63EB0B0B019818
:1095C0005946C0F14002504600F0C6F906460D4625
:1095D00050465946019A00F0DEF910EB080061414F
:1095E000002487EA115284EAE7731A4340D0009AB4
:1095F00062B3019A012A4FEA075215DC001B61EBA6
:1096000002014FF0004202EA0752CDE90042001C7D
:1096100041F5801132462B4600F015FA03B0BDE843
:10962000F08F40462146F9E7001B61EB0201001C68
:1096300041F5801300185B412018A2F5001747EB95
:10964000030140EAD570B6196D4111E06D084FEA8B
:10965000360645EAC0754FEA0752001B61EB02016E
:10966000001C41F5801149084FEA300000195141B2
:1096700032462B4603B0BDE8F04F00F0D5B9009854
:10968000012240000023D0EB020263EBE07300985C
:1096900021464FEAE074B8EB000061EB0401E9E712
:1096A00083F000435BE781F0004158E72DE9FE4F6E
:1096B00081EA030404F0004421F0004100944FF0DB
:1096C000000B23F0004350EA01045ED052EA030489
:1096D0005BD0C3F30A54C1F30A552C44A4F2F3340B
:1096E0000194A0FB0254C1F3130141F48011C3F3B0
:1096F000130343F4801301FB024400FB034E840A6E
:10970000970A44EA815447EA8357A4FB0768029505
:109710008D0A05FB07854FEA932C04FB0C542705A3
:10972000029D4FEA065847EA1637B5EB08056EEB7F
:10973000070C870E920E47EA811742EA8312A7FBB5
:109740000201B6EB0B0164EB00042B0D43EA0C3372
:109750005E1844EB1C50DA465146E7FB0201C5F3A4
:1097600013044FEA0B3343EA14534FEA0432019CCB
:1097700043EA0603A4F10C040294009CCDE900B472
:1097800000F061F903B0BDE8F08F00200146F9E771
:109790002DE9F04D81EA030404F0004B21F000456F
:1097A00014464FF0000A23F0004150EA050220D091
:1097B00054EA01021DD0C5F30A570246C5F313034C
:1097C000C1F31300C1F30A5640F4801543F480132B
:1097D000A7EB0608101BD64608F2FD3873EB050010
:1097E00002D308F1010801E092185B41B8F1000FC3
:1097F00003DA00200146BDE8F08D00204FF480110F
:10980000064684460EE0171B73EB050705D3121BB3
:1098100063EB050306434CEA010C49084FEA3000AC
:1098200092185B4150EA0107EDD152EA030012D0D1
:1098300082EA040083EA0501084305D0101BAB410E
:1098400006D20122002306E000224FF0004302E08E
:109850006FF0010253101AEB06004CEB085110EBAD
:109860000A0041EB0B01BDE8F04D00F0DDB80EB58C
:10987000C10F80EAE0700844CA07002140F2334378
:109880008DE80E000A460B4600F0DDF803B000BD7F
:1098900070B5C1F30A5201F000450024C1F3130171
:1098A00040F2FF3341F480119A4201DA002070BD8A
:1098B00040F233439A42A2F2334203DC524200F0B8
:1098C0005AF800E090402C43F1D0404270BD00F0C7
:1098D000004230F000400AD0C10D01F56071C0F3C4
:1098E000160042EA0151C2084007114370470020A8
:1098F0000146704701F0004330B421F0004150EAC6
:10990000010206D00A0DA2F56072C1F31301002A0C
:1099100002DC30BC00207047440F44EAC104C1009F
:10992000E01830BC00EBC25000F047B830B50B4631
:10993000014600202022012409E021FA02F59D427F
:1099400005D303FA02F5491B04FA02F52844151E53
:10995000A2F10102F1DC30BD202A04DB203A00FA3A
:1099600002F1002070479140C2F1200320FA03F376
:10997000194390407047202A04DB203A21FA02F074
:109980000021704721FA02F3D040C2F12002914039
:10999000084319467047202A06DBCB17203A41FAC4
:1099A00002F043EAE07306E041FA02F3D040C2F16C
:1099B000200291400843194670470029A8BF70470C
:1099C000401C490008BF20F00100704710B4B0FAF5
:1099D00080FC00FA0CF050EA010404BF10BC704790
:1099E00049B1CCF1200421FA04F411FA0CF118BFAA
:1099F000012121430843A3EB0C01CB1D4FEA006179
:109A00004FEA102042BF002010BC704700EBC3504B
:109A100010440029A4BF10BC7047401C490008BF77
:109A200020F0010010BC704710B5141E73F1000443
:109A300008DA401C41F1000192185B411A4301D140
:109A400020F0010010BD2DE9F04D92469B4611B16A
:109A5000B1FA81F202E0B0FA80F220329046FFF7CC
:109A60007BFF04460F4640EA0A0041EA0B015346D9
:109A70005A46084313D0114653EA010019D0C8F1E1
:109A800040025046FFF777FF05460E4650465946BE
:109A90004246FFF761FF084305D0012004E020465D
:109AA0003946BDE8F08D0020054346EAE0762C43B8
:109AB00037430A986305E40AA0EB08000022FD0A78
:109AC00044EA47540A3002D500200146E9E701057F
:109AD00010196941DDE9084500196941BDE8F04DFB
:109AE000A2E770B521F0004303430CD0C1F30A553F
:109AF0000024D5EB040564EB0403D617AD1AB3417B
:109B000002DB0020014670BD201841EB025170BD00
:109B10002DE9F04D00231A461B1A8A4103DB002071
:109B20000146BDE8F08DC1F30A52C1F3130141F4BF
:109B300080154FF0000BD10702D100186D41521E65
:109B40000027044640F2FF11384601EB620A3E4608
:109B50008046024600204FF48011FFF70CFFC21927
:109B60007141BB1846EB0100B4EB030C75EB000C24
:109B700004D3E41A65EB000517460E46241908F1D4
:109B800001006D4180463428E3DDF91946EB0600FB
:109B9000091BA84103D24FF0FF32134601E0002217
:109BA00013461BEB070046EB0A51BDE8F04DFFF7EB
:109BB0003BBF2DE9FE4FC3F30A5701F000450024D7
:109BC000C1F30A56C3F31303C1F3130143F4801323
:109BD00012EB020AA64641F48011009543EB030CF8
:109BE000A7F1010B16E0B0EB0A0061EB0C01071EB8
:109BF00071F1000707DA4FF00008D0EB080085F09C
:109C0000004568EB0101171A73EB0107EBD3761ED1
:109C1000001849415E45F6DA50EA010209D0CDE963
:109C200000E5002213460296FFF70DFF03B0BDE8E2
:109C3000F08F20460099F9E730B5041E71F1000459
:109C400004DB4FF00044404264EB0101141E73F149
:109C5000000405DB1C464FF00043524263EB040353
:109C60008B4208BF824230BD30B5041E71F1000442
:109C700004DB4FF00044404264EB0101141E73F119
:109C8000000405DB1C464FF00043524263EB040323
:109C9000994208BF904230BD064C074D06E0E0688F
:109CA00040F0010394E8070098471034AC42F6D323
:109CB000F6F76EFA20C8000840C800080EB540F25A
:109CC000334102910021CDE900110A460B46FFF70E
:109CD000BAFE03B000BD70B58C1810F8015B15F02A
:109CE000070301D110F8013B2A1106D110F8012B0E
:109CF00003E010F8016B01F8016B5B1EF9D12B0733
:109D000005D40023521E0DD401F8013BFAE710F8E8
:109D1000013BCB1A921C03E013F8015B01F8015BD5
:109D2000521EF9D5A142D8D3002070BD0FB41CB586
:109D30000246002007AC00290BD0491ECDE90021C6
:109D4000054B6A462146069802F0E0FA009A002187
:109D500011701CBC5DF814FBC5C400080FB4084B9F
:109D600010B504A902AA039802F0D0FA044602A989
:109D7000002002F0B2FB204610BC5DF814FB00008E
:109D8000DBC4000803B401984100009850EAC120E8
:109D900018BF04204A0D18BF40F0010040F2FF72C6
:109DA000B2EB515F08BF40F00200012808BF052058
:109DB00002B070474100080218BF04200A0E18BF05
:109DC00040F001004FF07F4232EA010108BF40F04D
:109DD0000200012808BF05207047000010EE100A9D
:109DE00010B510EE901A4FF0684202EB40032DEDD3
:109DF000028BB3F1654F3CBF02EB4102B2F1654FFC
:109E00007CD200BFC0F3C753C1F3C7529A1A1B2AB2
:109E100009DD10F0004F14BF9FED6E0A9FED6E0A32
:109E2000BDEC028B10BD12F11A0F1BDA11F0004FBE
:109E300009D010F0004F0CBF9FED680A9FED680A33
:109E4000BDEC028B10BD80EE208A18EE100AFFF7E1
:109E5000B1FF042808BF02F03BFAB0EE480ABDEC9F
:109E6000028B10BD4200B2EB410F37D910F0004F0A
:109E700019BFDFED5C1A9FED5C1ADFED5C1A9FEDF8
:109E80005C1AB0EE602A0A46F1EE400A80F000410A
:109E9000B0EE420A10460A1A5200B2F1807F34D264
:109EA000484010F0004FDFED532A9FED533A1DBF9D
:109EB000BEEE002A71EEE21A31EE431AB6EE002A27
:109EC00004BF71EEA21A31EE031AF0EE402A42EE00
:109ED000602A40EE020A82EEA02A18E011F0004F3C
:109EE00004BF9FED461AF0EE411AD4D010F0004F97
:109EF0001CBFDFED431A9FED431A00E026E004BFCC
:109F0000DFED411A9FED411AC5E780EE202A22EECF
:109F1000020ADFED3F0ADFED3F2ABDEC028B40EE87
:109F2000202ADFED3D0A40EE220ADFED3C2A40EE1A
:109F3000202ADFED3B0A40EE220A22EE000A00EE64
:109F4000201A31EE020A30EE210A10BD4FF07F4296
:109F5000B2EB400F28BFB2EB410F05D2BDEC028B34
:109F6000BDE8104002F0A1B940EA01035B0008BF60
:109F700041F0FF410BD0B2EB400F08BFB2EB410FF5
:109F800008D120F0804000EE100A21F0804100EE60
:109F9000901A37E7B2EB400F12BF5FEA410240F080
:109FA000FF4001F000413FF42DAF4A0092EA400328
:109FB0003FF528AF002AACBF9FED1A1A9FED1A1A81
:109FC00020EE010A60EE810A10EE100A10EE901ADF
:109FD00018E70000DB0FC9BFDB0FC93FDB0F4940AB
:109FE000DB0F49C00000C9BF22AAFDB90000C93F6C
:109FF00022AAFD390060ED3EC30ACE370000000002
:10A00000000049C022AA7DBA0000494022AA7D3A38
:10A010002DAD65BD8FB8D53D0FB511BE61C84C3EA5
:10A02000A8AAAABE0000804F0000802F00000000F8
:10A0300010B52F499FED2C1B2DED020B84B0059818
:10A0400020F000408842D8BF9DED040B2DDD29494A
:10A05000884209D1049840B94FF0010002F050F94C
:10A0600002F0E6F806B010BD05DB9DED040B02F032
:10A07000CBF806B010BD68469DED040B01F0C4FCA2
:10A0800010F0030004BF9DED021B9DED000B0CD0F2
:10A0900001280ED09DED021B9DED000B022817D06C
:10A0A000012002F001F806B010BD01F0C9FE06B0B3
:10A0B00010BD9DED021B9DED000B012001F0F4FF92
:10A0C00051EC100B81F0004106B041EC100B10BDBB
:10A0D00001F0B6FE51EC100B81F0004106B041ECEE
:10A0E000100B10BD00000000000000000000000088
:10A0F000FB21E93F0000F07F70B52DED020B2DED47
:10A100000A8B82B00D98C40F20F00045AE488542FE
:10A1100048D3AE48854219D30C99C5F313000843C0
:10A1200009D09DED0C0B02B0BDEC0A8B02B0BDE86E
:10A13000704002F069B8002C14BF9FEDA50B9DED97
:10A140000C0B02B0BDEC0A8B02B070BD9FEDA20BF0
:10A1500053EC102B9DED0C0B51EC100BFFF784FD15
:10A160000AD2022002F0CCF802B0BDEC0A8B02B099
:10A17000BDE8704002F06CB89FED990B53EC102BCA
:10A180009DED0C0B51EC100BFFF756FD0AD202208F
:10A1900002F0B6F802B0BDEC0A8B02B0BDE8704028
:10A1A00002F066B890489FED92BBA8425CD29248FC
:10A1B000854219D29148784400EBC40090ED000B21
:10A1C00053EC102B9DED0C0B51EC100BFFF768FAC4
:10A1D00041EC1A0B8A48784400EBC40090ED009BD8
:10A1E000C4F10100041B36E09FED870B53EC102BEC
:10A1F0009DED0C0B51EC100BFFF758FA41EC100BD6
:10A200008348784400EBC40090ED001B51EC100B28
:10A2100053EC112BFFF7A3F9FFF73AFB0446FFF7C6
:10A2200026FB41EC180B9FED7C0B53EC102BFFF73A
:10A230003DFA9DED0C1B53EC112BFFF734FA41EC6A
:10A240001A0B9FED770B51EC180B53EC102BFFF70B
:10A250002DFA41EC190B51EC1A0B53EC192BFFF7AB
:10A260001FFACDE90C011BE06F48854217D29FED24
:10A27000700B53EC102B9DED0C0B51EC100BFFF7FA
:10A280006EF953EC1B2BFFF7EFFC08D29DED0C0B86
:10A2900053EC1B2B51EC100BFFF761F96EE000241F
:10A2A0009DED0C0B53EC102B51EC100BFFF7FEF94E
:10A2B00041EC180B60480521B0EE480AF0EE680A40
:10A2C000784401F075FE53EC182B51EC100BFFF79E
:10A2D000EDF99DED0C1B53EC112BFFF7E4F941EC6C
:10A2E000180B9FED570B5CB353EC182B51EC100B74
:10A2F000FFF7D6F99DED0C0B41EC1C0B53EC182B22
:10A3000051EC100BFFF7D2F953EC1C2BFFF740FA7E
:10A3100053EC192BFFF7C7F953EC1A2BFFF7C0F9D1
:10A3200053EC1B2BFFF7BFF9CDE900016FF47F70F1
:10A33000844226DB01EB045001909DED000B00E709
:10A3400053EC102B51EC180BFFF7AAF99DED0C0BF9
:10A3500041EC190B53EC182B51EC100BFFF7A6F93D
:10A3600053EC192BFFF714FA9DED0C1B53EC112B3A
:10A37000FFF796F953EC1B2BFFF795F941EC100B07
:10A38000DFE608464FF07A5101EB04519FED2E0BAA
:10A39000084453EC102B01909DED000B51EC100B79
:10A3A000FFF784F90D4645EC100B044651EC100BF9
:10A3B000FFF7E8FC042808BF01F05AFF45EC104BFA
:10A3C000BFE6000000000000422E86400000F07F43
:10A3D0000000000000000000EF39FAFE422E864027
:10A3E00051302DD5104987C0422ED63F00000000C5
:10A3F000000000000000F03FB2A2F03FC6230000C2
:10A40000B623000000000000FE822B654715F73FD1
:10A410006A230000000000000000E0FE422EE63F3C
:10A42000763C7935EF39EA3D0000303E000000000F
:10A430009C7500883CE4377EDC22000000000000B0
:10A44000000000000000004000000000000070015B
:10A4500010B510EE104A4FF019406849002200EB89
:10A4600044002DED028B884257D8DFED650A14F0C9
:10A47000004F60EE200A14BFBEEE001AB6EE001ABE
:10A4800071EE200AFDEEE00A10EE900A00EE900A4E
:10A49000F8EEE00A9FED5B1A00EEC10A9FED5A1A32
:10A4A00000EEC10ADFED590A9FED591A00EE201A9D
:10A4B000DFED580A40EE010A9FED571A574B00F0A6
:10A4C000030100EE201A21EE000A7B4403EB810316
:10A4D000D3ED000A524B7B4403EB810393ED001A4A
:10A4E000504B41EE000A7B4403EB8101801091ED5B
:10A4F000000A70EE800AEABB00EE100AB8EEC01A3D
:10A50000DFED491A9FED490ABDEC028B01EE210AED
:10A51000BCEEC00A20EE200A10BD4FF0FF40A04361
:10A520001BD04FF0CE40B0EB440F82BFB7EE000A15
:10A53000BDEC028B10BD3E48B0EB440F28BF01229A
:10A5400093D2022001F0DCFE14F0004F15D0BDECD8
:10A55000028BBDE8104001F0BBBE14F5000F02BF36
:10A560009FED340ABDEC028B10BDBDEC028BBDE843
:10A57000104000E007E001F095BEBDEC028BBDE8A5
:10A58000104001F09DBE00EBD07359104FF07E5289
:10A5900002EBC15100EE101AA0EB630002EBC050B9
:10A5A00060EE200A00EE100A20EE208A18EE100A53
:10A5B00088B118EE100AB0F1FF4F15D018EE100A4E
:10A5C000FFF7F8FB042808BF01F082FEB0EE480A4E
:10A5D000BDEC028B10BD022001F092FEBDEC028B9F
:10A5E000BDE8104001F074BE022001F089FEBDEC10
:10A5F000028BBDE8104001F063BE00000000501E59
:10A600003BAAB8400070313EF4FD053712BB2A3D2D
:10A6100012BB2A3EFFFFFF3EFFFF7F3F0A210000E3
:10A620000E210000DE2000000000004B00007E4EE6
:10A630000000A0850000000010B52DED040B86B0D1
:10A640009DED060B10EE100A10EE901A8DED000B2A
:10A65000002818BF0120084320F00040C0F17F60AF
:10A6600000F1E040C00F21D19DED080B10EE101A53
:10A6700010EE900A8DED000B002918BF0121084350
:10A6800020F00040C0F17F6000F1E040C00F0DD12C
:10A6900029490798B1EB400F04BF0698002842D023
:10A6A0000998400004BF089800283CD09DED080B95
:10A6B00053EC102B9DED060B51EC100BFFF779FAC4
:10A6C000CDE902019DED020B40F2FF7110EE900A00
:10A6D0008DED000B31EA105021D00798039900F05E
:10A6E000004001F00041884219D09DED080B8DED2E
:10A6F000040B9DED020B8DED000B10EE900A0599F9
:10A7000061F31E0005909DED041B9DED020B51ECC5
:10A71000110B53EC102BFEF7C6FFCDE902019DEDA6
:10A72000020B0AB010BD012001F0EAFD0AB0BDE83D
:10A73000104001F07DBD00000000E0FF00000000BF
:10A7400070B5D94B00242DED020B2DED108BDDE9FA
:10A750001010984205DA20F000429A4201D809D13F
:10A7600041B19DED100BBDEC108B02B0BDE8704007
:10A7700001F04ABDB0F5801F26DA11430BD0002846
:10A7800013DA012001F0BCFDBDEC108B02B0BDE876
:10A79000704001F04DBD022001F0B2FD01F01CFD42
:10A7A00051EC100B81F000419EE06FF035049FEDFD
:10A7B000C00B53EC102B9DED100B51EC100BFEF762
:10A7C00075FFCDE91001084604EB2051C0F31304D6
:10A7D000B948A1F2FF31204400F4801080F07F627C
:10A7E00082F04052224301EB20559FEDB50B1192B0
:10A7F00053EC102B9DED100B51EC100BFEF750FF9E
:10A8000041EC180BA01CC0F313009FEDAFDB9FEDD4
:10A81000B0EBB14E7E4403286CD296ED000B51ECA8
:10A82000180B53EC102BFFF707FA1DD1002D01BFB9
:10A8300096ED000BBDEC108B02B070BD2846FFF703
:10A8400016F841EC180B53EC1D2BFEF72FFF41ECD3
:10A85000190B53EC1E2B51EC180BFEF727FF53EC92
:10A86000192BFEF77CFE3FE09FED9D0B51EC180B82
:10A8700053EC102BFEF71AFF9FED9B1B53EC112B93
:10A88000FEF711FF41EC190B53EC182B51EC180B90
:10A89000FEF70CFF53EC192BFEF708FF41EC190BE8
:10A8A000002D04BF53EC192B51EC180B1AD028467D
:10A8B000FEF7DDFF41EC1A0B53EC1D2BFEF7F6FE05
:10A8C00053EC192BFEF7EFFE53EC182BFEF7E8FEC6
:10A8D00041EC180B53EC1E2B51EC1A0BFEF7E6FE65
:10A8E00053EC182BFEF7DCFEBDEC108B02B041ECF4
:10A8F000100B70BD9FED7E0B51EC180B53EC102B21
:10A90000FEF72DFE41EC100B51EC180B53EC102B05
:10A91000FEF73EFF41EC190B2846FEF7A8FF41EC7D
:10A920001B0B53EC192B51EC190BFEF7BFFE41EC3E
:10A930001A0B714853EC1A2B261851EC1A0BFEF720
:10A94000B5FE41EC1F0B6D48C4F1510404F5D7244A
:10A95000B0EE4F0AF0EE6F0A0321784401F028FBB5
:10A9600053EC1F2B51EC100BFEF7A0FE41EC1C0B1F
:10A970006348B0EE4F0AF0EE6F0A0421784401F00C
:10A9800017FB53EC1A2B51EC100BFEF78FFE3443E0
:10A9900053EC1C2BFEF7E3FD41EC1C0B002C4CDDB3
:10A9A0009FED510B51EC180B53EC102BFEF77EFE74
:10A9B00053EC182BFEF77AFE41EC1A0B55B353EC0F
:10A9C0001D2B51EC1B0BFEF771FE41EC1D0B53ECE4
:10A9D0001C2B51EC1A0BFEF7C2FD53EC192BFEF7A2
:10A9E00065FE53EC1D2BFEF7BAFD53EC1A2BFEF758
:10A9F0005AFE53EC182BFEF753FE41EC180B53ECA8
:10AA00001E2B51EC1B0BFEF751FE53EC182BFEF7DF
:10AA100047FE69E753EC1C2B51EC1A0BFEF79FFD28
:10AA200053EC192BFEF742FE53EC1A2BFEF73BFEBC
:10AA300053EC182BFEF737FE56E735B353EC1D2BBE
:10AA400051EC1B0BFEF732FE41EC1A0B53EC1C2BA6
:10AA500051EC180BFEF724FE53EC192BFEF726FEE3
:10AA600053EC1A2BFEF71CFE53EC182BFEF718FEC6
:10AA700041EC180B53EC1E2B51EC1B0BFEF716FE92
:10AA800053EC182BFEF70CFE2EE753EC1C2B51EC6D
:10AA9000180BFEF705FE53EC192BFEF707FE53ECDF
:10AAA000182BFEF700FE1FE70000F07F00000000FB
:10AAB0000000000000005043645F09000000000037
:10AAC000000000000000F03F763C7935EF39EA3DA8
:10AAD0000000E0FE422EE63F101F000000000000D4
:10AAE000555555555555D53F000000000000E03F35
:10AAF000000000000000004086EBF9FF9A1C0000F7
:10AB0000901C000010EE100A10B50023A0F5000103
:10AB1000B1F1FE4F67D200BF00F500216FF07E0259
:10AB200002EBE15CC1F302524FF07E5101EB0251A6
:10AB300000EE901AA0EBCC5003EB0C0100EE100AD3
:10AB400051EA020036D030EE601A70EE200A9FED16
:10AB50003D2A3E4881EE200A9FED3B1A60EE000A36
:10AB600000EE821A60EE201A61EE810A784401EE4E
:10AB7000101A00EB82009FED362AB8EEC11AD0ED14
:10AB8000001A344841EE021A784401EE101A00EB24
:10AB90008200B8EEC11A90ED002ADFED2F2A01EEF7
:10ABA000222AB0EE001A72EE200A40EE010A31EEBF
:10ABB000A00A10BDF7EE000A9FED291A30EE600AD8
:10ABC000DFED260A00EE201ADFED260A60EE001AFD
:10ABD00040EE010A9FED241A00EE201A61EE810A70
:10ABE00030EE200A10BD4FF07F41B1EB400F03D291
:10ABF000BDE8104001F056BBB0F1FF4F08BF10BDDB
:10AC0000B5EEC00AF1EE10FA06D2012001F078FB91
:10AC1000BDE8104001F04CBBB5EEC00AF1EE10FAF1
:10AC200007D1022001F06CFB01F032FBB1EE400ACB
:10AC300010BDDFED0E0A6FF0160320EE200A10EEB5
:10AC4000100A69E766F1CC3EAAAA2A3FC01A0000A2
:10AC50000070313FC41A0000F4FD053821ED423E7A
:10AC60000A1180BEC1ABAA3EFFFFFFBE0000004B31
:10AC70002DE9F04D2DED040B2DED0E8B96B0DDE999
:10AC80002550279CDDF890A025F0004624F00048D0
:10AC9000BAF1000F14BF0121002101EB4502FC496C
:10ACA00053184A1093422AD3002814BF01230023CB
:10ACB00003EB44030B44F7498B4220D358EA0001CD
:10ACC0009FEDF59B76D0DFF8D8B35D4503D1BAF19F
:10ACD000000F05D188E0BAF1000F08BF002100D0B5
:10ACE000012101EB450111F5001F08D8002814BF10
:10ACF0000121002101EB440111F5001F0BD99DED4D
:10AD0000261B9DED240B16B0BDEC0E8B04B0BDE8E8
:10AD1000F04D01F083BA0027002DBCBFE149884502
:10AD200021DAE1498845A8BF02271CDAC3451ADCAD
:10AD3000DE4901EB2851142908DDC1F1340220FA63
:10AD400002F101FA02F282420DD108E058B9C1F1D4
:10AD5000140228FA02F101FA02F2424503D101F08D
:10AD60000101C1F1020756EA0A0124D1002C22DABE
:10AD7000002D18BF022F01D0012F0AD0022001F0B0
:10AD8000BFFA16B0BDEC0E8B04B0BDE8F04D01F07B
:10AD900023BA022001F0B4FA01F01EFA51EC100BB4
:10ADA00081F0004141EC100B16B0BDEC0E8B04B0ED
:10ADB000BDE8F08D18E09FEDBEAB9FEDBF8B002886
:10ADC00071D1B848804522D105F1804010F580103E
:10ADD00008BFBAF1000F07D0B3450ADC002CA8BFAA
:10ADE0009DED260BE0DA0DE0B0EE490AF0EE690ABF
:10ADF000DAE7002C06DA9DED260B51EC100B81F002
:10AE000000416FE0AE48784490ED000BCCE7D845A8
:10AE10004DD1002C48DA2EB186423AD1BAF1000F5A
:10AE200042D126E0BAF1000F13D0022001F068FAF7
:10AE300001F00EFA8DED020B9DED240B8DED000B54
:10AE400010EE900A039961F31E0003909DED020B32
:10AE5000AAE78DED02AB9DED240B1AEE901A10EED1
:10AE6000900A8DED000B61F31E0003909DED020B27
:10AE70009AE78DED028B9DED240B18EE901A10EEE3
:10AE8000900A8DED000B61F31E0003909DED020B07
:10AE90008AE709DA9DED240B51EC190B53EC102BCA
:10AEA000FEF776FC1EE020E09DED240B7CE7864259
:10AEB0001BDAB4F1804F0DD0A4F10050B0F1FF5077
:10AEC00013D1002D11DB9DED240B51EC100B01F083
:10AED00015FB07E09DED240B53EC102B51EC100BF0
:10AEE00000F0C2BC41EC100B5EE79DED240B51EC71
:10AEF000100B01F0F7FABAF1000FCDE90E0142D1C3
:10AF00009FED710B46B3A6F1E040B0F17F600CD02D
:10AF10005E4538D1002D00DAA7B3022F0CBF012007
:10AF20004FF0FF30FEF7A3FCDCE7002D01DD002C25
:10AF30000DDA002D01DD002C1FDB002D16DA002CB0
:10AF400014DB012F08BF9FED620B3FF42DAFB0EE75
:10AF50004A0AF0EE6A0A27E7022F18BF002D0CD02C
:10AF6000012F0AD1002DFFF61FAF06E0002DB8BF5C
:10AF7000002C08DA012F3FF417AFB0EE480AF0EECC
:10AF8000680A11E71BE0012000EBE57050EA0701B9
:10AF900015D0791EB0EE498AF0EE698A084308BFE1
:10AFA0009FED4D8B4E480025804570DD4D494E4844
:10AFB000884514DDB0420DDB002C19DB2FE00120A9
:10AFC00001F09EF916B0BDEC0E8B04B0BDE8F04D5B
:10AFD00001F02EB9B34502DC002C09DC1FE08642EB
:10AFE00002DA002C1BDA03E05E452BDD002C16DDB7
:10AFF000022001F085F901F02BF98DED020B53ECE5
:10B000001A2B51EC180BFEF751FBCDE90001039907
:10B01000019861F31E0003909DED020BC4E602202F
:10B0200001F06EF901F024F910EE901A18EE900A72
:10B030008DED020B8DED008B61F31E0003909DEDF5
:10B04000020BB1E69DED0E0B53EC192B51EC100BDE
:10B05000FEF726FB9FED260BCDE9080153EC102BE4
:10B060009DED080B51EC100BFEF720FB9FED221B12
:10B0700053EC112BFEF717FB9DED081B53EC112B26
:10B08000FEF714FB9FED1E1B53EC112B3CE08CE0F4
:10B09000FFFF1F00FFFF0F00000000000000F03F57
:10B0A0000000F03F0000F07F0000404301FCFFFF84
:10B0B000000000000000F07F000000000000000021
:10B0C0001E190000000000000000000000000080C9
:10B0D000000000000000F0FF000000000000F0BFD2
:10B0E0000000E0410000F043FFFFEF3F00000000E0
:10B0F000000000000000D03F555555555555D53F2F
:10B10000000000000000E03FFEF7CDFA9DED080BC7
:10B1100041EC1A0B53EC102B51EC100BFEF7C6FA56
:10B1200053EC1A2BFEF7C2FA41EC1A0B9FEDFE0B03
:10B1300053EC102B9DED080B51EC100BFEF7B6FAFB
:10B1400041EC1B0B9FEDFA0B51EC1A0B53EC102B3F
:10B15000FEF7ACFA41EC1A0B9FEDF70B53EC102BFA
:10B160009DED080B51EC100BFEF7A0FA53EC1A2BD7
:10B17000FEF796FA41EC1A0B51EC1B0B53EC1A2B11
:10B18000FEF7EDF90690CDE906519DED060B53EC67
:10B190001B2B51EC100BFEF783FA53EC1A2BFEF726
:10B1A00082FA41EC100B00F0A1B90020B6F5801F27
:10B1B0000EDA9FEDE30B53EC102B9DED0E0B51ECD3
:10B1C000100BFEF773FACDE90E016FF034000E4656
:10B1D00000EB2650A0F2FF37C6F31300DA4940F027
:10B1E0007F6646F040568842D8BF002408DDD74924
:10B1F0008142C8BF012403DC0024A6F580167F1C11
:10B20000D348784400EBC4000F9690ED00CB9DED41
:10B210000E0B53EC1C2B51EC100BFEF741FA9DED7D
:10B220000E0B41EC1B0B53EC1C2B51EC100BFEF7DF
:10B2300096F941EC100B51EC190B53EC102BFEF767
:10B24000A7FA41EC1D0B51EC1B0B53EC1D2BFEF729
:10B250002DFA41EC1A0BBF488DED10AB78441095D8
:10B2600090ED000B4FF0005040EA660000EB844088
:10B270008DED080B00F5002009909DED080B53ECB7
:10B280001C2B51EC100BFEF70BFA9DED0E1B53EC33
:10B29000112BFEF708FA41EC100B53EC102B9DED2F
:10B2A000100B51EC100BFEF701FA9DED080B41EC71
:10B2B0001C0B53EC102B9DED100B51EC100BFEF7FB
:10B2C000F5F953EC1B2BFEF7EEF953EC1C2BFEF7B4
:10B2D000E7F953EC1D2BFEF7E9F941EC1C0B53EC9D
:10B2E0001A2B51EC1A0BFEF7E1F941EC1B0B9A48B3
:10B2F0000621B0EE4B0AF0EE6B0A784400F058FEDF
:10B30000B0EE401AF0EE601AB0EE41DAF0EE61DA1B
:10B3100053EC1B2B51EC1B0BFEF7C8F953EC1D2B08
:10B32000FEF7C4F99DED100B41EC1B0B53EC1A2BEF
:10B3300051EC100BFEF713F953EC1C2BFEF7B6F98A
:10B3400053EC1B2BFEF70BF99DED100B41EC1B0B87
:10B3500053EC102B51EC100BFEF7A8F941EC1D0B30
:10B360009FED7FEB53EC1E2BFEF7F9F853EC1B2BF4
:10B37000FEF7F5F80890CDE908519DED080B53EC68
:10B380001E2B51EC100BFEF78BF953EC1D2BFEF727
:10B3900087F953EC1B2BFEF786F99DED080B41EC6A
:10B3A0001D0B53EC102B9DED100B51EC100BFEF709
:10B3B0007DF941EC1B0B53EC1A2B51EC1D0BFEF7E6
:10B3C00075F99DED080B41EC1A0B53EC102B51EC69
:10B3D0001C0BFEF76BF953EC1A2BFEF7C0F841EC8F
:10B3E0001A0B51EC1B0B53EC1A2BFEF7B8F80C9010
:10B3F000CDE90C519DED0C0B53EC1B2B51EC100BBC
:10B40000FEF74EF953EC1A2BFEF74DF941EC1B0BEE
:10B410009FED550B53EC102B9DED0C0B51EC100BCD
:10B42000FEF744F941EC1A0B9FED510B51EC1B0B4D
:10B4300053EC102BFEF73AF941EC1B0B9FED4E0B32
:10B4400053EC102B9DED0C0B51EC100BFEF72EF96D
:10B4500053EC1B2BFEF783F841EC100B4848784463
:10B4600000EBC40090ED001B51EC100B53EC112BC2
:10B47000FEF775F841EC1B0B3846FEF7F8F9CDE9FD
:10B48000080153EC1B2B51EC1A0BFEF768F841EC4A
:10B49000100B3C48784400EBC40090ED00CB51EC1D
:10B4A000100B53EC1C2BFEF75AF89DED081B53ECC8
:10B4B000112BFEF754F80690CDE906519DED080BCF
:10B4C00053EC102B9DED060B51EC100BFEF7E8F83A
:10B4D00053EC1C2BFEF7E4F853EC1A2BFEF7E0F8C4
:10B4E00053EC1B2BFEF7DFF841EC100B9DED261BF8
:10B4F00053EC102B8DED001B00959DED260B51ECB0
:10B50000100BFEF7D3F89DED000B41EC1A0B53EC3A
:10B51000102B9DED260B51EC100BFEF7C1F89DEDA5
:10B52000061B53EC112B2FE0000000604715F73F7E
:10B53000FE822B654715F73F44DF5DF80BAE543EA6
:10B5400000000000000040438E9803007AB60B0014
:10B550006A140000C8140000A213000000000000DC
:10B560000000000000000840000000E009C7EE3FB6
:10B57000FD033ADC09C7EE3FF5015B14E02F3EBE48
:10B580002E120000E8110000FEF790F853EC1A2B81
:10B59000FDF7E5FF9DED060B41EC1A0B53EC102B6C
:10B5A0009DED000B51EC100BFEF780F8CDE90C017E
:10B5B0009DED0C0B51EC1A0B53EC102BFDF7CFFF4C
:10B5C000CDE902010C46AA498C422FDB611A0843DF
:10B5D00018D19DED0C0B53EC102B9DED020B51EC93
:10B5E000100BFEF75DF841EC1B0B9FEDA30B51EC2C
:10B5F0001A0B53EC102BFDF7B2FF53EC1B2BFEF78D
:10B6000033FB2DD2022000F07BFE00F021FE10EE75
:10B61000901A18EE900A8DED020B8DED008B61F300
:10B620001E0003909DED020BFFF7BEBB944A24F071
:10B630000041914214D39349214408437FF4EFAC75
:10B640009DED0C0B53EC102B9DED020B51EC100BF0
:10B65000FEF726F853EC1A2BFEF706FB7FF6DFAC5D
:10B6600024F000408849894A002601EB205182429B
:10B670002BDA481C4FF4801121FA00F02044844A50
:10B68000C0F30A517A44A1F2FF3192ED000B814AD6
:10B690008DED080BCA4020EA0202C0F3130040F40B
:10B6A0008010C1F1140120FA01F60992002CB8BFF4
:10B6B00076429DED080B53EC102B9DED0C0B51ECDD
:10B6C000100BFDF7EDFFCDE90C019DED0C0B51ECDE
:10B6D0001A0B53EC102BFDF742FF9FED6F0B0890F8
:10B6E000CDE9085153EC102B9DED080B51EC100BDC
:10B6F000FDF7DCFF41EC1B0B9FED690B53EC102BAE
:10B700009DED080B51EC100BFDF7D0FF9DED0C0BE0
:10B7100041EC1C0B53EC102B9DED080B51EC100B66
:10B72000FDF7BEFF53EC1A2BFDF7BDFF9FED5E1B2F
:10B7300053EC112BFDF7BAFF53EC1C2BFDF70FFF59
:10B7400041EC1A0B51EC1B0B53EC1A2BFDF707FFC6
:10B75000CDE902019DED020B53EC1B2B51EC100BBC
:10B76000FDF79EFF53EC1A2BFDF79DFF9DED020B9D
:10B7700041EC1A0B53EC102B51EC100BFDF796FF1C
:10B78000CDE908014A489DED080B0521784400F0F9
:10B790000FFC9DED081B51EC100B53EC112BFDF72A
:10B7A00085FF9DED021B53EC112BFDF77CFFCDE9CE
:10B7B00006019DED020B53EC1A2B51EC100BFDF71B
:10B7C00075FF53EC1A2BFDF7CAFE9FED3B0B41ECC6
:10B7D0001A0B53EC102B9DED060B51EC100BFDF7E3
:10B7E0005FFF9DED060B41EC1B0B53EC102B9DED09
:10B7F000020B51EC100BFDF759FF53EC1B2BFDF71F
:10B80000C7FF53EC1A2BFDF74BFF9DED021B53ECCA
:10B81000112BFDF745FF53EC192BFDF744FFCDE944
:10B82000020101EB065001150029C8BF039015DC89
:10B830009DED020B324651EC100BFEF752F9FEF76C
:10B84000A1FA042808BF00F013FD32469DED020B5B
:10B8500051EC100BFEF745F9CDE902019DED020B0D
:10B8600051EC180B53EC102BFDF720FFFFF73ABB00
:10B870000000904000000000FE822B654715973CB9
:10B8800000CC904000346F3F01FCFFFF0000E03F20
:10B89000A0100000FFFF0F0000000000432EE63F55
:10B8A000396CA80C615C20BEEF39FAFE422EE63FEF
:10B8B000400F0000000000000000000000000040F9
:10B8C00010B52F499FED2C1B2DED020B84B0059870
:10B8D00020F000408842DCBF00209DED040B32DDEB
:10B8E0002849884209D1049840B94FF0010000F07E
:10B8F00007FD00F09DFC06B010BD05DB9DED040BBF
:10B9000000F082FC06B010BD68469DED040B00F00F
:10B910007BF810F0030011D0012818D09DED021B18
:10B920009DED000B02281AD000F08AFA51EC100BA2
:10B9300081F0004106B041EC100B10BD9DED021BE3
:10B940009DED000B012000F0AFFB06B010BD9DED9A
:10B95000021B9DED000B00F073FA06B010BD012034
:10B9600000F0A2FB51EC100B81F0004106B041EC5D
:10B97000100B10BD000000000000000000000000DF
:10B98000FB21E93F0000F07F00B52DED048BB0EE08
:10B99000409AF0EE609A83B051EC190BFEF7B8F8BC
:10B9A00041EC180B18EE100A18EE901A8DED008B72
:10B9B000002818BF0120084320F00040C0F17F603C
:10B9C00000F1E040C00F14D019EE101A19EE900AE1
:10B9D0008DED009B002918BF0121084320F0004095
:10B9E000C0F17F6000F1E040C00F04BF012000F013
:10B9F00087FCB0EE480A03B0F0EE680ABDEC048B99
:10BA000000BD0000000000002DE9F14F04462DEDBF
:10BA1000020B2DED088B8AB09FEDE70B80ED020B3A
:10BA2000139EE74826F0004585420ADC9DED120B87
:10BA3000002084ED000B0AB0BDEC088B03B0BDE81C
:10BA4000F08FE0489FEDE0AB9FEDE1BBA84247DD02
:10BA5000E14F9FEDE39B9FEDE48B9DED120B53ECCB
:10BA60001A2B51EC100B002E1CDDFDF719FE41ECDA
:10BA7000100BBD4208D053EC1B2B51EC100BFDF703
:10BA80000FFEC4E900010BE053EC192B51EC100B35
:10BA9000FDF706FE53EC182BFDF702FEC4E900018A
:10BAA0000120C8E7FDF75BFD41EC100BBD4208D05B
:10BAB00053EC1B2B51EC100BFDF751FDC4E90001B9
:10BAC0000BE053EC192B51EC100BFDF748FD53EC38
:10BAD000182BFDF744FDC4E900014FF0FF30AAE741
:10BAE000C348A84279DB9DED120B51EC100B00F01E
:10BAF000F9FC41EC180B9FEDC00B53EC102BFDF73C
:10BB0000D5FD9FEDBF1B53EC112BFDF728FDFDF775
:10BB1000BFFE0746FDF7ABFE41EC190B53EC1A2BA9
:10BB2000FDF7C4FD53EC182BFDF7BDFD41EC180BE0
:10BB300053EC1B2B51EC190BFDF7B8FDDFF8C8A235
:10BB400041EC100B4FEA15580125FA4453EC102B29
:10BB500051EC180BFDF7A4FD032DC4E900013DD005
:10BB6000C1F30A5005EB4511A8EB000011398142E1
:10BB700034DA0AEB051BB0EE48AA9BED000BF0EEA1
:10BB800068AA53EC102B51EC190BFDF78FFD41EC1B
:10BB90001B0B51EC1A0B53EC1B2BFDF781FD41ECF9
:10BBA000180B51EC1A0B53EC182BFDF779FD53ECE5
:10BBB0001B2BFDF775FD9BED020B41EC1A0B53ECB3
:10BBC000102B51EC190BFDF771FD53EC1A2BFDF7FF
:10BBD00067FD41EC100B6D1CB8E70EE0002EA8BF0E
:10BBE0003846BFF628AF94ED000B51EC100B81F0F6
:10BBF0000041C4E9000178421DE7C6F3130040F498
:10BC0000801EC6F30A50A0F2F530471100F01F0560
:10BC1000C5F12000DDF848B008900020069007909C
:10BC20000520EC467949002D07EB0002794408BF56
:10BC300051F8221009D051F8223001EB8201AB40BB
:10BC40004A68089922FA01F11943A1FB0E26A1FBCB
:10BC50000B131A449A4234BF0123002303EB060856
:10BC60000CEB8003D3E901A60E448E4234BF0121C0
:10BC7000002192448A4411B1924502D903E09245D1
:10BC800001D2012100E00021C3E901A641444CF8A2
:10BC90002010011EA0F10100C4DC029800F1005048
:10BCA000850F0298DDE903678000DDF81480FDF759
:10BCB000DEFD41EC1A0B3046FEF700F89FED541BF9
:10BCC00053EC112BFDF7F2FC41EC1B0B3846FDF752
:10BCD000F5FF9FED511B53EC112BFDF7E7FC41ECF9
:10BCE000180B4046FDF7EAFF9FED4D1B53EC112B5F
:10BCF000FDF7DCFC41EC190B51EC180B53EC192B44
:10BD0000FDF72DFC53EC1B2BFDF729FC53EC1A2BF4
:10BD1000FDF725FCCDE90801002008909DED080BFA
:10BD200053EC1A2B51EC100BFDF7BAFC53EC1B2B08
:10BD3000FDF7B6FC53EC182BFDF7B2FC53EC192BB6
:10BD4000FDF7B1FC9FED381B53EC112BFDF7AEFC5A
:10BD50009FED370B41EC180B53EC102B9DED080BAE
:10BD600051EC100BFDF7A2FC53EC182BFDF7F7FB81
:10BD70009FED310B41EC180B53EC102B9DED080B94
:10BD800051EC100BFDF792FC53EC182BFDF7E7FB81
:10BD900041EC100B139810F0004F06D06D4251EC9F
:10BDA000100B81F0004141EC100B284684ED000B94
:10BDB00041E600000000000000000000000000005C
:10BDC000FB21E93F7CD9024000004054FB21F93FB0
:10BDD0003163621A61B4D03DFB21F93F00000000DD
:10BDE0000000601A61B4D03D7370032E8A19A33B22
:10BDF000FB2139410000000083C8C96D305FE43F7A
:10BE0000000000000000E03FE20B0000300B0000EB
:10BE1000000000000000103E000000000000103C88
:10BE2000000000000000103A182D4454FB21F93D99
:10BE30003326A611460B113C00000054FB21F93DAE
:10BE400010B52DED040B2DED088B82B0B0EE419AAC
:10BE5000F0EE619A0B9820F000449FED4BABB4F1EB
:10BE6000795F11DA9DED0A0B51EC100BFDF710FD17
:10BE7000002801BFB0EE4A0AF0EE6A0A02B0BDEC3B
:10BE8000088B04BF04B010BD9DED0A0B53EC102BC2
:10BE900051EC100BFDF70AFC41EC180B3C48062155
:10BEA000B0EE480AF0EE680A784400F081F853ECEE
:10BEB000182B51EC100BFDF7F9FB9DED0A0B41EC33
:10BEC0001B0B53EC192B51EC100BFDF7EFFB41EC66
:10BED000190B53EC1B2B51EC180BFDF7E7FB53EC44
:10BEE000192BFDF7DDFB9FED2C0B41EC190B53ECEF
:10BEF000102B51EC180BFDF7D9FB41EC100B284827
:10BF0000844210DA53EC192B51EC100BFDF7C8FBEF
:10BF100053EC1A2BFDF7C7FB41EC100B02B0BDEC44
:10BF2000088B04B010BD1F48A042BCBF9FED1E1B74
:10BF30008DED001B06DBA4F50010019000200090A1
:10BF40009DED001B51EC100B53EC112BFDF7A8FBE2
:10BF50009DED000B41EC180B53EC102B51EC1A0B20
:10BF6000FDF79EFB41EC1A0B53EC192B51EC180B0F
:10BF7000FDF796FB53EC1A2BFDF795FB41EC100BEC
:10BF8000CCE7000000000000000000000000F03FCF
:10BF90004C08000000000000000000000000E03F2E
:10BFA0003333D33F0000E93F000000000000D23FE0
:10BFB00070B504462DED028B4D1E00EBC500B0EEB2
:10BFC000408AF0EE608A90ED000B35F0060017D045
:10BFD00053EC182B51EC100BFDF768FB41EC100BE8
:10BFE0006D1E04EBC50090ED001B51EC100B53ECE3
:10BFF000112BFDF7B4FA41EC100B35F00600E7D138
:10C00000022D36D0042D1CD0062D1CBFBDEC028B9A
:10C0100070BD53EC182B51EC100BFDF747FB94ED62
:10C020000A1B53EC112BFDF79AFA53EC182BFDF772
:10C030003DFB94ED081B53EC112BFDF790FA41ECFE
:10C04000100B53EC182B51EC100BFDF72FFB94ED5C
:10C05000061B53EC112BFDF782FA53EC182BFDF75E
:10C0600025FB94ED040B53EC102BFDF778FA41EC13
:10C07000100B53EC182B51EC100BFDF717FB94ED44
:10C08000021B53EC112BFDF76AFA53EC182BFDF74A
:10C090000DFB94ED001B53EC112BFDF760FABDEC8A
:10C0A000028B41EC100B70BD31B504462DED040B35
:10C0B0002DED0A8BB0EE41BAF0EE61BA0B989DED12
:10C0C0000A0B20F00040B0F1795F0DDA51EC100B53
:10C0D000FDF758FE042808BF00F0CAF89DED0A0BD2
:10C0E000BDEC0A8B05B030BD53EC102B51EC100B9E
:10C0F000FDF7DCFA41EC180B9DED0A0B53EC182B05
:10C1000051EC100BFDF7D2FA41EC190B2C48B0EEB4
:10C11000480AF0EE680A05217844FFF749FF9FEDD1
:10C120002ACBB0EE40AAF0EE60AA9CB353EC1C2BD5
:10C1300051EC190BFDF7BAFA41EC1C0B53EC1A2B1E
:10C1400051EC190BFDF7B2FA9FED210B41EC190BE5
:10C1500053EC102B51EC1B0BFDF7A8FA53EC192BE9
:10C16000FDF79EFA53EC182BFDF7A0FA53EC1B2BAE
:10C17000FDF796FA53EC1C2BFDF792FA9DED0A1B86
:10C1800053EC112BFDF78FFABDEC0A8B05B041EC97
:10C19000100B30BDFFE753EC1A2B51EC180BFDF7D9
:10C1A00085FA53EC1C2BFDF7DAF953EC192BFDF74C
:10C1B0007DFA9DED0A1B53EC112BFDF7D0F9E3E757
:10C1C000DC06000000000000495555555555C5BF17
:10C1D000000000000000E03F9FED070B10B553EC9E
:10C1E000102B9FED070B51EC100BFDF7D1FA41EC32
:10C1F000100B10BD00000000000000000000000057
:10C20000000000000000F03F10B553EC102B51EC83
:10C21000100BFDF7A4F941EC100B10BD10B553EC59
:10C22000112B51EC100BFDF79AF941EC100B10BDDE
:10C230009FED050B10B553EC102B51EC100BFDF7D7
:10C24000A7FA41EC100B10BD000000000000000038
:10C250009FED050B10B553EC102B51EC100BFDF7B7
:10C2600025FA41EC100B10BD00000000000000702A
:10C270009FED050B10B553EC102B51EC100BFDF797
:10C2800015FA41EC100B10BD00000000000000107A
:10C29000DFED030AB7EE001A81EE200A70470000B6
:10C2A0000000000030EE000A704730EE200A7047B0
:10C2B000DFED020A80EEA00A7047000000000000D7
:10C2C0009FED020A20EE000A704700000000007097
:10C2D0009FED020A20EE000A7047000000000010E7
:10C2E00002E008C8121F08C1002AFAD1704770473F
:10C2F000002001E001C1121F002AFBD1704700009D
:10C300000149086070470000540400202DE9FF4FE8
:10C310008BB09A460F460546002606E025280BD02E
:10C3200052460D9990476D1C761C28780028F5D14F
:10C330000FB03046BDE8F08F0024A04601226049CE
:10C3400000E0044315F8013F203B02FA03F00842E5
:10C35000F7D128782E2817D115F8010F44F00404DE
:10C360002A280ED06FF02F022878A0F13001092979
:10C370000AD808EB880102EB410100EB01086D1CB3
:10C38000F2E757F8048B6D1C287869283ED006DC4C
:10C390000028CDD063280BD0642804D136E0732860
:10C3A00010D075284BD052460D999047761C85E0E9
:10C3B00017F8040B8DF8000000208DF80100E94605
:10C3C000012003E057F8049B4FF0FF3061074FF066
:10C3D000000401D40AE0641C44450DDA8442FADB0F
:10C3E00019F804100029F6D106E0641C8442FCDB35
:10C3F00019F804100029F8D1264404E019F8010BBB
:10C4000052460D999047641EF8D257E001CF4FF085
:10C410000A0B002802DA40422D2102E0210504D552
:10C420002B218DF82410012103E0E10705D0202104
:10C43000F7E70DF1200908910CE00021F9E701CFA1
:10C440004FF00A0BF9E75946FDF770FA01F1300297
:10C4500009F8012D0028F6D1ADEB090000F1200B01
:10C46000600701D44FF00108D84502DDA8EB0B00AE
:10C4700000E000208046002406E009A85246005D46
:10C480000D999047641C761C08988442F5DB04E003
:10C49000302052460D999047761CB8F10001A8F162
:10C4A0000108F5DC05E019F8010B52460D9990479B
:10C4B000761CBBF10001ABF1010BF4DC6D1C34E721
:10C4C000092801004A68002A06D00A68531C0B603C
:10C4D00010704868401E486070470A68531C0B6023
:10C4E0001070704782B0CDE9000121F0004001904A
:10C4F0009DED000B02B051EC100B704700B52DED17
:10C50000048B83B041EC190BFDF702FB41EC180BD7
:10C5100018EE100A18EE901A8DED008B002818BF47
:10C520000120084320F00040C0F17F6000F1E040AE
:10C53000C00F14D019EE101A19EE900A8DED009B61
:10C54000002918BF0121084320F00040C0F17F609E
:10C5500000F1E040C00F04BF0120FFF7D1FE51EC15
:10C56000180B03B0BDEC048B00BD00000000000000
:10C57000000000000000E03F000000000000E0BFFD
:10C580000000E0FE422EE63F0000E0FE422EE6BF45
:10C59000763C7935EF39EA3D763C7935EF39EABDBD
:10C5A0003E5555555555C53F93BDBE166CC166BF2A
:10C5B0002CDE25AF6A56113FF16BD2C541BDBBBE23
:10C5C000D0A4BE726937663E0000803F0030983FBD
:10C5D0000000B53F0040D73F00000000320A7E391E
:10C5E0007F661E395B991F390000803FF037983F06
:10C5F000F304B53FFD44D73F04FA97999999D93F81
:10C60000AF788E1DC571CC3F9FC678D0099AC33FC5
:10C61000935555555555E53F599322942449D23F9A
:10C62000DE03CB966446C73F44523EDF12F1C23F61
:10C63000000000000030F13D0070643E0000A33EA9
:10C640000090CF3E0090F83E00400F3F00E0203FBA
:10C650000000000015B78337CDE37B380EE1C53805
:10C6600060F69138AF5F0F38E1BC3E3823F44739AC
:10C67000000000000000F03F000000000000F83F54
:10C6800000000000000000000000004003B8E23F8E
:10C69000000000000000000006D0CF43EBFD4C3E40
:10C6A000033333333333E33FFFAB6FDBB66DDB3F35
:10C6B0004D268F515555D53F01411DA96074D13F7D
:10C6C00065DBC9934A86CD3FEF4E454A287ECA3F77
:10C6D0003E5555555555C53F93BDBE166CC166BFF9
:10C6E0002CDE25AF6A56113FF16BD2C541BDBBBEF2
:10C6F000D0A4BE726937663E4C5555555555A53F79
:10C700007751C1166CC156BF9015CB19A001FA3EE6
:10C71000AD529C804F7E92BEC4B1B4BD9EEE213E10
:10C72000D43888BEE9FAA8BD00000000000000006F
:10C7300000004054FB21F93F3163621A61B4D03DDF
:10C740000000601A61B4D03D7370032E8A19A33BB8
:10C750000000002E8A19A33BC14920259A837B390A
:10C7600000000000000000006E83F9A22915444E6D
:10C77000D15727FCC0DD34F5999562DB4190433CED
:10C78000AB6351FE61C5BBDE3A6E24B7E0D24D42C9
:10C79000EA2E49061C92D1091CEB1DFE3EA729B1C9
:10C7A000F53582E88444BB2E26709CE9417E5FB457
:10C7B00039D69139F43953838B5F849C3B28F9BD7A
:10C7C000FF97F81F0F9805DE8B112FEF1F6D0A5A88
:10C7D000CF7E366DB709CB27663F464F2DEA5F9E69
:10C7E000C7BA27757BF1E5EBF739073DEA92528A24
:10C7F000B15FFB6B085D8D1FA6F810111111813F11
:10C80000D561C119A0012ABF7DFEB157E31DC73E06
:10C81000EB9C2B8AE6E55ABE7CD5CF5A3AD9E53D4A
:10C8200040C800080000002058040000D69C000802
:10C8300058C9000858040020802F0000F0C20008EA
:10C84000411BFF01041A02041A03041A04041A0506
:10C85000041A06041A07041A08041A09041A0A0416
:10C860001A0B041A0C041A0D041A0E041A0F041AD7
:10C8700010041A11041A12041A130422141A8448F8
:10C88000C1195F01B91ACCBD233A021A4C041AE04F
:10C890000C1A76085AB8D132259A70EC29171ADA90
:10C8A000201ACB041AD60D1A1C081AB3081A0E0443
:10C8B0001A18041AA4041A1214011C62FA223F1A4C
:10C8C0008004111A400819041AA0041AC0041B207D
:10C8D000410C19041AF0041B34427E190434F0424E
:10C8E000504A783E19102BC84263320A180835FAAC
:10C8F0008E3CC3F54838011A4B307504091A208163
:10C900000273142D295C8F3E0401382342017269A1
:10C91000231C021A2C1081323C320A326432C805C0
:10C920002CDB0F4940294B690401301A7235232D45
:10C93000051A140401452B7A03CB499868080203B1
:10C9400004060708090CA910C11AAA010111023E28
:08C95000281AFF01410000005C
:040000050800018965
:00000001FF
