:020000040800F2
:10000000B83200207D500008490200084B02000869
:100010004F020008530200085702000800000000C9
:10002000000000000000000000000000A101000826
:100030005B02000800000000E5010008978000084E
:1000400097500008975000089750000897500008F4
:1000500097500008975000089750000897500008E4
:1000600061040008A5040008975000080503000873
:10007000E7020008430300089750000879020008CF
:100080009750000885020008975000089750000814
:1000900097500008975000089750000897500008A4
:1000A000975000087F0300089750000897500008F9
:1000B000AB030008D90300080504000897500008A6
:1000C0009750000897500008975000085D040008FA
:1000D00097500008610200089750000897500008E8
:1000E0009750000897500008975000089750000854
:1000F0009750000897500008975000081F03000809
:100100009750000897500008310400085F04000869
:100110009750000897500008510300085D0300083D
:10012000975000089F020008B90200089750000885
:100130009750000897500008975000089750000803
:1001400097500008975000089750000897500008F3
:10015000D9020008975000089750000897500008EF
:1001600097500008975000089750000897500008D3
:1001700097500008975000089750000897500008C3
:100180009750000897500008DFF810D009F07CFA6B
:1001900000480047B54D0008AFF30080B83200209A
:1001A000234B19680868B0E8F04F80F309884FF0D6
:1001B000000080F3118870470000000003480068C9
:1001C000006880F3088862B600DF00BF08ED00E039
:1001D000DFF80C00016841F470010160704700BF56
:1001E00088ED00E0EFF30980114B1A681EF0100F44
:1001F00008BF20ED108A20E9F04F106008B54FF0DD
:10020000140080F3118808F00EFB4FF0000080F31B
:100210001188BDE8084019680868B0E8F04F1EF082
:10022000100F08BFB0EC108A80F30988704700BF38
:10023000E8020020EFF311804FF0140181F31188E0
:10024000704780F311887047704700BFFEE700BF1A
:10025000FEE700BFFEE700BFFEE77047704770474C
:1002600010B540F22551904807F029F818B1202127
:100270008D4807F01BF810BD10B58C498C4805F06F
:1002800053FF10BD10B58B498948303005F022FF6F
:1002900020B188498648303005F046FF10BD10B5C2
:1002A0008549864805F016FF28B18349834805F043
:1002B0003BFF01F01DFD10BD10B581497F4818308E
:1002C00005F032FF7F4840787E49097840EA0120F6
:1002D00000B27D49088010BD10B57C497748603078
:1002E00005F022FF10BD10B573497148483805F07C
:1002F000F1FE30B170496E48483805F015FF00F046
:100300009FFA10BD10B572496948603805F0E2FEE9
:1003100020B16F496648603805F006FF10BD10B582
:100320006C496348483005F0D5FE48B1002160486B
:10033000483005F025FE67495D48483005F0F4FE79
:1003400010BD10B559495A48303805F0EDFE10BDC2
:1003500010B50121604806F00FFD10BD10B5012158
:100360005E4806F009FD7A204F49888001215C48EB
:1003700006F0B4FE01215B4806F0B0FE10BD10B5DA
:100380000121594806F0F8FC5748008800F0100099
:1003900028B156480068401E5449086004E053489C
:1003A0000068401C5149086010BD10B50121880744
:1003B00006F0E2FC4FF08040008800F0100028B109
:1003C0004B480068401E4A49086004E048480068FD
:1003D000401C4749086010BD10B50121454806F092
:1003E000CBFC4448008800F0100028B14248006867
:1003F000401E4149086004E03F480068401C3E49F7
:10040000086010BD10B501213C4806F0B5FC3B4822
:10041000008800F0100028B139480068401E3849B3
:10042000086004E036480068401C3549086010BD8B
:1004300010B50121334806F09FFC3248008800F0D7
:10044000100028B130480068401E2F49086004E0C1
:100450002D480068401C2C49086010BD704770474B
:1004600010B5042005F0F8FED8B12021274804F08B
:100470007CFF0421264804F053FF012804D1002109
:10048000164805F0F9FF09E00421214804F048FF6F
:1004900020B9124805F0F4FF1E49086004201E49E7
:1004A000086010BD7047000000100140208000204F
:1004B0007060024000802020008800102864024004
:1004C0000080201004050020640000200088002027
:1004D0002080001000800028001000400014004020
:1004E000004800400014014000000140440000208A
:1004F00048000020000400404C000020000800409C
:1005000060000020000C004050000020000002406D
:10051000000C024040000020143C014070B504462D
:10052000204608F069FD05462146F74808F06BFDB6
:10053000A0B195222146F44808F052FD0021F3486D
:1005400005F01EFDF048F1490C310860EF48B8385D
:10055000C0F8BC500121ED4805F012FD70BD70B52A
:100560000446002510E0605D68B1615DE84806F072
:10057000E0FD00BF8021E64806F08BFE0028F9D0A0
:10058000681CC5B200E070BDEDE770B504460025FB
:100590000FE05CB12146DE4806F0CBFD00BF8021B4
:1005A000DB4806F076FE0028F9D000E070BD681C3C
:1005B000C5B2032DEDDB00BFF8E713B50C460020F4
:1005C000FFF7E3FFD3A0FFF7CAFF2346D2A296218D
:1005D000D24809F0B3F8D148FFF7C1FFD0A0FFF728
:1005E000BEFFCDA29621CD48009B09F0A7F8CB48CD
:1005F000FFF7B5FFCCA0FFF7B2FFFF20FFF7C5FF65
:10060000FF20FFF7C2FFFF20FFF7BFFF1CBD70B543
:1006100005460C46BFA0FFF7A2FF2246BEA1BF4879
:1006200009F0A6F8BD48FFF79AFFBDA0FFF797FFB6
:100630002846FFF794FFBCA0FFF791FFFF20FFF7CC
:10064000A4FF70BD77B585B00546FF26B4A103C9E8
:10065000CDE90301B4A000680290AEA0006801904B
:1006600000240AE00020B1490855B1490855AB49BA
:100670000855A5490855601CC4B21E2CF2DB0A209F
:10068000A6490870FF2048708870C870A2A1A848C9
:10069000079A09F06DF8A64901A808F095FC01A990
:1006A0009E4808F091FC03A99C4808F08DFC29465F
:1006B0009A4808F089FC98A19D48069A09F058F8D4
:1006C0009B49964808F080FC02A9944808F07CFCFD
:1006D000FF209649087048708870904808F074FCB4
:1006E0008E48FFF71BFF08B070BDF7B584B0054614
:1006F0000E46FF278AA103C9CDE902018AA000683E
:10070000019084A000680090002408E00020874940
:1007100008558749085581490855601CC4B20A2C00
:10072000F4DB0A207D490870FF2048708870C8708B
:1007300079A17F48069A09F01BF87D49684608F0C0
:1007400043FC6946754808F03FFC02A9734808F06D
:100750003BFC2946714808F037FC31466F4808F0E9
:1007600033FC01A96D4808F02FFCFF206F49087089
:10077000487088700020C8700871684808F024FC30
:100780006648FFF7CBFE07B0F0BD01B58EB069A299
:10079000322101A80E9B08F0D1FF01A8FFF7BEFE91
:1007A0000FB000BD73B584B00546FF265CA103C938
:1007B000CDE902015CA00068019056A0006800909D
:1007C00000240AE000205949085559490855534961
:1007D00008554D490855601CC4B21E2CF2DB0A2096
:1007E0004E490870FF2048708870C8704AA1504870
:1007F000059A08F0BDFF4E49684608F0E5FB6946DA
:10080000464808F0E1FB02A9444808F0DDFB294610
:10081000424808F0D9FB4649404808F0D5FB01A9F9
:100820003E4808F0D1FBFF204049087048708870AE
:100830003A4808F0C9FB3948FFF770FE06B070BDB2
:100840001CB53F4800783E49497808443C498978BE
:1008500008443B49C978084439490979084438496A
:10086000497908443649897908443549C9790844A1
:100870003349097A0844C0B201903148007A00F047
:100880000F0000909DF800000D2803D000212D4896
:1008900006F024FC1CBD2A48007A00F00F000D2849
:1008A00006D12748007800F0010008B10D207047FC
:1008B0000020FCE71CB5244805F0E2FD2349096847
:1008C00040EA01400A2190FBF1F00090002417E07B
:1008D0001D4805F0D5FD1D49096840EA01400A217F
:1008E00090FBF1F00190DDE90021881A002801DB7E
:1008F000014600E04142052900DA641C019800909D
:10090000022CE5DB01981CBD5E040020B8600240AB
:1009100000500040740000002564000028030020FF
:100920002E7478743D220000220000000E04002086
:10093000E60300206A302E76616C3D2564000000DD
:100940004005002000480040000001404400002015
:100950001CB54FF0804005F093FDF849096840EA66
:1009600001400A2190FBF1F00090002418E04FF0C4
:10097000804005F085FDF149096840EA01400A21FF
:1009800090FBF1F00190DDE90021881A002801DBDD
:10099000014600E04142322900DA641C01980090CF
:1009A000022CE4DB01984100002901DB08461CBD54
:1009B0004842FCE71CB5E24805F062FDE1490968E0
:1009C00040EA0140642190FBF1F00090002417E020
:1009D000DB4805F055FDDB49096840EA0140642128
:1009E00090FBF1F00190DDE90021881A002801DB7D
:1009F000014600E04142322900DA641C019800906F
:100A0000022CE5DB01981CBD70471CB5CE4805F0F3
:100A100037FDCE49096840EA0140642190FBF1F0BE
:100A20000090002417E0C84805F02AFDC74909686E
:100A300040EA0140642190FBF1F00190DDE90021E2
:100A4000881A002801DB014600E04142322900DA21
:100A5000641C01980090022CE5DB01981CBD01B5D7
:100A600081B000200090019800EBC0004000009091
:100A700002E00098401E009000980028F9D10CBDBB
:100A800001B581B00020009044F2506101984843C4
:100A9000009002E00098401E009000980028F9D1D4
:100AA0000CBD1CB501211F2004F01EFE4FF6FF7087
:100AB000009001208DF8040000208DF80600012030
:100AC0008DF8070003208DF805006946A04804F062
:100AD000C5FB4FF6FF70009001208DF80400002048
:100AE0008DF8060001208DF8070003208DF8050021
:100AF0006946984804F0B2FB4FF6FF700090012061
:100B00008DF8040000208DF8060001208DF8070004
:100B100003208DF8050069468F4804F09FFB1CBD3B
:100B20001CB501217E2004F0DFFDC02000900020D4
:100B30008DF8040001208DF8070002208DF80500D3
:100B40006946864804F08AFB0620009000208DF854
:100B5000040001208DF8070002208DF80500694689
:100B60007B4804F07BFB0420009000208DF80400FB
:100B700001208DF8070002208DF8050069467548B0
:100B800004F06CFB1CBD1FB54FF4E06004F088FA64
:100B900036208DF8000000208DF801008DF802004D
:100BA00001208DF80300684604F07FFA012110202F
:100BB00004F0CDFD3220ADF8040040F2E7300290A1
:100BC0000020ADF80C00ADF8060001A9644805F05E
:100BD0000AFC0121624806F0CFF801221146604864
:100BE00006F0A2F800215E4805F046FC01215C48B1
:100BF00005F082FC1FBD1FB54FF4E06004F050FA11
:100C000037208DF8000000208DF801008DF80200DB
:100C100001208DF80300684604F047FA01212020E6
:100C200004F095FD3220ADF8040040F2E730029068
:100C30000020ADF80C00ADF8060001A9494805F008
:100C4000D2FB0121474806F097F80122114645489A
:100C500006F06AF80021434805F00EFC01214148E6
:100C600005F04AFC1FBD00B58BB00121022004F045
:100C70007FFD01210C2004F037FD032206213548B9
:100C800004F077FB03220721324804F072FB0322B1
:100C90000821304804F06DFB032209212D4804F09F
:100CA00068FB4FF47070069002208DF81C00032042
:100CB0008DF81D0000208DF81E0001208DF81F000A
:100CC00006A9244804F0CAFAA420ADF8200040F692
:100CD000B83009904FF48070ADF828000020ADF8CE
:100CE000220008A9204805F07EFB6020ADF8040032
:100CF0000120ADF8060000200390ADF8100001219E
:100D0000194805F0F9FB0021174805F0B5FB01A9CA
:100D1000154805F0FDFB01A9134805F032FC01A9B7
:100D2000114805F07BFC01A90F4805F0DDFC01210D
:100D30000D4805F0D2FF0BB000BD000048000020B8
:100D40000008004060000020000400404C0000202B
:100D50000004024000080240000C02400000024073
:100D600000100040001400400004014000B58BB0AA
:100D70000121082004F0EBFC0121084604F0B4FC3A
:100D800002220021FE4804F0F4FA02220121FC486C
:100D900004F0EFFA02221146F94804F0EAFA0222BE
:100DA0000321F74804F0E5FA0F20069002208DF8A1
:100DB0001C0003208DF81D0000208DF81E0001206E
:100DC0008DF81F0006A9EE4804F048FABA20ADF8E5
:100DD000200042F2107009900020ADF82800ADF814
:100DE000220008A9E74805F0FEFA6020ADF80400EB
:100DF0000120ADF8060000200390ADF8100001219D
:100E0000E04805F079FB0021DE4805F035FB01A93B
:100E1000DC4805F07DFB01A9DA4805F0B2FB01A929
:100E2000D84805F0FBFB01A9D64805F05DFC01217F
:100E3000D44805F052FF0BB000BD00B58BB00121C6
:100E4000042004F084FC01210D2004F04DFC02225A
:100E50000C21CD4804F08DFA02220D21CA4804F07D
:100E600088FA02220E21C84804F083FA02220F21D8
:100E7000C54804F07EFA4FF47040069002208DF8C9
:100E80001C0003208DF81D0000208DF81E0001209D
:100E90008DF81F0006A9BC4804F0E0F9A420ADF8C5
:100EA000200040F6B83009904FF48070ADF828006B
:100EB0000020ADF8220008A9B44805F094FA60209B
:100EC000ADF804000120ADF8060000200390ADF855
:100ED00010000121AD4805F00FFB0021AB4805F0E3
:100EE000CBFA01A9A94805F013FB01A9A74805F011
:100EF00048FB01A9A54805F091FB01A9A34805F00D
:100F0000F3FB0BB000BD00B589B00121080404F06B
:100F10002FFC0121084604F0E7FB03221146984804
:100F200004F027FA03220221954804F022FA0C204B
:100F3000019002208DF8080003208DF809000020A0
:100F40008DF80A0001208DF80B0001A98C4804F0EF
:100F500085F90020ADF818004FF6FF7007900020CB
:100F6000ADF82000ADF81A0006A9894805F03BFA53
:100F70000420ADF80C000020ADF80E00C820ADF83C
:100F800014000120ADF8100003A9814805F002FE0D
:100F900000231A4603217F4805F099FF01217D486F
:100FA00005F0EAFE012211467A4805F0BDFE012156
:100FB000774805F0A1FA0021764805F05DFA09B0FE
:100FC00000BD00B589B00121084604F0C0FB012135
:100FD000022004F0BCFB0121032004F085FB012268
:100FE0000F21674804F0C5F9012203216A4804F083
:100FF000C0F902220421684804F0BBF9022205214D
:10100000654804F0B6F93820019002208DF80800F8
:1010100003208DF8090000208DF80A0001208DF8CA
:101020000B0001A95C4804F019F94FF4004001904D
:1010300002208DF8080003208DF8090000208DF8AB
:101040000A0001208DF80B0001A94D4804F006F9B3
:101050000020ADF818004FF6FF7007900020ADF8A3
:101060002000ADF81A0006A94FF0804005F0BBF94A
:1010700006A94A4805F0B7F90420ADF80C00022093
:10108000ADF80E001420ADF814000120ADF81000EA
:1010900003A9800705F07EFD03A9404805F07AFD0D
:1010A00002231A460321580705F011FF02231A46AE
:1010B00003213A4805F00BFF0121880705F05CFE8B
:1010C0000121364805F058FE01221146900705F02F
:1010D0002BFE01221146314805F026FE012188072A
:1010E00005F00AFA01212D4805F006FA00214FF01B
:1010F000804005F0C1F90021284805F0BDF94FF402
:10110000C06003F0CDFF1D208DF8000003208DF896
:10111000010000208DF8020001208DF803006846D0
:1011200003F0C3FF1C208DF8000004208DF801009F
:1011300000208DF8020001208DF80300684603F0BE
:10114000B4FF09B000BD00B589B00121084604F024
:101150000FFB0121102004F0C7FA4FF4206001902A
:1011600002208DF8080003208DF8090000208DF87A
:101170000A0001208DF80B0001A9094812E00000C7
:1011800000000240000C0040000C0240000800403B
:101190000000014000400140000402400004004003
:1011A0000010024004F05AF801220921FE4804F020
:1011B000E0F801220B21FC4804F0DBF80020ADF838
:1011C00018004FF6FF7007900020ADF82000ADF832
:1011D0001A0006A9F54805F006F90420ADF80C0040
:1011E0000020ADF80E000A20ADF814000120ADF883
:1011F000100003A9ED4805F0CDFC00231A46032199
:10120000EA4805F064FE0121E84805F0B5FD012239
:101210001146E64805F088FD0121E44805F0ACFDE3
:1012200001221146E14805F07FFD0121DF4805F06C
:1012300063F90021DD4805F01FF94FF4C06003F0A9
:101240002FFF19208DF8000001208DF801000020EB
:101250008DF8020001208DF80300684603F025FF99
:1012600009B000BD00B589B00121042004F06FFA77
:101270000121082004F038FA4FF440500190022078
:101280008DF8080003208DF8090000208DF80A0071
:1012900001208DF80B0001A9C54803F0DFFF0020F5
:1012A000ADF818004FF6FF7007900020ADF8200051
:1012B000ADF81A0006A9BF4805F095F802220C21E6
:1012C000BB4804F056F802220D21B94804F051F849
:1012D0000420ADF80C000220ADF80E00C820ADF8D7
:1012E00014000120ADF8100003A9B24805F052FC2B
:1012F00002231A460321AF4805F0E9FD0121AD485C
:1013000005F03AFD01221146AA4805F00DFD012124
:10131000A84805F0F1F842F21071A64805F0ACF8C3
:101320000020A449143108800120A24908804FF40C
:10133000C06003F0B5FE1E208DF8000004208DF87B
:10134000010000208DF8020001208DF8030068469E
:1013500003F0ABFE09B000BD00B589B00121082043
:1013600004F0F5F90121084604F0BEF903200190CC
:1013700002208DF8080003208DF8090000208DF868
:101380000A0001208DF80B0001A98B4803F066FFCD
:101390000020ADF818004FF6FF7007900020ADF860
:1013A0002000ADF81A0006A9844805F01CF80222B6
:1013B0000021814803F0DDFF022201217E4803F075
:1013C000D8FF0420ADF80C000220ADF80E00C820B4
:1013D000ADF814000120ADF8100003A9774805F01E
:1013E000D9FB02231A460321744805F070FD012140
:1013F000724805F0C1FC01221146704805F094FCCA
:1014000001216E4805F078F842F210716B4805F042
:1014100033F80020694914310880012067490880A9
:101420004FF4C06003F03CFE32208DF80000042031
:101430008DF8010000208DF8020001208DF80300D6
:10144000684603F032FE09B000BD00B59BB0012133
:101450005B4804F049F90121080204F089F90020F1
:1014600002905848039058480490002005900820A6
:101470000690002007904FF480600890400009908B
:1014800080000A9040110B9040020C9000200D90BB
:1014900001200E9000200F90109002A94B4804F0FC
:1014A00035FD0121494804F06BFD3C2000900320EC
:1014B0008DF8040000208DF8070069463E4803F0CF
:1014C000CDFE3C20009003208DF8040000208DF814
:1014D000070069463E4803F0C1FE002011904FF41A
:1014E00040301290002013904FF47060149011A8B7
:1014F00004F072FA4FF08070159001208DF85800BA
:101500008DF85900002017901890199008208DF838
:10151000680015A92B484C3804F02FFA0423012247
:10152000022128484C3804F0AEFA04230222032199
:1015300024484C3804F0A7FA042303221946214812
:101540004C3804F0A0FA04231A4605211D484C38F3
:1015500004F099FA042305220C211A484C3804F0AF
:1015600092FA042306220D2116484C3804F08BFA17
:10157000042307220E2113484C3804F084FA042374
:1015800008220F210F484C3804F07DFA01210D4844
:101590004C3804F023FB01210A484C3804F013FBBB
:1015A000012108484C3815E00010024000000140BD
:1015B000000C02400008004000000240000C004007
:1015C000050040004C200140F4040020106402405B
:1015D0000008024004F017FAFE4804F0B0FA1BB00D
:1015E00000BD08B54FF4E06003F05AFD25208DF8EA
:1015F000000000208DF801008DF8020001208DF818
:101600000300684603F051FD08BD10B596B00446CE
:101610000121102004F0ACF80121084604F064F820
:101620000121880504F060F84FF4C06000900220AA
:101630008DF8040000208DF806008DF807000220C8
:101640008DF805006946E44803F008FE07220921E9
:10165000E14803F08EFE07220A21DF4803F089FEED
:1016600002940020ADF80C00ADF80E00ADF81000AB
:10167000ADF814000C20ADF8120002A9D74805F00F
:10168000A5FC0121D54805F029FD4FF4A06003F029
:1016900007FD3A208DF8180000208DF819008DF80C
:1016A0001A0001208DF81B0006A803F0FEFCCC48B0
:1016B00004F08AFB4FF00060079000200A90C948B0
:1016C00009900A200B90C548001D089000200C903E
:1016D0004FF480600D9000200E900F904FF48070BA
:1016E00010904002119004201290032013900020CB
:1016F0001490159007A9BA4804F008FC0122402173
:10170000B64805F098FD01221021B54804F0C5FC4B
:101710000121B34804F034FC16B010BD10B596B0EA
:1017200004460121480503F0DFFF0121480404F0CD
:101730000EF80121082003F0D7FF6020009002205E
:101740008DF8040000208DF806008DF807000220B7
:101750008DF805006946A44803F080FD07220521A5
:10176000A14803F006FE072206219F4803F001FE70
:1017700002940020ADF80C00ADF80E00ADF810009A
:10178000ADF814000C20ADF8120002A9974805F03E
:101790001DFC0121954805F0A1FC4FF4A06003F069
:1017A0007FFC11208DF8180000208DF819008DF8AD
:1017B0001A0001208DF81B0006A803F076FC8C4867
:1017C00004F002FB4FF00060079040200A90894827
:1017D00009903C200B908548001D089000200C903B
:1017E0004FF480600D9000200E900F904FF48070A9
:1017F00010904002119004201290032013900020BA
:101800001490159007A97A4804F080FB01228021EA
:10181000764805F010FD01228021744805F00BFD8B
:1018200001221021724804F038FC0121704804F0B4
:10183000A7FB16B010BD10B596B004460121880470
:1018400003F085FF0121082003F04EFF0121480528
:1018500003F04AFF4FF44070009002208DF804001E
:1018600000208DF806008DF8070002208DF8050095
:1018700069465D4803F0F2FC072208215A4803F04C
:1018800078FD07220921584803F073FD02940020D7
:10189000ADF80C00ADF80E00ADF81000ADF8140076
:1018A0000C20ADF8120002A9534805F08FFB01216E
:1018B000514805F013FC4FF4A06003F0F1FB0C203D
:1018C0008DF8180000208DF819008DF81A000120FD
:1018D0008DF81B0006A803F0E8FB4548783804F0B3
:1018E00073FA4FF00060079000200A904348099077
:1018F0000A200B904048001D089000200C904FF4E7
:1019000080600D9000200E900F904FF4807010902A
:101910004002119004201290032013900020149094
:10192000159007A93248783804F0F0FA01224021D6
:10193000314805F080FC012240212F4805F07BFC56
:10194000012210212A48783804F0A7FB01212848F9
:10195000783804F015FB16B010BD10B596B00446EB
:101960000121C80403F0F3FE0121084603F0BCFE88
:101970000121480503F0B8FE0320009002208DF8F5
:10198000040000208DF806008DF8070002208DF875
:1019900005006946104803F061FC082200210E484A
:1019A00003F0E7FC082201210B4803F0E2FC02945B
:1019B0000020ADF80C00ADF80E00ADF81000ADF849
:1019C00014000C20ADF8120002A90D4805F0FEFA33
:1019D000012117E0002001400000024000100140FA
:1019E0004064024004050020000C02400044004016
:1019F000A060024004000020004800404005002094
:101A0000004C0040FB4805F069FB4FF4A06003F078
:101A100047FB0D208DF8180000208DF819008DF877
:101A20001A0001208DF81B0006A803F03EFBF248C7
:101A300004F0CAF94FF00060079000200A90EF48C8
:101A4000099008200B90EB48001D089000200C9096
:101A50004FF480600D9000200E900F904FF4807036
:101A60001090400211900420129003201390002047
:101A70001490159007A9E04804F048FA012240218B
:101A8000DC4805F0D8FB01224021DA4805F0D3FB01
:101A900001221021D84804F000FB0121D64804F0AF
:101AA0006FFA16B010BD10B596B004460121480576
:101AB00003F01AFE0121080503F049FE01210C2064
:101AC00003F012FE0420009002208DF80400002094
:101AD0008DF806008DF8070002208DF80500694694
:101AE000C74803F0BBFB4FF48050009002208DF8F4
:101AF000040000208DF806008DF8070002208DF804
:101B000005006946BF4803F0A9FB08220221BC4832
:101B100003F02FFC08220C21BA4803F02AFC4FF4F2
:101B2000A06003F0BDFA2F208DF8180005208DF875
:101B300019008DF81A0001208DF81B0006A803F08B
:101B4000B4FA02940020ADF80C00ADF80E00ADF828
:101B50001000ADF814000C20ADF8120002A9AA483C
:101B600005F034FA0121A84805F0B8FAA248783007
:101B700004F02AF94FF00060079040200A90A34833
:101B8000099096200B90A048001D089000200C9012
:101B90004FF480600D9000200E900F9010904FF445
:101BA0000030119000201290032013900020149018
:101BB000159007A99048783004F0A8F901228021F7
:101BC000914805F038FB012210218B48783004F051
:101BD00064FA01218848783004F0D2F916B010BDBB
:101BE00010B596B004460121202003F0C1FD01216B
:101BF000042003F079FD0121880503F075FDC02064
:101C0000009002208DF8040000208DF806008DF869
:101C1000070002208DF8050069467A4803F01EFB94
:101C200008220621774803F0A4FB08220721754803
:101C300003F09FFB02940020ADF80C00ADF80E00FD
:101C4000ADF81000ADF814000C20ADF8120002A998
:101C50006F4805F0BBF901216D4805F03FFA4FF4DC
:101C6000A06003F01DFA39208DF8180003208DF8CC
:101C7000190001208DF81A008DF81B0006A803F04A
:101C800014FA644804F0A0F84FF020600790002098
:101C90000A906148099010200B905D48001D089043
:101CA00000200C904FF480600D9000200E900F905B
:101CB0004FF4807010904002119004201290032085
:101CC000139000201490159007A9524804F01EF9B3
:101CD000012240214E4805F0AEFA012210214D4864
:101CE00004F0DBF901214B4804F04AF916B010BDAD
:101CF0000EB500200290019000904748007802281D
:101D00002ED14548407801904348C07842498978AF
:101D100040EA01200090404909783F4A5278114436
:101D20003D4A927811443C4AD2788818C11700EB9A
:101D300011610912A0EB0121C9B202913648007964
:101D40009DF8081088420BD133484079032807D109
:101D50009DF8040031490870BDF800003049088042
:101D60000EBD00B585B00121082003F0BDFC0121A6
:101D7000880303F0FDFC00208DF8100001208DF891
:101D800013000C20039003A91D4803F067FA0221F9
:101D9000032005F0E9FA0420009000208DF80400EB
:101DA00010208DF8050001208DF80600684604F02B
:101DB000EDF908208DF8080000208DF809008DF855
:101DC0000A0001208DF80B0002A803F06EF905B09F
:101DD00000BD70B504460D46012C25D12946114899
:101DE00005F0A7F900BF40210E4805F052FA00287F
:101DF000F9D042E0004C0040406002401305002052
:101E0000000C024000080240005000405E04002028
:101E100000140140286402404F05002024010020E6
:101E20002601002000100140032C0BD12946FE485A
:101E300005F07FF900BF4021FB4805F02AFA002891
:101E4000F9D01AE0042C0BD12946F84805F071F9B5
:101E500000BF4021F54805F01CFA0028F9D00CE03D
:101E6000052C0AD12946F24805F063F900BF40214C
:101E7000EF4805F00EFA0028F9D070BD0020ED49BA
:101E80004862ED490860ED490860ED490860704717
:101E90000020E8494862E84908604FF08041486204
:101EA000E8490860E8490860E8490860E3490860D3
:101EB000E349086070470020E0490860E049086095
:101EC00070470020E0490860E0490860704710B59D
:101ED0000020DF490870002407E061210120FFF79E
:101EE00078FF3220FEF7CCFD641C022CF5D30120D4
:101EF000D74908707A20D749087010BD10B5002066
:101F0000D5490870002407E061210320FFF761FF35
:101F10003220FEF7B5FD641C022CF5D30120CE491A
:101F200008707A20CD49087010BD2DE9F14FAEB090
:101F3000CBA02D9000202C908DF888008DF86000AB
:101F40002E98132832D2DFE800F00A323940474E8B
:101F500057636A71787F8B9299A0ACFDFC000221D7
:101F6000C84803F0DDF988B100224FF40041C648AB
:101F700003F0F4F94FF40041C34803F0DEF90446DE
:101F800000222146C1A0FEF75DFB0FE00122D10334
:101F9000BD4803F0E3F94FF40041BB4803F0CDF92D
:101FA000044600222146C1A0FEF74CFB66E2012256
:101FB000C6480168C6A0FEF745FB5FE20222C6489C
:101FC0000168C6A0FEF73EFB58E20322C64801683E
:101FD000C6A0FEF737FB51E20422C7480178C7A02C
:101FE000FEF730FB4AE2FEF7E5FC044605222146F7
:101FF000C4A0FEF727FB41E20622C54890ED000A87
:10200000BDEEC00A10EE101AC2A0FEF71BFB35E2AF
:102010000722C3480168C3A0FEF714FB2EE20A2280
:10202000C3480168C3A0FEF70DFB27E20922C5489B
:102030000168C5A0FEF706FB20E2C748017A082226
:10204000C6A0FEF7FFFA19E20B22C64890ED000A7F
:10205000BDEEC00A10EE101AC3A0FEF7F3FA0DE2AF
:102060000C22C4480168C4A0FEF7ECFA06E20D2277
:10207000C5480178C5A0FEF7E5FAFFE10E22C64883
:102080000188C6A0FEF7DEFAF8E10F22C64890EDFF
:10209000000ABDEEC00A10EE101AC4A0FEF7D2FA74
:1020A000ECE10121C54803F03BF94FF400511790D2
:1020B000754803F035F904460221C04803F030F9B1
:1020C00005464FF48041704803F02AF90646042182
:1020D000BA4803F025F94FF400411690B74803F0D1
:1020E0001FF907460821B54803F01AF980464FF456
:1020F0008041B24803F014F981461021AF4803F043
:102100000FF94FF400511590AC4803F009F98246DD
:102110000821AB4803F004F94FF480511490A7480C
:1021200003F0FEF810211390A54803F0F9F84FF4DE
:1021300080611290A14803F0F3F8834680219F4804
:1021400001E08FE12AE003F0EBF84FF48071119089
:102150009A4803F0E5F810901798CDE90B65CDE9A2
:102160000D401698CDE90798CDE90970DDE9131205
:102170001598CDE9042A03910690DDE91110CDE907
:10218000001B02908FA2282122A8109B07F0D6FAEC
:10219000122222A96FA0FEF7A8FA6FE18021394828
:1021A00003F0CBF804460121364803F0C6F8054693
:1021B0004021344803F0C1F806464FF400418048FE
:1021C00003F0BBF807464FF48051874803F0B5F899
:1021D00080464FF480612B4803F0AFF881464FF4FE
:1021E0000061814803F0A9F84FF400611790254879
:1021F00003F0A3F882464FF48061714803F09DF824
:1022000083464FF480511F4803F097F84FF4006164
:1022100016906B4803F091F84FF40051159019484F
:1022200003F08BF8E2E0000000480040004C004062
:1022300000500040000001404400002024080040FD
:102240006000002048000020240400404C000020D2
:1022500069000020680000206B0000206A00002058
:10226000313131313131313131313131313131315E
:10227000313131313131303131313131313131314F
:10228000000000000004024000080240524F424F8C
:102290005420322044414E47204348415920534165
:1022A0004E2058414E483A2020200000524F424FC5
:1022B0005420322044414E47204348415920534145
:1022C0004E20444F3A20202000000000C001002092
:1022D000494D553A0000000080000020474F432040
:1022E00042414E3A00000000E800002056492054C8
:1022F00052492042414E3A002301002043414D3AC9
:1023000000000000454E20584F41593A000000009F
:102310008C0000204A6F79537469636B3A000000A7
:10232000900000204C75635F42616E3A000000002F
:1023300094000020476F635F42616E5F6175746F48
:102340003A0000007800002047545F4C415A455243
:102350005F545241493A0000400500204241544533
:1023600052593A002C020020726573756C74203A41
:10237000000000003002002066696E616C5F7265CB
:1023800073756C743A000000240100206F66667358
:102390006574203A0000000026010020646973740F
:1023A000616E63653A000000440200206368656363
:1023B0006B5F73706565643A0000000000100240B6
:1023C000000C024025642564256425642564256489
:1023D00025642564256425642564256425642564B5
:1023E0002564256400000000000002404FF4804195
:1023F0001490F84802F0A1FF4FF480411390F64882
:1024000002F09BFF4FF480711290F44802F095FFA8
:102410004FF400411190F04802F08FFFCDE90B76A8
:10242000CDE90D5410901798CDE907A0CDE9099892
:10243000DDE914121698CDE9050BCDE90312DDE9AB
:1024400011121398CDE900120290AFF288022821F0
:1024500022A8109B07F072F9112222A9E0A0FEF732
:1024600044F90BE01022E04890ED000ABDEEC00AEE
:1024700010EE101ADDA0FEF7E5F800BF00BF2FB088
:10248000BDE8F08F10B50121DC4803F079FD10BDE7
:1024900001B5DB4800680099884203DD0020D84977
:1024A000086004E0D6480068401CD5490860D4485C
:1024B0000068FFF73AFD08BD10B52DED028BD1483D
:1024C000C07801EE100AB8EE411ADFEDCF1A31EEF6
:1024D000611AF0EE410ACB48807801EE100AB8EE9E
:1024E000411ADFEDC91A31EE611AB0EE410A07F068
:1024F0007FF9F0EE408AC548D0ED000A9FEDC41A7E
:1025000081EE200A20EE280AB0EE408AB5EEC08A9D
:10251000F1EE10FA05D29FEDBF0A38EE000AB0EED8
:10252000408AB848C0787E2807D1B64880787F288E
:1025300003D19FEDB90AB0EE408A9FEDB50AB4EE23
:10254000C08AF1EE10FA06D8B2EE040A28EE000AAC
:10255000B0EE408A09E09FEDAF0A38EE400AF2EE95
:10256000040A20EE200AB0EE408AAC4880ED008AD2
:10257000BDEC028B10BDF0B5DDE9054520B9A84ED4
:102580003678A84FFE700BE0002804DDA54FF870E8
:102590000126BE7004E04642A24FFE700026BE70C7
:1025A00021B99F4E36789F4FFE720BE0002904DD63
:1025B0009C4FF9710126BE7104E04E42994FFE71A5
:1025C0000026BE7122B9964E3678964FFE720BE009
:1025D000002A04DD934FFA720126BE7204E05642CF
:1025E000904FFE720026BE7223B98D4E36788D4F05
:1025F000FE730BE0002B04DD8A4FFB730126BE73D4
:1026000004E05E42874FFE730026BE7324B9844EF9
:102610003678844FFE740BE0002C04DD814FFC748F
:102620000026BE7404E066427E4FFE740126BE742E
:1026300025B97B4E36787B4FFE750BE0002D04DD0F
:10264000784FFD750126BE7504E06E42754FFE752C
:102650000026BE75F0BD734AD070D071D072D073B1
:10266000D074D075704701206F49086070476D487D
:10267000C078032815DA6B48C079032811DA694855
:10268000C07A03280DDA6748C07B032809DA654859
:10269000C07C032805DA6348C07D032801DA0120E5
:1026A00070470020FCE76148006847F230518842DB
:1026B00001D0012070470020FCE710B5FFF707FCB0
:1026C00010BD5B48B0F9000040427047B5EEC00A4B
:1026D000F1EE10FA09D25748D0ED000A70EE600A08
:1026E000FDEEE00A10EE900A70475248D0ED000A65
:1026F00070EE200AFDEEE00A10EE900AF4E710B545
:102700002DED0A8B044624B99FED4B0ABDEC0A8BD4
:1027100010BD002C25DA4948006806F00AFE41EC9D
:10272000190B204606F005FE41EC1C0B9FED440BF7
:1027300053EC102B06F01CFD41EC1B0B9FED400BE6
:1027400053EC102B06F00EFD41EC1A0B53EC192B39
:1027500006F080FD41EC180B06F00FFE00EE100AAB
:10276000D4E73648006806F0E4FD41EC190B20463A
:1027700006F0DFFD41EC1C0B9FED310B53EC102BF1
:1027800006F0F6FC41EC1B0B9FED2D0B53EC102BD0
:1027900006F047FC41EC1A0B53EC192B06F05AFDDE
:1027A00041EC180B06F0E9FD00EE100AAEE7F0EE82
:1027B000400AF5EEC00AF1EE10FA02DBB0EE600A54
:1027C0007047B1EE600AFBE7014600293CDB084692
:1027D00070470000000C024000040240000002406C
:1027E0004F55543A00000000340200204C75635FDE
:1027F00062616E5F6C696461723A0000A0600240C1
:102800005C000020400500200000FF428001002005
:10281000000034430000B44300409C468C0000207C
:10282000740100200400002070010020A00100209D
:102830006400002030010020000000008C01002016
:102840009A9999999999B93F484270470146FE482B
:10285000D0ED000AF1EE600AFC48D0ED001A80EEDF
:10286000A11A00EE901AF8EEE01AF748D0ED000A2F
:1028700041EE210AB0EE600AFDEEC00A10EE900AA9
:102880007047F0EE401A9FEDF22AB0EE420AF5EEE4
:10289000C01AF1EE10FA03D2B1EE612AF0EE421A3C
:1028A000F5EEC00AF1EE10FA03D2B1EE602AF0EEB6
:1028B000420AB5EEC01AF1EE10FA03D2B1EE412A87
:1028C000B0EE421AF4EEC01AF1EE10FA01DDB0EEED
:1028D000610AF4EEC00AF1EE10FA01DDB0EE600A12
:1028E000B4EEC01AF1EE10FA01DDB0EE410A704705
:1028F000D84800687047D8480068704710B52DED7B
:10290000088BB0EE408AD548006847F230518842C3
:1029100014D11FED370AD24880ED000AD14880ED6E
:10292000000AD14880ED000AD04880ED000AD04866
:1029300080ED000ACF4880ED000AE8E0CE4800684C
:10294000CE490968401AC5490968081A00EE100AFC
:10295000B8EEC00ACA48D0ED000ACA4890ED001A85
:1029600000EEC10AD0ED000AC0EE208AC64890ED04
:10297000000A20EE280A10EE101A084606F0EAFCBB
:1029800041EC1B0BB0EE4B0AF0EE6B0A07F034FA89
:10299000B0EE40AAF0EE60AA51EC1A0B81F00041B3
:1029A00041EC190B06F0E9FCB2490860B74890ED1C
:1029B000000A38EE800AB448D0ED000A20EE200A62
:1029C00010EE101A084606F0C5FC41EC1A0BB0EEEA
:1029D0004A0AF0EE6A0A07F00FFAB0EE409AF0EEFB
:1029E000609A51EC190B06F0C8FCA1490860A84890
:1029F00090ED000A38EE800AA348D0ED000A20EEE0
:102A0000200A10EE101A084606F0A4FC41EC1A0B3E
:102A1000B0EE4A0AF0EE6A0A07F0EEF9B0EE409A1C
:102A2000F0EE609A51EC190B06F0A7FC8F49086094
:102A3000984890ED000A38EE800A9348D0ED000ADD
:102A400020EE200A10EE101A084606F083FC41EC36
:102A50001B0BB0EE4B0AF0EE6B0A07F0CDF9B0EEAF
:102A600040AAF0EE60AA51EC1A0B81F0004141EC53
:102A7000190B06F082FC7C490860844890ED000A3E
:102A800038EE800A8048D0ED000A20EE200A10EED1
:102A9000101A084606F05EFC41EC1B0BB0EE4B0A28
:102AA000F0EE6B0A07F0A8F9B0EE40AAF0EE60AACB
:102AB00051EC1A0B81F0004141EC190B06F05DFC62
:102AC00068490860724890ED000A38EE800A6E4846
:102AD000D0ED000A20EE200A10EE101A084606F08B
:102AE00039FC41EC1B0BB0EE4B0AF0EE6B0A07F021
:102AF00083F9B0EE40AAF0EE60AA51EC1A0B81F017
:102B0000004141EC190B06F038FC55490860B5EE60
:102B1000C08AF1EE10FA7CD05F48006807282FD2F7
:102B2000DFE800F0042F5378C8ECFE00514890ED28
:102B3000000A30EE480A80ED000A4D4890ED000A88
:102B400030EE480A80ED000A484890ED000A30EE69
:102B5000480A80ED000A444890ED000A30EE480A29
:102B600080ED000A3F4890ED000A30EE480A80ED03
:102B7000000A3B4890ED000A30EE480A80ED000A5A
:102B800006E13B4890ED000A30EE480A80ED000A6D
:102B9000364890ED000A30EE480A80ED000A3248CF
:102BA00090ED000A30EE480A80ED000A2D4890EDC5
:102BB000000A30EE480A80ED000A294890ED000A2C
:102BC00030EE480A80ED000AE2E02A4890ED000A63
:102BD00030EE480A80ED000A244890ED000A30EEFD
:102BE000480A80ED000A204890ED000A30EE480ABD
:102BF00080ED000A1B4890ED000A30EE480A80ED97
:102C0000000A174890ED000A30EE480A80ED000AED
:102C1000BEE0BEE0174890ED000A30EE480A80EDB5
:102C2000000A134890ED000A30EE480A80ED000AD1
:102C30000D4890ED000A30EE480A80ED000A094880
:102C400090ED000A2AE00000680100206C010020DD
:102C50006F12833A8C010020B8010020A0010020EF
:102C6000E0010020DC010020D8010020D401002078
:102C7000D0010020CC010020C0010020AC010020C8
:102C8000B0010020480100207C01002058010020F4
:102C9000540100205C0100208801002030EE480A29
:102CA00080ED000AF64890ED000A30EE480A80ED0B
:102CB000000A6DE0F34890ED000A30EE480A80ED1E
:102CC000000AF14890ED000A30EE480A80ED000A53
:102CD000EE4890ED000A30EE480A80ED000AEC481C
:102CE00090ED000A30EE480A80ED000AE44890EDCD
:102CF000000A30EE480A80ED000A49E0E14890ED14
:102D0000000A30EE480A80ED000ADF4890ED000A24
:102D100030EE480A80ED000ADC4890ED000A00E041
:102D200012E030EE480A80ED000ADA4890ED000A21
:102D300030EE480A80ED000AD14890ED000A30EEEE
:102D4000480A80ED000A23E0CE4890ED000A30EEFC
:102D5000480A80ED000ACC4890ED000A30EE480A9F
:102D600080ED000AC94890ED000A30EE480A80ED77
:102D7000000AC84890ED000A30EE480A80ED000ACB
:102D8000C34890ED000A30EE480A80ED000A00BF0B
:102D900000BFBF4890ED001ABC48D0ED000AB9480A
:102DA00090ED000AFFF76DFDBB48D0ED000AF8EE8C
:102DB000E00A80EE801ABDEEC10AB84880ED000A34
:102DC000B7480068B5490968884203DDB348006820
:102DD000B34908600120B3490860BDEC088B10BD01
:102DE00010B504460020B0490860B0480460FCB942
:102DF0000020AB4908609FEDAE0AAE4880ED000AA6
:102E000047F23050AC490860AC4908609FEDA80A11
:102E1000AB4880ED000A0020AA490860AA49086072
:102E2000AA490860AA4908609FEDA10AFFF766FD5C
:102E300010BD10B5A24890ED000AB5EEC00AF1EE43
:102E400010FA05D19F48006810B99F48006890B1FA
:102E50009FED970A9A4880ED000A00209949086082
:102E6000994908609B4800689B490860944890ED28
:102E7000000AFFF743FD10BD9848C0ED000A9848CE
:102E800080ED000A704770B52DED028B05460C46AB
:102E9000B0EE408A88480068A8420BD1824800689A
:102EA000A04207D1834890ED000AB4EE480AF1EE43
:102EB00010FA18D07C4804607948006810B90520E1
:102EC000774908608348006883490860794880ED45
:102ED000008A79480560002082490860784890EDB2
:102EE000000AFFF70BFDBDEC028B70BD70B52DED38
:102EF000028B0446B0EE408A0D4673480068A0423B
:102F00000BD16F4890ED000AB4EE480AF1EE10FACA
:102F100003D16C480068A84237D06748006847F280
:102F20003051884222D11E205F49086003205C494D
:102F3000086047F23050844218DA01206349086083
:102F4000B5EEC08AF1EE10FA03DD62480068A042D7
:102F500008DCB5EEC08AF1EE10FA07D25D480068D1
:102F6000A04203DAB1EE480AB0EE408A5648046047
:102F700054480560524880ED008A00205949086095
:102F80004F4890ED000AFFF7B9FCBDEC028B70BD15
:102F900010B52DED028BB0EE408A04462146B0EE0E
:102FA000480A47F23050FFF7A1FFBDEC028B10BD7D
:102FB00070B504460D469FED3E0A29462046FFF7B0
:102FC00062FF70BD70B52DED088BF0EE408A0446AF
:102FD000B0EE608AB0EE419A384890ED000AB8EE43
:102FE000C00AB4EE680AF1EE10FA0DD12E4800685E
:102FF000A04209D1344890ED000AB8EEC00AB4EE00
:10300000480AF1EE10FA6FD0BDEEE80A2B4880EDC9
:10301000000A304991ED000AB8EEC00A38EEC00A45
:10302000BDEEC00A10EE100A9FED210A2146FFF7FF
:103030002AFF284890ED000AB8EEC00A38EE400A90
:10304000BDEEC00A10EE105A002D01DB284600E04C
:103050006842642849DD1F4890ED000AB8EEC00AB6
:10306000B4EEC08AF1EE10FA02DDB0EE490A01E0DA
:10307000B1EE490A10EE101A084606F06BF948E066
:10308000E0010020CC010020D0010020D40100206C
:10309000DC010020D801002028010020940100203C
:1030A0008C01002084010020900100209801002064
:1030B00000000000B4010020A0010020A4010020B5
:1030C000B001002088010020A8010020B8010020E4
:1030D00070010020C0010020AC0100206801002028
:1030E0006C0100209C01002022E0FB4890ED000ACA
:1030F000B8EEC00A38EE400A10EE101A084606F084
:1031000029F941EC1B0B9FEDF50B53EC102B06F04E
:103110002FF841EC1A0B06F030F909EE900A002165
:10312000B0EE690AFDEEC80A10EE900AFFF7DEFE67
:10313000BDEC088B70BD10B5EA48006801283FDD82
:10314000E9490968E44A1268881AFFF73DFB052837
:103150000CDAE44801680068401CE24A1060B1F5EE
:103160007A7F2DDD0020FFF73BFE10BDDD480068B3
:10317000B0F5FA7F09DD0520DC490860DC4908600C
:1031800040F2F510D749086004E00520D7490860EF
:10319000D7490860D0480068D3490968884205DDEE
:1031A000BFEE000AD34880ED000A04E0B7EE000A43
:1031B000D04880ED000ACF4890ED000AFFF79EFB53
:1031C00000BFD2E710B52DED028BCB4890ED000A81
:1031D000B5EEC00AF1EE10FA08D1C548006828B172
:1031E000C148006847F23051884202DBBDEC028BD7
:1031F00010BDC04890ED000AB5EEC00AF1EE10FA1D
:103200007ED0BE48006847F23051884279D1B94833
:1032100090ED000AB5EEC00AF1EE10FA08DDB248F2
:103220000068B7490968401AAB490968884210DB51
:10323000B04890ED000AB5EEC00AF1EE10FA7CD26B
:10324000A9480068AE4909680844A349096888424A
:1032500073DDA448006803285CDAA34909689E4A24
:103260001268881AFFF7B0FA0A2816DA9E48006832
:10327000A449086000209E4908609C4908601FED31
:10328000740A9C4880ED000A02209649086099481B
:1032900090ED000AFFF732FBA8E7934800688E49DB
:1032A0000968884237DD924890ED000AB8EEC00AFE
:1032B0009048D0ED000A60EE200A914890ED000A97
:1032C000B8EEC00AC0EE801AB0EE611AB0EE410A44
:1032D000FFF76DFA844909687F4A1268881AFFF778
:1032E00073FA00EE900AB8EEE01A8748D0ED000AB3
:1032F00040EE010A7E4890ED000AB8EEC00A01E0F7
:10330000A8E045E080EE801AB0EE418AB0EE480AAF
:10331000FFF7F4FA9DE0764890ED000AB8EEC00A97
:103320007448D0ED000A60EE200A754890ED000A5E
:10333000B8EEC00AC0EE801A00E023E0B0EE611AD9
:10334000B0EE410AFFF733FA67490968624A12682A
:10335000881AFFF739FA00EE900AB8EEE01A6A48C8
:10336000D0ED000A50EE410A614890ED000AB8EE37
:10337000C00A80EE801AB0EE418AB0EE480AFFF72C
:10338000BDFA66E05B4890ED000AFFF7B7FA60E02F
:10339000584890ED000AB5EEC00AF1EE10FA1FDDB4
:1033A000514890ED000AB8EEC00A5148D0ED000A2D
:1033B000F8EEE00A4F4890ED001A00EEC10A5348BB
:1033C000D0ED000AF8EEE00A70EE600A424890ED97
:1033D000000AB8EEC00AF4EEC00AF1EE10FA27D3E4
:1033E000444890ED000AB5EEC00AF1EE10FA2BD277
:1033F0003D4890ED000AB8EEC00A3D48D0ED000A05
:10340000F8EEE00A3B4890ED001A00EEC10A3F4892
:10341000D0ED000AF8EEE00A70EE200A2E4890ED9A
:10342000000AB8EEC00AF4EEC00AF1EE10FA0BDDA5
:103430002D490968284A1268881AFFF760F9B0EE2A
:10344000408AFFF75BFA04E02A4890ED000AFFF794
:1034500055FACBE62E4909681F4A1268881AFFF709
:103460004EF9B0EE408AFFF749FA00BFBEE600B55C
:103470001C480068022815DA1FEDF30A1E4880ED8B
:10348000000A1FEDF50A1B4880ED000A00202149C3
:10349000086047F23050194908601F490860002051
:1034A000114908601D480068401C1C4908601C49FF
:1034B0000968884204DA1B480068FFF7CCF839E055
:1034C00017480068154908601748006870B3154828
:1034D0000068FFF7C0F82DE0C00100207B14AE4764
:1034E000E17A743FB8010020A8010020900100207B
:1034F0008C010020B0010020B4010020A0010020B8
:1035000064010020BC010020440100206001002073
:10351000AC01002088010020A40100209C010020B3
:10352000780100207401002070010020FFE70020D6
:10353000FFF791F800BDF94A1268521CF74B1A6068
:10354000824207DDF64A12680A44F54B1A600022EF
:10355000F24B1A6070472DE9FC47FFF7B2F8F149CA
:103560000860FFF7E8FDF0480068002821DDEC481E
:103570000068ED49096888422AD0E9480068EA49AC
:10358000096888420EDAE6480068E8490968884216
:103590001EDAE3480068FFF759F904460121FFF7F6
:1035A000CAFF15E04FF0FF31E1480068FFF7C3FFA5
:1035B0000EE0DB480068002806DD4FF0FF31DD48F3
:1035C0000068FFF7B8FF03E0FFF751FFBDE8FC8795
:1035D000D9480068D3490968884205D0FFF7F2FD51
:1035E000D0480068D4490860D4480068E8B3CC48A3
:1035F000D0ED000AF8EEE00AD14890ED001A60EE36
:10360000810AB0EE600AFFF761F80446C448D0EDC5
:10361000000AF8EEE00ACB4890ED001A60EE810A4D
:10362000B0EE600AFFF752F80546BD48D0ED000A3B
:10363000F8EEE00AC44890ED001A60EE810AB0EEA0
:10364000600AFFF743F80646B548D0ED000AF8EEE9
:10365000E00ABE4890ED001A60EE810AB0EE600A02
:10366000FFF734F80746AE4800E023E0D0ED000A4B
:10367000F8EEE00AB64890ED001A60EE810AB0EE6E
:10368000600AFFF723F88046A548D0ED000AF8EE5F
:10369000E00AB04890ED001A60EE810AB0EE600AD0
:1036A000FFF714F8814633463A464146CDE90054C7
:1036B000FEF761FF00BF89E770B52DED028B0F2586
:1036C00005269FEDA50AB0EE408AA44800791E2881
:1036D00005DBA2480079B42801DC012000E00020CD
:1036E0000446FEF7E9FE32259FED9D0AB0EE408AC2
:1036F0009A48407800F0010020B1C8259FED990A52
:10370000B0EE408A9548007800F0080098B19348E0
:10371000007800F0100070B99048007800F02000A8
:1037200048B98E48007800F0400020B929468E48FC
:10373000FFF73EFCC5E08948007800F00800A0B91A
:103740008648007800F0100078B18448007800F0D6
:10375000200050B98148007800F0400028B929467F
:1037600040F2DC50FFF724FCABE07C48007800F02E
:103770000800A0B97948007800F0100078B97748BF
:10378000007800F0200050B17448007800F040004C
:1037900028B929464FF41670FFF70AFC91E06F48EC
:1037A000007800F0080098B96C48007800F010002C
:1037B00070B96A48007800F0200048B9674800787E
:1037C00000F0400020B129466848FFF7F1FB78E09F
:1037D0006248007800F00800A0B16048007800F06E
:1037E000100078B95D48007800F0200050B15B48C7
:1037F000007800F0400028B929464FF49670FFF792
:10380000D7FB5EE05548007800F0080098B15348B7
:10381000007800F0100070B95048007800F02000E7
:1038200048B94E48007800F0400020B12946504881
:10383000FFF7BEFB45E04948007800F00800A0B95A
:103840004648007800F0100078B14448007800F055
:10385000200050B14148007800F0400028B92946C6
:103860004FF46170FFF7A4FB2BE03C48007800F0B8
:10387000080098B93948007800F0100070B1374856
:10388000007800F0200048B93448007800F040008B
:1038900020B129463748FFF78BFB12E0364890ED00
:1038A000000ADFED360AB4EEE00AF1EE10FA08D2B3
:1038B000294690ED000ABDEEC00A10EE100AFFF78F
:1038C00077FB2648007800F0080010BB23480078FA
:1038D00000F01000E8B92148007800F02000C0B9DD
:1038E0001E48007800F0400098B9234890ED000A87
:1038F000DFED220AB4EEE00AF1EE10FA09DD44B180
:10390000FEF7D1FE28B11548C07910B90020FFF7A5
:1039100067FA14B1FFF78DFA5AE031E09C010020FC
:103920008C010020C00100209001002094010020A3
:10393000C801002098010020C4010020840100205B
:10394000E0010020DC010020D8010020D40100208B
:10395000D0010020CC010020000000004005002024
:103960009A99993E9A99193FD4FEFFFF50FBFFFFA9
:103970007CFCFFFF24FAFFFF8C00002000606A46F9
:10398000FC48007914280EDAFEF78DFE28B10020DD
:10399000B1EE480AFFF7FCFA1AE00020B1EE480A3F
:1039A000FFF7F6FA14E0F3480079B4280EDDFEF7CD
:1039B0007AFE28B10020B0EE480AFFF7E9FA07E0E6
:1039C0000020B0EE480AFFF7E3FA01E0FFF731FA12
:1039D000BDEC028B70BDE84801680068401CE64AF7
:1039E0001060322907D2E5484089E5490968084452
:1039F000E34908600BE0E24800683221B0FBF1F0D7
:103A0000E04908600020DC490860DD490860DE48C4
:103A100001680068401CDC4A1060322907D2D74890
:103A20000089DA4909680844D84908600BE0D7489A
:103A300000683221B0FBF1F0D54908600020D2497E
:103A40000860D2490860D34801680068401CD14A28
:103A50001060322907D2C9488089CF4909680844D3
:103A6000CD4908600BE0CC4800683221B0FBF1F092
:103A7000CA4908600020C7490860C7490860C848AB
:103A800001680068401CC64A1060322907D2BB4852
:103A9000C089C44909680844C24908600BE0C148AC
:103AA00000683221B0FBF1F0BF4908600020BC493A
:103AB0000860BC490860BD4801680068401CBB4AFA
:103AC0001060322907D2AD480088B9490968084416
:103AD000B74908600BE0B64800683221B0FBF1F04E
:103AE000B44908600020B1490860B1490860B24893
:103AF00001680068401CB04A1060322907D29F4814
:103B00004088AE4909680844AC4908600BE0AB48FE
:103B100000683221B0FBF1F0A94908600020A649F5
:103B20000860A6490860A74801680068401CA54ACB
:103B30001060322907D291488088A3490968084457
:103B4000A14908600BE0A04800683221B0FBF1F009
:103B50009E49086000209B4908609B4908607047A7
:103B600001B58448407800F0200040B19DF8000085
:103B7000974981F82F00002081F82E0011E07D4840
:103B8000407800F0040040B19DF80000904981F8B1
:103B90002F00012081F82E0003E002208C4981F8DB
:103BA0002F0008BD7348407800F0020010B3894828
:103BB0000068F8B98848006890B99620844981F86F
:103BC000230081F8270081F82B00002081F82200D3
:103BD00081F8260081F82A0001207F49086009E069
:103BE00000207B4981F8230081F8270081F82B0011
:103BF000794908605F48407800F002007549086024
:103C0000704710B55B48407800F00200C0B95948D1
:103C1000407800F0040098B1012280216F4801F043
:103C20009DFB4FF480416E4801F07AFB20B90122E0
:103C300040216A4801F092FB01206A4908700FE0B8
:103C40006848007860B100224021644801F086FB9A
:103C500000228021614801F081FB00206149087049
:103C600010BD10B54FF4E6705F4908600122802155
:103C70005A4801F073FB00240BE002E0012004F03D
:103C80004FFD4FF48041564801F04AFB0128F5D022
:103C9000641C642CF1DB40F2DC5004F041FD012295
:103CA00091024E4801F05AFB4FF4FA7004F038FDCF
:103CB00001224021494801F051FB00240AE002E0C2
:103CC000012004F02DFD0121454801F029FB0128C8
:103CD000F6D0641C642CF2DB00240AE002E0012030
:103CE00004F01EFD01213E4801F01AFB0028F6D029
:103CF000641C642CF2DB4FF47A7004F011FD002296
:103D00004FF48061354801F029FB40F2DC5004F0AB
:103D100007FD00240AE002E0012004F001FD01217A
:103D20002F4801F0FDFA0128F6D0641C642CF2DB68
:103D30004FF4FA7004F0F4FC00224021274801F00F
:103D40000DFB4FF4FA6004F0EBFC002280212348C5
:103D500001F004FB00240AE002E0012004F0E0FC92
:103D600002211F4801F0DCFA0128F6D0641C642C03
:103D7000F2DB10BD400500205C020020F4040020AE
:103D80006002002070000020640200206802002011
:103D9000740000206C020020700200207C000020D3
:103DA0007402002078020020780000207C020020AD
:103DB0008002002080000020840200208802002071
:103DC000840000208C020020900200208800002047
:103DD00004000020400200202002002000040240D5
:103DE0000010024094020020E800002010B54FF4BB
:103DF000E670F949086002E00A2004F091FCF748F7
:103E00000068B0F5EB7FF7DC01224021F44801F0B7
:103E1000A5FA41F2883004F083FC0A20F14981F8C8
:103E20002B0081F8270081F82300012081F822006F
:103E300081F8260081F82A0041F2883004F070FCF5
:103E400040F23A20E449086000224021E44801F0B1
:103E500085FA00240DE004E0012004F061FCFFF786
:103E60002BFC4FF48061E04801F05AFA0128F3D0AE
:103E7000641C642CEFDB40F6B83004F051FC0020E9
:103E8000D84981F8230081F8270081F82B0010BD64
:103E900010B5D648407800F0080050B1D3484078BB
:103EA00000F0020028B901228021CD4801F056FA25
:103EB00011E0CE48007800F0020060B100228021BD
:103EC000C74801F04BFA0020C64981F82B0081F861
:103ED000270081F8230010BD10B5C448407800F0D9
:103EE000400078B34FF48061BF4801F019FA48BB35
:103EF0001E20BC4981F82B0081F8270081F823009F
:103F0000002081F8220081F8260081F82A0042F280
:103F1000107004F005FC0122D102B14801F01EFA34
:103F200042F2107004F0FCFB0020AE4981F82B0037
:103F300081F8270081F8230000224FF40061A8488F
:103F400001F00CFA10BD10B5A848407800F08000D0
:103F500058B31420A34981F82B0081F8270081F879
:103F60002300012081F8220081F8260081F82A0030
:103F700000240BE002E0012004F0D2FB4FF480614A
:103F8000994801F0CDF90128F5D0641C642CF1DBCF
:103F900040F6B83004F0C4FB0020924981F82300B9
:103FA00081F8270081F82B0000BF10BD10B50A2052
:103FB000FEF716FF7D208B4981F82B0081F8270042
:103FC00081F82300002081F8220081F8260081F882
:103FD0002A0043F6982004F0A3FB0122D102804876
:103FE00001F0BCF941F6583004F09AFB00207D49FD
:103FF00081F82B0081F8270081F8230000224FF47C
:104000000061774801F0AAF910BD10B50446784860
:1040100004604A2C09D19FED770A774880ED000AA9
:10402000764800687649086080E24B2C09D19FED04
:10403000750A714880ED000A704800687049086090
:1040400074E24C2C09D19FED700A6B4880ED000A98
:104050006A4800686A49086068E24D2C09D19FED02
:104060006B0A654880ED000A64480068644908608E
:104070005CE24E2C09D19FED660A5F4880ED000A94
:104080005E4800685E49086050E24F2C09D19FED00
:10409000610A594880ED000A58480068584908608C
:1040A00044E2502C09D19FED5C0A534880ED000A90
:1040B000524800685249086038E2512C0AD19FEDFD
:1040C000570A4D4880ED000A4C480068801D4C4955
:1040D00008602BE2522C0AD19FED510A464880ED30
:1040E000000A46480068401D454908601EE2532CFE
:1040F0000AD19FED4C0A404880ED000A3F48006815
:10410000401D3F49086011E2542C0AD19FED460A38
:10411000394880ED000A39480068401D3849086078
:1041200004E2552C0AD19FED410A334880ED000A84
:1041300032480068401F32490860F7E1562C0AD126
:104140009FED3B0A2C4880ED000A2C480068401F78
:104150002B490860EAE1572C0AD19FED360A264820
:1041600080ED000A25480068401F25490860DDE110
:10417000582C0AD19FED300A1F4880ED000A1F48D5
:104180000068401F1E490860D0E1592C0AD19FEDFC
:104190002B0A194880ED000A18480068001F1849CA
:1041A0000860C3E15A2C0AD19FED250A124880ED20
:1041B000000A12480068001F11490860B6E15B2C34
:1041C00042D19FED200A0C4880ED000A0B480068A0
:1041D000001F0B490860A9E1E800002080000020D2
:1041E00000040240040000200010024040050020AE
:1041F0003002002033335F412C0200209400002065
:104200003C020020CDCC6041666662410000644102
:104210009A99654133336741CDCC684166666A41FE
:1042200000006C419A996D4133336F41CDCC7041A0
:1042300066667241000074419A9975413333774143
:10424000CDCC784166667A415C2C0AD19FEDFE0A9E
:10425000FE4880ED000AFE480068001FFD49086026
:1042600064E15D2C0AD19FEDFC0AF84880ED000A5C
:10427000F7480068001FF749086057E15E2C0AD133
:104280009FEDF60AF14880ED000AF1480068C01E73
:10429000F04908604AE15F2C0AD19FEDF10AEB4832
:1042A00080ED000AEA480068C01EEA4908603DE166
:1042B000602C0AD19FEDEB0AE44880ED000AE44847
:1042C0000068C01EE349086030E1612C0AD19FED0F
:1042D000E60ADE4880ED000ADD480068C01EDD49C0
:1042E000086023E1622C0AD19FEDE00AD74880EDF7
:1042F000000AD7480068801ED649086016E1632C82
:104300000AD19FEDDB0AD14880ED000AD048006851
:10431000801ED049086009E1642C0AD19FEDD50ABE
:10432000CA4880ED000ACA480068801EC949086072
:10433000FCE0652C0AD19FEDD00AC44880ED000A4C
:10434000C3480068801EC3490860EFE0662C0AD1AC
:104350009FEDCA0ABD4880ED000ABD480068801E76
:10436000BC490860E2E0672C0AD19FEDC50AB74856
:1043700080ED000AB6480068401EB6490860D5E0E6
:10438000682C0AD19FEDBF0AB04880ED000AB04802
:104390000068401EAF490860C8E0692C0AD19FED53
:1043A000BA0AAA4880ED000AA9480068401EA94937
:1043B0000860BBE06A2C0AD19FEDB40AA34880EDE7
:1043C000000AA3480068401EA2490860AEE06B2CBA
:1043D0000AD19FEDAF0A9D4880ED000A9C48006815
:1043E000401E9C490860A1E06C2C0AD19FEDA90AEF
:1043F000964880ED000A96480068401E954908607E
:1044000094E06D2C09D19FEDA40A904880ED000A3C
:104410008F4800688F49086088E06E2C09D19FEDB5
:104420009F0A8A4880ED000A894800688949086027
:104430007CE06F2C09D19FED9A0A844880ED000A38
:10444000834800688349086070E0702C09D19FEDB3
:10445000950A7E4880ED000A7D4800687D49086025
:1044600064E0712C09D19FED900A784880ED000A34
:10447000774800687749086058E0722C09D19FEDB1
:104480008B0A724880ED000A714800687149086023
:104490004CE0732C0AD19FED860A6C4880ED000A2F
:1044A0006B480068401C6B4908603FE0742C0AD1DF
:1044B0009FED800A654880ED000A65480068401C51
:1044C0006449086032E0752C0AD19FED7B0A5F4891
:1044D00080ED000A5E480068401C5E49086025E0E7
:1044E000762C0AD19FED750A584880ED000A58488D
:1044F0000068401C5749086018E0772C0AD19FEDEE
:10450000700A524880ED000A51480068801C5149E9
:1045100008600BE0782C09D19FED6A0A4B4880EDCA
:10452000000A4B480068801C4A49086000EE104AA7
:10453000B8EEC00A4548D0ED000A20EE200AF2EE9F
:10454000040A80EE201ABDEEC10A5F4880ED000A21
:104550004FF480615D4800F0E3FE38B95C480078B4
:1045600020B93B4800685B4908600FE04FF4806168
:10457000564800F0D5FE48B95548007830B956483D
:10458000807918B1334800685249086010BD10B5F1
:1045900051488079002846D04FF480614B4800F0A4
:1045A000BFFE00283FD14C48007800F08000002872
:1045B00039D00120464908700A20FEF711FC424814
:1045C0000078464981F82B0081F8270081F8230004
:1045D000002081F8220081F8260081F82A0002E0FC
:1045E000642004F09DF83C48007800F0800000282A
:1045F000F6D10122D1023A4800F0B0FE43F69820ED
:1046000004F08EF80020354981F82B0081F827004E
:1046100081F8230000224FF40061314800F09EFE33
:1046200000202B4908702C48C079002878D04FF41E
:104630008061264800F074FE002871D12648007879
:1046400000F0800000284DE000007C412C0200209A
:10465000940000203C0200209A997D4133337F4131
:10466000666680413333814100008241CDCC824176
:104670009A998341666684413333854100008641BF
:10468000CDCC86419A99874166668841333389410A
:1046900000008A41CDCC8A419A998B4166668C4153
:1046A00033338D4100008E41CDCC8E419A998F419C
:1046B000666690413333914100009241CDCC9241E6
:1046C0009A9993416666944130020020001002409E
:1046D0005B020020E80000204005002004000020CC
:1046E0000004024040D00120FA4908700A20FEF779
:1046F00077FBF94890ED000ABCEEC00A10EE100AF4
:10470000C0B2F64981F82B0081F8270081F8230018
:10471000002081F8220081F8260081F82A0003E0B9
:1047200022E0642003F0FCFFED48007800F08000F8
:104730000028F6D10122D102EA4800F00FFE43F62C
:10474000982003F0EDFF0020E44981F82B0081F868
:10475000270081F8230000224FF40061E14800F0B7
:10476000FDFD0020DB49087010BD70B52DED0C8BF0
:104770000446A4F16400002801DB014600E0414248
:104780000D46284604F0D5FD41EC1D0B9FEDD60BE0
:1047900053EC102B04F0ECFC41EC1C0BB0EE4C0A7B
:1047A000F0EE6C0A05F07CF9B0EE40BAF0EE60BABB
:1047B0009FEDCF0B53EC102B51EC1B0B04F0D5FCF1
:1047C00041EC1A0B9FEDCC0B53EC102B04F0D0FCFA
:1047D00041EC190B9FEDCA0B53EC102B04F021FC9C
:1047E00041EC180B04F0C9FD00EE100ABDEC0C8B77
:1047F00070BD10B52DED028B04462046FFF7B5FFC6
:10480000B0EE408AC04880ED008ABDEC028B10BD3E
:1048100010B52DED028B04462046FFF7A6FFB0EE43
:10482000408AAF48C079322818DD612C05DA0020B3
:10483000B1EE480AFEF7ACFB0AE0672C05DD00206C
:10484000B0EE480AFEF7A4FB02E00020FEF7C8FA2B
:1048500024B900209FEDAD0AFEF79AFB612C05DA22
:10486000002201219F4800F079FD0CE0672C05DD56
:10487000002201219B4800F071FD04E00122114655
:10488000984800F06BFDBDEC028B10BD9448407859
:1048900000F00100F0B19E480078662805DD072091
:1048A0008E49C8760120887614E0994800786228FD
:1048B00005DA07208949C876002088760AE09448FE
:1048C0000078622806DB92480078662802DC022025
:1048D0008249C876704710B52DED088BB0EE408A3E
:1048E0009FED8A0AF0EE408A9FED880AB0EE409A6A
:1048F0009FED880A08EE080A10EE101A084604F028
:1049000029FD41EC1B0BB0EE4B0AF0EE6B0A05F0F3
:10491000D7FAB0EE40AAF0EE60AA51EC1A0B04F000
:104920002CFD09EE900ADFED7C0A89EEA00ADFED8E
:104930007B0A20EE200AB0EE409A9FED790AB4EE91
:10494000C09AF1EE10FA04DD9FED750AB0EE409AC0
:104950000AE09FED740AB4EEC09AF1EE10FA03D2A9
:104960009FED700AB0EE409A9FED6B0A39EEC00AD7
:104970009FED691AC0EE010A9FED6B1A9FED6B0A5D
:1049800000EE810AF0EE408A9FED690AF4EEC08ADB
:10499000F1EE10FA04DD9FED660AF0EE408A0AE0BF
:1049A0009FED640AF4EEC08AF1EE10FA03D29FED97
:1049B000610AF0EE408ABDEEC90A5F4880ED000A48
:1049C000BDEEE80A5D4880ED000ABDEC088B10BD25
:1049D000DFED4E1AF0EE610ADFED4C1AB0EE611A0F
:1049E000DFED571A80EE212ADFED561A62EE211A0A
:1049F000B0EE611ADFED4A1AB4EEE11AF1EE10FAE8
:104A000004DDDFED471AB0EE611A0AE0DFED451A6A
:104A1000B4EEE11AF1EE10FA03D2DFED421AB0EE75
:104A2000611ADFED471A70EE611ADFED452A81EE5B
:104A3000A22ADFED3D2ADFED3D1A42EE221AF0EE0A
:104A4000610ADFED3B1AF4EEE10AF1EE10FA04DD43
:104A5000DFED371AF0EE610A0AE0DFED361AF4EE08
:104A6000E10AF1EE10FA03D2DFED321AF0EE610A3C
:104A7000194880ED001A3448C0ED000A70473348E9
:104A8000006833490968884203DA314800682F49D1
:104A900008602E4800682F490968884203DD2D48C8
:104AA00000682A4908602C490968284A1268881A4F
:104AB000002801DB014600E04142012976DD26485D
:104AC000006822490968884248DD0120034981F8CD
:104AD0002E0047E05B02002034020020040000208A
:104AE0004005002000040240D122DBF97E6AACBF01
:104AF000000000000000F03F000000000000E03F68
:104B0000CDCCCCCCCCCCF03F440200200000000047
:104B1000230100200000C84500C02E440000E642EA
:104B200000007A43000048420000C8420040174499
:104B3000008022440080094490000020940000205E
:104B400000C08F450000EC4238020020E800002041
:104B5000EC000020F0000020800000200020A4498C
:104B600081F82E00A3490968A34A1268881A002810
:104B700001DB014600E0414201EB810149009F4A0F
:104B8000116010460068FA2802DDFA20114608601C
:104B90009A480068322802DA32209849086097481B
:104BA0000078934981F82F0004E0FFE70020904946
:104BB00081F82F00704710B59148407800F002004E
:104BC000A0B18F48407800F0040078B18A480068AE
:104BD0008C490968884209DA87480068401C864980
:104BE00008604FF4967003F09BFD18E0844840780D
:104BF00000F0020098B18248407800F0200070B1C7
:104C00007D48006880490968884208DD7A48006864
:104C1000401E794908604FF4C87003F081FD10BD53
:104C200005E01120FDF734FC0F2003F079FDF8E7D3
:104C300011E07348007800F0010010B1FEF73CFD70
:104C400002E00020FEF7CCF8FEF7C5FEFFF717FFE5
:104C5000032003F065FDECE704E0FEF77CFC032095
:104C600003F05EFDF9E71FB5FBF71BFFFBF758FFED
:104C7000FCF7A7F9FCF767FAFCF7F4FAFCF7E5FB99
:104C8000FBF7B9FF4FF4E130FCF7BFFC4FF4E13024
:104C9000FCF744FD4FF4E130FCF7CDFD4FF461200B
:104CA000FCF701FF4FF4E130FCF79AFFFDF705FD3B
:104CB000FDF7EEF8002055490870012054490870AE
:104CC000002000900190029003464FF4807251A1A1
:104CD0000390554803F0E5FA0020009001900290FF
:104CE00003464FF4807251A10390554803F0D9FA5E
:104CF0000420544908700120534908704FF416707D
:104D00003D4908600A20FEF76BF852E049E0FFF7E2
:104D100052FFFFF7BBFDFEF774FF4C480078FFF72A
:104D200077FDFFF7B5F84A4890ED000AB8EEC00AE3
:104D3000FFF7D1FD4748008800EE100AB8EE400AA0
:104D4000FFF746FE44480068FFF75FF9FFF7FBF8FE
:104D50002B48407800F0020030B92948407800F034
:104D6000200008B1FEF77DFF2548407800F00200E2
:104D700030B92348407800F0100008B1FFF736F84A
:104D80001F48407800F0020030B91D48407800F01C
:104D9000400008B1FFF7A0F8FFF7F9FB012003F08E
:104DA000BFFC1748007800F001000028AFD1FEF7E3
:104DB00017F8ABE71FB50020009001900290034662
:104DC0004FF4807225A10390274803F06AFA00206F
:104DD00000900190029003464FF4807223A103904B
:104DE000254803F05EFA03F075FE002004B010BD04
:104DF0000400002080000020E80000200C020020B9
:104E000040050020F0000020EC0000209C00002065
:104E10005A0200207461736B526F626F74416E614D
:104E20006C79746963730000594C00087461736B8A
:104E3000446965754B6869656E436F436175000031
:104E4000314C0008ED010020E70100202401002082
:104E50007800002026010020900000207461736B10
:104E60004D61696E00000000674C00087461736B4F
:104E70004779726F00000000214C00080CB500203B
:104E8000019000907248006840F4803070490860DA
:104E900000BF6F48006800F4003000900198401C8B
:104EA0000190009818B90198B0F5A06FF1D1684849
:104EB000006800F4003010B10120009001E00020F3
:104EC00000900098012846D161484030006840F0C9
:104ED00080505F49403108605E48006840F480407F
:104EE0005C4908605A480830006859490831086030
:104EF0000846006840F4004008600846006840F436
:104F0000A05008605448091F0860081F006840F05E
:104F10008070091F086000BF4D48006800F00070F5
:104F20000028F9D040F205604C4908604848083034
:104F3000006820F003004649083108600846006810
:104F400040F00200086000BF41480830006800F0EF
:104F50000C000828F8D10CBD10B53D48006840F0A1
:104F600001003B4908600020394908310860384891
:104F700000683B490840364908603A48091D086006
:104F8000081F006820F48020091F086000203049B5
:104F90000C310860FFF772FF4FF000603249086083
:104FA00010BD70B500200022022300240221284DEC
:104FB00008352D6805F00C0020B1042806D008281B
:104FC00034D107E0294D2A4E356033E0294D284E73
:104FD00035602FE01E4D2D1D2D68C5F380541C4DEE
:104FE0002D1D2D6805F03F0154B1224DB5FBF1F5A3
:104FF000174E361D3668C6F3881605FB06F209E023
:105000001A4DB5FBF1F5124E361D3668C6F38816FB
:1050100005FB06F20E4D2D1D2D68C5F301456D1CD7
:105020006B00B2FBF3F5124E356003E00F4D104EEE
:10503000356000BF00BF064D08352D68C5F3031568
:105040000D4E705D0A4D2D68C540094E356070BD2E
:10505000003802400070004008544007003C024005
:10506000FFFFF6FE1030002408ED00E00024F400FD
:105070009802002000127A009C0200200648804717
:1050800006480047FEE7FEE7FEE7FEE7FEE7FEE72D
:10509000FEE7FEE7FEE7FEE7594F0008890100083A
:1050A00032490143324A1160704770B50021002334
:1050B0000F22C4781CB32E4C246804F4E064C4F5B9
:1050C000E064C4F30721C1F10404E3B20A41447867
:1050D0009C40E1B28478144021430C07210E254CFA
:1050E00005786155047804F01F050124AC4005786B
:1050F0006D11AD0005F1E025C5F8004109E0047827
:1051000004F01F050124AC401B4D0678761145F8CC
:10511000264070BD194A0A400243154B1B1F1A60F6
:10512000704739B1124A121D12680243104B1B1D01
:105130001A6006E00E4A121D126882430C4B1B1DBA
:105140001A607047042808D14FF0E021096941F046
:1051500004014FF0E022116107E04FF0E0210969FE
:1051600021F004014FF0E022116170470000FA05C0
:105170000CED00E000E400E080E100E080FFFF1FB4
:1051800010B504468C48844208D10121084600F03D
:1051900000FB0021012000F0FCFA5EE08748844219
:1051A00008D10121022000F0F4FA0021022000F0D1
:1051B000F0FA52E08248844208D10121042000F034
:1051C000E8FA0021042000F0E4FA46E07D48844239
:1051D00008D10121082000F0DCFA0021082000F0AD
:1051E000D8FA3AE07848844208D10121102000F032
:1051F000D0FA0021102000F0CCFA2EE0734884424F
:1052000008D10121202000F0C4FA0021202000F064
:10521000C0FA22E06E48844208D10121402000F00B
:10522000B8FA0021402000F0B4FA16E06948844240
:1052300008D10121802000F0ACFA0021802000F08C
:10524000A8FA0AE06448844207D10121801500F0E1
:10525000A0FA0021A01500F09CFA10BDF0B50A4696
:1052600000210023002400BF3DE0012505FA01F3E1
:10527000156805EA03049C4234D105684F000326F3
:10528000BE40B543056015794E00B540066835430C
:1052900005601579012D02D01579022D16D185688A
:1052A0004F000326BE40B543856055794E00B5409A
:1052B000866835438560456801268E40B543456064
:1052C000456896798E40B6B235434560C5684F0053
:1052D0000326BE40B543C560D5794E00B540C668CB
:1052E0003543C560491C1029BFD3F0BD4FF6FF718F
:1052F00001600021017141718171C171704708B570
:105300004FF480320092009A0A430092009AC261E0
:10531000C161009AC261C2690092C269009208BD6F
:105320000246002013690B400BB1012000E0002071
:1053300070470146086980B27047024600205369F1
:105340000B400BB1012000E0002070470146486986
:1053500080B2704701837047418370470AB101836F
:1053600000E0418370474161704742694A404261B1
:105370007047F0B5002300244D07ED0E02FA05F347
:10538000CE1000F1200555F826504E07F70E0F26D7
:10539000BE40B543CF1000F1200646F82750CE108E
:1053A00000F1200555F8265045EA0304CE1000F11F
:1053B000200545F82640F0BD0000024000040240F0
:1053C00000080240000C024000100240001402409D
:1053D00000180240001C024000200240FA48006809
:1053E00040F00100F84908600020F74908310860E2
:1053F000F5480068F5490840F3490860F448091D7C
:105400000860081F006820F48020091F0860002041
:10541000ED490C31086070470021EB4A921C117075
:1054200011460870704710B5014600220023002085
:105430004A11012A02D1E44C236808E0022A03D170
:10544000E14C7034236802E0DF4C7434236801F0CF
:105450001F02012494401C400CB1012000E00020F8
:1054600010BD38B5002000900024002500BF312079
:10547000FFF7D9FF05460098401C00900098B0F552
:10548000A06F01D0002DF2D03120FFF7CCFF08B182
:10549000012400E00024204638BD01460020CA4A0D
:1054A000106820F0F80040EAC10010607047C94958
:1054B000086070470021C44A7032117011700128D1
:1054C00002D004280AD104E00121BF4A70321170D1
:1054D00005E00521BC4A7032117000E000BF00BF3A
:1054E0007047BD490860704770B5049C41EA821559
:1054F0000126C6EB530645EA0645054345EA046521
:10550000B14E361D356070BDB249086670478201E4
:1055100042EA0172AC4B84331A607047AD49886629
:105520007047AC49C864704702460020A64B083358
:10553000186820F0EC6042EA01031843A24B0833DC
:1055400018607047024600209F4B0833186820F00F
:10555000784042EA010318439B4B083318607047B8
:1055600001460020984A0832106820F003000843E2
:105570001060704794480830006800F00C007047D5
:1055800001460020904A0832106820F0F0000843DD
:1055900010607047014600208B4A0832106820F4E2
:1055A000E05008431060704701460020864A0832E8
:1055B000106820F4604040EAC10010607047F0B508
:1055C0000021002200240225002602237E4F0837F6
:1055D0003F6807F00C0121B1042905D0082937D113
:1055E00005E07E4F076036E07D4F076033E0764F81
:1055F0003F1D3F68C7F38056734F3F1D3F6807F05C
:105600003F036EB1764FB7FBF3F7DFF8BCC10CF187
:10561000040CDCF800C0CCF3881C07FB0CF40CE095
:105620006E4FB7FBF3F7DFF8A0C10CF1040CDCF808
:1056300000C0CCF3881C07FB0CF4634F3F1D3F6890
:10564000C7F301477F1C7D00B4FBF5F7076002E05C
:10565000624F076000BF00BF5B4F08373F6807F02D
:10566000F00109095F4F7A5C0768D7404760564FE1
:1056700008373F6807F4E051890A5A4F7A5C476857
:10568000D7408760504F08373F6807F46041490BA7
:10569000544F7A5C4768D740C760F0BD002100F4E2
:1056A0004072B2F5407F0AD1474A0832116821F4AE
:1056B000F8114D4A02401143434A08321160424AF0
:1056C00070321268C0F30B031A433F4B70331A60F9
:1056D000704741494439086070473F494039086084
:1056E000704742490860704739B1374A3032126812
:1056F0000243354B30331A6006E0334A30321268C9
:105700008243314B30331A60704739B12E4A3432FC
:10571000126802432C4B34331A6006E02A4A3432B2
:1057200012688243284B34331A60704739B1264AD5
:10573000383212680243244B38331A6006E0224A9A
:10574000383212688243204B38331A60704739B1BF
:105750001D4A4032126802431B4B40331A6006E078
:10576000194A403212688243174B40331A6070471F
:1057700039B1154A443212680243134B44331A605C
:1057800006E0114A4432126882430F4B44331A60D8
:10579000704739B10C4A1032126802430A4B103379
:1057A0001A6006E0084A103212688243064B103332
:1057B0001A607047E1B1044A143212680243024B86
:1057C00014331A6019E0000000380240FFFFF6FEB3
:1057D0001030002400004742800E47420024F400AD
:1057E00000127A00AC020020FFFCFF0F5C01474270
:1057F0005B4A126882435A4B1A60704739B1584A63
:10580000121D12680243564B1B1D1A6006E0544AD3
:10581000121D12688243524B1B1D1A60704739B12A
:105820004F4A0C32126802434D4B0C331A6006E0AB
:105830004B4A0C3212688243494B0C331A60704752
:1058400039B1474A103212680243454B10331A608F
:1058500006E0434A103212688243414B10331A600B
:10586000704739B13E4A3C32126802433C4B3C33EC
:105870001A6006E03A4A3C3212688243384B3C33A5
:105880001A60704739B1364A403212680243344BCD
:1058900040331A6006E0324A403212688243304B8D
:1058A00040331A60704739B12D4A443212680243BE
:1058B0002B4B44331A6006E0294A44321268824373
:1058C000274B44331A60704739B1254A4C3212686D
:1058D0000243234B4C331A6006E0214A4C321268D3
:1058E00082431F4B4C331A60704739B11C4A503207
:1058F000126802431A4B50331A6006E0184A5032BD
:1059000012688243164B50331A60704739B1144AFB
:10591000D21F12780243124BDB1F1A7006E0104AA6
:10592000D21F127882430E4BDB1F1A7070470C484F
:105930006030006840F0807009496031086070474D
:1059400001460020064A083A12680A400AB10120BE
:1059500000E0002070470249891F0870704700006E
:105960001438024010B501210802FFF769FF002139
:105970004FF48070FFF764FF10BD30B50246002081
:1059800000235068F84C20400D790C6844EA052447
:10599000204350609068F54C2040D1E903542C43DB
:1059A0008D682C434D7944EA450420439060D06AC9
:1059B00020F470000C7D641EE4B2234340EA0350DF
:1059C000D06230BD00210160017141718160C16010
:1059D00001610121017570470021E54A1168E54A1E
:1059E0001140D0E900231A4383681A43C3681A435D
:1059F0001143E14AC2F8041370470021016041607D
:105A00008160C160704721B1826842F0010282600A
:105A100003E0826822F00102826070470A4600219A
:105A20004168D64B19401143416070474162826220
:105A300070470A460021416821F01F01114341606F
:105A4000704738B1CA49096841F40001CA4AC2F82E
:105A5000041306E0C649096821F40001C64AC2F8E9
:105A60000413704738B1C249096841F48001C24A41
:105A7000C2F8041306E0BE49096821F48001BE4A59
:105A8000C2F804137047F0B504460D46002000210B
:105A9000092D11DDE068A5F10A0606EB4607072689
:105AA00006FA07F18843A5F10A0606EB460603FA53
:105AB00006F10843E0600CE0206905EB4507072686
:105AC00006FA07F1884305EB450603FA06F1084399
:105AD0002061072A0FDA606B561E06EB86071F2629
:105AE00006FA07F18843561E06EB860605FA06F10C
:105AF0000843606322E00D2A0FDA206BD61F06EB05
:105B000086071F2606FA07F18843D61F06EB86068E
:105B100005FA06F10843206310E0E06AA2F10D06E1
:105B200006EB86071F2606FA07F18843A2F10D0649
:105B300006EB860605FA06F10843E062F0BD8168CF
:105B400041F0804181607047014600208A6802F47C
:105B500080020AB1012000E00020704721B1826874
:105B600042F48062826003E0826822F48062826094
:105B7000704721B1826842F00202826003E08268CD
:105B800022F002028260704710B50A46002100230D
:105B9000416821F46041531E41EA4331416010BD28
:105BA00021B1426842F40062426003E0426822F49C
:105BB0000062426070470146C86C80B270476C4812
:105BC000001D0068704721B1826842F480728260D3
:105BD00003E0826822F480728260704721B182689B
:105BE00042F40072826003E0826822F400728260F4
:105BF000704738B15E49096841F400515E4AC2F805
:105C0000041306E05A49096821F400515A4AC2F8BF
:105C100004137047F0B50446154600200022002604
:105C2000092911DDE068A1F10A0707EB470C0727F6
:105C300007FA0CF29043A1F10A0707EB470703FAB2
:105C400007F21043E0600CE0206901EB410C0727EC
:105C500007FA0CF2904301EB410703FA07F21043F5
:105C60002061A06BC0F30156EF1C06F1010CA7EBFD
:105C70000C0707EB870C1F2707FA0CF29043EF1C69
:105C800006F1010CA7EB0C0707EB870701FA07F2F7
:105C90001043A063F0BD10B50A4600210023816BBC
:105CA00021F44011531E41EA0351816310BD08B530
:105CB000002300930090009B0B440093009B1A600C
:105CC00008BD0A460021816821F4702111438160DA
:105CD00070470A460021816821F440111143816018
:105CE0007047816841F4800181607047014600205F
:105CF0008A6802F480020AB1012000E000207047A7
:105D000021B1426842F48062426003E0426822F4BA
:105D100080624260704721B1426842F48052426022
:105D200003E0426822F480524260704708B50246A0
:105D300000200090009201F12800009B1844009080
:105D40000098006880B208BD10B50B460021D9B29A
:105D5000012404FA01F11AB144680C43446002E0E2
:105D600044688C43446010BDFFFEFFFCFDF7FFC09C
:105D700004230140E030FCFF00200140FFFD3FFF15
:105D80000246002013680B400BB1012000E0002008
:105D90007047CA430260704770B502460020002376
:105DA00000240B12556801268E4005EA060415688A
:105DB0001D4015B10CB1012000E0002070BD002293
:105DC0000A12D34303607047016821F001010160AA
:105DD0000021016041608160C16001612121416158
:105DE000DB49884204D13D21D94A103A91608CE0C8
:105DF000D7491831884205D14FF47461D44A103A1A
:105E0000916082E0D2493031884205D14FF474115B
:105E1000CF4A103A916078E0CD494831884205D1A7
:105E20004FF07461CA4A103A91606EE0C84960311F
:105E3000884204D1C749C64A103AD16065E0C449D6
:105E40007831884204D1C449C14A103AD1605CE03B
:105E5000BF499031884204D1C049BD4A103AD1604F
:105E600053E0BB49A831884205D14FF03D51B84AB3
:105E7000103AD16049E0BA49884204D13D21B84A7C
:105E8000083A116041E0B6491831884205D14FF413
:105E90007461B34A083A116037E0B1493031884241
:105EA00005D14FF47411AE4A083A11602DE0AC49A7
:105EB0004831884205D14FF07461A94A083A11600F
:105EC00023E0A7496031884204D1A249A44A121FA5
:105ED00011601AE0A2497831884204D19E49A04A53
:105EE000121F116011E09E499031884204D19B49F4
:105EF0009B4A121F116008E09949A831884204D1D9
:105F00004FF03D51964A121F1160704710B50022A4
:105F10000268944B1A40CC680B6823434C692343B6
:105F20008C692343CC6923430C6A23434C6A234383
:105F30008C6A23434C6B23438C6B23431A430260CC
:105F4000426922F00702D1E90B3423431A4342612C
:105F50000B6943604B6883608B68C36010BD002190
:105F6000016041608160C160016141618161C16125
:105F7000016241628162C162016341638163704772
:105F800021B1026842F00102026003E0026822F0DF
:105F900001020260704721B1026842F400420260CF
:105FA00003E0026822F400420260704721B10268F7
:105FB00042F02002026003E0026822F02002026048
:105FC0007047416070470146486880B2704722B10F
:105FD000036843F40023036003E0036823F4002311
:105FE00003600161704721B1026842F480220260BF
:105FF00003E0026822F48022026070470AB1016166
:1060000000E0C1607047014600200A6802F40022E7
:106010000AB1012000E000207047014600200A6814
:1060200002F001020AB1012000E0002070470146A1
:1060300000204A6902F03800704730B503460A462E
:1060400000200024464DAB4202D24149103901E004
:106050004349103902F000550DB14C6800E00C685E
:10606000414D2C4004EA02050DB1012000E0002062
:1060700030BD02463A4B9A4202D23548103801E010
:106080003748103801F000531BB1374B0B40C36049
:1060900002E0354B0B408360704710B501F0800380
:1060A0004BB122B1436943F08003436103E043698C
:1060B00023F08003436180290BD02AB1036801F0EB
:1060C0001E042343036004E0036801F01E04A3439D
:1060D000036010BD70B50246002000240025204E4C
:1060E000B24202D21A4B103B01E01D4B103B1F4E37
:1060F0000E4036B11E2606EAD124166806EA0405CB
:1061000002E0566906F0800501F000560EB15C68A9
:1061100000E01C68144E344004EA010616B10DB1CB
:10612000012000E0002070BD02460D4B9A4202D2D1
:106130000748103801E00A48103801F000531BB13D
:10614000094B0B40C36002E0074B0B408360704774
:10615000106002403D000020400F002000003D2064
:10616000106402403F801CF07D0F7D0F3C0F3C0F00
:10617000002044490860091D0860091D0860091DC8
:10618000086041483F4914310860704700213D498B
:106190008279002A3AD00A46126803689A430B466D
:1061A0001A600A1D126803689A430B1D1A6002796F
:1061B00011440A6803681A430A60324A08321268B6
:1061C00003689A432F4B08331A601A1D126803683C
:1061D0009A432C4B0C331A604279102A0ED11A1FA5
:1061E000126803681A43274B08331A601A1D126895
:1061F00003681A43234B0C331A600DE0214942799E
:1062000011440A6803681A430A6005E002791144E0
:106210000A6803689A430A607047002101600171AF
:106220000C214171002181717047164910310968B4
:106230000143144A10321160704701460020114A90
:10624000143212680A400AB1012000E000207047B1
:106250000C49143108607047014600200022094BA8
:106260001B6803EA0102074B14331B680B4013B190
:106270000AB1012000E00020704702491431086093
:1062800070470000003C0140FFFF7F0010B504464E
:10629000FE48844208D101210846FFF7D1FA0021C7
:1062A0000120FFF7CDFA9DE0B4F1804F08D1012124
:1062B0000846FFF7B4FA00210120FFF7B0FA91E099
:1062C000F348844208D101210220FFF7A8FA0021F7
:1062D0000220FFF7A4FA85E0EE48844208D10121AC
:1062E0000420FFF79CFA00210420FFF798FA79E0D8
:1062F000E948844208D101210820FFF790FA0021E3
:106300000820FFF78CFA6DE0E448844208D10121AF
:106310001020FFF784FA00211020FFF780FA61E0D7
:10632000DF48844208D101212020FFF778FA0021BC
:106330002020FFF774FA55E0DA48844208D10121A1
:106340000220FFF77DFA00210220FFF779FA49E0E9
:10635000D548844209D101210804FFF771FA0021D0
:106360004FF48030FFF76CFA3CE0D048844209D10A
:1063700001214804FFF764FA00214FF40030FFF7D1
:106380005FFA2FE0CA48844209D101218804FFF74F
:1063900057FA00214FF48020FFF752FA22E0C54857
:1063A000844208D101214020FFF739FA0021402022
:1063B000FFF735FA16E0C048844208D10121802059
:1063C000FFF72DFA00218020FFF729FA0AE0BB48E9
:1063D000844207D101218015FFF721FA0021A01581
:1063E000FFF71DFA10BD00220288A84B98420ED07C
:1063F000AC4B98420BD0B0F1804F08D0A44B9842E0
:1064000005D0A44B984202D0A34B984204D14FF63A
:106410008F731A404B881A43A04B984207D0A04B69
:10642000984204D04FF6FF431A400B891A4302806A
:106430004B68C3620B880385944B984202D0994BFA
:10644000984201D18B7A03860123838270474FF0F3
:10645000FF314160002101800181418081727047DC
:106460000185828270470A46002101884FF68F73AA
:10647000194011430180704741627047C162704703
:106480000146486A70470146088D704721B102886D
:1064900042F00202028004E002884FF6FD731A40C7
:1064A0000280704721B1028842F00402028004E0B9
:1064B00002884FF6FB731A400280704721B10288B0
:1064C00042F08002028004E002884FF67F731A4097
:1064D0000280704702884FF6F7731A4002800288E4
:1064E0000A430280704702884FF6FF431A40028039
:1064F00002880A430280704721B1028842F00102FB
:10650000028004E002884FF6FE731A400280704752
:1065100070B5002400220023058C4FF6FE7635402E
:106520000584028C8388048B4FF68F752C40B51E32
:106530002C400D882C43751E2A408D892A434D8896
:106540002A43524DA84202D0564DA84213D14FF6CD
:10655000F7752A40CD892A434FF6FB752A408D886E
:106560002A434FF6FF652B404FF6FF552B400D8A0F
:106570002B434D8A2B43838004838D6845630284BB
:1065800070BD70B5002400220023058C4FF6EF7615
:1065900035400584028C8388048B48F6FF752C40B7
:1065A0004FF6FF452C400D884FF6FF7606EA05258D
:1065B0002C434FF6DF752A408D8906EA05152A43DC
:1065C0004D8806EA05152A43304DA84202D0354DC4
:1065D000A8421DD14FF67F752A40CD894FF6FF7630
:1065E00006EA05152A434FF6BF752A408D8806EA4C
:1065F00005152A434FF6FF352B404FF2FF752B4010
:106600000D8A06EA85052B434D8A06EA85052B434C
:10661000838004838D688563028470BD70B5002417
:1066200000220023058C4FF6FF6635400584028C5E
:106630008388848B4FF68F752C404FF6FC752C4069
:106640000D882C434FF6FF552A408D894FF6FF7673
:1066500006EA05252A434D8806EA05252A430B4DFF
:10666000A84202D00F4DA84238D14FF2FF752A4000
:10667000CD894FF6FF7606EA05252A434FF6FF350A
:106680002A408D8806EA05252A4319E000000140CA
:106690000004004000080040000C004000100040D2
:1066A000001400400004014000400140004401404B
:1066B0000048014000180040001C0040002000403D
:1066C0004EF6FF752B404DF6FF752B400D8A06EAFE
:1066D00005152B434D8A06EA05152B4383808483D9
:1066E0008D68C563028470BD70B50022002300244C
:1066F000058C4EF6FF7635400584038C8488828BAA
:1067000048F6FF752A404FF6FF452A400D884FF6A0
:10671000FF7606EA05252A434DF6FF752B408D8945
:1067200006EA05352B434D8806EA05352B43FE4D19
:10673000A84202D0FD4DA84208D14BF6FF752C406F
:106740000D8A4FF6FF7606EA85152C4384808283F6
:106750008D680564038470BD0021018041808180C3
:1067600081608181C18101824182704770B5034699
:10677000002000241846183001258D40ACB21D8C35
:10678000A5431D8409B108290AD100EB6100056801
:106790004FF68F76354005600568154305600FE0BC
:1067A0000D1FC5F34E052844056848F6FF763540B1
:1067B000056005684FF6FF7606EA02263543056058
:1067C00070BD4163704781637047C1637047016466
:1067D00070470A460021018B4FF68F731940114311
:1067E000018370470A460021018B48F6FF73194068
:1067F0004FF6FF7303EA02231943018370470A46E9
:106800000021818B4FF68F731940114381837047AC
:106810000A460021818B48F6FF7319404FF6FF733B
:1068200003EA02231943818370470A460021018B42
:106830004FF6F77319401143018370470A46002150
:10684000018B4FF2FF7319404FF6FF7303EA0223E7
:106850001943018370470A460021818B4FF6F77375
:1068600019401143818370470A460021818B4FF202
:10687000FF7319404FF6FF7303EA02231943818324
:1068800070470A460021018B4FF6FB7319401143F4
:10689000018370470A460021018B4FF6FF331940F0
:1068A0004FF6FF7303EA02231943018370470A4638
:1068B0000021818B4FF6FB73194011438183704790
:1068C0000A460021818B4FF6FF3319404FF6FF73C4
:1068D00003EA02231943818370470A460021018B92
:1068E0004FF67F7319401143018370470A46002118
:1068F000018BC1F30E014FF6FF7303EA0223194324
:10690000018370470A460021818B4FF67F7319403F
:106910001143818370470A460021818BC1F30E0128
:106920004FF6FF7303EA02231943818370470A4637
:106930000021018C4FF6FD7319401143018470470B
:106940000A460021018C4FF6F77319401143018468
:1069500070470A460021018C4FF6DF7319404FF64D
:10696000FF7303EA02131943018470470A460021AA
:10697000018C4FF67F7319404FF6FF7303EA021341
:106980001943018470470A460021018C4FF6FF53DA
:1069900019404FF6FF7303EA02231943018470473D
:1069A0000A460021018C4FF2FF7319404FF6FF7326
:1069B00003EA02231943018470470A460021018C2F
:1069C0004DF6FF7319404FF6FF7303EA0233194384
:1069D0000184704730B5002301248C40A3B2048C9D
:1069E0009C430484048C02FA01F5ADB22C43048468
:1069F00030BD30B5002304248C40A3B2048C9C43EA
:106A00000484048C02FA01F5ADB22C43048430BD39
:106A1000828B4FF2FF331A408283828B4FF6FF73D3
:106A200003EA01231A4382837047F0B50C461546EA
:106A3000002100220026078C4EF6FF7C07EA0C0797
:106A40000784818B028C4FF6FF7707EA043640F605
:106A5000FF4739404FF6FF7707EA052739434FF6DE
:106A6000FF7707EA0337394345F6FF773A4046F4A4
:106A700080573A4381830284F0BD828B4FF6F373D3
:106A80001A408283828B0A4382837047F0B50C469A
:106A90001546002100220026078C4FF6FF6C07EAFE
:106AA0000C070784818B028C4FF6FF7707EA0426D8
:106AB0004FF60C7739404FF6FF7707EA03172F435D
:106AC00039434FF2FF573A4046F480773A43818387
:106AD0000284F0BD028B4FF2FF331A400283028B17
:106AE0004FF6FF7303EA01231A4302837047F0B5A0
:106AF0000C461546002100220026078C4FF6EF7C3D
:106B000007EA0C070784018B028C4FF6FF7707EA30
:106B1000041640F6FF4739404FF6FF7707EA033780
:106B200039434FF6FF7703E00000014000040140C5
:106B300007EA052739434FF65F773A4046F01007DA
:106B40003A4301830284F0BD028B4FF6F3731A407F
:106B50000283028B0A4302837047F0B50C46154648
:106B600000210022068C4FF6FE773E400684018B02
:106B7000028C4FF60C7631407E1C06EA03162E433B
:106B800031434FF6F576324044F00106324301833B
:106B90000284F0BD70B505460C46208850B92389A3
:106BA000A28861882846FFF7D8FFE1882846FFF7CA
:106BB000CBFF25E0208804280AD12389A288618898
:106BC0002846FFF794FFE1882846FFF783FF17E088
:106BD000208808280AD12389A28861882846FFF7DF
:106BE00055FFE1882846FFF748FF09E02389A2887E
:106BF00061882846FFF719FFE1882846FFF708FF5C
:106C000070BD002101804180012181800021C1806F
:106C1000018170472DE9F04105460C460026012709
:106C2000608808B9022600E00026A088012801D16A
:106C3000022700E001272088A0B92389A288618863
:106C40002846FFF78AFFE1882846FFF77DFF238962
:106C50003A4631462846FFF74AFFE1882846FFF7C3
:106C600039FF13E02389A28861882846FFF73FFF98
:106C7000E1882846FFF72EFF23893A463146284609
:106C8000FFF76BFFE1882846FFF75EFFBDE8F08164
:106C90000146486B70470146886B70470146C86BD8
:106CA00070470146086C70470A884B881A438B88E6
:106CB0001A43CB881A430B891A434B891A438B8991
:106CC0001A43A0F844207047002101804180818050
:106CD000C180018141818181704731B1B0F8442088
:106CE00042F40042A0F8442005E0B0F84420C2F38A
:106CF0000E02A0F84420704721B1828842F00402BD
:106D0000828004E082884FF6FB731A4082807047CD
:106D100021B1828842F00102828004E082884FF62D
:106D2000FE731A40828070471AB183890B438381B6
:106D300002E083898B4383817047818270470246DA
:106D40000020138A0B400BB1012000E000207047A7
:106D5000CA430282704730B5024600200023002457
:106D6000158A05EA0103958905EA010413B10CB1FE
:106D7000012000E0002030BDCA430282704741EA92
:106D80000203A0F8483070471AB183890B4383810E
:106D900002E083898B438381704721B1828842F06E
:106DA0000802828004E082884FF6F7731A408280DE
:106DB000704701894FF6F8721140018170470A4609
:106DC000002101894FF68F731940114301817047EB
:106DD00030B504460D4629462046FFF7F0FF2089CE
:106DE00040F00700208130BD2DE9F04104460D46FA
:106DF00016461F46602D06D13B46012231462046ED
:106E0000FFF775FE05E03B46012231462046FFF7BD
:106E1000A4FE29462046FFF7D2FF208940F0070054
:106E20002081BDE8F08130B50C4600210189C9B24E
:106E30004FF6FF7505EA03251543254329430181D4
:106E400030BD2DE9F04105460E4617469846002410
:106E500043463A4631462846FFF7E5FF2C894FF670
:106E6000F870044044F007044FF68F70044044F07B
:106E700070042C81BDE8F081F0B504460D4616463D
:106E80001F463B46324629462046FFF7CCFF208965
:106E900040F480402081F0BD82884FF68F731A4005
:106EA000828082880A438280704702894FF6F87395
:106EB0001A40028102890A430281704702894FF613
:106EC0007F731A40028102890A4302817047F0B53C
:106ED0000C4615461E460021002200230189028B24
:106EE000038C4FF6F877394021434FF6FC473A4080
:106EF00040F201173A434FF6DD773B404FF6FF77FC
:106F000007EA06172F433B43018102830384F0BD48
:106F100021B1828842F08002828004E082884FF6AC
:106F20007F731A4082807047A0F8501070470000AD
:106F300010B50446F748844208D101211020FEF71D
:106F40007FFC00211020FEF77BFC3EE0F2488442EB
:106F500009D101214804FEF762FC00214FF4003002
:106F6000FEF75DFC31E0ED48844209D1012188043F
:106F7000FEF755FC00214FF48020FEF750FC24E082
:106F8000E748844209D10121C804FEF748FC0021EA
:106F90004FF40020FEF743FC17E0E248844209D199
:106FA00001210805FEF73BFC00214FF48010FEF79D
:106FB00036FC0AE0DC48844207D101212020FEF79C
:106FC0003FFC00212020FEF73BFC10BD2DE9FF47D0
:106FD00005460E460024A14600BFA046B08900B178
:106FE00000BF2C8A24F44054F08804432C82AC89DE
:106FF00041F20C608443B0883189084371890843A9
:107000000443AC81AC8A24F44074B0890443AC825C
:107010006846FEF7D4FABF48854202D0C24885428E
:1070200002D1DDF80C9001E0DDF80890A88900F4A9
:10703000004040B109EBC90000EB0910316849007C
:10704000B0FBF1F707E009EBC90000EB091031686C
:107050008900B0FBF1F76420B7FBF0F004012009D0
:10706000642101FB1078A88900F4004040B132206F
:1070700000EBC800B0FBF1F000F00700044308E0AB
:10708000322000EB08106421B0FBF1F000F00F009B
:1070900004432C81BDE8FF874FF4165101600021A5
:1070A0008180C18001810C21418100218181704753
:1070B00010B502460020108A20F470600B884C88BE
:1070C00023438C882343CC8823431843108210BD6C
:1070D0000021018041808180C180704721B1828977
:1070E00042F40052828104E082894DF6FF731A4017
:1070F00082817047028B02F47F420283028B0A4333
:107100000283704721B1828942F40042828103E008
:107110008289C2F30E028281704721B1828A42F4D1
:107120000062828204E0828A4FF2FF731A408282F8
:107130007047C1F308028280704701468888C0F317
:1071400008007047028A4FF6F0731A400282028AE2
:107150000A430282704721B1828942F00202828191
:1071600004E082894FF6FD731A408281704782895C
:107170004FF2FF731A40828182890A4382817047ED
:10718000028A4FF6DF731A400282028A0A430282A1
:10719000704721B1028A42F48042028204E0028AEE
:1071A0004BF6FF731A4002827047818941F001015A
:1071B0008181704721B1828A42F00802828204E014
:1071C000828A4FF6F7731A4082827047028BD2B2DE
:1071D0000283028B42EA01220283704721B1828A34
:1071E00042F02002828204E0828A4FF6DF731A4066
:1071F0008282704721B1828A42F01002828204E0CA
:10720000828A4FF6EF731A4082827047828A4FF665
:10721000FB731A408282828A0A438282704721B1BC
:10722000828A42F00202828204E0828A4FF6FD7373
:107230001A40828270471AB1838A0B43838202E02C
:10724000838A8B4383827047F0B50346002400266F
:107250000025002040F66A17B94200D100BF184649
:10726000C1F3421401F01F06012707FA06F5012CAD
:1072700001D10C3004E0022C01D1103000E01430B8
:107280001AB107682F43076002E00768AF43076041
:10729000F0BD02460020B1F5007F00D100BF138889
:1072A0000B400BB1012000E00020704701F4007298
:1072B000B2F5007F00D100BFCA430280704770B5AD
:1072C0000246002400230025002040F66A16B14241
:1072D00000D100BFC1F3421501F01F03012606FAD9
:1072E00003F3012D02D19689334006E0022D02D12D
:1072F000168A334001E0968A33400C12012606FAC2
:1073000004F41688344013B10CB1012000E00020D1
:1073100070BD0000001001400044004000480040E3
:10732000004C0040005000400014014010B5002205
:10733000002340F66A14A14200D100BF0A120124C2
:107340009440A3B2DC43048010BD000010B50121BD
:107350008803FEF775FA00214FF48040FEF770FABB
:1073600010BD1A490860704730B500228B071C0F0A
:107370000F2303FA04F2154B08338C1053F8243012
:107380009343124C08348D1044F8253023468C105A
:1073900053F824308C07240F00FA04F423430B4CD9
:1073A00008348D1044F8253030BD09490860704715
:1073B000084908607047002004492031096801F439
:1073C000807109B1012000E00020704700380140C1
:1073D000DC0027420004274200F1080141604FF021
:1073E000FF31816000F10801C1600161002101608D
:1073F0007047002101617047426853684B604368E1
:107400008B605368996051604160086103685B1C40
:107410000360704710B502460B685C1C0CB910691C
:1074200007E002F1080000E04068446824689C42DC
:10743000FAD944684C604C68A160886041600A6178
:107440001468641C146010BD0146D1E901309860D5
:10745000D1E9010358600A695068884201D18868FF
:107460005060002008611068401E1060106870476E
:1074700070B504460D461CB9F8F7DCFE00BFFEE708
:1074800000F0F3FDD4E90F12206801FB02006060F8
:107490000020A0632068A060E06B401E226C216881
:1074A00000FB0210E0604FF0FF306064A06475B92B
:1074B000206908B9012000E0002080B904F1100023
:1074C00001F02AFC01280AD100F0C9FD07E004F10F
:1074D0001000FFF781FF04F12400FFF77DFF00F0AB
:1074E000CDFD012070BD2DE9F04705460E4617463B
:1074F0004FF00009DDB1502000F0E4FD0446B4B1C6
:1075000005FB06F000F10108404600F0DBFD2060BD
:10751000206848B1E563266401212046FFF7A8FFF3
:1075200084F84D70A14602E0204600F02CFEB9F12F
:10753000000F03D1F8F77EFE00BFFEE74846BDE826
:10754000F08710B5044600F090FD11E0606A08B9BC
:10755000012000E0002050B904F1240001F0DCFB20
:1075600008B101F054FCA06C401EA06400E002E0F1
:10757000A06C0028EADC00BF4FF0FF30A06400F0F0
:107580007DFD00F072FD11E0206908B9012000E0E6
:10759000002050B904F1100001F0BEFB08B101F069
:1075A00036FC606C401E606400E002E0606C002805
:1075B000EADC00BF4FF0FF30606400F05FFD10BDFB
:1075C00070B5044600F051FDA06BE16B884201D11B
:1075D000012000E00020054600F050FD284670BD67
:1075E00070B504460E461546206C38B9206838BB85
:1075F000606801F09BFC0020606021E07DB93146AD
:10760000226CA06801F0BCFC216CA0680844A0605A
:10761000D4E90110884213D32068A06010E03146FD
:10762000226CE06801F0ACFC216CE068401AE0607C
:107630002168E068884203D2216C6068401AE060EB
:10764000A06B401CA06370BDFFB583B004460D461F
:107650001E4600271CB9F8F7EDFD00BFFEE70DB987
:10766000206C08B9012000E0002018B9F8F7E2FD0D
:1076700000BFFEE700BF00F0F8FCA06BE16B8842A2
:1076800017D2324629462046FFF7AAFF606A08B99A
:10769000012000E0002038B904F1240001F03CFB97
:1076A000012801D100F0DBFC00F0E8FC012007B06C
:1076B000F0BD059818B900F0E1FC0020F7E71FB90C
:1076C00001A801F05EFB012700F0D8FC00F0DEFF0E
:1076D00000F0CBFC606C401C08B900206064A06C1A
:1076E000401C08B90020A06400F0C8FC05A901A84E
:1076F00001F055FBC0B92046FFF762FF70B104F1FD
:107700001000059901F0CBFA2046FFF71AFF00F0B0
:107710000DFF0028AFD100F0A2FCACE72046FFF738
:1077200010FF00F003FFA6E72046FFF70AFF00F076
:10773000FDFE0020BBE770B50546502000F0C2FCFE
:107740000446E4B1002060602060A060E060A063B7
:107750000120E06300202064401E6064A06484F87F
:107760004D5004F11000FFF737FE04F12400FFF73D
:1077700033FE00231A4619462046FFF765FF1CB961
:10778000F8F758FD00BFFEE7204670BD70B504460F
:107790001CB9F8F74FFD00BFFEE701F047FB616839
:1077A00088420CD1E068401EE060E06828B9002300
:1077B0001A4619462046FFF747FF012500E000253D
:1077C000284670BD70B5044600F04FFCA06B08B9A8
:1077D000012000E00020054600F050FC284670BD66
:1077E00070B504460D46206870B1216CE06808440D
:1077F000E0606168E068884201D32068E060284664
:10780000226CE16801F0BCFB70BD2DE9FF4182B044
:1078100004460D461E464FF000081CB9F8F70AFD55
:1078200000BFFEE70DB9206C08B9012000E0002080
:1078300018B9F8F7FFFC00BFFEE700BF00F015FC29
:10784000A06B80B3E76829462046FFF7C9FFB6B9A9
:10785000A06B401EA063206810B901F0E7FA6060D9
:10786000206908B9012000E00020B0B904F110003F
:1078700001F052FA012810D100F0F1FB0DE0E760B1
:10788000606A08B9012000E0002030B904F124004A
:1078900001F042FA08B100F0E2FB00F0EFFB01203A
:1078A00006B0BDE8F081FFE7049818B900F0E6FBE8
:1078B0000020F5E7B8F1000F04D1684601F061FA45
:1078C0004FF0010800F0DAFB00F0E0FE00F0CDFB25
:1078D000606C401C08B900206064A06C401C08B9B2
:1078E0000020A06400F0CAFB04A9684601F057FA22
:1078F00008BB2046FFF766FFB8B1206830B900F03A
:10790000B4FB606801F0A1FA00F0B8FB04F12400B8
:10791000049901F0C4F92046FFF713FE00F006FEBB
:1079200000288BD100F09BFB88E72046FFF709FE7B
:1079300000F0FCFD82E72046FFF703FE00F0F6FDB5
:107940000020ADE770B504460E461CB9F8F772FC8E
:1079500000BFFEE701F06AFA6168884204D1E0687E
:10796000401CE06001250BE000233246194620460A
:10797000FFF74BFF0546012D02D1E068401CE06097
:10798000284670BD70B506460D46022200213046DD
:10799000FFF7A9FD044604B1A5631CB9F8F74AFC3A
:1079A00000BFFEE7204670BD2DE9F04704460F46B4
:1079B000154698461CB9F8F73DFC00BFFEE70FB925
:1079C000206C08B9012000E0002018B9F8F732FC5B
:1079D00000BFFEE7F8F72EFC8146A06BE16B884202
:1079E0001BD2424639462046FFF7FAFDA06C401CE8
:1079F00070B9606A08B9012000E0002058B904F1AC
:107A0000240001F089F930B12DB10120286002E095
:107A1000A06C401CA064012600E000264846F8F750
:107A200010FC3046BDE8F0872DE9F04104460F46D2
:107A300015461CB9F8F7FEFB00BFFEE70FB9206C36
:107A400008B9012000E0002018B9F8F7F3FB00BFE7
:107A5000FEE7F8F7EFFB8046A06BE8B13946204619
:107A6000FFF7BEFEA06B401EA063606C401C70B9A7
:107A7000206908B9012000E0002058B904F1100085
:107A800001F04AF930B12DB10120286002E0606CAC
:107A9000401C6064012600E000264046F8F7D1FB58
:107AA0003046BDE8F08170B504461CB9F8F7C2FB5A
:107AB00000BFFEE700F0D9FAA56B00F0DFFA284618
:107AC00070BD70B504461CB9F8F7B4FB00BFFEE703
:107AD000A56B284670BD014600200BE03D4A02EB35
:107AE000C00252688A4204D100223A4B43F8302047
:107AF00002E0401C0828F1D300BF704710B50446CF
:107B00001CB9F8F797FB00BFFEE72046FFF7E3FF3D
:107B1000206800F038FB204600F035FB10BD014620
:107B200091F84C00704780F84C107047014691F86E
:107B30004D00704770B504461CB9F8F77BFB00BFD9
:107B4000FEE7A06B08B9012000E0002005462846AA
:107B500070BD70B504461CB9F8F76CFB00BFFEE7BA
:107B6000A06BE16B884201D1012000E000200546B6
:107B7000284670BD024600200BE0164B53F830300B
:107B800033B9144B43F8301003EBC0035A6002E0E2
:107B9000401C0828F1D300BF704770B504460D465D
:107BA00000F063FA606C401C08B900206064A06CAF
:107BB000401C08B90020A06400F060FAA06B20B956
:107BC000294604F1240001F08DF82046FFF7B9FCA6
:107BD00070BD00005C0500202DE9F04104460D4613
:107BE00016461F464FF0000865602461B5420CD868
:107BF000F01BA169884202D34FF0010811E0211D5A
:107C0000F0480068FFF706FC0BE0BE4204D2BD421C
:107C100002D34FF0010804E0211DEB480068FFF794
:107C2000F9FB4046BDE8F0812DE9FE4305460E46CE
:107C300017461C46DDF828804FF00009E34800682D
:107C400008B3009601970295ACB901F0F2F801284B
:107C500008D1002342466946DC480068FFF7F4FC7F
:107C6000814610E000231A466946D8480068FFF7AD
:107C7000EBFC814607E0002322466946D3480068B2
:107C8000FFF792FE81464846BDE8FE832DE9F843A2
:107C900081462BE0CC480068C0680568CA48006887
:107CA000C068C468201DFFF7CFFB2046616A884783
:107CB000E06901281AD1A0694619AE4207D9666069
:107CC0002461211DC0480068FFF7A4FB0EE00020DE
:107CD00003462A46014600902046FFF7A5FF0746C7
:107CE0001FB9F8F7A7FA00BFFEE700BFB648006863
:107CF000006808B9012000E000200028CAD0B2487E
:107D0000D0F80080AF480068AF490860AD48C0F8BF
:107D10000080BDE8F88370B5044600F009FF054611
:107D2000AB480068854206D2A9480068FFF7AEFF5D
:107D30000120206001E000202060A5480560284661
:107D400070BD70B586B002A8FFF7E5FF064650E0AB
:107D5000059C44B1606908B9012000E0002010B919
:107D6000201DFFF771FB039830B1012826D00228AF
:107D700025D003283BD136E00498A2698118034638
:107D800032462046FFF728FF012816D12046616AB7
:107D90008847E069012810D1002000900498A1696B
:107DA0004218002319462046FFF73EFF05461DB93D
:107DB000F8F740FA00BFFEE700BF19E018E00498AA
:107DC000A061A06908B1012000E0002018B9F8F70F
:107DD00031FA00BFFEE7A0698119334632462046DA
:107DE000FFF7FAFE04E0204600F0CDF900E000BF06
:107DF00000BF00231A4603A974480068FFF705FD79
:107E00000028A5D106B070BDF8B505460F466E48EE
:107E10000068C068C468201DFFF716FBE0690128F0
:107E200017D1A06941192B463A462046FFF7D4FEE8
:107E300001280ED1002003462A4601460090204624
:107E4000FFF7F2FE06461EB9F8F7F4F900BFFEE7A9
:107E500000BF2046616A8847F8BDF8B504460E4663
:107E600000F014FC6846FFF756FF05460098A0B9DD
:107E700046B9AC4206D800F059FB29462046FFF728
:107E8000C3FF0CE0611B51480068FFF786FE00F05D
:107E90004DFB20B900F0E3F801E000F047FBF8BD2E
:107EA0000146494A126812680AB9012200E000221C
:107EB0000A600A6822B9444A1268D268106800E071
:107EC0000020704708B500BF6846FFF7E9FF044689
:107ED00020460099FFF7C1FFFFF733FFF4E710B525
:107EE00000F0C3F83948006890B93A48FFF774FACF
:107EF0003948FFF771FA3748334908603648314945
:107F0000086000220C210A20FFF7EDFA2F490860D3
:107F100000F0B4F810BD1FB50024FFF7E0FF2B48B8
:107F2000006868B100200223CDE9003002900346CA
:107F30004FF4007229A103902A4800F0B2F90446D8
:107F40001CB9F8F777F900BFFEE7204604B010BD72
:107F50002DE9F04706460D4617469846DDF8209075
:107F60004DB900240DB1012000E00020A0B9F8F7C0
:107F700061F900BFFEE7282000F0A4F804465CB1D8
:107F8000FFF7ADFF2660A561E761C4F82080C4F863
:107F90002490201DFFF72DFA2046BDE8F08770B52C
:107FA0000446264600F061F8706908B1012000E03F
:107FB0000020054600F062F8284670BD01460A46DA
:107FC000106A7047C0020020BC020020C4020020DA
:107FD000C80200209C050020B0050020546D7220CE
:107FE00053766300C57E0008001F4FF08073036066
:107FF000001F0160001F0023036014380260001F8F
:10800000DB1E0360203870472A48006842F2107176
:10801000B0FBF1F0401E4FF0E021486107200861FD
:10802000704710B52448006840F47C00224908607D
:108030000846006840F07C400860FFF7E5FF00203C
:108040001E490860F8F7C4F81D48006840F0404039
:108050001B490860F8F7B2F8002010BD70474FF0D8
:10806000805015491C390860704710B5F8F7E2F8E0
:1080700012480068401C1149086010BD10B50F4837
:108080000068401E0D4908600846006810B90020CD
:10809000F8F7D7F810BD10B54FF0805006491C39DD
:1080A0000860F8F7C7F800F0C2F90020F8F7C9F83F
:1080B00010BD00009802002020ED00E0CC0200205E
:1080C00034EF00E02DE9F04104464FF0000800F0E5
:1080D000DDFA3D48006898B93C493D4A11600021ED
:1080E00051604FF420513B4A5160002111603748E4
:1080F0004FF420514160114601600120324908606F
:1081000044B1103404F0070020B104F00700C0F1BE
:1081100008000444002C31D0B4F5205F2ED22C4F3F
:108120003846056801E02F462D686868A04202D2F3
:1081300028680028F7D1274885421FD0386800F109
:108140001008286838606868001B202810D92E198C
:108150006868001B70606C6071681D4800E0006812
:10816000026852688A42FAD302683260066000BF31
:10817000194968680968081A1749086000F0D6F9B3
:108180004046BDE8F08170B506463546B6B1103DB3
:108190002C4600F07BFA61680D4800E00068026838
:1081A00052688A42FAD30268226004600A49606811
:1081B000096808440849086000F0B8F970BD06482D
:1081C0000068704770470000E4020020C8050020E6
:1081D000D0020020D8020020E002002010B50024C8
:1081E00007E004EB8401FE4A02EB8100FFF7F4F89C
:1081F000641C052CF5D3FB48FFF7EEF8FA48FFF7AF
:10820000EBF8FA48FFF7E8F8F948FFF7E5F8F9481E
:10821000FFF7E2F8F348F8490860F348F7490860C7
:1082200010BD2DE9F04104460E4615469846069FBE
:108230000A22314604F1340000F0D2FE00213D2034
:108240000155052D00D30425E562A564201DFFF727
:10825000D0F804F11800FFF7CCF82461C5F105004F
:10826000A0616462BDE8F08170B505460E464C2001
:10827000FFF728FF044694B11EB9A800FFF722FFBC
:1082800000E030462063206B20B92046FFF77BFFDB
:10829000002404E0A900A522206B00F083FE204604
:1082A00070BD2DE9FF4F81B0804616469A46DDE944
:1082B0000E5BB8F1000F03D1F7F7BCFF00BFFEE77C
:1082C000052D01D2012000E0002018B9F7F7B2FF18
:1082D00000BFFEE730461099FFF7C6FF0446002CAA
:1082E00064D0701E216B01EB800929F0070909F0A9
:1082F000070008B9012000E0002018B9F7F79AFF3D
:1083000000BFFEE700962A462046119B0299FFF720
:1083100088FF524641464846FFF766FE2060BBF1A3
:10832000000F01D0CBF80040FFF79FFEB448006873
:10833000401CB3490860B348006840B9B1480460C4
:108340000846006801280CD1FFF748FF09E0AE4855
:10835000006830B9AB480068C06AA84201D8A94893
:108360000460AA49E06A0968884202D9A749E06A1C
:108370000860A74800682064A5480068401CA4491C
:108380000860A449E06A0968884202D9A149E06A04
:108390000860E16A01EB8101914A02EB8100211D35
:1083A000FFF72AF80127FFF769FE01E04FF0FF37DA
:1083B000012F09D19448006830B192480068C06A22
:1083C000A84201D2FFF74BFE384605B0BDE8F08F5A
:1083D00070B50446FFF749FE8A480068844200D120
:1083E000002414B98748006800E020460546281D8F
:1083F000FFF72AF8A86A18B105F11800FFF724F86A
:10840000291D7B48FEF7F8FF83480068401C82491D
:1084100008607F480068401C7D490860FFF72EFE19
:108420007948006810B10CB9FFF719FE70BD70B53E
:108430007A480068002873D179480068401C784960
:1084400008600846006868BB6B480068006808B9A7
:10845000012000E0002018B9F7F7ECFE00BFFEE7AE
:1084600065480568654800686349086063480560B9
:108470006C480068401C6B4908605F4800680068F1
:1084800008B9012000E0002020B14FF0FF3066491C
:10849000086006E058480068C068C46862496068BF
:1084A000086000BF5E4800685F490968884236D3AB
:1084B00000BF51480068006808B9012000E00020B2
:1084C00020B14FF0FF305849086027E04A48006863
:1084D000C068C468656852480068A84202D2524821
:1084E00005601BE0201DFEF7AFFFA06A18B104F184
:1084F0001800FEF7A9FF4749E06A0968884202D9D7
:108500004449E06A0860E16A01EB8101344A02EB08
:108510008100211DFEF770FFCBE701E000BF04E002
:1085200042480068401C4149086070BD70B5002594
:108530003A48006818B9F7F77DFE00BFFEE7FFF77D
:1085400094FD36480068401E3449086008460068BB
:10855000002878D12A480068002874D0002621E03D
:108560002248C068C46804F11800FEF76DFF201DA2
:10857000FEF76AFF2749E06A0968884202D925495F
:10858000E06A0860E16A01EB8101154A02EB8100B3
:10859000211DFEF731FF1B49E06A0968C96A88425C
:1085A00000D301261148006808B9012000E000202E
:1085B0000028D5D01D48006860B106E0FFF737FFFE
:1085C0001A480068401E19490860184800680028C9
:1085D000F4D10126012E2FD01548006801282AE089
:1085E000C82D00202C2E0020402E0020542E0020CC
:1085F000682E00207C2E0020EC020020F0020020DB
:10860000F8020020E80200200803002000030020F8
:108610001C03002004030020F40200200C030020AF
:10862000FC0200201803002020030020100300207B
:108630001403002007E005D101250020F949086056
:10864000FFF70DFD00BFFFF719FD284670BD10B5FF
:108650000446F54800684460F4480068844207D244
:10866000F1480168091DF2480068FEF7D3FE0CE0EE
:10867000ED480168091DEF480068FEF7CBFEEE48A3
:108680000068844201D2EC48046010BDEB480068E9
:10869000401CEA49086070472DE9F04104460E4647
:1086A0004FF000081CB9F7F7C5FD00BFFEE70EB19B
:1086B000012000E0002018B9F7F7BCFD00BFFEE77D
:1086C000FFF7E4FF20688519D849206809688842C7
:1086D00009D92068A8420FD9D448006885420BD92F
:1086E0004FF0010808E02068A84203D8CF4800688E
:1086F000854201D94FF001082560B8F1000F07D07D
:10870000C9480068001DFEF79FFE2846FFF79FFF3F
:10871000FFF70CFF07460FB9FFF7A1FCBDE8F0819A
:1087200070B5044600267CB1FFF7B0FFBF48006873
:108730000519BD480068001DFEF786FE2846FFF7B4
:1087400086FFFFF7F3FE06460EB9FFF788FC70BD03
:1087500070B50446FFF789FC14B9B348006800E01F
:1087600020460646F56AFFF789FC284670BD2DE9CC
:10877000F04706460D464FF00009052D01D20120B5
:1087800000E0002018B9F7F755FD00BFFEE7052D02
:1087900000D30425FFF769FCA3480068864200D196
:1087A000002616B9A048006800E030460446A76CD1
:1087B000AF4234D0BD4203D92EB14FF0010902E0DF
:1087C0000EB94FF00109D4F82C80E16AA06C884200
:1087D00000D1E562A564C5F10500A06107EB870142
:1087E000974A02EB81016069884213D1201DFEF790
:1087F0002BFE9449E06A0968884202D99149E06AEF
:108800000860E16A01EB81018D4A02EB8100211DC4
:10881000FEF7F2FDB9F1010F01D1FFF720FCFFF7E0
:108820002DFCBDE8F08710B58448006818B1012020
:108830007C4908602CE00BE08248006818B9F7F723
:10884000F9FC00BFFEE77F480068401E7D490860D4
:108850007C48006800EB8000794951F8200000282E
:10886000EAD07849096801EB8101754A02EB810081
:1088700041684968416000F1080142688A4202D1BA
:108880004168496841604168C968674A116000BF32
:1088900010BD70B50446FFF7E8FB634800688442EA
:1088A00000D1002414B96048006800E02046054665
:1088B000281DFEF7C9FDA86A18B105F11800FEF7DA
:1088C000C3FD291D6048FEF797FDFFF7D7FB8CB964
:1088D0005E48006810B1FFF7C2FB0BE05A48006821
:1088E0005B490968884203D100204F49086001E0D4
:1088F000FFF799FF70BD70B5054600262C461DB9DF
:10890000F7F798FC00BFFEE74F496069884201D144
:10891000012000E0002080B14E49A06A884201D1C8
:10892000012000E00020012807D0A06A08B901203A
:1089300000E00020012800D10126304670BD70B54E
:1089400005461DB9F7F776FC00BFFEE72C4644B399
:1089500035480068844224D0FFF787FB2046FFF7A4
:10896000CAFF01281BD1201DFEF76EFD3549E06AC4
:108970000968884202D93349E06A0860E16A01EB7C
:1089800081012F4A02EB8100211DFEF735FD2649AA
:10899000E06A0968C96A884201D3FFF760FBFFF704
:1089A0006DFB70BD2DE9F041054600261DB9F7F7B6
:1089B00041FC00BFFEE72C46F7F73CFC074620468B
:1089C000FFF799FF012826D11C480068F0B9164925
:1089D000E06A0968C96A884201D3012000E00020EA
:1089E0000646201DFEF730FD1649E06A09688842F8
:1089F00002D91449E06A0860E16A01EB8101104A7A
:108A000002EB8100211DFEF7F7FC04E004F11801E0
:108A10001048FEF7F1FC3846F7F713FC3046BDE886
:108A2000F081000014030020E8020020FC02002076
:108A3000F0020020EC020020200300200C030020A4
:108A4000C82D0020040300207C2E002008030020F5
:108A5000F8020020542E002010B50446206BFFF7CA
:108A600092FB2046FFF78FFB10BD70B523E0FFF7A8
:108A70000DFEFD48006808B9012000E00020054611
:108A8000FFF754FDBDB9FFF7F0FAF748C068C468B6
:108A9000201DFEF7D9FCF5480068401EF349086028
:108AA000F3480068401EF2490860FFF7E7FA2046E5
:108AB000FFF7D2FF00BFEE4800680028D7D170BD95
:108AC00000BFFFF7D2FFEB4800680128F9D9FFF794
:108AD000C6FAF6E71FB50020009001900290034609
:108AE0004FF48072E4A10390E548FFF7DAFB0446F7
:108AF000012C02D1FFF70FFA0446012C09D1F7F738
:108B000099FB0120DF4908600020DF490860FFF77A
:108B100088FA1CB9F7F78EFB00BFFEE71FBD10B542
:108B2000F7F788FB0020D7490860FFF797FA10BDD8
:108B300010B5FFF79AFAD4480468FFF79FFA204669
:108B400010BD70B5F7F776FB0546CF480468284698
:108B5000F7F777FB204670BDC448006870470146B0
:108B6000002002E0491C421C90B20A78A52AF9D0E4
:108B7000800870472DE9FE4381460C461646204684
:108B800041684968416000F1080142688A4202D1A7
:108B90004168496841604168CF6800BF204641682C
:108BA0004968416000F1080142688A4202D1416887
:108BB000496841604168CD68286BFFF7D0FF804667
:108BC000286CE96A334605F13402CDE900180290B9
:108BD000AEA1B34800F0CCFDB149484600F0F4F92D
:108BE000BD42DBD1BDE8FE8370B50546FFF74EFD03
:108BF00000202870ABA1284600F0E6F9AA480068DA
:108C0000441C00BF641E04EB84009A4951F8200004
:108C100008B9012000E0002040B904EB8400954A27
:108C200002EB800152222846FFF7A4FF002CE9D175
:108C30009E480068006808B9012000E0002028B9BB
:108C400042229A4801682846FFF794FF9848006836
:108C5000006808B9012000E0002028B942229448A9
:108C600001682846FFF786FF7F48006808B90120A1
:108C700000E0002020B944227B492846FFF77AFF14
:108C80008C48006808B9012000E0002020B9532278
:108C900088492846FFF76EFFFFF748FC70BD70B5A6
:108CA00005460C461DB9F7F7C5FA00BFFEE7824836
:108CB000016818312846FEF7ADFB7F480068001DAB
:108CC000FEF7C2FB601C30B97B480168091D79487A
:108CD000FEF792FB05E06C48006806193046FFF786
:108CE000B6FC70BD70B504460D461CB9F7F7A2FA84
:108CF00000BFFEE77048016818312046FEF77CFB94
:108D00006D480068001DFEF79FFB5F48006846192C
:108D10003046FFF79CFC70BD70B50646F068C4682D
:108D20001CB9F7F787FA00BFFEE704F11800FEF759
:108D30008BFB62480068A0B9201DFEF785FB6049E7
:108D4000E06A0968884202D95D49E06A0860E16A20
:108D500001EB8101474A02EB8100211DFEF74CFB2C
:108D600004E004F118015748FEF746FB5249E06A57
:108D70000968C96A884201D3012500E00025284618
:108D800070BD10B504461CB9F7F754FA00BFFEE7F2
:108D90004D48006820603C480068606010BD70B5B8
:108DA00004460D461CB9F7F745FA00BFFEE71DB9AA
:108DB000F7F740FA00BFFEE7FFF757F92868401CB5
:108DC00008B900261FE0404920680968884206D09B
:108DD0002D4960680968884201D8012613E02A49B4
:108DE00060680968081A296888420BD22868264AF0
:108DF00061681268511A401A28602046FFF7C1FFC7
:108E0000002600E00126FFF739F9304670BD012049
:108E10002E4908607047014611B10A46506C00E0C7
:108E20000020704708B10246516470472249086823
:108E300070471449096809B9002005E01F4909680D
:108E400009B9012000E00220704770B505462C46A4
:108E50004DB11949E06A0968C96A884265D2164865
:108E60000068C06A34E060E0682E0020F80200204C
:108E7000F4020020C82D002049444C4500000000A9
:108E8000C18A000808030020FC020020257309099C
:108E900025630925750925750925750D0A0000004A
:108EA000902E00200D0A000000030020EC0200209C
:108EB000F00200207C2E0020E80200200C0300209D
:108EC00004030020542E0020180300201403002067
:108ED000C0F10500A061E16A01EB8101254A02EBC6
:108EE00081016069884201D1012000E00020C0B109
:108EF000201DFEF7A9FA20480068C06AE0621F49F9
:108F0000E06A0968884202D91C49E06A0860E16A9F
:108F100001EB8101174A02EB8100211DFEF76CFA7B
:108F200003E015480068C06AE06270BD70B5054690
:108F30002C46EDB1A16CE06A884219D0201DFEF7E5
:108F400083FAA06CE062E06AC0F10500A0610B4901
:108F5000E06A0968884202D90849E06A0860E16A63
:108F600001EB8101034A02EB8100211DFEF744FA67
:108F700070BD0000C82D0020E8020020040300207E
:108F800040EA01039B0703D009E008C9121F08C08B
:108F9000042AFAD203E011F8013B00F8013B521E0B
:108FA000F9D27047D2B201E000F8012B491EFBD282
:108FB00070470022F6E710B513460A4604461946E4
:108FC000FFF7F0FF204610BD421E12F8013F002BB4
:108FD000FBD111F8013B02F8013B002BF9D170479E
:108FE00010B5044604E00B7800F8013B03B1491CBE
:108FF000521EF8D2204610BD421C10F8011B002959
:10900000FBD1801A704710B5002200E0521C835C2F
:109010008C5CA34201D1002BF8D1D8B2E1B2401A46
:1090200010BD2DE9FE4F804681EA0300C00F0C46BB
:10903000009021F0004123F00045B8EB0200A94167
:1090400005D24046214690461C460B46024623F078
:109050000040104347D0270DC7F30A00C3F30A515D
:109060000290401A019040286BDAC3F3130040F4D9
:10907000801B0098924620B10023D2EB030A63EBD9
:109080000B0B01985946C0F14002504600F0A7F979
:1090900006460D4650465946019A00F0AFF910EBCE
:1090A00008006141002487EA115284EAE7731A43F9
:1090B00040D0009A62B3019A012A4FEA075215DCA8
:1090C000001B61EB02014FF0004202EA0752CDE9BA
:1090D0000042001C41F5801132462B4600F0E6F9B3
:1090E00003B0BDE8F08F40462146F9E7001B61EB75
:1090F0000201001C41F5801300185B412018A2F505
:10910000001747EB030140EAD570B6196D4111E035
:109110006D084FEA360645EAC0754FEA0752001B54
:1091200061EB0201001C41F5801149084FEA300053
:109130000019514132462B4603B0BDE8F04F00F014
:10914000A6B90098012240000023D0EB020263EB95
:10915000E073009821464FEAE074B8EB000061EB41
:109160000401E9E783F000435BE781F0004158E741
:109170002DE9FE4F81EA030404F0004421F0004190
:1091800000944FF0000B23F0004350EA01045ED03E
:1091900052EA03045BD0C3F30A54C1F30A552C44CA
:1091A000A4F2F3340194A0FB0254C1F3130141F47F
:1091B0008011C3F3130343F4801301FB024400FB4B
:1091C000034E840A970A44EA815447EA8357A4FB72
:1091D000076802958D0A05FB07854FEA932C04FB6F
:1091E0000C542705029D4FEA065847EA1637B5EB9F
:1091F00008056EEB070C870E920E47EA811742EACC
:109200008312A7FB0201B6EB0B0164EB00042B0DEC
:1092100043EA0C335E1844EB1C50DA465146E7FB38
:109220000201C5F313044FEA0B3343EA14534FEA28
:109230000432019C43EA0603A4F10C040294009C4E
:10924000CDE900B400F032F903B0BDE8F08F0020A2
:109250000146F9E72DE9F04D81EA030404F0004BE3
:1092600021F0004514464FF0000A23F0004150EA77
:10927000050220D054EA01021DD0C5F30A57024668
:10928000C5F31303C1F31300C1F30A5640F480156C
:1092900043F48013A7EB0608101BD64608F2FD38EE
:1092A00073EB050002D308F1010801E092185B415D
:1092B000B8F1000F03DA00200146BDE8F08D002070
:1092C0004FF48011064684460EE0171B73EB05072A
:1092D00005D3121B63EB050306434CEA010C490856
:1092E0004FEA300092185B4150EA0107EDD152EA93
:1092F000030012D082EA040083EA0501084305D086
:10930000101BAB4106D20122002306E000224FF0E1
:10931000004302E06FF0010253101AEB06004CEB21
:10932000085110EB0A0041EB0B01BDE8F04D00F0D5
:10933000AEB80EB5C10F80EAE0700844CA0700213C
:1093400040F233438DE80E000A460B4600F0AEF8BB
:1093500003B000BD00F0004230F000400AD0C10D63
:1093600001F56071C0F3160042EA0151C2084007DE
:109370001143704700200146704701F0004330B4AC
:1093800021F0004150EA010206D00A0DA2F56072F8
:10939000C1F31301002A02DC30BC00207047440FE7
:1093A00044EAC104C100E01830BC00EBC25000F038
:1093B00037B830B50B46014600202022012409E0D1
:1093C00021FA02F59D4205D303FA02F5491B04FA7E
:1093D00002F52844151EA2F10102F1DC30BD202A5D
:1093E00004DB203A00FA02F1002070479140C2F1FC
:1093F000200320FA03F3194390407047202A06DB2C
:10940000CB17203A41FA02F043EAE07306E041FA52
:1094100002F3D040C2F12002914008431946704740
:109420000029A8BF7047401C490008BF20F0010078
:10943000704710B4B0FA80FC00FA0CF050EA010456
:1094400004BF10BC704749B1CCF1200421FA04F4E8
:1094500011FA0CF118BF012121430843A3EB0C01C1
:10946000CB1D4FEA00614FEA102042BF002010BC24
:10947000704700EBC35010440029A4BF10BC7047D4
:10948000401C490008BF20F0010010BC704710B517
:10949000141E73F1000408DA401C41F10001921817
:1094A0005B411A4301D120F0010010BD2DE9F04DC0
:1094B00092469B4611B1B1FA81F202E0B0FA80F215
:1094C00020329046FFF78BFF04460F4640EA0A0021
:1094D00041EA0B0153465A46084313D0114653EA5A
:1094E000010019D0C8F14002504600F0DFF80546EF
:1094F0000E46504659464246FFF771FF084305D0D5
:10950000012004E020463946BDE8F08D00200543E7
:1095100046EAE0762C4337430A986305E40AA0EB59
:1095200008000022FD0A44EA47540A3002D5002010
:109530000146E9E7010510196941DDE9084500190F
:109540006941BDE8F04DA2E72DE9F04D00231A4630
:109550001B1A8A4103DB00200146BDE8F08DC1F3F0
:109560000A52C1F3130141F480154FF0000BD107EB
:1095700002D100186D41521E0027044640F2FF112F
:10958000384601EB620A3E468046024600204FF410
:10959000801100F08BF8C2197141BB1846EB010035
:1095A000B4EB030C75EB000C04D3E41A65EB000577
:1095B00017460E46241908F101006D4180463428F3
:1095C000E3DDF91946EB0600091BA84103D24FF071
:1095D000FF32134601E0002213461BEB070046EB67
:1095E0000A51BDE8F04DFFF752BF70B5C1F30A5202
:1095F00001F000450024C1F3130140F2FF3341F4B0
:1096000080119A4201DA002070BD40F233439A4241
:10961000A2F2334203DC524200F048F800E09040EE
:109620002C43F1D0404270BD30B5041E71F10004EE
:1096300004DB4FF00044404264EB0101141E73F15F
:10964000000405DB1C464FF00043524263EB040369
:109650008B4208BF824230BD30B5041E71F1000458
:1096600004DB4FF00044404264EB0101141E73F12F
:10967000000405DB1C464FF00043524263EB040339
:10968000994208BF904230BD064C074D06E0E068A5
:1096900040F0010394E8070098471034AC42F6D339
:1096A000F6F776FD38AB000858AB0008202A04DB3B
:1096B000203A21FA02F00021704721FA02F3D0404B
:1096C000C2F1200291400843194670470EB540F29E
:1096D000334102910021CDE900110A460B46FFF704
:1096E000E5FE03B000BD70B58C1810F8015B15F0F5
:1096F000070301D110F8013B2A1106D110F8012B04
:1097000003E010F8016B01F8016B5B1EF9D12B0728
:1097100005D40023521E0DD401F8013BFAE710F8DE
:10972000013BCB1A921C03E013F8015B01F8015BCB
:10973000521EF9D5A142D8D3002070BD0FB47CB51C
:109740000C0009AD01D0611E00E00021CDE900014F
:10975000064B6A462946089801F038F8002C02D0DA
:10976000009A002111707CBC5DF814FB85A90008EB
:109770000FB4084B10B504A902AA039801F026F80B
:10978000044602A9002001F008F9204610BC5DF84B
:1097900014FB00009BA9000803B401984100009845
:1097A00050EAC12018BF04204A0D18BF40F0010044
:1097B00040F2FF72B2EB515F08BF40F00200012897
:1097C00008BF052002B070474100080218BF0420FE
:1097D0000A0E18BF40F001004FF07F4232EA01014B
:1097E00008BF40F00200012808BF052070470000B4
:1097F00070B54FF068422DED048BF0EE408A18EE04
:10980000900AB0EE608A18EE101A02EB4003B3F132
:10981000654F3CBF02EB4102B2F1654F7DD200BF04
:10982000C0F3C753C1F3C7529A1A1B2A09DD10F0BF
:10983000004F14BF9FED830A9FED830ABDEC048B9C
:1098400070BD12F11A0F36DA11F0004F09D010F086
:10985000004F0CBF9FED7D0A9FED7D0ABDEC048B90
:1098600070BD88EE889A19EE100AFFF7ADFF042844
:1098700008BF00F08DFF18EE900AFFF7A5FF054620
:1098800018EE100AFFF7A0FF044619EE100AFFF7C2
:109890009BFF042D18BF052D08D1042C18BF052CE3
:1098A00004D1002804BF022000F08AFFB0EE490A6C
:1098B000BDEC048B70BD4200B2EB410F3AD910F001
:1098C000004F19BFDFED630A9FED630ADFED630A06
:1098D0009FED630AB0EE481A0A46B1EE688A80F03E
:1098E0000041F0EE418A10460A1A5200B2F1807F20
:1098F00034D2484010F0004FDFED5A1A9FED5A2A3B
:109900001DBFBEEE001A70EEE10A30EE420AB6EE5E
:10991000001A08BF70EEA10A00E040E008BF30EE78
:10992000020AB0EE682A01EE482A08EE818AC2EEE9
:10993000081A15E011F0004F04BF9FED4C0AF0EE3D
:10994000400AD1D010F0004F19BFDFED490A9FED5A
:10995000490ADFED490A9FED490AC5E7C8EE881AB2
:1099600021EEA11A9FED462ADFED462A41EE022A9A
:109970009FED452A01EE222ADFED442A41EE022A1C
:109980009FED432ABDEC048B01EE222A21EE811AC1
:1099900001EE020A30EE210A30EE200A70BD4FF0CF
:1099A0007F42B2EB400F28BFB2EB410F09D2F0EE7D
:1099B000480AB0EE680ABDEC048BBDE8704000F0C8
:1099C000E3BE40EA01035B0008BF41F0FF410BD05A
:1099D000B2EB400F08BFB2EB410F08D120F080403E
:1099E00008EE900A21F0804108EE101A18E7B2EB59
:1099F000400F12BF5FEA410340F0FF4001F0004119
:109A00003FF40EAFB2EB410F12BF5FEA400200F02D
:109A1000004041F0FF413FF403AF4A0092EA4003A7
:109A20003FF5FEAE002AACBF9FED1A0A9FED1A0A61
:109A300068EE808A28EE008A18EE900A18EE101A56
:109A4000EEE60000DB0FC9BFDB0FC93FDB0F49406B
:109A5000DB0F49C00000C9BF22AAFDB90000C93F01
:109A600022AAFD390060ED3EC30ACE370000000097
:109A7000000049C022AA7DBA0000494022AA7D3ACE
:109A80002DAD65BD8FB8D53D0FB511BE61C84C3E3B
:109A9000A8AAAABE0000804F0000802F000000008E
:109AA00070B52DED020B2DED0A8B82B00D98C40F11
:109AB00020F00045AE48854248D3AE48854219D3D0
:109AC0000C99C5F31300084309D09DED0C0B02B0AF
:109AD000BDEC0A8B02B0BDE8704000F019BE002C4E
:109AE00014BF9FEDA50B9DED0C0B02B0BDEC0A8BD6
:109AF00002B070BD9FEDA20B53EC102B9DED0C0B33
:109B000051EC100BFFF7A8FD0AD2022000F058FE1E
:109B100002B0BDEC0A8B02B0BDE8704000F014BE8C
:109B20009FED990B53EC102B9DED0C0B51EC100B92
:109B3000FFF77AFD0AD2022000F042FE02B0BDEC2F
:109B40000A8B02B0BDE8704000F00EBE90489FED59
:109B500092BBA8425CD29248854219D2914878447F
:109B600000EBC40090ED000B53EC102B9DED0C0BA3
:109B700051EC100BFFF7F6FA41EC1A0B8A487844C7
:109B800000EBC40090ED009BC4F10100041B36E023
:109B90009FED870B53EC102B9DED0C0B51EC100B34
:109BA000FFF7E6FA41EC100B8348784400EBC40061
:109BB00090ED001B51EC100B53EC112BFFF731FA19
:109BC000FFF713FD0446FFF7B4FB41EC180B9FEDC4
:109BD0007C0B53EC102BFFF7CBFA9DED0C1B53ECD9
:109BE000112BFFF7C2FA41EC1A0B9FED770B51ECEA
:109BF000180B53EC102BFFF7BBFA41EC190B51EC8F
:109C00001A0B53EC192BFFF7ADFACDE90C011BE051
:109C10006F48854217D29FED700B53EC102B9DEDD2
:109C20000C0B51EC100BFFF7FCF953EC1B2BFFF75F
:109C300013FD08D29DED0C0B53EC1B2B51EC100BBC
:109C4000FFF7EFF96EE000249DED0C0B53EC102BA9
:109C500051EC100BFFF78CFA41EC180B6048052112
:109C6000B0EE480AF0EE680A784400F03DFC53EC90
:109C7000182B51EC100BFFF77BFA9DED0C1B53ECEE
:109C8000112BFFF772FA41EC180B9FED570B5CB3E9
:109C900053EC182B51EC100BFFF764FA9DED0C0BF5
:109CA00041EC1C0B53EC182B51EC100BFFF760FA36
:109CB00053EC1C2BFFF7CEFA53EC192BFFF755FA98
:109CC00053EC1A2BFFF74EFA53EC1B2BFFF74DFA10
:109CD000CDE900016FF47F70844226DB01EB045074
:109CE00001909DED000B00E753EC102B51EC180B8D
:109CF000FFF738FA9DED0C0B41EC190B53EC182BC8
:109D000051EC100BFFF734FA53EC192BFFF7A2FAC2
:109D10009DED0C1B53EC112BFFF724FA53EC1B2B7E
:109D2000FFF723FA41EC100BDFE608464FF07A51BB
:109D300001EB04519FED2E0B084453EC102B0190C6
:109D40009DED000B51EC100BFFF712FA0D4645ECA0
:109D5000100B044651EC100BFFF71EFD042808BF42
:109D600000F002FD45EC104BBFE6000000000000D3
:109D7000422E86400000F07F00000000000000003E
:109D8000EF39FAFE422E864051302DD5104987C05A
:109D9000422ED63F00000000000000000000F03F0F
:109DA000B2A2F03F6E0E00005E0E00000000000048
:109DB000FE822B654715F73F120E000000000000E1
:109DC0000000E0FE422EE63F763C7935EF39EA3D71
:109DD0000000303E000000009C7500883CE4377EA7
:109DE000840D0000000000000000000000000040A2
:109DF000000000000000700110B52F499FED2C1BE2
:109E00002DED020B84B0059820F000408842DCBFA5
:109E100000209DED040B32DD2849884209D10498C9
:109E200040B94FF0010000F0CBFC00F07DFC06B023
:109E300010BD05DB9DED040B00F06AFC06B010BD03
:109E400068469DED040B00F07BF810F0030011D084
:109E5000012818D09DED021B9DED000B02281AD0A1
:109E600000F08AFA51EC100B81F0004106B041EC91
:109E7000100B10BD9DED021B9DED000B012000F0AD
:109E8000AFFB06B010BD9DED021B9DED000B00F079
:109E900073FA06B010BD012000F0A2FB51EC100BCC
:109EA00081F0004106B041EC100B10BD0000000035
:109EB0000000000000000000FB21E93F0000F07FEF
:109EC00000B52DED048BB0EE409AF0EE609A83B0B1
:109ED00051EC190BFFF738FB41EC180B18EE100A88
:109EE00018EE901A8DED008B002818BF0120084352
:109EF00020F00040C0F17F6000F1E040C00F14D0BE
:109F000019EE101A19EE900A8DED009B002918BF6A
:109F10000121084320F00040C0F17F6000F1E040E3
:109F2000C00F04BF012000F04BFCB0EE480A03B0A4
:109F3000F0EE680ABDEC048B00BD000000000000DC
:109F40002DE9F14F04462DED020B2DED088B8AB063
:109F50009FEDE70B80ED020B139EE74826F00045CE
:109F600085420ADC9DED120B002084ED000B0AB047
:109F7000BDEC088B03B0BDE8F08FE0489FEDE0AB8F
:109F80009FEDE1BBA84247DDE14F9FEDE39B9FEDD5
:109F9000E48B9DED120B53EC1A2B51EC100B002EA1
:109FA0001CDDFFF7DFF841EC100BBD4208D053EC8D
:109FB0001B2B51EC100BFFF7D5F8C4E900010BE0A7
:109FC00053EC192B51EC100BFFF7CCF853EC182B7A
:109FD000FFF7C8F8C4E900010120C8E7FFF721F83E
:109FE00041EC100BBD4208D053EC1B2B51EC100B75
:109FF000FFF717F8C4E900010BE053EC192B51EC03
:10A00000100BFFF70EF853EC182BFFF70AF8C4E912
:10A0100000014FF0FF30AAE7C348A84279DB9DED6D
:10A02000120B51EC100B00F0BDFC41EC180B9FED36
:10A03000C00B53EC102BFFF79BF89FEDBF1B53ECAD
:10A04000112BFEF7EEFFFFF7D0FA0746FFF771F985
:10A0500041EC190B53EC1A2BFFF78AF853EC182B31
:10A06000FFF783F841EC180B53EC1B2B51EC190B49
:10A07000FFF77EF8DFF8C8A241EC100B4FEA155845
:10A080000125FA4453EC102B51EC180BFFF76AF83A
:10A09000032DC4E900013DD0C1F30A5005EB451181
:10A0A000A8EB00001139814234DA0AEB051BB0EE4F
:10A0B00048AA9BED000BF0EE68AA53EC102B51EC74
:10A0C000190BFFF755F841EC1B0B51EC1A0B53EC35
:10A0D0001B2BFFF747F841EC180B51EC1A0B53EC14
:10A0E000182BFFF73FF853EC1B2BFFF73BF89BEDCA
:10A0F000020B41EC1A0B53EC102B51EC190BFFF730
:10A1000037F853EC1A2BFFF72DF841EC100B6D1CB0
:10A11000B8E70EE0002EA8BF3846BFF628AF94ED92
:10A12000000B51EC100B81F00041C4E900017842B2
:10A130001DE7C6F3130040F4801EC6F30A50A0F2D8
:10A14000F530471100F01F05C5F12000DDF848B0DB
:10A1500008900020069007900520EC467949002DD4
:10A1600007EB0002794408BF51F8221009D051F8DA
:10A17000223001EB8201AB404A68089922FA01F1D2
:10A180001943A1FB0E26A1FB0B131A449A4234BFBC
:10A190000123002303EB06080CEB8003D3E901A69F
:10A1A0000E448E4234BF0121002192448A4411B1F1
:10A1B000924502D903E0924501D2012100E000213D
:10A1C000C3E901A641444CF82010011EA0F1010092
:10A1D000C4DC029800F10050850F0298DDE90367A6
:10A1E0008000DDF81480FFF7A4F841EC1A0B30462C
:10A1F000FFF76CFA9FED541B53EC112BFEF7B8FFE1
:10A2000041EC1B0B3846FFF761FA9FED511B53ECF5
:10A21000112BFEF7ADFF41EC180B4046FFF756FA45
:10A220009FED4D1B53EC112BFEF7A2FF41EC190BD8
:10A2300051EC180B53EC192BFEF7F3FE53EC1B2BD0
:10A24000FEF7EFFE53EC1A2BFEF7EBFECDE908010B
:10A25000002008909DED080B53EC1A2B51EC100BCD
:10A26000FEF780FF53EC1B2BFEF77CFF53EC182B03
:10A27000FEF778FF53EC192BFEF777FF9FED381BA5
:10A2800053EC112BFEF774FF9FED370B41EC180BCD
:10A2900053EC102B9DED080B51EC100BFEF768FFF3
:10A2A00053EC182BFEF7BDFE9FED310B41EC180B64
:10A2B00053EC102B9DED080B51EC100BFEF758FFE3
:10A2C00053EC182BFEF7ADFE41EC100B139810F079
:10A2D000004F06D06D4251EC100B81F0004141EC73
:10A2E000100B284684ED000B41E600000000000042
:10A2F0000000000000000000FB21E93F7CD9024083
:10A3000000004054FB21F93F3163621A61B4D03D33
:10A31000FB21F93F000000000000601A61B4D03D4D
:10A320007370032E8A19A33BFB2139410000000002
:10A3300083C8C96D305FE43F000000000000E03FCB
:10A34000C209000010090000000000000000103EDB
:10A35000000000000000103C000000000000103A67
:10A36000182D4454FB21F93D3326A611460B113C10
:10A3700000000054FB21F93D10B52DED040B2DED2F
:10A38000088B82B0B0EE419AF0EE619A0B9820F003
:10A3900000449FED4BABB4F1795F11DA9DED0A0BF0
:10A3A00051EC100BFFF721F9002801BFB0EE4A0A6B
:10A3B000F0EE6A0A02B0BDEC088B04BF04B010BD19
:10A3C0009DED0A0B53EC102B51EC100BFEF7D0FE59
:10A3D00041EC180B3C480621B0EE480AF0EE680A42
:10A3E000784400F081F853EC182B51EC100BFEF779
:10A3F000BFFE9DED0A0B41EC1B0B53EC192B51ECEE
:10A40000100BFEF7B5FE41EC190B53EC1B2B51EC76
:10A41000180BFEF7ADFE53EC192BFEF7A3FE9FEDD4
:10A420002C0B41EC190B53EC102B51EC180BFEF7D5
:10A430009FFE41EC100B2848844210DA53EC192B94
:10A4400051EC100BFEF78EFE53EC1A2BFEF78DFE2F
:10A4500041EC100B02B0BDEC088B04B010BD1F48DE
:10A46000A042BCBF9FED1E1B8DED001B06DBA4F5BB
:10A4700000100190002000909DED001B51EC100B8E
:10A4800053EC112BFEF76EFE9DED000B41EC180B0B
:10A4900053EC102B51EC1A0BFEF764FE41EC1A0B37
:10A4A00053EC192B51EC180BFEF75CFE53EC1A2BF6
:10A4B000FEF75BFE41EC100BCCE700000000000053
:10A4C000000000000000F03F340600000000000023
:10A4D000000000000000E03F3333D33F0000E93FBD
:10A4E000000000000000D23F70B504462DED028B45
:10A4F0004D1E00EBC500B0EE408AF0EE608A90ED94
:10A50000000B35F0060017D053EC182B51EC100B54
:10A51000FEF72EFE41EC100B6D1E04EBC50090ED16
:10A52000001B51EC100B53EC112BFEF77AFD41ECA4
:10A53000100B35F00600E7D1022D36D0042D1CD0CB
:10A54000062D1CBFBDEC028B70BD53EC182B51ECDB
:10A55000100BFEF70DFE94ED0A1B53EC112BFEF7CA
:10A5600060FD53EC182BFEF703FE94ED081B53EC33
:10A57000112BFEF756FD41EC100B53EC182B51EC50
:10A58000100BFEF7F5FD94ED061B53EC112BFEF7B7
:10A5900048FD53EC182BFEF7EBFD94ED040B53EC48
:10A5A000102BFEF73EFD41EC100B53EC182B51EC39
:10A5B000100BFEF7DDFD94ED021B53EC112BFEF7A3
:10A5C00030FD53EC182BFEF7D3FD94ED001B53EC3C
:10A5D000112BFEF726FDBDEC028B41EC100B70BD7C
:10A5E00031B504462DED040B2DED0A8BB0EE41BACA
:10A5F000F0EE61BA0B989DED0A0B20F00040B0F12F
:10A60000795F0DDA51EC100BFFF7C6F8042808BF8C
:10A6100000F0AAF89DED0A0BBDEC0A8B05B030BD29
:10A6200053EC102B51EC100BFEF7A2FD41EC180B74
:10A630009DED0A0B53EC182B51EC100BFEF798FD17
:10A6400041EC190B2C48B0EE480AF0EE680A0521DF
:10A650007844FFF749FF9FED2ACBB0EE40AAF0EE19
:10A6600060AA9CB353EC1C2B51EC190BFEF780FD38
:10A6700041EC1C0B53EC1A2B51EC190BFEF778FD37
:10A680009FED210B41EC190B53EC102B51EC1B0BE4
:10A69000FEF76EFD53EC192BFEF764FD53EC182BFF
:10A6A000FEF766FD53EC1B2BFEF75CFD53EC1C2BF9
:10A6B000FEF758FD9DED0A1B53EC112BFEF755FDDF
:10A6C000BDEC0A8B05B041EC100B30BDFFE753EC3D
:10A6D0001A2B51EC180BFEF74BFD53EC1C2BFEF71D
:10A6E000A0FC53EC192BFEF743FD9DED0A1B53EC28
:10A6F000112BFEF796FCE3E7BC040000000000000D
:10A70000495555555555C5BF000000000000E03FB4
:10A7100010B553EC102B51EC100BFEF782FC41EC02
:10A72000100B10BD000000009FED050B10B553ECA1
:10A73000102B51EC100BFEF78DFD41EC100B10BDF2
:10A7400000000000000000009FED050B10B553EC69
:10A75000102B51EC100BFEF70BFD41EC100B10BD54
:10A7600000000000000000709FED050B10B553ECD9
:10A77000102B51EC100BFEF7FBFC41EC100B10BD45
:10A78000000000000000001030EE200A70470000BA
:10A790009FED020A20EE000A704700000000001042
:10A7A00002E008C8121F08C1002AFAD1704770479A
:10A7B000002001E001C1121F002AFBD170470000F8
:10A7C0000149086070470000240300202DE9FF4F75
:10A7D0008BB09A460F460546002606E025280BD08A
:10A7E00052460D9990476D1C761C28780028F5D1AB
:10A7F0000FB03046BDE8F08F0024A046012260492A
:10A8000000E0044315F8013F203B02FA03F0084240
:10A81000F7D128782E2817D115F8010F44F0040439
:10A820002A280ED06FF02F022878A0F130010929D4
:10A830000AD808EB880102EB410100EB01086D1C0E
:10A84000F2E757F8048B6D1C287869283ED006DCA7
:10A850000028CDD063280BD0642804D136E07328BB
:10A8600010D075284BD052460D999047761C85E044
:10A8700017F8040B8DF8000000208DF80100E94660
:10A88000012003E057F8049B4FF0FF3061074FF0C1
:10A89000000401D40AE0641C44450DDA8442FADB6A
:10A8A00019F804100029F6D106E0641C8442FCDB90
:10A8B00019F804100029F8D1264404E019F8010B16
:10A8C00052460D999047641EF8D257E001CF4FF0E1
:10A8D0000A0B002802DA40422D2102E0210504D5AE
:10A8E0002B218DF82410012103E0E10705D0202160
:10A8F000F7E70DF1200908910CE00021F9E701CFFD
:10A900004FF00A0BF9E75946FEF753FD01F130020B
:10A9100009F8012D0028F6D1ADEB090000F1200B5C
:10A92000600701D44FF00108D84502DDA8EB0B0009
:10A9300000E000208046002406E009A85246005DA1
:10A940000D999047641C761C08988442F5DB04E05E
:10A95000302052460D999047761CB8F10001A8F1BD
:10A960000108F5DC05E019F8010B52460D999047F6
:10A97000761CBBF10001ABF1010BF4DC6D1C34E77C
:10A98000092801004A68002A06D00A68531C0B6097
:10A9900010704868401E486070470A68531C0B607E
:10A9A0001070704782B0CDE9000121F000400190A5
:10A9B0009DED000B02B051EC100B70470000000041
:10A9C000000000000000E03F000000000000E0BFC9
:10A9D0000000E0FE422EE63F0000E0FE422EE6BF11
:10A9E000763C7935EF39EA3D763C7935EF39EABD89
:10A9F0003E5555555555C53F93BDBE166CC166BFF6
:10AA00002CDE25AF6A56113FF16BD2C541BDBBBEEE
:10AA1000D0A4BE726937663E4C5555555555A53F75
:10AA20007751C1166CC156BF9015CB19A001FA3EE3
:10AA3000AD529C804F7E92BEC4B1B4BD9EEE213E0D
:10AA4000D43888BEE9FAA8BD00004054FB21F93F84
:10AA50003163621A61B4D03D0000601A61B4D03D28
:10AA60007370032E8A19A33B0000002E8A19A33BA2
:10AA7000C14920259A837B390000000000000000B6
:10AA80006E83F9A22915444ED15727FCC0DD34F559
:10AA9000999562DB4190433CAB6351FE61C5BBDEDF
:10AAA0003A6E24B7E0D24D42EA2E49061C92D109F3
:10AAB0001CEB1DFE3EA729B1F53582E88444BB2E70
:10AAC00026709CE9417E5FB439D69139F4395383BD
:10AAD0008B5F849C3B28F9BDFF97F81F0F9805DE1C
:10AAE0008B112FEF1F6D0A5ACF7E366DB709CB271A
:10AAF000663F464F2DEA5F9EC7BA27757BF1E5EBAF
:10AB0000F739073DEA92528AB15FFB6B085D8D1FF2
:10AB1000A6F810111111813FD561C119A0012ABFFA
:10AB20007DFEB157E31DC73EEB9C2B8AE6E55ABE7E
:10AB30007CD5CF5A3AD9E53D58AB0008000000203B
:10AB400028030000E696000830AC00082803002027
:10AB5000902F0000B0A70008411BFF01041A020457
:10AB60001A03041A04041A05041A06041A07041A1C
:10AB700008041A09041A0A041A0B041A0C041A0D00
:10AB80000402AE0E1A43DC1A90E81A8AE81AB808D2
:10AB90001ADA081ACB041AD60C1A1C081AB3081AA7
:10ABA0000E041A18041AA4041A1214C132FE35CD68
:10ABB000CCCC3D223F1A8004111A400819041AA077
:10ABC000041AC0041B20410C19041AF0041B704223
:10ABD0000819043434436452C85A8C1421295B1474
:10ABE000A08601180835FA8E3CDB0F493C011A4B50
:10ABF00030750409161C810227141A42DC72692977
:10AC0000F81A2C10323C720A89B00136320702441D
:10AC1000056B7A039311680901020304060708090A
:10AC20000CA910C11AAA010111023E281AFF014104
:040000050800018965
:00000001FF
