:020000040800F2
:10000000B0320020954E0008450200084702000863
:100010004B0200084F0200085302000800000000D5
:100020000000000000000000000000009D0100082A
:100030005702000800000000E1010008AF7E000840
:10004000AF4E0008AF4E0008AF4E0008AF4E00089C
:10005000AF4E0008AF4E0008AF4E0008AF4E00088C
:100060005D040008A1040008AF4E00080103000869
:10007000E30200083F030008AF4E000875020008C5
:10008000AF4E000881020008AF4E0008AF4E0008D6
:10009000AF4E0008AF4E0008AF4E0008AF4E00084C
:1000A000AF4E00087B030008AF4E0008AF4E0008BB
:1000B000A7030008D503000801040008AF4E00089C
:1000C000AF4E0008AF4E0008AF4E000859040008BC
:1000D000AF4E00085D020008AF4E0008AF4E0008AA
:1000E000AF4E0008AF4E0008AF4E0008AF4E0008FC
:1000F000AF4E0008AF4E0008AF4E00081B030008CB
:10010000AF4E0008AF4E00082D0400085B04000845
:10011000AF4E0008AF4E00084D0300085903000819
:10012000AF4E00089B020008B5020008AF4E000861
:10013000AF4E0008AF4E0008AF4E0008AF4E0008AB
:10014000AF4E0008AF4E0008AF4E0008AF4E00089B
:10015000D5020008AF4E0008AF4E0008AF4E0008B1
:10016000AF4E0008AF4E0008AF4E0008AF4E00087B
:10017000AF4E0008AF4E0008AF4E0008AF4E00086B
:10018000AF4E0008AF4E0008DFF80CD009F088F938
:10019000004800472F4C0008B0320020234B19685C
:1001A0000868B0E8F04F80F309884FF0000080F352
:1001B000118870470000000003480068006880F361
:1001C000088862B600DF00BF08ED00E0DFF80C0031
:1001D000016841F470010160704700BF88ED00E0E4
:1001E000EFF30980114B1A681EF0100F08BF20EDC5
:1001F000108A20E9F04F106008B54FF0140080F32A
:10020000118808F01CFA4FF0000080F31188BDE857
:10021000084019680868B0E8F04F1EF0100F08BFDA
:10022000B0EC108A80F30988704700BFE00200201C
:10023000EFF311804FF0140181F31188704780F3C0
:1002400011887047704700BFFEE700BFFEE700BFA0
:10025000FEE700BFFEE770477047704710B540F2F9
:100260002551904806F037FF18B120218D4806F03F
:1002700029FF10BD10B58C498C4805F061FE10BDFA
:1002800010B58B498948303005F030FE20B18849DF
:100290008648303005F054FE10BD10B585498648BB
:1002A00005F024FE28B18349834805F049FE01F09A
:1002B0001DFD10BD10B581497F48183005F040FE86
:1002C0007F4840787E49097840EA012000B27D49A4
:1002D000088010BD10B57C497748603005F030FECD
:1002E00010BD10B573497148483805F0FFFD30B1B5
:1002F00070496E48483805F023FE00F09FFA10BDA3
:1003000010B572496948603805F0F0FD20B16F49B9
:100310006648603805F014FE10BD10B56C4963489E
:10032000483005F0E3FD48B100216048483005F051
:1003300033FD67495D48483005F002FE10BD10B539
:1003400059495A48303805F0FBFD10BD10B5012160
:10035000604806F01DFC10BD10B501215E4806F096
:1003600017FC7A204F49888001215C4806F0C2FDC5
:1003700001215B4806F0BEFD10BD10B501215948B2
:1003800006F006FC5748008800F0100028B15648D7
:100390000068401E5449086004E053480068401C4F
:1003A0005149086010BD10B50121880706F0F0FB27
:1003B0004FF08040008800F0100028B14B480068E2
:1003C000401E4A49086004E048480068401C47490C
:1003D000086010BD10B50121454806F0D9FB44481E
:1003E000008800F0100028B142480068401E4149D2
:1003F000086004E03F480068401C3E49086010BDAA
:1004000010B501213C4806F0C3FB3B48008800F0D2
:10041000100028B139480068401E3849086004E0DF
:1004200036480068401C3549086010BD10B50121F0
:10043000334806F0ADFB3248008800F0100028B1C8
:1004400030480068401E2F49086004E02D480068CD
:10045000401C2C49086010BD7047704710B504203F
:1004600005F006FED8B12021274804F08AFE0421B9
:10047000264804F061FE012804D10021164805F049
:1004800007FF09E00421214804F056FE20B9124874
:1004900005F002FF1E49086004201E49086010BDD7
:1004A0007047000000100140208000207060024072
:1004B0000080202000880010286402400080201066
:1004C000FC04002064000020008800202080001030
:1004D0000080002800100040001400400048004048
:1004E00000140140000001404400002048000020AA
:1004F000000400404C000020000800406000002084
:10050000000C00405000002000000240000C02409F
:1005100040000020143C014070B50446204608F01D
:1005200077FC05462146F74808F079FCA0B19522F2
:100530002146F44808F060FC0021F34805F02CFC4B
:10054000F048F1490C310860EF48B838C0F8BC50A9
:100550000121ED4805F020FC70BD70B50446002572
:1005600010E0605D68B1615DE84806F0EEFC00BF38
:100570008021E64806F099FD0028F9D0681CC5B234
:1005800000E070BDEDE770B5044600250FE05CB1FA
:100590002146DE4806F0D9FC00BF8021DB4806F08A
:1005A00084FD0028F9D000E070BD681CC5B2032DA1
:1005B000EDDB00BFF8E713B50C460020FFF7E3FFC3
:1005C000D3A0FFF7CAFF2346D2A29621D24808F053
:1005D000C1FFD148FFF7C1FFD0A0FFF7BEFFCDA2FA
:1005E0009621CD48009B08F0B5FFCB48FFF7B5FF3B
:1005F000CCA0FFF7B2FFFF20FFF7C5FFFF20FFF7FA
:10060000C2FFFF20FFF7BFFF1CBD70B505460C46BB
:10061000BFA0FFF7A2FF2246BEA1BF4808F0B2FF6D
:10062000BD48FFF79AFFBDA0FFF797FF2846FFF7E9
:1006300094FFBCA0FFF791FFFF20FFF7A4FF70BD60
:1006400077B585B00546FF26B4A103C9CDE90301FE
:10065000B4A000680290AEA00068019000240AE0F7
:100660000020B1490855B1490855AB490855A5497D
:100670000855601CC4B21E2CF2DB0A20A649087083
:10068000FF2048708870C870A2A1A848079A08F097
:1006900079FFA64901A808F0A3FB01A99E4808F02C
:1006A0009FFB03A99C4808F09BFB29469A4808F049
:1006B00097FB98A19D48069A08F064FF9B499648CD
:1006C00008F08EFB02A9944808F08AFBFF209649A7
:1006D000087048708870904808F082FB8E48FFF7D9
:1006E0001BFF08B070BDF7B584B005460E46FF2766
:1006F0008AA103C9CDE902018AA00068019084A003
:1007000000680090002408E00020874908558749C8
:10071000085581490855601CC4B20A2CF4DB0A2034
:100720007D490870FF2048708870C87079A17F48A3
:10073000069A08F027FF7D49684608F051FB694694
:10074000754808F04DFB02A9734808F049FB29469B
:10075000714808F045FB31466F4808F041FB01A99C
:100760006D4808F03DFBFF206F49087048708870A5
:100770000020C8700871684808F032FB6648FFF72F
:10078000CBFE07B0F0BD01B58EB069A2322101A841
:100790000E9B08F0DFFE01A8FFF7BEFE0FB000BD04
:1007A00073B584B00546FF265CA103C9CDE90201FB
:1007B0005CA00068019056A00068009000240AE048
:1007C00000205949085559490855534908554D497C
:1007D0000855601CC4B21E2CF2DB0A204E4908707A
:1007E000FF2048708870C8704AA15048059A08F0E8
:1007F000C9FE4E49684608F0F3FA6946464808F0D3
:10080000EFFA02A9444808F0EBFA2946424808F0FA
:10081000E7FA4649404808F0E3FA01A93E4808F0E3
:10082000DFFAFF2040490870487088703A4808F0A5
:10083000D7FA3948FFF770FE06B070BD1CB53F48C7
:1008400000783E49497808443C49897808443B4946
:10085000C97808443949097908443849497908442C
:100860003649897908443549C97908443349097AB0
:100870000844C0B201903148007A00F00F000090A7
:100880009DF800000D2803D000212D4806F032FB12
:100890001CBD2A48007A00F00F000D2806D1274819
:1008A000007800F0010008B10D2070470020FCE73F
:1008B0001CB5244805F0F0FC2349096840EA0140D2
:1008C0000A2190FBF1F00090002417E01D4805F08C
:1008D000E3FC1D49096840EA01400A2190FBF1F060
:1008E0000190DDE90021881A002801DB014600E0C3
:1008F0004142052900DA641C01980090022CE5DBD6
:1009000001981CBD56040020B86002400050004011
:100910007400000025640000200300202E74787409
:100920003D2200002200000006040020DE0300201B
:100930006A302E76616C3D25640000003805002089
:100940000048004000000140440000201CB54FF06A
:10095000804005F0A1FCF849096840EA01400A21FD
:1009600090FBF1F00090002418E04FF0804005F07B
:1009700093FCF149096840EA01400A2190FBF1F03B
:100980000190DDE90021881A002801DB014600E022
:100990004142322900DA641C01980090022CE4DB09
:1009A00001984100002901DB08461CBD4842FCE7D4
:1009B0001CB5E24805F070FCE149096840EA0140D5
:1009C000642190FBF1F00090002417E0DB4805F073
:1009D00063FCDB49096840EA0140642190FBF1F0C7
:1009E0000190DDE90021881A002801DB014600E0C2
:1009F0004142322900DA641C01980090022CE5DBA8
:100A000001981CBD70471CB5CE4805F045FCCE4989
:100A1000096840EA0140642190FBF1F00090002455
:100A200017E0C84805F038FCC749096840EA0140AA
:100A3000642190FBF1F00190DDE90021881A002883
:100A400001DB014600E04142322900DA641C0198D2
:100A50000090022CE5DB01981CBD01B581B000209F
:100A60000090019800EBC0004000009002E0009868
:100A7000401E009000980028F9D10CBD01B581B04E
:100A80000020009044F2506101984843009002E039
:100A90000098401E009000980028F9D10CBD1CB5AC
:100AA00001211F2004F02CFD4FF6FF700090012063
:100AB0008DF8040000208DF8060001208DF8070055
:100AC00003208DF805006946A04804F0D3FA4FF6DC
:100AD000FF70009001208DF8040000208DF80600C2
:100AE00001208DF8070003208DF80500694698481D
:100AF00004F0C0FA4FF6FF70009001208DF804005A
:100B000000208DF8060001208DF8070003208DF8E5
:100B1000050069468F4804F0ADFA1CBD1CB50121E3
:100B20007E2004F0EDFCC020009000208DF8040031
:100B300001208DF8070002208DF8050069468648DF
:100B400004F098FA0620009000208DF8040001209F
:100B50008DF8070002208DF8050069467B4804F0F7
:100B600089FA0420009000208DF8040001208DF8FF
:100B7000070002208DF805006946754804F07AFAEE
:100B80001CBD1FB54FF4E06004F096F936208DF8D7
:100B9000000000208DF801008DF8020001208DF882
:100BA0000300684604F08DF90121102004F0DBFCFD
:100BB0003220ADF8040040F2E73002900020ADF89A
:100BC0000C00ADF8060001A9644805F018FB0121EE
:100BD000624805F0DDFF01221146604805F0B0FFD4
:100BE00000215E4805F054FB01215C4805F090FBB4
:100BF0001FBD1FB54FF4E06004F05EF937208DF89B
:100C0000000000208DF801008DF8020001208DF811
:100C10000300684604F055F90121202004F0A3FCEC
:100C20003220ADF8040040F2E73002900020ADF829
:100C30000C00ADF8060001A9494805F0E0FA0121D1
:100C4000474805F0A5FF01221146454805F078FF09
:100C50000021434805F01CFB0121414805F058FBE9
:100C60001FBD00B58BB00121022004F08DFC0121D5
:100C70000C2004F045FC03220621354804F085FAD7
:100C800003220721324804F080FA03220821304869
:100C900004F07BFA032209212D4804F076FA4FF480
:100CA0007070069002208DF81C0003208DF81D0046
:100CB00000208DF81E0001208DF81F0006A9244891
:100CC00004F0D8F9A420ADF8200040F6B83009901F
:100CD0004FF48070ADF828000020ADF8220008A97C
:100CE000204805F08CFA6020ADF804000120ADF832
:100CF000060000200390ADF810000121194805F00E
:100D000007FB0021174805F0C3FA01A9154805F0B3
:100D10000BFB01A9134805F040FB01A9114805F0A0
:100D200089FB01A90F4805F0EBFB01210D4805F0F7
:100D3000E0FE0BB000BD00004800002000080040AD
:100D400060000020000400404C000020000402402D
:100D500000080240000C0240000002400010004069
:100D6000001400400004014000B58BB001210820B0
:100D700004F0F9FB0121084604F0C2FB0222002125
:100D8000FE4804F002FA02220121FC4804F0FDF9B9
:100D900002221146F94804F0F8F902220321F7482B
:100DA00004F0F3F90F20069002208DF81C000320B8
:100DB0008DF81D0000208DF81E0001208DF81F0009
:100DC00006A9EE4804F056F9BA20ADF8200042F228
:100DD000107009900020ADF82800ADF8220008A995
:100DE000E74805F00CFA6020ADF804000120ADF8EA
:100DF000060000200390ADF810000121E04805F046
:100E000087FA0021DE4805F043FA01A9DC4805F025
:100E10008BFA01A9DA4805F0C0FA01A9D84805F013
:100E200009FB01A9D64805F06BFB0121D44805F068
:100E300060FE0BB000BD00B58BB00121042004F0B2
:100E400092FB01210D2004F05BFB02220C21CD4816
:100E500004F09BF902220D21CA4804F096F90222FF
:100E60000E21C84804F091F902220F21C54804F070
:100E70008CF94FF47040069002208DF81C0003207E
:100E80008DF81D0000208DF81E0001208DF81F0038
:100E900006A9BC4804F0EEF8A420ADF8200040F606
:100EA000B83009904FF48070ADF828000020ADF8FC
:100EB000220008A9B44805F0A2F96020ADF80400AA
:100EC0000120ADF8060000200390ADF810000121CC
:100ED000AD4805F01DFA0021AB4805F0D9F901A98C
:100EE000A94805F021FA01A9A74805F056FA01A979
:100EF000A54805F09FFA01A9A34805F001FB0BB036
:100F000000BD00B589B00121080404F03DFB0121BA
:100F1000084604F0F5FA03221146984804F035F922
:100F200003220221954804F030F90C2001900220A0
:100F30008DF8080003208DF8090000208DF80A00C4
:100F400001208DF80B0001A98C4804F093F80020D3
:100F5000ADF818004FF6FF7007900020ADF82000A4
:100F6000ADF81A0006A9894805F049F90420ADF842
:100F70000C000020ADF80E00C820ADF814000120D0
:100F8000ADF8100003A9814805F010FD00231A46B2
:100F900003217F4805F0A7FE01217D4805F0F8FDFB
:100FA000012211467A4805F0CBFD0121774805F072
:100FB000AFF90021764805F06BF909B000BD00B526
:100FC00089B00121084604F0CEFA0121022004F084
:100FD000CAFA0121032004F093FA01220F21674885
:100FE00004F0D3F8012203216A4804F0CEF802226B
:100FF0000421684804F0C9F802220521654804F07C
:10100000C4F83820019002208DF8080003208DF8E4
:10101000090000208DF80A0001208DF80B0001A9BD
:101020005C4804F027F84FF40040019002208DF84E
:10103000080003208DF8090000208DF80A00012027
:101040008DF80B0001A94D4804F014F80020ADF80C
:1010500018004FF6FF7007900020ADF82000ADF8A3
:101060001A0006A94FF0804005F0C9F806A94A48C1
:1010700005F0C5F80420ADF80C000220ADF80E0014
:101080001420ADF814000120ADF8100003A980076A
:1010900005F08CFC03A9404805F088FC02231A46A1
:1010A0000321580705F01FFE02231A4603213A4880
:1010B00005F019FE0121880705F06AFD0121364877
:1010C00005F066FD01221146900705F039FD012269
:1010D0001146314805F034FD0121880705F018F963
:1010E00001212D4805F014F900214FF0804005F052
:1010F000CFF80021284805F0CBF84FF4C06003F08A
:10110000DBFE1D208DF8000003208DF8010000207B
:101110008DF8020001208DF80300684603F0D1FE2F
:101120001C208DF8000004208DF8010000208DF8AF
:10113000020001208DF80300684603F0C2FE09B0EA
:1011400000BD00B589B00121084604F01DFA012157
:10115000102004F0D5F94FF42060019002208DF8A2
:10116000080003208DF8090000208DF80A000120F6
:101170008DF80B0001A9094812E0000000000240B0
:10118000000C0040000C024000080040000001403C
:1011900000400140000402400004004000100240F2
:1011A00003F068FF01220921FE4803F0EEFF01224F
:1011B0000B21FC4803F0E9FF0020ADF818004FF6C2
:1011C000FF7007900020ADF82000ADF81A0006A9C6
:1011D000F54805F014F80420ADF80C000020ADF837
:1011E0000E000A20ADF814000120ADF8100003A98C
:1011F000ED4805F0DBFB00231A460321EA4805F021
:1012000072FD0121E84805F0C3FC01221146E648C1
:1012100005F096FC0121E44805F0BAFC01221146D4
:10122000E14805F08DFC0121DF4805F071F800214F
:10123000DD4805F02DF84FF4C06003F03DFE1920A5
:101240008DF8000001208DF8010000208DF80200CB
:1012500001208DF80300684603F033FE09B000BD9D
:1012600000B589B00121042004F07DF90121082096
:1012700004F046F94FF44050019002208DF8080028
:1012800003208DF8090000208DF80A0001208DF858
:101290000B0001A9C54803F0EDFE0020ADF81800D1
:1012A0004FF6FF7007900020ADF82000ADF81A004F
:1012B00006A9BF4804F0A3FF02220C21BB4803F09B
:1012C00064FF02220D21B94803F05FFF0420ADF84E
:1012D0000C000220ADF80E00C820ADF8140001206B
:1012E000ADF8100003A9B24805F060FB02231A46CE
:1012F0000321AF4805F0F7FC0121AD4805F048FC9B
:1013000001221146AA4805F01BFC0121A84804F05F
:10131000FFFF42F21071A64804F0BAFF0020A44972
:10132000143108800120A24908804FF4C06003F006
:10133000C3FD1E208DF8000004208DF80100002060
:101340008DF8020001208DF80300684603F0B9FD16
:1013500009B000BD00B589B00121082004F003F9EF
:101360000121084604F0CCF80320019002208DF8FA
:10137000080003208DF8090000208DF80A000120E4
:101380008DF80B0001A98B4803F074FE0020ADF826
:1013900018004FF6FF7007900020ADF82000ADF860
:1013A0001A0006A9844804F02AFF0222002181487D
:1013B00003F0EBFE022201217E4803F0E6FE04204A
:1013C000ADF80C000220ADF80E00C820ADF81400F6
:1013D0000120ADF8100003A9774805F0E7FA0223D1
:1013E0001A460321744805F07EFC0121724805F07D
:1013F000CFFB01221146704805F0A2FB01216E4887
:1014000004F086FF42F210716B4804F041FF0020A7
:101410006949143108800120674908804FF4C06091
:1014200003F04AFD32208DF8000004208DF8010001
:1014300000208DF8020001208DF80300684603F0BB
:1014400040FD09B000BD00B59BB001215B4804F030
:1014500057F80121080204F097F80020029058483C
:101460000390584804900020059008200690002022
:1014700007904FF4806008904000099080000A9027
:1014800040110B9040020C9000200D9001200E9016
:1014900000200F90109002A94B4804F043FC01215A
:1014A000494804F079FC3C20009003208DF80400AA
:1014B00000208DF8070069463E4803F0DBFD3C2024
:1014C000009003208DF8040000208DF80700694685
:1014D0003E4803F0CFFD002011904FF440301290B1
:1014E000002013904FF47060149011A804F080F95C
:1014F0004FF08070159001208DF858008DF859003C
:10150000002017901890199008208DF8680015A9F0
:101510002B484C3804F03DF90423012202212848CD
:101520004C3804F0BCF904230222032124484C382F
:1015300004F0B5F904230322194621484C3804F07D
:10154000AEF904231A4605211D484C3804F0A7F9CA
:10155000042305220C211A484C3804F0A0F9042376
:1015600006220D2116484C3804F099F9042307226D
:101570000E2113484C3804F092F9042308220F215D
:101580000F484C3804F08BF901210D484C3804F019
:1015900031FA01210A484C3804F021FA01210848A7
:1015A0004C3815E00010024000000140000C0240E1
:1015B0000008004000000240000C00400500400010
:1015C0004C200140EC04002010640240000802405E
:1015D00004F025F9FE4804F0BEF91BB000BD08B5C3
:1015E0004FF4E06003F068FC25208DF80000002037
:1015F0008DF801008DF8020001208DF80300684687
:1016000003F05FFC08BD10B596B004460121102020
:1016100003F0BAFF0121084603F072FF012188059B
:1016200003F06EFF4FF4C060009002208DF80400BC
:1016300000208DF806008DF8070002208DF80500C7
:101640006946E44803F016FD07220921E14803F04A
:101650009CFD07220A21DF4803F097FD0294002039
:10166000ADF80C00ADF80E00ADF81000ADF81400A8
:101670000C20ADF8120002A9D74805F0B3FB0121F8
:10168000D54805F037FC4FF4A06003F015FC3A2074
:101690008DF8180000208DF819008DF81A0001202F
:1016A0008DF81B0006A803F00CFCCC4804F098FA57
:1016B0004FF00060079000200A90C94809900A2066
:1016C0000B90C548001D089000200C904FF48060DE
:1016D0000D9000200E900F904FF4807010904002FB
:1016E0001190042012900320139000201490159064
:1016F00007A9BA4804F016FB01224021B64805F0BC
:10170000A6FC01221021B54804F0D3FB0121B34807
:1017100004F042FB16B010BD10B596B0044601218E
:10172000480503F0EDFE0121480403F01CFF0121F0
:10173000082003F0E5FE6020009002208DF80400F0
:1017400000208DF806008DF8070002208DF80500B6
:101750006946A44803F08EFC07220521A14803F046
:1017600014FD072206219F4803F00FFD029400207C
:10177000ADF80C00ADF80E00ADF81000ADF8140097
:101780000C20ADF8120002A9974805F02BFB0121AF
:10179000954805F0AFFB4FF4A06003F08DFB1120DE
:1017A0008DF8180000208DF819008DF81A0001201E
:1017B0008DF81B0006A803F084FB8C4804F010FA97
:1017C0004FF00060079040200A90894809903C2023
:1017D0000B908548001D089000200C904FF480600D
:1017E0000D9000200E900F904FF4807010904002EA
:1017F0001190042012900320139000201490159053
:1018000007A97A4804F08EFA01228021764805F073
:101810001EFC01228021744805F019FC01221021D0
:10182000724804F046FB0121704804F0B5FA16B086
:1018300010BD10B596B004460121880403F093FE54
:101840000121082003F05CFE0121480503F058FE49
:101850004FF44070009002208DF8040000208DF8B5
:1018600006008DF8070002208DF8050069465D48E6
:1018700003F000FC072208215A4803F086FC0722E7
:101880000921584803F081FC02940020ADF80C00B7
:10189000ADF80E00ADF81000ADF814000C20ADF856
:1018A000120002A9534805F09DFA0121514805F0A4
:1018B00021FB4FF4A06003F0FFFA0C208DF8180014
:1018C00000208DF819008DF81A0001208DF81B00FA
:1018D00006A803F0F6FA4548783804F081F94FF08D
:1018E0000060079000200A90434809900A200B905E
:1018F0004048001D089000200C904FF480600D902F
:1019000000200E900F904FF48070109040021190C4
:10191000042012900320139000201490159007A922
:101920003248783804F0FEF901224021314805F0B0
:101930008EFB012240212F4805F089FB0122102156
:101940002A48783804F0B5FA01212848783804F09C
:1019500023FA16B010BD10B596B004460121C80494
:1019600003F001FE0121084603F0CAFD01214805EC
:1019700003F0C6FD0320009002208DF80400002033
:101980008DF806008DF8070002208DF805006946E5
:10199000104803F06FFB082200210E4803F0F5FB0E
:1019A000082201210B4803F0F0FB02940020ADF85F
:1019B0000C00ADF80E00ADF81000ADF814000C20CE
:1019C000ADF8120002A90D4805F00CFA012117E04C
:1019D000002001400000024000100140406402402D
:1019E000FC040020000C024000440040A0600240C3
:1019F000040000200048004038050020004C004052
:101A0000FB4805F077FA4FF4A06003F055FA0D207B
:101A10008DF8180000208DF819008DF81A000120AB
:101A20008DF81B0006A803F04CFAF24804F0D8F831
:101A30004FF00060079000200A90EF4809900820BE
:101A40000B90EB48001D089000200C904FF4806034
:101A50000D9000200E900F904FF480701090400277
:101A600011900420129003201390002014901590E0
:101A700007A9E04804F056F901224021DC4805F0AE
:101A8000E6FA01224021DA4805F0E1FA01221021AC
:101A9000D84804F00EFA0121D64804F07DF916B0BA
:101AA00010BD10B596B004460121480503F028FD8D
:101AB0000121080503F057FD01210C2003F020FD52
:101AC0000420009002208DF8040000208DF806000C
:101AD0008DF8070002208DF805006946C74803F01D
:101AE000C9FA4FF48050009002208DF804000020C5
:101AF0008DF806008DF8070002208DF80500694674
:101B0000BF4803F0B7FA08220221BC4803F03DFBAE
:101B100008220C21BA4803F038FB4FF4A06003F010
:101B2000CBF92F208DF8180005208DF819008DF8BD
:101B30001A0001208DF81B0006A803F0C2F90294D8
:101B40000020ADF80C00ADF80E00ADF81000ADF8B7
:101B500014000C20ADF8120002A9AA4805F042F9C1
:101B60000121A84805F0C6F9A248783004F038F8F9
:101B70004FF00060079040200A90A34809909620FB
:101B80000B90A048001D089000200C904FF480603E
:101B90000D9000200E900F9010904FF40030119097
:101BA000002012900320139000201490159007A994
:101BB0009048783004F0B6F801228021914805F071
:101BC00046FA012210218B48783004F072F9012185
:101BD0008848783004F0E0F816B010BD10B596B023
:101BE00004460121202003F0CFFC0121042003F052
:101BF00087FC0121880503F083FCC02000900220AF
:101C00008DF8040000208DF806008DF807000220F2
:101C10008DF8050069467A4803F02CFA082206215F
:101C2000774803F0B2FA08220721754803F0ADFAAD
:101C300002940020ADF80C00ADF80E00ADF81000D5
:101C4000ADF814000C20ADF8120002A96F4805F0A1
:101C5000C9F801216D4805F04DF94FF4A06003F07B
:101C60002BF939208DF8180003208DF81900012078
:101C70008DF81A008DF81B0006A803F022F96448BD
:101C800003F0AEFF4FF02060079000200A906148FB
:101C9000099010200B905D48001D089000200C90CA
:101CA0004FF480600D9000200E900F904FF48070E4
:101CB00010904002119004201290032013900020F5
:101CC0001490159007A9524804F02CF801224021E5
:101CD0004E4805F0BCF9012210214D4804F0E9F806
:101CE00001214B4804F058F816B010BD0EB5002085
:101CF0000290019000904748007802282ED1454874
:101D0000407801904348C0784249897840EA0120F0
:101D10000090404909783F4A527811443D4A9278F0
:101D200011443C4AD2788818C11700EB116109129E
:101D3000A0EB0121C9B20291364800799DF8081044
:101D400088420BD133484079032807D19DF804001D
:101D500031490870BDF80000304908800EBD00B55B
:101D600085B00121082003F0CBFB0121880303F09B
:101D70000BFC00208DF8100001208DF813000C20C2
:101D8000039003A91D4803F075F90221032005F013
:101D9000F7F90420009000208DF8040010208DF841
:101DA000050001208DF80600684604F0FBF80820C5
:101DB0008DF8080000208DF809008DF80A00012038
:101DC0008DF80B0002A803F07CF805B000BD70B5DB
:101DD00004460D46012C25D12946114805F0B5F8D9
:101DE00000BF40210E4805F060F90028F9D042E01C
:101DF000004C0040406002400B050020000C0240F7
:101E00000008024000500040560400200014014029
:101E100028640240470500202401002026010020FC
:101E200000100140032C0BD12946FE4805F08DF827
:101E300000BF4021FB4805F038F90028F9D01AE02E
:101E4000042C0BD12946F84805F07FF800BF40214B
:101E5000F54805F02AF90028F9D00CE0052C0AD144
:101E60002946F24805F071F800BF4021EF4805F01F
:101E70001CF90028F9D070BD0020ED494862ED49F9
:101E80000860ED490860ED49086070470020E849A6
:101E90004862E84908604FF080414862E8490860BC
:101EA000E8490860E8490860E3490860E3490860D8
:101EB00070470020E0490860E04908607047002052
:101EC000E0490860E0490860704710B50020DF492C
:101ED0000870002407E061210120FFF778FF32201D
:101EE000FEF7CCFD641C022CF5D30120D749087005
:101EF0007A20D749087010BD10B50020D549087068
:101F0000002407E061210320FFF761FF3220FEF784
:101F1000B5FD641C022CF5D30120CE4908707A204F
:101F2000CD49087010BD2DE9F14FAEB0CBA02D907A
:101F300000202C908DF888008DF860002E981228D3
:101F400031D2DFE800F00931383F464D5662697002
:101F5000777E8A91989FABFD0221C94803F0ECF887
:101F600088B100224FF40041C64803F003F94FF452
:101F70000041C44803F0EDF8044600222146C2A007
:101F8000FEF75EFB0FE00122D103BE4803F0F2F83A
:101F90004FF40041BB4803F0DCF804460022214620
:101FA000C1A0FEF74DFB58E20122C7480168C7A057
:101FB000FEF746FB51E20222C6480168C6A0FEF7C2
:101FC0003FFB4AE20322C7480168C7A0FEF738FB7F
:101FD00043E20422C7480178C7A0FEF731FB3CE288
:101FE000FEF7E6FC044605222146C5A0FEF728FBC5
:101FF00033E20622C54890ED000ABDEEC00A10EE9D
:10200000101AC3A0FEF71CFB27E20722C348016891
:10201000C3A0FEF715FB20E20A22C4480168C4A051
:10202000FEF70EFB19E20922C5480168C5A0FEF7BC
:1020300007FB12E2C748017A0822C7A0FEF700FB9F
:102040000BE20B22C64890ED000ABDEEC00A10EE6E
:10205000101AC4A0FEF7F4FAFFE10C22C44801688C
:10206000C4A0FEF7EDFAF8E10D22C6480178C6A03B
:10207000FEF7E6FAF1E10E22C6480188C6A0FEF797
:10208000DFFAEAE10F22C74890ED000ABDEEC00A70
:1020900010EE101AC4A0FEF7D3FADEE10121C64803
:1020A00003F04AF84FF400511790764803F044F8D3
:1020B00004460221C04803F03FF805464FF4804132
:1020C000704803F039F806460421BB4803F034F8A1
:1020D0004FF400411690B84803F02EF80746082147
:1020E000B54803F029F880464FF48041B24803F028
:1020F00023F881461021B04803F01EF84FF4005138
:102100001590AD4803F018F882460821AB4803F05B
:1021100013F84FF480511490A74803F00DF81021E4
:102120001390A64803F008F84FF480611290A2487B
:1021300003F002F8834680219F4802F0FDFF00E093
:1021400028E04FF4807111909B4802F0F5FF109049
:102150001798CDE90B65CDE90D401698CDE90798A4
:10216000CDE90970DDE913121598CDE9042A039130
:102170000690DDE91110CDE9001B029090A2282104
:1021800022A8109B07F0E6F9102222A970A0FEF702
:10219000AAFA62E180213A4802F0DBFF04460121FD
:1021A000374802F0D6FF05464021354802F0D1FFFE
:1021B00006464FF40041814802F0CBFF07464FF43A
:1021C0008051884802F0C5FF80464FF480612C485A
:1021D00002F0BFFF81464FF40061824802F0B9FF70
:1021E0004FF400611790264802F0B3FF82464FF487
:1021F0008061724802F0ADFF83464FF48051204861
:1022000002F0A7FF4FF4006116906C4802F0A1FFA6
:102210004FF4005115901A4802F09BFF4FF4804193
:102220001490E1E000480040004C004000500040A5
:10223000000001404400002024080040600000200D
:1022400048000020240400404C00002069000020C9
:10225000680000206B0000206A000020313131311D
:10226000313131313131313131313131313131315E
:102270003131303131313131313131310000000013
:102280000004024000080240524F424F54203220C6
:1022900044414E4720434841592053414E20584124
:1022A0004E483A2020200000524F424F5420322006
:1022B00044414E4720434841592053414E20444F0A
:1022C0003A20202000000000C0010020494D553A6E
:1022D0000000000080000020474F432042414E3A5A
:1022E00000000000E80000205649205452492042D6
:1022F000414E3A002301002043414D3A00000000C6
:10230000454E20584F41593A000000008C000020F3
:102310004A6F79537469636B3A00000090000020A3
:102320004C75635F42616E3A00000000940000202B
:10233000476F635F42616E5F6175746F3A000000C2
:102340007800002047545F4C415A45525F54524137
:10235000493A0000380500204241544552593A009C
:102360002C020020726573756C74203A0000000026
:102370003002002066696E616C5F726573756C7403
:102380003A000000240100206F6666736574203AED
:10239000000000002601002064697374616E6365AB
:1023A0003A0000003C020020636865636B5F737055
:1023B0006565643A0000000000100240000C024015
:1023C00025642564256425642564256425642564C5
:1023D00025642564256425642564256425642564B5
:1023E0000000000000000240FB4802F0B2FE4FF483
:1023F00080411390F94802F0ACFE4FF480711290C6
:10240000F74802F0A6FE4FF400411190F34802F0A5
:10241000A0FECDE90B76CDE90D5410901798CDE9CB
:1024200007A0CDE90998DDE914121698CDE9050B4E
:10243000CDE90312DDE911121398CDE900120290E3
:10244000AFF28402282122A8109B07F083F8112202
:1024500022A9E4A0FEF747F900BF00BF2FB0BDE8F6
:10246000F08F10B50121E14803F096FC10BD01B5D5
:10247000DF4800680099884203DD0020DC490860DD
:1024800004E0DB480068401CD9490860D84800686F
:10249000FFF749FD08BD10B52DED028BD548C0787A
:1024A00001EE100AB8EE411ADFEDD31A31EE611ACF
:1024B000F0EE410ACF48807801EE100AB8EE411ADA
:1024C000DFEDCD1A31EE611AB0EE410A07F09AF84D
:1024D000F0EE408AC948D0ED000A9FEDC91A81EE9E
:1024E000200A20EE280AB0EE408AB5EEC08AF1EE4E
:1024F00010FA05D29FEDC30A38EE000AB0EE408A0A
:10250000BC48C0787E2807D1BA4880787F2803D19C
:102510009FEDBD0AB0EE408A9FEDB90AB4EEC08AC5
:10252000F1EE10FA06D8B2EE040A28EE000AB0EE78
:10253000408A09E09FEDB30A38EE400AF2EE040A41
:1025400020EE200AB0EE408AB04880ED008ABDEC53
:10255000028B10BD10B52DED088BB0EE408A9FEDBB
:10256000AC0AF0EE408A9FEDAA0AB0EE409A9FEDC9
:10257000A90A08EE080A10EE101A084606F0F6FD41
:1025800041EC1B0BB0EE4B0AF0EE6B0A07F074FB4C
:10259000B0EE40AAF0EE60AA51EC1A0B06F0F9FD7D
:1025A00009EE900ADFED9C0A89EEA00ADFED9B0A96
:1025B00020EE200AB0EE409A9FED990AB4EEC09A40
:1025C000F1EE10FA04DD9FED960AB0EE409A0AE0B3
:1025D0009FED940AB4EEC09AF1EE10FA03D29FED8B
:1025E000910AB0EE409A9FED8C0A39EEC00A9FED39
:1025F0008A1AC0EE010A9FED8C1A9FED8C0A00EE3C
:10260000810AF0EE408A9FED8A0AF4EEC08AF1EE6C
:1026100010FA04DD9FED860AF0EE408A0AE09FED95
:10262000850AF4EEC08AF1EE10FA03D29FED810A1A
:10263000F0EE408ABDEEC90A7F4880ED000ABDEE8B
:10264000E80A7E4880ED000ABDEC088B10BDF0B5AD
:10265000DDE9054520B97A4E36787A4FFE700BE0F9
:10266000002804DD774FF8700126BE7004E0464272
:10267000744FFE700026BE7021B9714E3678714FCE
:10268000FE720BE0002904DD6E4FF9710126BE7168
:1026900004E04E426B4FFE710026BE7122B9684EB7
:1026A0003678684FFE720BE0002A04DD654FFA723F
:1026B0000126BE7204E05642624FFE720026BE72D0
:1026C00023B95F4E36785F4FFE730BE0002B04DDBD
:1026D0005C4FFB730126BE7304E05E42594FFE73EC
:1026E0000026BE7324B9564E3678564FFE740BE062
:1026F000002C04DD534FFC740026BE7404E06642D7
:10270000504FFE740126BE7425B94D4E36784D4F9C
:10271000FE750BE0002D04DD4A4FFD750126BE75E8
:1027200004E06E42474FFE750026BE75F0BD454A77
:10273000D070D071D072D073D074D0757047012032
:102740004149086070473F48C078032815DA3D4882
:10275000C079032811DA3B48C07A03280DDA3948DA
:10276000C07B032809DA3748C07C032805DA3548DE
:10277000C07D032801DA012070470020FCE73348C0
:10278000006847F23051884201D001207047002094
:10279000FCE710B5FFF799FB10BD2D48B0F900001C
:1027A00040427047B5EEC00AF1EE10FA09D229484E
:1027B000D0ED000A70EE600AFDEEE00A10EE900A1D
:1027C00070472448D0ED000A70EE200AFDEEE00AC2
:1027D00010EE900AF4E70000000C024000040240F2
:1027E000000002404F55543A00000000A060024033
:1027F0005C000020380500200000FF42800100201E
:10280000000034430000B44300409C468C0000208C
:10281000000000000000C84500C02E440000E64251
:1028200000007A43000048420000C84200401744BC
:102830000080224400800944900000209400002081
:10284000740100200400002070010020A00100207D
:10285000640000203001002010B52DED0A8B0446E5
:1028600024B91FED150ABDEC0A8B10BD002C25DA2A
:10287000FD48006806F069FC41EC190B204606F0A3
:1028800064FC41EC1C0B9FEDF90B53EC102B06F094
:102890007BFB41EC1B0B9FEDF50B53EC102B06F073
:1028A0006DFB41EC1A0B53EC192B06F0DFFB41ECEE
:1028B000180B06F06EFC00EE100AD4E7EA48006838
:1028C00006F043FC41EC190B204606F03EFC41ECBF
:1028D0001C0B9FEDE60B53EC102B06F055FB41EC67
:1028E0001B0B9FEDE20B53EC102B06F0A6FA41EC0C
:1028F0001A0B53EC192B06F0B9FB41EC180B06F040
:1029000048FC00EE100AAEE7F0EE400AF5EEC00A11
:10291000F1EE10FA02DBB0EE600A7047B1EE600A29
:10292000FBE70146002901DB084670474842FCE707
:102930000146D048D0ED000AF1EE600ACE48D0ED55
:10294000001A80EEA11A00EE901AF8EEE01AC948BB
:10295000D0ED000A41EE210AB0EE600AFDEEC00A99
:1029600010EE900A7047F0EE401A9FEDC42AB0EEC8
:10297000420AF5EEC01AF1EE10FA03D2B1EE612A66
:10298000F0EE421AF5EEC00AF1EE10FA03D2B1EE03
:10299000602AF0EE420AB5EEC01AF1EE10FA03D248
:1029A000B1EE412AB0EE421AF4EEC01AF1EE10FA7E
:1029B00001DDB0EE610AF4EEC00AF1EE10FA01DDBD
:1029C000B0EE600AB4EEC01AF1EE10FA01DDB0EE1E
:1029D000410A7047A44800687047A94800687047DA
:1029E00010B52DED088BB0EE408AA648006847F27E
:1029F0003051884214D11FED7A0AA34880ED000AB5
:102A0000A24880ED000AA24880ED000AA14880EDAE
:102A1000000AA14880ED000AA04880ED000AE8E025
:102A20009F4800689F490968401A96490968081A32
:102A300000EE100AB8EEC00A9B48D0ED000A9B4891
:102A400090ED001A00EEC10AD0ED000AC0EE208A17
:102A5000974890ED000A20EE280A10EE101A08465A
:102A600006F084FB41EC1B0BB0EE4B0AF0EE6B0A58
:102A700007F09EF8B0EE40AAF0EE60AA51EC1A0BF7
:102A800081F0004141EC190B06F083FB834908609B
:102A9000884890ED000A38EE800A8548D0ED000A9B
:102AA00020EE200A10EE101A084606F05FFB41ECFB
:102AB0001A0BB0EE4A0AF0EE6A0A07F079F8B0EEA7
:102AC000409AF0EE609A51EC190B06F062FB7249E5
:102AD0000860794890ED000A38EE800A7448D0ED1D
:102AE000000A20EE200A10EE101A084606F03EFBFF
:102AF00041EC1A0BB0EE4A0AF0EE6A0A07F058F8F9
:102B0000B0EE409AF0EE609A51EC190B06F041FBE2
:102B100060490860694890ED000A38EE800A644810
:102B2000D0ED000A20EE200A10EE101A084606F03A
:102B30001DFB41EC1B0BB0EE4B0AF0EE6B0A07F0ED
:102B400037F8B0EE40AAF0EE60AA51EC1A0B81F013
:102B5000004141EC190B06F01CFB4D49086055483B
:102B600090ED000A38EE800A5148D0ED000A20EEC0
:102B7000200A10EE101A084606F0F8FA41EC1B0B7A
:102B8000B0EE4B0AF0EE6B0A07F012F8B0EE40AA76
:102B9000F0EE60AA51EC1A0B81F0004141EC190BE8
:102BA00006F0F7FA39490860434890ED000A38EE1C
:102BB000800A3F48D0ED000A20EE200A10EE101ADD
:102BC000084606F0D3FA41EC1B0BB0EE4B0AF0EED0
:102BD0006B0A06F0EDFFB0EE40AAF0EE60AA51ECF1
:102BE0001A0B81F0004141EC190B06F0D2FA26498C
:102BF0000860B5EEC08AF1EE10FA34D030480068B3
:102C000007282FD2DFE800F0045E82A6CAF0EE00AB
:102C1000224890ED000A30EE480A80ED000A1E4876
:102C200090ED000A30EE480A80ED000A194890ED58
:102C3000000A30EE480A80ED000A154890ED000ABF
:102C400030EE480A80ED000A104890ED000A30EEA0
:102C5000480A80ED000A0C4890ED000A30EE480A60
:102C600080ED000A08E108E18C0100209A99999909
:102C70009999B93F680100206C0100206F12833AD6
:102C8000B8010020A0010020E0010020DC010020AC
:102C9000D8010020D4010020D0010020CC01002068
:102CA000C0010020AC010020B0010020480100203C
:102CB0007C01002058010020540100205C0100200C
:102CC00088010020F94890ED000A30EE480A80EDB6
:102CD000000AF74890ED000A30EE480A80ED000A3D
:102CE000F44890ED000A30EE480A80ED000AF24800
:102CF00090ED000A30EE480A80ED000AEF4890EDB2
:102D0000000A30EE480A80ED000AB5E0EC4890ED8C
:102D1000000A30EE480A80ED000AE54890ED000A0E
:102D200030EE480A80ED000AE24890ED000A30EEED
:102D3000480A80ED000AE04890ED000A30EE480AAB
:102D400080ED000ADD4890ED000A30EE480A80ED83
:102D5000000A91E0DA4890ED000A30EE480A80ED72
:102D6000000AD24890ED000A30EE480A80ED000AD1
:102D7000D04890ED000A30EE480A80ED000ACE48B7
:102D800090ED000A30EE480A80ED000ACB4890ED45
:102D9000000A30EE480A80ED000A6DE0C84890ED68
:102DA000000A30EE480A80ED000AC04890ED000AA3
:102DB00030EE480A80ED000ABD4890ED000A30EE82
:102DC000480A80ED000ABC4890ED000A30EE480A3F
:102DD00080ED000AB94890ED000A30EE480A80ED17
:102DE000000A49E024E0FFE7B54890ED000A30EE24
:102DF000480A80ED000AAD4890ED000A30EE480A1E
:102E000080ED000AAA4890ED000A30EE480A80EDF5
:102E1000000AA84890ED000A30EE480A80ED000A4A
:102E2000A64890ED000A30EE480A80ED000A23E043
:102E3000A34890ED000A30EE480A80ED000A9B4856
:102E400090ED000A30EE480A80ED000A984890EDB7
:102E5000000A30EE480A80ED000A964890ED000A1C
:102E600030EE480A80ED000A934890ED000A30EEFB
:102E7000480A80ED000A00BF00BF8F4890ED001A9D
:102E80008B48D0ED000A8E4890ED000AFFF76BFDED
:102E90008C48D0ED000AF8EEE00A80EE801ABDEE14
:102EA000C10A894880ED000A884800688649096897
:102EB000884203DD84480068844908600120844911
:102EC0000860BDEC088B10BD10B504460020814998
:102ED000086081480460FCB900207C4908609FEDCF
:102EE0007F0A7F4880ED000A47F230507D49086034
:102EF0007D4908609FED790A7C4880ED000A00203A
:102F00007B4908607B4908607B4908607B49086011
:102F10009FED720AFFF764FD10BD10B5734890ED88
:102F2000000AB5EEC00AF1EE10FA05D1704800684B
:102F300010B97048006890B19FED680A6B4880ED49
:102F4000000A00206A4908606A4908606C48006805
:102F50006C490860654890ED000AFFF741FD10BD1F
:102F60006948C0ED000A694880ED000A704770B5F5
:102F70002DED028B05460C46B0EE408A594800689C
:102F8000A8420BD153480068A04207D1544890EDA5
:102F9000000AB4EE480AF1EE10FA18D04D48046069
:102FA0004A48006810B9052048490860544800683C
:102FB000544908604A4880ED008A4A48056000206C
:102FC00053490860494890ED000AFFF709FDBDEC40
:102FD000028B70BD70B52DED028B0446B0EE408AB9
:102FE0000D4644480068A0420BD1404890ED000ACD
:102FF000B4EE480AF1EE10FA03D13D480068A84249
:1030000037D03848006847F23051884222D1282012
:103010003049086004202D49086047F2305084424E
:1030200018DA012034490860B5EEC08AF1EE10FAD2
:1030300003DD33480068A04208DCB5EEC08AF1EE3B
:1030400010FA07D22E480068A04203DAB1EE480A0F
:10305000B0EE408A2748046025480560234880ED8B
:10306000008A00202A490860204890ED000AFFF7F6
:10307000B7FCBDEC028B70BD10B52DED028BB0EE30
:10308000408A04462146B0EE480A47F23050FFF726
:10309000A1FFBDEC028B10BD70B504460D469FED3F
:1030A0000F0A29462046FFF762FF70BDD0010020BD
:1030B000D4010020D8010020DC010020E001002024
:1030C000CC01002028010020940100208C01002068
:1030D00084010020900100209801002000000000E1
:1030E000B4010020A0010020A4010020B0010020B4
:1030F00088010020A8010020B801002070010020F4
:10310000C0010020AC010020680100206C010020FB
:103110009C01002070B52DED088BF0EE408A04462E
:10312000B0EE608AB0EE419AFE4890ED000AB8EE2B
:10313000C00AB4EE680AF1EE10FA0DD1FA48006840
:10314000A04209D1F94890ED000AB8EEC00AB4EEE9
:10315000480AF1EE10FA5ED0BDEEE80AF14880EDC3
:10316000000AF34991ED000AB8EEC00A38EEC00A31
:10317000BDEEC00A10EE100A1FED280A2146FFF727
:10318000F6FEEB4890ED000AB8EEC00A38EE400AB1
:10319000BDEEC00A10EE105A002D01DB284600E0FB
:1031A0006842642814DDE24890ED000AB8EEC00AD7
:1031B000B4EEC08AF1EE10FA02DDB0EE490A01E089
:1031C000B1EE490A10EE101A084605F0CFFF13E0E1
:1031D000D74890ED000AB8EEC00A38EE400A10EE6B
:1031E000101A084605F0C2FF41EC1B0B9FEDD10BF6
:1031F00053EC102B05F0C8FE41EC1A0B05F0C9FF8B
:1032000009EE900A0021B0EE690AFDEEC80A10EE40
:10321000900AFFF7DFFEBDEC088B70BD10B5C74804
:10322000006801283FDDC1490968C14A1268881A4F
:10323000FFF777FB05280CDAC04801680068401CDE
:10324000BE4A1060B1F57A7F2DDD0020FFF73CFE0D
:1032500010BDBA480068B0F5FA7F09DD0520B24913
:103260000860B749086040F2F510B449086004E00E
:103270000520AD490860B2490860AD480068AB4917
:103280000968884205DDBFEE000AAE4880ED000AFD
:1032900004E0B7EE000AAB4880ED000AA94890EDC3
:1032A000000AFFF79DFB00BFD2E710B52DED028BA2
:1032B000A54890ED000AB5EEC00AF1EE10FA08D16B
:1032C0009F48006828B19948006847F23051884209
:1032D00002DBBDEC028B10BD9A4890ED000AB5EE02
:1032E000C00AF1EE10FA7CD09848006847F23051DD
:1032F000884277D1934890ED000AB5EEC00AF1EE0E
:1033000010FA08DD8948006891490968401A88491F
:103310000968884210DB8B4890ED000AB5EEC00AC0
:10332000F1EE10FA7ED281480068894909680844A4
:103330007F490968884275DD8048006803285CDAA7
:103340007A4909687A4A1268881AFFF7EAFA0A285D
:1033500016DA764800687F490860002078490860DE
:10336000714908601FEDA30A764880ED000A02202B
:1033700072490860734890ED000AFFF731FBA8E737
:103380006A4800686A490968884237DD6C4890EDF0
:10339000000AB8EEC00A6B48D0ED000A60EE200AC1
:1033A0006B4890ED000AB8EEC00AC0EE801AB0EE8D
:1033B000611AB0EE410AFFF7A7FA5C4909685C4A56
:1033C0001268881AFFF7ADFA00EE900AB8EEE01A1C
:1033D0006148D0ED000A40EE010A594890ED000A1C
:1033E00001E0CAE047E0B8EEC00A80EE801AB0EE15
:1033F000418AB0EE480AFFF7F3FABDE0504890ED7D
:10340000000AB8EEC00A4F48D0ED000A60EE200A6C
:103410004F4890ED000AB8EEC00AC0EE801AB0EE38
:10342000611A00E021E0B0EE410AFFF76DFA3F4972
:1034300009683F4A1268881AFFF773FA00EE900A8B
:10344000B8EEE01A4448D0ED000A50EE410A3C487C
:1034500090ED000AB8EEC00A80EE801AB0EE418A04
:10346000B0EE480AFFF7BCFA86E0364890ED000A55
:10347000FFF7B6FA80E0334890ED000AB5EEC00AD7
:10348000F1EE10FA1FDD294890ED000AB8EEC00AEF
:103490002B48D0ED000AF8EEE00A2A4890ED001A19
:1034A00000EEC10A2D48D0ED000AF8EEE00A70EEF9
:1034B000600A1F4890ED000AB8EEC00AF4EEC00A98
:1034C000F1EE10FA27D31F4890ED000AB5EEC00ABE
:1034D000F1EE10FA4BD2154890ED000AB8EEC00A92
:1034E0001748D0ED000AF8EEE00A164890ED001AF1
:1034F00000EEC10A1948D0ED000AF8EEE00A70EEBD
:10350000200A0B4890ED000AB8EEC00AF4EEC00A9B
:10351000F1EE10FA2BDD05490968054A1268881A90
:103520001EE00000A401002090010020A80100205E
:10353000C00100207B14AE47E17A743FB80100203F
:103540008C010020B0010020B4010020A001002067
:1035500064010020BC010020440100206001002023
:10356000FFF77AF9B0EE408AFFF73AFA04E0FE4836
:1035700090ED000AFFF734FAABE6FC490968FC4A13
:103580001268881AFFF768F9B0EE408AFFF728FA48
:1035900000BF9EE600B5F7480068022815DA9FEDE7
:1035A000F60AF64880ED000A9FEDF30AEE4880ED3A
:1035B000000A0020F249086047F23050F1490860E3
:1035C000F14908600020F1490860F1480068401C9A
:1035D000EF490860EF490968884204DAEE4800685C
:1035E000FFF7A5F80EE0EB480068E9490860EB48F2
:1035F000006820B1E8480068FFF799F802E0002071
:10360000FFF795F800BDE24A1268521CE04B1A60C1
:10361000824207DDE24A12680A44E14B1A60002246
:10362000DB4B1A6070472DE9FC47FFF7B6F8D0492D
:103630000860FFF7F3FDDB480068002821DDD8486B
:103640000068D849096888422AD0D5480068D54919
:10365000096888420EDAD2480068D349096888426E
:103660001EDACF480068FFF763F904460121FFF72F
:10367000CAFF15E04FF0FF31CC480068FFF7C3FFE9
:103680000EE0C7480068002806DD4FF0FF31C8484B
:103690000068FFF7B8FF03E0FFF77CFFBDE8FC8799
:1036A000C4480068B2490968884205D0FFF7FDFDAB
:1036B000AF480068BF490860BF480068E8B3B84831
:1036C000D0ED000AF8EEE00ABC4890ED001A60EE7A
:1036D000810AB0EE600AFFF765F80446B048D0ED05
:1036E000000AF8EEE00AB64890ED001A60EE810A92
:1036F000B0EE600AFFF756F80546A948D0ED000A7B
:10370000F8EEE00AAF4890ED001A60EE810AB0EEE4
:10371000600AFFF747F80646A148D0ED000AF8EE28
:10372000E00AA94890ED001A60EE810AB0EE600A46
:10373000FFF738F807469A4800E023E0D0ED000A8A
:10374000F8EEE00AA14890ED001A60EE810AB0EEB2
:10375000600AFFF727F880469148D0ED000AF8EE9E
:10376000E00A9B4890ED001A60EE810AB0EE600A14
:10377000FFF718F8814633463A464146CDE90054F2
:10378000FEF765FF00BF89E770B52DED028B0F25B1
:1037900005269FED790AB0EE408A8E4800791E28F2
:1037A00005DB8C480079B42801DC012000E0002012
:1037B0000446FEF770FE32259FED870AB0EE408A80
:1037C0008448407800F0010020B1C8259FED830AAD
:1037D000B0EE408A7F48007800F0080098B17D483C
:1037E000007800F0100070B97A48007800F02000EE
:1037F00048B97848007800F0400020B92946784858
:10380000FFF74AFC0AE17348007800F00800A0B90D
:103810007048007800F0100078B16E48007800F031
:10382000200050B96B48007800F0400028B92946C4
:1038300040F2DC50FFF730FCF0E06648007800F022
:103840000800A0B96348007800F0100078B961481A
:10385000007800F0200050B15E48007800F0400091
:1038600028B929464FF41670FFF716FCD6E05948E0
:10387000007800F0080098B95648007800F0100071
:1038800070B95448007800F0200048B951480078D9
:1038900000F0400020B129465248FFF7FDFBBDE093
:1038A0004C48007800F00800A0B14A48007800F0C9
:1038B000100078B94748007800F0200050B1454822
:1038C000007800F0400028B929464FF49670FFF7C1
:1038D000E3FBA3E03F48007800F0080098B13D48C2
:1038E000007800F0100070B93A48007800F020002D
:1038F00048B93848007800F0400020B129463A48DD
:10390000FFF7CAFB8AE03348007800F00800A0B94E
:103910003048007800F0100078B12E48007800F0B0
:10392000200050B12B48007800F0400028B929460B
:103930004FF46170FFF7B0FB70E02648007800F0AC
:10394000080078B92348007800F0100050B12148F1
:10395000007800F0200028B91E48007800F04000F0
:1039600000B143E047E00000B0010020AC010020BE
:10397000C0010020B801002000000000B4010020B8
:1039800088010020A0010020A4010020A80100203F
:103990009C010020780100207401002070010020AB
:1039A0008C0100209001002094010020C80100201B
:1039B00098010020C401002084010020E0010020C3
:1039C000DC010020D8010020D4010020D00100201B
:1039D000CC010020380500209A99993E9A99193F08
:1039E000D4FEFFFF50FBFFFF7CFCFFFF2946F84899
:1039F000FFF752FB12E0F74890ED000ADFEDF60A00
:103A0000B4EEE00AF1EE10FA08D2294690ED000A71
:103A1000BDEEC00A10EE100AFFF73EFBEF4800783B
:103A200000F0080010BBED48007800F01000E8B985
:103A3000EA48007800F02000C0B9E848007800F0BB
:103A4000400098B9E34890ED000ADFEDE30AB4EED8
:103A5000E00AF1EE10FA09DD44B1FEF790FE28B15C
:103A6000DE48C07910B90020FFF72EFA14B1FFF735
:103A700054FA27E0D948007914280EDAFEF77FFEC1
:103A800028B10020B1EE480AFFF7F6FA1AE000204C
:103A9000B1EE480AFFF7F0FA14E0D0480079B428F4
:103AA0000EDDFEF76CFE28B10020B0EE480AFFF7ED
:103AB000E3FA07E00020B0EE480AFFF7DDFA01E084
:103AC000FFF72BFABDEC028B70BDC548016800689A
:103AD000401CC34A1060322907D2C2484089C249FB
:103AE00009680844C04908600BE0BF4800683221FB
:103AF000B0FBF1F0BD4908600020B9490860BA493F
:103B00000860BB4801680068401CB94A106032294F
:103B100007D2B4480089B74909680844B549086024
:103B20000BE0B44800683221B0FBF1F0B249086004
:103B30000020AF490860AF490860B04801680068DC
:103B4000401CAE4A1060322907D2A6488089AC4991
:103B500009680844AA4908600BE0A94800683221B6
:103B6000B0FBF1F0A74908600020A4490860A4490F
:103B70000860A54801680068401CA34A106032290B
:103B800007D29848C089A149096808449F4908603C
:103B90000BE09E4800683221B0FBF1F09C490860C0
:103BA000002099490860994908609A4801680068AE
:103BB000401C984A1060322907D28A4800889649EA
:103BC00009680844944908600BE093480068322172
:103BD000B0FBF1F09149086000208E4908608E49E1
:103BE00008608F4801680068401C8D4A10603229C7
:103BF00007D27C4840888B49096808448949086095
:103C00000BE0884800683221B0FBF1F0864908607B
:103C1000002083490860834908608448016800687F
:103C2000401C824A1060322907D26E488088804941
:103C3000096808447E4908600BE07D48006832212D
:103C4000B0FBF1F07B4908600020784908607849B2
:103C50000860704701B56148407800F0200040B12D
:103C60009DF80000744981F82F00002081F82E0093
:103C700011E05A48407800F0040040B19DF800007F
:103C80006D4981F82F00012081F82E0003E0022009
:103C9000694981F82F0008BD5048407800F00200C3
:103CA00010B366480068F8B96548006890B9962076
:103CB000614981F8230081F8270081F82B0000205A
:103CC00081F8220081F8260081F82A0001205C4951
:103CD000086009E00020584981F8230081F8270096
:103CE00081F82B00564908603C48407800F00200FB
:103CF00052490860704710B53848407800F002001B
:103D0000C0B93648407800F0040098B10122802103
:103D10004C4801F02FFA4FF480414B4801F00CFA67
:103D200020B901224021474801F024FA01204749E7
:103D300008700FE04548007860B1002240214148FA
:103D400001F018FA002280213E4801F013FA002009
:103D50003E49087010BD10B54FF4E6703C4908604C
:103D600001228021374801F005FA00240BE002E02F
:103D7000012004F0E1FB4FF48041334801F0DCF90D
:103D80000128F5D0641C642CF1DB40F2DC5004F017
:103D9000D3FB012291022B4801F0ECF94FF4FA70A9
:103DA00004F0CAFB01224021264801F0E3F9002477
:103DB0000AE002E0012004F0BFFB0121224801F0EB
:103DC000BBF90128F6D0641C642CF2DB00244CE023
:103DD00024FAFFFF8C00002000606A4638050020AE
:103DE00054020020EC040020580200207000002043
:103DF0005C020020600200207400002064020020A9
:103E0000680200207C0000206C020020700200206C
:103E1000780000207402002078020020800000203A
:103E20007C02002080020020840000208402002008
:103E300088020020880000200400002038020020B2
:103E40002002002000040240001002408C020020EA
:103E5000E800002002E0012004F06EFB0121F74899
:103E600001F06AF90028F6D0641C642CF2DB4FF4F0
:103E70007A7004F061FB00224FF48061F04801F099
:103E800079F940F2DC5004F057FB00240AE002E02C
:103E9000012004F051FB0121E84801F04DF901280F
:103EA000F6D0641C642CF2DB4FF4FA7004F044FB8F
:103EB00000224021E24801F05DF94FF4FA6004F07D
:103EC0003BFB00228021DE4801F054F900240AE087
:103ED00002E0012004F030FB0221D84801F02CF967
:103EE0000128F6D0641C642CF2DB10BD10B54FF431
:103EF000E670D449086002E00A2004F01DFBD248B5
:103F00000068B0F5EB7FF7DC01224021CC4801F0DE
:103F100031F941F2883004F00FFB0A20CB4981F8D7
:103F20002B0081F8270081F82300012081F822006E
:103F300081F8260081F82A0041F2883004F0FCFA6A
:103F400040F23A20BF49086000224021BC4801F0FD
:103F500011F900240DE004E0012004F0EDFAFFF770
:103F600013FC4FF48061B54801F0E6F80128F3D066
:103F7000641C642CEFDB40F6B83004F0DDFA00205E
:103F8000B24981F8230081F8270081F82B0010BD89
:103F900010B5AF48407800F0080050B1AC48407808
:103FA00000F0020028B901228021A54801F0E2F8C2
:103FB00011E0A748007800F0020060B100228021E3
:103FC0009F4801F0D7F80020A04981F82B0081F824
:103FD000270081F8230010BD10B59D48407800F0FF
:103FE000400078B34FF48061944801F0A5F848BBD5
:103FF0001E20964981F82B0081F8270081F82300C4
:10400000002081F8220081F8260081F82A0042F27F
:10401000107004F091FA0122D102894801F0AAF847
:1040200042F2107004F088FA0020884981F82B00D1
:1040300081F8270081F8230000224FF400618048B6
:1040400001F098F810BD10B58148407800F080006C
:1040500058B314207D4981F82B0081F8270081F89E
:104060002300012081F8220081F8260081F82A002F
:1040700000240BE002E0012004F05EFA4FF48061BE
:104080006E4801F059F80128F5D0641C642CF1DB6E
:1040900040F6B83004F050FA00206C4981F8230053
:1040A00081F8270081F82B0000BF10BD10B50A2051
:1040B000FEF70AFF9620654981F82B0081F827005A
:1040C00081F82300002081F8220081F8260081F881
:1040D0002A0043F6982004F02FFA0122D102584812
:1040E00001F048F841F6583004F026FA002057490C
:1040F00081F82B0081F8270081F8230000224FF47B
:1041000000614F4801F036F810BD10B50446514823
:1041100004604A2C09D19FED500A504880ED000AF6
:104120004F4800684F49086074E24B2C09D19FED5D
:104130004E0A4A4880ED000A49480068494908602B
:1041400068E24C2C09D19FED490A444880ED000AF1
:1041500043480068434908605CE24D2C09D19FED5B
:10416000440A3E4880ED000A3D4800683D49086029
:1041700050E24E2C09D19FED3F0A384880ED000AED
:10418000374800683749086044E24F2C09D19FED59
:104190003A0A324880ED000A314800683149086027
:1041A00038E2502C09D19FED350A2C4880ED000AE9
:1041B0002B4800682B4908602CE2512C0AD19FED56
:1041C000300A264880ED000A25480068801D2549F0
:1041D00008601FE2522C0AD19FED2A0A1F4880ED89
:1041E000000A1F480068401D1E49086012E2532C57
:1041F0000AD19FED250A194880ED000A1848006889
:10420000401D1849086005E2542C0AD19FED1F0A91
:10421000124880ED000A12480068401D11490860EC
:10422000F8E1552C36D19FED1A0A0C4880ED000AB2
:104230000B480068401F0B490860EBE1001002408A
:1042400000040240E800002080000020040000205C
:10425000380500203002002033335F412C0200205B
:104260009400002034020020CDCC6041666662419B
:10427000000064419A99654133336741CDCC684170
:1042800066666A4100006C419A996D4133336F4113
:10429000CDCC7041562C0AD19FEDF70AF74880ED3E
:1042A000000AF7480068401FF6490860B2E1572C41
:1042B0000AD19FEDF50AF14880ED000AF048006848
:1042C000401FF0490860A5E1582C0AD19FEDEF0A84
:1042D000EA4880ED000AEA480068401FE9490860A2
:1042E00098E1592C0AD19FEDEA0AE44880ED000AD2
:1042F000E3480068001FE34908608BE15A2C0AD1AB
:104300009FEDE40ADD4880ED000ADD480068001FEB
:10431000DC4908607EE15B2C0AD19FEDDF0AD748BB
:1043200080ED000AD6480068001FD649086071E198
:104330005C2C0AD19FEDD90AD04880ED000AD04804
:104340000068001FCF49086064E15D2C0AD19FED31
:10435000D40ACA4880ED000AC9480068001FC9494C
:10436000086057E15E2C0AD19FEDCE0AC34880ED6C
:10437000000AC3480068C01EC24908604AE15F2CB9
:104380000AD19FEDC90ABD4880ED000ABC4800680B
:10439000C01EBC4908603DE1602C0AD19FEDC30AF4
:1043A000B64880ED000AB6480068C01EB5490860EE
:1043B00030E1612C0AD19FEDBE0AB04880ED000AC1
:1043C000AF480068C01EAF49086023E1622C0AD1E3
:1043D0009FEDB80AA94880ED000AA9480068801E30
:1043E000A849086016E1632C0AD19FEDB30AA348DF
:1043F00080ED000AA2480068801EA249086009E119
:10440000642C0AD19FEDAD0A9C4880ED000A9C48BF
:104410000068801E9B490860FCE0652C0AD19FED76
:10442000A80A964880ED000A95480068801E9549C4
:104430000860EFE0662C0AD19FEDA20A8F4880ED5C
:10444000000A8F480068801E8E490860E2E0672CF1
:104450000AD19FED9D0A894880ED000A88480068CE
:10446000401E88490860D5E0682C0AD19FED970A64
:10447000824880ED000A82480068401E8149086039
:10448000C8E0692C0AD19FED920A7C4880ED000AB1
:104490007B480068401E7B490860BBE06A2C0AD15B
:1044A0009FED8C0A754880ED000A75480068401E33
:1044B00074490860AEE06B2C0AD19FED870A6F4803
:1044C00080ED000A6E480068401E6E490860A1E059
:1044D0006C2C0AD19FED810A684880ED000A68487B
:1044E0000068401E6749086094E06D2C09D19FED7B
:1044F0007C0A624880ED000A6148006861490860F2
:1045000088E06E2C09D19FED770A5C4880ED000AA7
:104510005B4800685B4908607CE06F2C09D19FED27
:10452000720A564880ED000A5548006855490860EF
:1045300070E0702C09D19FED6D0A504880ED000AA3
:104540004F4800684F49086064E0712C09D19FED25
:10455000680A4A4880ED000A4948006849490860ED
:1045600058E0722C09D19FED630A444880ED000A9F
:1045700043480068434908604CE0732C0AD19FED22
:104580005E0A3E4880ED000A3D480068401C3D49F7
:1045900008603FE0742C0AD19FED580A374880ED3F
:1045A000000A37480068401C3649086032E0752C24
:1045B0000AD19FED530A314880ED000A3048006867
:1045C000401C3049086025E0762C0AD19FED4D0A49
:1045D0002A4880ED000A2A480068401C29490860E2
:1045E00018E0772C0AD19FED480A244880ED000A94
:1045F00023480068801C234908600BE0782C09D10F
:104600009FED420A1D4880ED000A1D480068801C8D
:104610001C49086000EE104AB8EEC00A1748D0EDF9
:10462000000A20EE200AF2EE040A80EE201ABDEE07
:10463000C10A374880ED000A4FF48061354800F028
:104640007BFD38B93448007820B90D4800683349FB
:1046500008600FE04FF480612E4800F06DFD48B90E
:104660002D48007830B92E48807918B10548006887
:104670002A49086010BD0000666672412C020020C5
:104680009400002034020020000074419A99754182
:1046900033337741CDCC784166667A4100007C4166
:1046A0009A997D4133337F4166668041333381413E
:1046B00000008241CDCC82419A9983416666844153
:1046C0003333854100008641CDCC86419A9987419C
:1046D000666688413333894100008A41CDCC8A41E6
:1046E0009A998B4166668C4133338D4100008E412F
:1046F000CDCC8E419A998F4166669041333391417A
:1047000000009241CDCC92419A99934166669441C2
:10471000300200200010024053020020E800002078
:104720003805002010B5FE488079002846D04FF4A7
:104730008061FC4800F000FD00283FD1F848007877
:1047400000F08000002839D00120F74908700A20C5
:10475000FEF7BAFBF5480078F54981F82B0081F89F
:10476000270081F82300002081F8220081F826002C
:1047700081F82A0002E0642003F0DEFEE8480078B9
:1047800000F080000028F6D10122D102E94800F0B3
:10479000F1FC43F6982003F0CFFE0020E44981F8B5
:1047A0002B0081F8270081F8230000224FF40061DC
:1047B000E04800F0DFFC0020DB49087010BD70B558
:1047C0002DED0C8B0446A4F16400002801DB0146AA
:1047D00000E041420D46284604F0B7FC41EC1D0BB9
:1047E0009FEDD50B53EC102B04F0CEFB41EC1C0BD2
:1047F000B0EE4C0AF0EE6C0A05F02EF8B0EE40BABE
:10480000F0EE60BA9FEDCE0B53EC102B51EC1B0B6E
:1048100004F0B7FB41EC1A0B9FEDCB0B53EC102BC4
:1048200004F0B2FB41EC190B9FEDC90B53EC102BBC
:1048300004F003FB41EC180B04F0ABFC00EE100A93
:10484000BDEC0C8B70BD10B52DED028B04462046DF
:10485000FFF7B5FFB0EE408ABF4880ED008ABDEC9F
:10486000028B10BD10B52DED028B04462046FFF7DC
:10487000A6FFB0EE408AAA48C07990B15E2C05DA56
:104880000020B1EE480AFEF7F7FB0AE06A2C05DDCE
:104890000020B0EE480AFEF7EFFB02E00020FEF732
:1048A00013FBBDEC028B10BD9D48407800F0010069
:1048B000F0B1AA480078662805DD07209C49C87633
:1048C0000120887614E0A5480078622805DA0720E0
:1048D0009749C876002088760AE0A04800786228C8
:1048E00006DB9E480078662802DC02209049C876E4
:1048F00070479B4800689B490968884203DA9948D9
:104900000068974908609648006897490968884296
:1049100003DD954800689249086094490968904A07
:104920001268881A002801DB014600E04142012993
:1049300031DD8E4800688A490968884204DD01201B
:104940007B4981F82E0003E00020794981F82E0090
:1049500086490968824A1268881A002801DB0146E4
:1049600000E0414201EB81014900814A116010469B
:104970000068FA2802DDFA20114608607C480068C9
:10498000322802DA32207A4908607948007868498A
:1049900081F82F0003E00020654981F82F0070475F
:1049A00010B55F48407800F00200A0B15C48407844
:1049B00000F0040078B16A4800686B4909688842D1
:1049C00009DA67480068401C654908604FF4967032
:1049D00003F0B2FD18E05248407800F0020098B1B0
:1049E0004F48407800F0200070B15D4800685D4994
:1049F0000968884208DD5A480068401E5849086026
:104A00004FF4C87003F098FD10BD05E01120FDF7CC
:104A10002EFD0F2003F090FDF8E711E040480078EC
:104A200000F0010010B1FEF7AFFE02E00020FEF73B
:104A30004BFAFFF74AF8FFF75CFF032003F07CFD19
:104A4000ECE704E0FEF7EFFD032003F075FDF9E766
:104A50001FB5FCF724F8FCF761F8FCF7B0FAFCF797
:104A600070FBFCF7FDFBFCF7EEFCFCF7C2F84FF423
:104A7000E130FCF7C8FD4FF4E130FCF74DFE4FF498
:104A8000E130FCF7D6FE4FF46120FDF70AF84FF451
:104A9000E130FDF7A3F8FDF77CFEFDF7F7F9002004
:104AA00034490870012034490870002000900190BA
:104AB000029003464FF4807230A10390344803F013
:104AC000FCFA002000900190029003464FF480729F
:104AD00030A10390344803F0F0FA04203349087001
:104AE0000120334908704FF416701D4908600A20F0
:104AF000FEF7EAF99AE090E0FFF752FFFFF7D4FEE5
:104B0000FFF7F9F82B480078FFF7ACFEFFF740FA03
:104B1000294890ED000AB8EEC00AFDF71BFD4DE0F4
:104B2000380500200010024053020020300200200F
:104B30000400002000040240295C8FC2F528ACBFAD
:104B4000000000000000F03F000000000000E03F17
:104B5000666666666666E63F3C020020230100202A
:104B6000E8000020EC000020F00000208000002081
:104B70000C0200209C000020520200207461736B24
:104B8000526F626F74416E616C7974696373000077
:104B9000434A00087461736B446965754B686965C5
:104BA0006E436F43617500001B4A0008ED01002051
:104BB000E701002024010020780000202B48006835
:104BC000FFF7A3FAFFF73FFA2948407800F0020008
:104BD00030B92748407800F0200008B1FFF7BBF853
:104BE0002348407800F0020030B92148407800F0B6
:104BF000100008B1FFF77AF91D48407800F0020074
:104C000030B91B48407800F0400008B1FFF7E4F9E4
:104C1000FFF788FD012003F08FFC1548007800F0B5
:104C2000010000287FF468AFFEF74EF963E71FB577
:104C3000002000900190029003464FF480720DA175
:104C400003900F4803F039FA002000900190029081
:104C500003464FF480720BA103900D4803F02DFA28
:104C600003F044FE002004B010BD000090000020BE
:104C7000380500207461736B4D61696E000000009F
:104C8000514A00087461736B4779726F000000002D
:104C90000B4A00080CB50020019000907248006893
:104CA00040F480307049086000BF6F48006800F42D
:104CB000003000900198401C0190009818B90198AC
:104CC000B0F5A06FF1D16848006800F4003010B171
:104CD0000120009001E0002000900098012846D1BA
:104CE00061484030006840F080505F4940310860C2
:104CF0005E48006840F480405C4908605A480830CB
:104D000000685949083108600846006840F40040CE
:104D100008600846006840F4A05008605448091F25
:104D20000860081F006840F08070091F086000BF1D
:104D30004D48006800F000700028F9D040F205608E
:104D40004C49086048480830006820F00300464994
:104D5000083108600846006840F00200086000BFA3
:104D600041480830006800F00C000828F8D10CBD5C
:104D700010B53D48006840F001003B490860002044
:104D8000394908310860384800683B4908403649CD
:104D900008603A48091D0860081F006820F4802058
:104DA000091F0860002030490C310860FFF772FFCE
:104DB0004FF000603249086010BD70B5002000223D
:104DC000022300240221284D08352D6805F00C002F
:104DD00020B1042806D0082834D107E0294D2A4EF6
:104DE000356033E0294D284E35602FE01E4D2D1DD6
:104DF0002D68C5F380541C4D2D1D2D6805F03F0115
:104E000054B1224DB5FBF1F5174E361D3668C6F389
:104E1000881605FB06F209E01A4DB5FBF1F5124EB6
:104E2000361D3668C6F3881605FB06F20E4D2D1D9D
:104E30002D68C5F301456D1C6B00B2FBF3F5124EF6
:104E4000356003E00F4D104E356000BF00BF064DCA
:104E500008352D68C5F303150D4E705D0A4D2D689C
:104E6000C540094E356070BD0038024000700040FA
:104E700008544007003C0240FFFFF6FE10300024BB
:104E800008ED00E00024F4009002002000127A00F7
:104E9000940200200648804706480047FEE7FEE7E8
:104EA000FEE7FEE7FEE7FEE7FEE7FEE7FEE7FEE7DA
:104EB000714D00088901000832490143324A1160EE
:104EC000704770B5002100230F22C4781CB32E4C0C
:104ED000246804F4E064C4F5E064C4F30721C1F17C
:104EE0000404E3B20A4144789C40E1B2847814405F
:104EF00021430C07210E254C05786155047804F0F8
:104F00001F050124AC4005786D11AD0005F1E025C9
:104F1000C5F8004109E0047804F01F050124AC4005
:104F20001B4D0678761145F8264070BD194A0A4097
:104F30000243154B1B1F1A60704739B1124A121DEC
:104F400012680243104B1B1D1A6006E00E4A121D28
:104F5000126882430C4B1B1D1A607047042808D14D
:104F60004FF0E021096941F004014FF0E0221161A6
:104F700007E04FF0E021096921F004014FF0E02241
:104F8000116170470000FA050CED00E000E400E05C
:104F900080E100E080FFFF1F10B504468C4884428A
:104FA00008D10121084600F000FB0021012000F09B
:104FB000FCFA5EE08748844208D10121022000F01B
:104FC000F4FA0021022000F0F0FA52E08248844214
:104FD00008D10121042000F0E8FA0021042000F0AB
:104FE000E4FA46E07D48844208D10121082000F01F
:104FF000DCFA0021082000F0D8FA3AE07848844230
:1050000008D10121102000F0D0FA0021102000F07A
:10501000CCFA2EE07348844208D10121202000F010
:10502000C4FA0021202000F0C0FA22E06E48844239
:1050300008D10121402000F0B8FA0021402000F002
:10504000B4FA16E06948844208D10121802000F0BA
:10505000ACFA0021802000F0A8FA0AE064488442FB
:1050600007D10121801500F0A0FA0021A01500F061
:105070009CFA10BDF0B50A4600210023002400BFB1
:105080003DE0012505FA01F3156805EA03049C4299
:1050900034D105684F000326BE40B543056015793D
:1050A0004E00B5400668354305601579012D02D0E4
:1050B0001579022D16D185684F000326BE40B543F1
:1050C000856055794E00B5408668354385604568F2
:1050D00001268E40B5434560456896798E40B6B24C
:1050E00035434560C5684F000326BE40B543C560E3
:1050F000D5794E00B540C6683543C560491C1029B6
:10510000BFD3F0BD4FF6FF71016000210171417105
:105110008171C171704708B54FF480320092009AD6
:105120000A430092009AC261C161009AC261C269D9
:105130000092C269009208BD0246002013690B402C
:105140000BB1012000E0002070470146086980B2E1
:1051500070470246002053690B400BB1012000E06C
:10516000002070470146486980B27047018370474C
:10517000418370470AB1018300E041837047416178
:10518000704742694A4042617047F0B500230024ED
:105190004D07ED0E02FA05F3CE1000F1200555F88B
:1051A00026504E07F70E0F26BE40B543CF1000F134
:1051B000200646F82750CE1000F1200555F826505D
:1051C00045EA0304CE1000F1200545F82640F0BD65
:1051D000000002400004024000080240000C0240AF
:1051E000001002400014024000180240001C02405F
:1051F00000200240FA48006840F00100F8490860C9
:105200000020F74908310860F5480068F549084072
:10521000F3490860F448091D0860081F006820F47D
:105220008020091F08600020ED490C31086070479C
:105230000021EB4A921C117011460870704710B59E
:1052400001460022002300204A11012A02D1E44C29
:10525000236808E0022A03D1E14C7034236802E09D
:10526000DF4C7434236801F01F02012494401C4079
:105270000CB1012000E0002010BD38B500200090E6
:105280000024002500BF3120FFF7D9FF0546009814
:10529000401C00900098B0F5A06F01D0002DF2D016
:1052A0003120FFF7CCFF08B1012400E000242046A4
:1052B00038BD01460020CA4A106820F0F80040EAD4
:1052C000C10010607047C949086070470021C44A96
:1052D000703211701170012802D004280AD104E044
:1052E0000121BF4A7032117005E00521BC4A7032BD
:1052F000117000E000BF00BF7047BD4908607047F3
:1053000070B5049C41EA82150126C6EB530645EAB6
:105310000645054345EA0465B14E361D356070BD4E
:10532000B24908667047820142EA0172AC4B84338D
:105330001A607047AD4988667047AC49C8647047C9
:1053400002460020A64B0833186820F0EC6042EAC1
:1053500001031843A24B083318607047024600202F
:105360009F4B0833186820F0784042EA0103184345
:105370009B4B08331860704701460020984A08325A
:10538000106820F00300084310607047944808300C
:10539000006800F00C00704701460020904A083277
:1053A000106820F0F00008431060704701460020AC
:1053B0008B4A0832106820F4E050084310607047B0
:1053C00001460020864A0832106820F4604040EA16
:1053D000C10010607047F0B50021002200240225B2
:1053E000002602237E4F08373F6807F00C0121B1E9
:1053F000042905D0082937D105E07E4F076036E043
:105400007D4F076033E0764F3F1D3F68C7F38056FE
:10541000734F3F1D3F6807F03F036EB1764FB7FBF8
:10542000F3F7DFF8BCC10CF1040CDCF800C0CCF3DE
:10543000881C07FB0CF40CE06E4FB7FBF3F7DFF8AA
:10544000A0C10CF1040CDCF800C0CCF3881C07FBF5
:105450000CF4634F3F1D3F68C7F301477F1C7D007D
:10546000B4FBF5F7076002E0624F076000BF00BFC2
:105470005B4F08373F6807F0F00109095F4F7A5C1E
:105480000768D7404760564F08373F6807F4E05138
:10549000890A5A4F7A5C4768D7408760504F08376F
:1054A0003F6807F46041490B544F7A5C4768D74026
:1054B000C760F0BD002100F44072B2F5407F0AD110
:1054C000474A0832116821F4F8114D4A024011434D
:1054D000434A08321160424A70321268C0F30B032B
:1054E0001A433F4B70331A60704741494439086092
:1054F00070473F494039086070474249086070472B
:1055000039B1374A303212680243354B30331A60B2
:1055100006E0334A303212688243314B30331A602E
:10552000704739B12E4A3432126802432C4B34335F
:105530001A6006E02A4A343212688243284B343318
:105540001A60704739B1264A383212680243244B38
:1055500038331A6006E0224A383212688243204B00
:1055600038331A60704739B11D4A4032126802431D
:105570001B4B40331A6006E0194A403212688243DE
:10558000174B40331A60704739B1154A44321268DC
:105590000243134B44331A6006E0114A4432126846
:1055A00082430F4B44331A60704739B10C4A1032B2
:1055B000126802430A4B10331A6006E0084A1032A0
:1055C00012688243064B10331A607047E1B1044AF7
:1055D000143212680243024B14331A6019E00000BF
:1055E00000380240FFFFF6FE103000240000474262
:1055F000800E47420024F40000127A00A40200202A
:10560000FFFCFF0F5C0147425B4A126882435A4B22
:105610001A60704739B1584A121D12680243564B3E
:105620001B1D1A6006E0544A121D12688243524B39
:105630001B1D1A60704739B14F4A0C321268024381
:105640004D4B0C331A6006E04B4A0C321268824311
:10565000494B0C331A60704739B1474A103212680F
:105660000243454B10331A6006E0434A1032126879
:105670008243414B10331A60704739B13E4A3C3285
:10568000126802433C4B3C331A6006E03A4A3C3213
:1056900012688243384B3C331A60704739B1364A3E
:1056A000403212680243344B40331A6006E0324AFB
:1056B000403212688243304B40331A60704739B130
:1056C0002D4A4432126802432B4B44331A6006E0E1
:1056D000294A443212688243274B44331A60704788
:1056E00039B1254A4C3212680243234B4C331A60BD
:1056F00006E0214A4C32126882431F4B4C331A6039
:10570000704739B11C4A5032126802431A4B503369
:105710001A6006E0184A503212688243164B503322
:105720001A60704739B1144AD21F12780243124BE3
:10573000DB1F1A7006E0104AD21F127882430E4B0C
:10574000DB1F1A7070470C486030006840F08070B2
:10575000094960310860704701460020064A083A4E
:1057600012680A400AB1012000E000207047024997
:10577000891F0870704700001438024010B50121DD
:105780000802FFF769FF00214FF48070FFF764FF04
:1057900010BD30B50246002000235068F84C204070
:1057A0000D790C6844EA0524204350609068F54C5C
:1057B0002040D1E903542C438D682C434D7944EAB1
:1057C000450420439060D06A20F470000C7D641E74
:1057D000E4B2234340EA0350D06230BD00210160AF
:1057E000017141718160C1600161012101757047E2
:1057F0000021E54A1168E54A1140D0E900231A4327
:1058000083681A43C3681A431143E14AC2F8041378
:1058100070470021016041608160C160704721B123
:10582000826842F00102826003E0826822F0010295
:10583000826070470A4600214168D64B19401143E7
:10584000416070474162826270470A4600214168A8
:1058500021F01F0111434160704738B1CA490968FE
:1058600041F40001CA4AC2F8041306E0C6490968B7
:1058700021F40001C64AC2F80413704738B1C24986
:10588000096841F48001C24AC2F8041306E0BE4927
:10589000096821F48001BE4AC2F804137047F0B5CC
:1058A00004460D4600200021092D11DDE068A5F118
:1058B0000A0606EB4607072606FA07F18843A5F114
:1058C0000A0606EB460603FA06F10843E0600CE020
:1058D000206905EB4507072606FA07F1884305EB23
:1058E000450603FA06F108432061072A0FDA606BC8
:1058F000561E06EB86071F2606FA07F18843561E3A
:1059000006EB860605FA06F10843606322E00D2ADD
:105910000FDA206BD61F06EB86071F2606FA07F163
:105920008843D61F06EB860605FA06F10843206376
:1059300010E0E06AA2F10D0606EB86071F2606FAC4
:1059400007F18843A2F10D0606EB860605FA06F17B
:105950000843E062F0BD816841F08041816070479A
:10596000014600208A6802F480020AB1012000E0AA
:105970000020704721B1826842F48062826003E0B7
:10598000826822F480628260704721B1826842F0AE
:105990000202826003E0826822F0020282607047A5
:1059A00010B50A4600210023416821F46041531ECE
:1059B00041EA4331416010BD21B1426842F40062C6
:1059C000426003E0426822F4006242607047014690
:1059D000C86C80B270476C48001D0068704721B1E8
:1059E000826842F48072826003E0826822F48072EE
:1059F0008260704721B1826842F40072826003E0E5
:105A0000826822F400728260704738B15E4909688A
:105A100041F400515E4AC2F8041306E05A4909688D
:105A200021F400515A4AC2F804137047F0B50446F5
:105A30001546002000220026092911DDE068A1F1A9
:105A40000A0707EB470C072707FA0CF29043A1F16E
:105A50000A0707EB470703FA07F21043E0600CE080
:105A6000206901EB410C072707FA0CF2904301EB88
:105A7000410703FA07F210432061A06BC0F30156FF
:105A8000EF1C06F1010CA7EB0C0707EB870C1F2797
:105A900007FA0CF29043EF1C06F1010CA7EB0C0780
:105AA00007EB870701FA07F21043A063F0BD10B5BA
:105AB0000A4600210023816B21F44011531E41EA64
:105AC0000351816310BD08B5002300930090009B33
:105AD0000B440093009B1A6008BD0A4600218168B0
:105AE00021F470211143816070470A4600218168CA
:105AF00021F44011114381607047816841F48001B5
:105B000081607047014600208A6802F480020AB171
:105B1000012000E00020704721B1426842F4806219
:105B2000426003E0426822F480624260704721B123
:105B3000426842F48052426003E0426822F480529C
:105B40004260704708B5024600200090009201F1C3
:105B50002800009B184400900098006880B208BD9F
:105B600010B50B460021D9B2012404FA01F11AB193
:105B700044680C43446002E044688C43446010BDB8
:105B8000FFFEFFFCFDF7FFC004230140E030FCFFF7
:105B900000200140FFFD3FFF0246002013680B403C
:105BA0000BB1012000E000207047CA43026070473B
:105BB00070B502460020002300240B125568012610
:105BC0008E4005EA060415681D4015B10CB1012090
:105BD00000E0002070BD00220A12D343036070472A
:105BE000016821F0010101600021016041608160D4
:105BF000C160016121214161DB49884204D13D211D
:105C0000D94A103A91608CE0D7491831884205D1C1
:105C10004FF47461D44A103A916082E0D249303135
:105C2000884205D14FF47411CF4A103A916078E060
:105C3000CD494831884205D14FF07461CA4A103AC3
:105C400091606EE0C8496031884204D1C749C64AB4
:105C5000103AD16065E0C4497831884204D1C44922
:105C6000C14A103AD1605CE0BF499031884204D10A
:105C7000C049BD4A103AD16053E0BB49A8318842BF
:105C800005D14FF03D51B84A103AD16049E0BA49C8
:105C9000884204D13D21B84A083A116041E0B64932
:105CA0001831884205D14FF47461B34A083A116043
:105CB00037E0B1493031884205D14FF47411AE4A12
:105CC000083A11602DE0AC494831884205D14FF0C7
:105CD0007461A94A083A116023E0A74960318842FB
:105CE00004D1A249A44A121F11601AE0A2497831D6
:105CF000884204D19E49A04A121F116011E09E49BA
:105D00009031884204D19B499B4A121F116008E0E0
:105D10009949A831884204D14FF03D51964A121F4B
:105D20001160704710B500220268944B1A40CC688D
:105D30000B6823434C6923438C692343CC69234379
:105D40000C6A23434C6A23438C6A23434C6B2343E2
:105D50008C6B23431A430260426922F00702D1E9A7
:105D60000B3423431A4342610B6943604B688360E1
:105D70008B68C36010BD0021016041608160C1601B
:105D8000016141618161C161016241628162C162FF
:105D9000016341638163704721B1026842F00102EF
:105DA000026003E0026822F001020260704721B144
:105DB000026842F40042026003E0026822F40042FA
:105DC0000260704721B1026842F02002026003E0E5
:105DD000026822F02002026070474160704701466D
:105DE000486880B2704722B1036843F4002303601F
:105DF00003E0036823F4002303600161704721B1CD
:105E0000026842F48022026003E0026822F48022E9
:105E1000026070470AB1016100E0C160704701464D
:105E200000200A6802F400220AB1012000E00020EC
:105E30007047014600200A6802F001020AB1012001
:105E400000E000207047014600204A6902F0380057
:105E5000704730B503460A4600200024464DAB4249
:105E600002D24149103901E04349103902F000558E
:105E70000DB14C6800E00C68414D2C4004EA02056D
:105E80000DB1012000E0002030BD02463A4B9A429D
:105E900002D23548103801E03748103801F000537D
:105EA0001BB1374B0B40C36002E0354B0B408360A6
:105EB000704710B501F080034BB122B1436943F044
:105EC0008003436103E0436923F080034361802939
:105ED0000BD02AB1036801F01E042343036004E0E1
:105EE000036801F01E04A343036010BD70B50246B1
:105EF000002000240025204EB24202D21A4B103B53
:105F000001E01D4B103B1F4E0E4036B11E2606EA27
:105F1000D124166806EA040502E0566906F08005F9
:105F200001F000560EB15C6800E01C68144E34406D
:105F300004EA010616B10DB1012000E0002070BD99
:105F400002460D4B9A4202D20748103801E00A4837
:105F5000103801F000531BB1094B0B40C36002E045
:105F6000074B0B4083607047106002403D000020EB
:105F7000400F002000003D20106402403F801CF0D4
:105F80007D0F7D0F3C0F3C0F002044490860091D28
:105F90000860091D0860091D086041483F49143127
:105FA0000860704700213D498279002A3AD00A46AC
:105FB000126803689A430B461A600A1D1268036848
:105FC0009A430B1D1A60027911440A6803681A4348
:105FD0000A60324A0832126803689A432F4B08332A
:105FE0001A601A1D126803689A432C4B0C331A600E
:105FF0004279102A0ED11A1F126803681A43274BE0
:1060000008331A601A1D126803681A43234B0C33B5
:106010001A600DE02149427911440A6803681A4365
:106020000A6005E0027911440A6803689A430A602D
:1060300070470021016001710C21417100218171C3
:1060400070471649103109680143144A1032116033
:10605000704701460020114A143212680A400AB102
:10606000012000E0002070470C491431086070479F
:10607000014600200022094B1B6803EA0102074B7E
:1060800014331B680B4013B10AB1012000E000205B
:10609000704702491431086070470000003C01401D
:1060A000FFFF7F0010B50446FE48844208D101215D
:1060B0000846FFF7D1FA00210120FFF7CDFA9DE055
:1060C000B4F1804F08D101210846FFF7B4FA00214E
:1060D0000120FFF7B0FA91E0F348844208D1012192
:1060E0000220FFF7A8FA00210220FFF7A4FA85E0BA
:1060F000EE48844208D101210420FFF79CFA0021D8
:106100000420FFF798FA79E0E948844208D1012198
:106110000820FFF790FA00210820FFF78CFA6DE0C5
:10612000E448844208D101211020FFF784FA0021BD
:106130001020FFF780FA61E0DF48844208D1012196
:106140002020FFF778FA00212020FFF774FA55E0AD
:10615000DA48844208D101210220FFF77DFA0021AC
:106160000220FFF779FA49E0D548844209D101219C
:106170000804FFF771FA00214FF48030FFF76CFA42
:106180003CE0D048844209D101214804FFF764FA79
:1061900000214FF40030FFF75FFA2FE0CA48844235
:1061A00009D101218804FFF757FA00214FF480201C
:1061B000FFF752FA22E0C548844208D1012140206D
:1061C000FFF739FA00214020FFF735FA16E0C04802
:1061D000844208D101218020FFF72DFA0021802080
:1061E000FFF729FA0AE0BB48844207D10121801554
:1061F000FFF721FA0021A015FFF71DFA10BD0022BC
:106200000288A84B98420ED0AC4B98420BD0B0F10C
:10621000804F08D0A44B984205D0A44B984202D09E
:10622000A34B984204D14FF68F731A404B881A4300
:10623000A04B984207D0A04B984204D04FF6FF43A2
:106240001A400B891A4302804B68C3620B8803858E
:10625000944B984202D0994B984201D18B7A038695
:106260000123838270474FF0FF314160002101809C
:1062700001814180817270470185828270470A46A0
:10628000002101884FF68F73194011430180704738
:1062900041627047C16270470146486A70470146D3
:1062A000088D704721B1028842F00202028004E0AA
:1062B00002884FF6FD731A400280704721B10288B0
:1062C00042F00402028004E002884FF6FB731A4099
:1062D0000280704721B1028842F08002028004E00F
:1062E00002884FF67F731A400280704702884FF68B
:1062F000F7731A40028002880A43028070470288BE
:106300004FF6FF431A40028002880A43028070471A
:1063100021B1028842F00102028004E002884FF6B7
:10632000FE731A400280704770B5002400220023DB
:10633000058C4FF6FE7635400584028C8388048BED
:106340004FF68F752C40B51E2C400D882C43751EC2
:106350002A408D892A434D882A43524DA84202D0B3
:10636000564DA84213D14FF6F7752A40CD892A43DE
:106370004FF6FB752A408D882A434FF6FF652B4068
:106380004FF6FF552B400D8A2B434D8A2B438380BC
:1063900004838D684563028470BD70B500240022BB
:1063A0000023058C4FF6EF7635400584028C8388F8
:1063B000048B48F6FF752C404FF6FF452C400D88A6
:1063C0004FF6FF7606EA05252C434FF6DF752A4087
:1063D0008D8906EA05152A434D8806EA05152A43E4
:1063E000304DA84202D0354DA8421DD14FF67F75E1
:1063F0002A40CD894FF6FF7606EA05152A434FF667
:10640000BF752A408D8806EA05152A434FF6FF35E9
:106410002B404FF2FF752B400D8A06EA85052B4372
:106420004D8A06EA85052B43838004838D68856346
:10643000028470BD70B5002400220023058C4FF645
:10644000FF6635400584028C8388848B4FF68F75F8
:106450002C404FF6FC752C400D882C434FF6FF5511
:106460002A408D894FF6FF7606EA05252A434D8896
:1064700006EA05252A430B4DA84202D00F4DA8423B
:1064800038D14FF2FF752A40CD894FF6FF7606EAE4
:1064900005252A434FF6FF352A408D8806EA052553
:1064A0002A4319E0000001400004004000080040B9
:1064B000000C0040001000400014004000040140A7
:1064C00000400140004401400048014000180040E5
:1064D000001C0040002000404EF6FF752B404DF69A
:1064E000FF752B400D8A06EA05152B434D8A06EAF7
:1064F00005152B43838084838D68C563028470BD3A
:1065000070B5002200230024058C4EF6FF7635403E
:106510000584038C8488828B48F6FF752A404FF6E9
:10652000FF452A400D884FF6FF7606EA05252A43E7
:106530004DF6FF752B408D8906EA05352B434D88B6
:1065400006EA05352B43FE4DA84202D0FD4DA84278
:1065500008D14BF6FF752C400D8A4FF6FF7606EA00
:1065600085152C43848082838D680564038470BD07
:10657000002101804180818081608181C18101820F
:106580004182704770B50346002000241846183039
:1065900001258D40ACB21D8CA5431D8409B108298D
:1065A0000AD100EB610005684FF68F763540056033
:1065B0000568154305600FE00D1FC5F34E0528441F
:1065C000056848F6FF763540056005684FF6FF76AA
:1065D00006EA02263543056070BD4163704781635A
:1065E0007047C1637047016470470A460021018B00
:1065F0004FF68F7319401143018370470A460021FB
:10660000018B48F6FF7319404FF6FF7303EA02232C
:106610001943018370470A460021818B4FF68F731F
:1066200019401143818370470A460021818B48F647
:10663000FF7319404FF6FF7303EA02231943818366
:1066400070470A460021018B4FF6F773194011433A
:10665000018370470A460021018B4FF2FF731940F6
:106660004FF6FF7303EA02231943018370470A467A
:106670000021818B4FF6F7731940114381837047D6
:106680000A460021818B4FF2FF7319404FF6FF73CA
:1066900003EA02231943818370470A460021018BD4
:1066A0004FF6FB7319401143018370470A460021DE
:1066B000018B4FF6FF3319404FF6FF7303EA0223B5
:1066C0001943018370470A460021818B4FF6FB7303
:1066D00019401143818370470A460021818B4FF690
:1066E000FF3319404FF6FF7303EA022319438183F6
:1066F00070470A460021018B4FF67F731940114302
:10670000018370470A460021018BC1F30E014FF649
:10671000FF7303EA02231943018370470A460021ED
:10672000818B4FF67F7319401143818370470A466E
:106730000021818BC1F30E014FF6FF7303EA0223A0
:106740001943818370470A460021018C4FF6FD737F
:1067500019401143018470470A460021018C4FF60D
:10676000F77319401143018470470A460021018CD8
:106770004FF6DF7319404FF6FF7303EA0213194314
:10678000018470470A460021018C4FF67F7319403F
:106790004FF6FF7303EA02131943018470470A4658
:1067A0000021018C4FF6FF5319404FF6FF7303EAA7
:1067B00002231943018470470A460021018C4FF2DD
:1067C000FF7319404FF6FF7303EA02231943018454
:1067D00070470A460021018C4DF6FF7319404FF6B1
:1067E000FF7303EA023319430184704730B5002375
:1067F00001248C40A3B2048C9C430484048C02FAD0
:1068000001F5ADB22C43048430BD30B5002304241F
:106810008C40A3B2048C9C430484048C02FA01F5DE
:10682000ADB22C43048430BD828B4FF2FF331A404B
:106830008283828B4FF6FF7303EA01231A4382831C
:106840007047F0B50C461546002100220026078C43
:106850004EF6FF7C07EA0C070784818B028C4FF60B
:10686000FF7707EA043640F6FF4739404FF6FF77D7
:1068700007EA052739434FF6FF7707EA033739431D
:1068800045F6FF773A4046F480573A4381830284C5
:10689000F0BD828B4FF6F3731A408283828B0A43DA
:1068A00082837047F0B50C46154600210022002671
:1068B000078C4FF6FF6C07EA0C070784818B028C6C
:1068C0004FF6FF7707EA04264FF60C7739404FF66C
:1068D000FF7707EA03172F4339434FF2FF573A4038
:1068E00046F480773A4381830284F0BD028B4FF2F5
:1068F000FF331A400283028B4FF6FF7303EA012332
:106900001A4302837047F0B50C4615460021002259
:106910000026078C4FF6EF7C07EA0C070784018BF3
:10692000028C4FF6FF7707EA041640F6FF4739401E
:106930004FF6FF7707EA033739434FF6FF7703E057
:10694000000001400004014007EA052739434FF6E3
:106950005F773A4046F010073A4301830284F0BD66
:10696000028B4FF6F3731A400283028B0A430283B1
:106970007047F0B50C46154600210022068C4FF6F4
:10698000FE773E400684018B028C4FF60C76314038
:106990007E1C06EA03162E4331434FF6F57632404D
:1069A00044F00106324301830284F0BD70B5054610
:1069B0000C46208850B92389A28861882846FFF7B1
:1069C000D8FFE1882846FFF7CBFF25E02088042880
:1069D0000AD12389A28861882846FFF794FFE188BD
:1069E0002846FFF783FF17E0208808280AD123896B
:1069F000A28861882846FFF755FFE1882846FFF7FF
:106A000048FF09E02389A28861882846FFF719FF1B
:106A1000E1882846FFF708FF70BD00210180418012
:106A2000012181800021C180018170472DE9F04161
:106A300005460C4600260127608808B9022600E0BA
:106A40000026A088012801D1022700E00127208824
:106A5000A0B92389A28861882846FFF78AFFE188C8
:106A60002846FFF77DFF23893A4631462846FFF73F
:106A70004AFFE1882846FFF739FF13E02389A288FF
:106A800061882846FFF73FFFE1882846FFF72EFF81
:106A900023893A4631462846FFF76BFFE1882846AE
:106AA000FFF75EFFBDE8F0810146486B7047014685
:106AB000886B70470146C86B70470146086C704789
:106AC0000A884B881A438B881A43CB881A430B8950
:106AD0001A434B891A438B891A43A0F84420704704
:106AE0000021018041808180C180018141818181BB
:106AF000704731B1B0F8442042F40042A0F844207D
:106B000005E0B0F84420C2F30E02A0F8442070471C
:106B100021B1828842F00402828004E082884FF62C
:106B2000FB731A408280704721B1828842F00102D3
:106B3000828004E082884FF6FE731A40828070479C
:106B40001AB183890B43838102E083898B4383815C
:106B500070478182704702460020138A0B400BB1B8
:106B6000012000E000207047CA430282704730B520
:106B70000246002000230024158A05EA01039589B6
:106B800005EA010413B10CB1012000E0002030BD82
:106B9000CA430282704741EA0203A0F848307047B6
:106BA0001AB183890B43838102E083898B438381FC
:106BB000704721B1828842F00802828004E0828816
:106BC0004FF6F7731A408280704701894FF6F872CA
:106BD0001140018170470A46002101894FF68F73E9
:106BE000194011430181704730B504460D462946CE
:106BF0002046FFF7F0FF208940F00700208130BDDC
:106C00002DE9F04104460D4616461F46602D06D17B
:106C10003B46012231462046FFF775FE05E03B4624
:106C2000012231462046FFF7A4FE29462046FFF701
:106C3000D2FF208940F007002081BDE8F08130B507
:106C40000C4600210189C9B24FF6FF7505EA0325FC
:106C5000154325432943018130BD2DE9F041054607
:106C60000E4617469846002443463A463146284683
:106C7000FFF7E5FF2C894FF6F870044044F0070455
:106C80004FF68F70044044F070042C81BDE8F08111
:106C9000F0B504460D4616461F463B463246294689
:106CA0002046FFF7CCFF208940F480402081F0BDD2
:106CB00082884FF68F731A40828082880A438280CE
:106CC000704702894FF6F8731A40028102890A431D
:106CD0000281704702894FF67F731A400281028950
:106CE0000A4302817047F0B50C4615461E46002146
:106CF000002200230189028B038C4FF6F87739407C
:106D000021434FF6FC473A4040F201173A434FF611
:106D1000DD773B404FF6FF7707EA06172F433B43EB
:106D2000018102830384F0BD21B1828842F0800298
:106D3000828004E082884FF67F731A408280704719
:106D4000A0F850107047000010B50446F748844280
:106D500008D101211020FEF77FFC00211020FEF752
:106D60007BFC3EE0F248844209D101214804FEF751
:106D700062FC00214FF40030FEF75DFC31E0ED488D
:106D8000844209D101218804FEF755FC00214FF40B
:106D90008020FEF750FC24E0E748844209D101211D
:106DA000C804FEF748FC00214FF40020FEF743FC26
:106DB00017E0E248844209D101210805FEF73BFCB7
:106DC00000214FF48010FEF736FC0AE0DC488442D4
:106DD00007D101212020FEF73FFC00212020FEF7F3
:106DE0003BFC10BD2DE9FF4705460E460024A14699
:106DF00000BFA046B08900B100BF2C8A24F44054E3
:106E0000F08804432C82AC8941F20C608443B08842
:106E100031890843718908430443AC81AC8A24F466
:106E20004074B0890443AC826846FEF7D4FABF4888
:106E3000854202D0C248854202D1DDF80C9001E0C3
:106E4000DDF80890A88900F4004040B109EBC900C2
:106E500000EB091031684900B0FBF1F707E009EBDE
:106E6000C90000EB091031688900B0FBF1F764201C
:106E7000B7FBF0F004012009642101FB1078A88918
:106E800000F4004040B1322000EBC800B0FBF1F04C
:106E900000F00700044308E0322000EB08106421F2
:106EA000B0FBF1F000F00F0004432C81BDE8FF8738
:106EB0004FF41651016000218180C18001810C21B5
:106EC000418100218181704710B502460020108A5F
:106ED00020F470600B884C8823438C882343CC8833
:106EE00023431843108210BD00210180418081801E
:106EF000C180704721B1828942F40052828104E04E
:106F000082894DF6FF731A4082817047028B02F42A
:106F10007F420283028B0A430283704721B1828938
:106F200042F40042828103E08289C2F30E02828130
:106F3000704721B1828A42F40062828204E0828A30
:106F40004FF2FF731A4082827047C1F308028280B9
:106F5000704701468888C0F308007047028A4FF6E0
:106F6000F0731A400282028A0A430282704721B1FA
:106F7000828942F00202828104E082894FF6FD7329
:106F80001A408281704782894FF2FF731A408281D2
:106F900082890A4382817047028A4FF6DF731A4062
:106FA0000282028A0A430282704721B1028A42F4B5
:106FB0008042028204E0028A4BF6FF731A4002828A
:106FC0007047818941F001018181704721B1828A36
:106FD00042F00802828204E0828A4FF6F7731A4078
:106FE00082827047028BD2B20283028B42EA012274
:106FF0000283704721B1828A42F02002828204E03B
:10700000828A4FF6DF731A408282704721B1828AEA
:1070100042F01002828204E0828A4FF6EF731A4037
:1070200082827047828A4FF6FB731A408282828A7C
:107030000A438282704721B1828A42F00202828230
:1070400004E0828A4FF6FD731A40828270471AB1BB
:10705000838A0B43838202E0838A8B438382704757
:10706000F0B50346002400260025002040F66A17EC
:10707000B94200D100BF1846C1F3421401F01F0607
:10708000012707FA06F5012C01D10C3004E0022C8F
:1070900001D1103000E014301AB107682F430760A7
:1070A00002E00768AF430760F0BD02460020B1F57B
:1070B000007F00D100BF13880B400BB1012000E01E
:1070C0000020704701F40072B2F5007F00D100BFCC
:1070D000CA430280704770B5024600240023002591
:1070E000002040F66A16B14200D100BFC1F342153C
:1070F00001F01F03012606FA03F3012D02D1968940
:10710000334006E0022D02D1168A334001E0968A10
:1071100033400C12012606FA04F41688344013B1E9
:107120000CB1012000E0002070BD00000010014003
:107130000044004000480040004C00400050004027
:107140000014014010B50022002340F66A14A14249
:1071500000D100BF0A1201249440A3B2DC43048092
:1071600010BD000010B501218803FEF775FA00215B
:107170004FF48040FEF770FA10BD1A49086070475E
:1071800030B500228B071C0F0F2303FA04F2154BB6
:1071900008338C1053F824309343124C08348D106C
:1071A00044F8253023468C1053F824308C07240FE4
:1071B00000FA04F423430B4C08348D1044F82530B6
:1071C00030BD0949086070470849086070470020D1
:1071D00004492031096801F4807109B1012000E0FF
:1071E0000020704700380140DC002742000427429D
:1071F00000F1080141604FF0FF31816000F10801AA
:10720000C160016100210160704700210161704788
:10721000426853684B6043688B6053689960516063
:107220004160086103685B1C0360704710B502464B
:107230000B685C1C0CB9106907E002F1080000E063
:107240004068446824689C42FAD944684C604C68A1
:10725000A160886041600A611468641C146010BDFC
:107260000146D1E901309860D1E9010358600A690B
:107270005068884201D18868506000200861106819
:10728000401E10601068704770B504460D461CB96A
:10729000F8F7CEFF00BFFEE700F0F3FDD4E90F12D0
:1072A000206801FB020060600020A0632068A060ED
:1072B000E06B401E226C216800FB0210E0604FF082
:1072C000FF306064A06475B9206908B9012000E04E
:1072D000002080B904F1100001F02AFC01280AD135
:1072E00000F0C9FD07E004F11000FFF781FF04F191
:1072F0002400FFF77DFF00F0CDFD012070BD2DE9DA
:10730000F04705460E4617464FF00009DDB1502004
:1073100000F0E4FD0446B4B105FB06F000F10108FD
:10732000404600F0DBFD2060206848B1E56326643C
:1073300001212046FFF7A8FF84F84D70A14602E026
:10734000204600F02CFEB9F1000F03D1F8F770FFD2
:1073500000BFFEE74846BDE8F08710B5044600F0E0
:1073600090FD11E0606A08B9012000E0002050B9EA
:1073700004F1240001F0DCFB08B101F054FCA06C26
:10738000401EA06400E002E0A06C0028EADC00BF20
:107390004FF0FF30A06400F07DFD00F072FD11E0C1
:1073A000206908B9012000E0002050B904F1100064
:1073B00001F0BEFB08B101F036FC606C401E606459
:1073C00000E002E0606C0028EADC00BF4FF0FF3014
:1073D000606400F05FFD10BD70B5044600F051FD23
:1073E000A06BE16B884201D1012000E0002005463E
:1073F00000F050FD284670BD70B504460E46154697
:10740000206C38B9206838BB606801F09BFC002014
:10741000606021E07DB93146226CA06801F0BCFCBF
:10742000216CA0680844A060D4E90110884213D3FD
:107430002068A06010E03146226CE06801F0ACFCEE
:10744000216CE068401AE0602168E068884203D25D
:10745000216C6068401AE060A06B401CA06370BDA6
:10746000FFB583B004460D461E4600271CB9F8F749
:10747000DFFE00BFFEE70DB9206C08B9012000E077
:10748000002018B9F8F7D4FE00BFFEE700BF00F0F7
:10749000F8FCA06BE16B884217D2324629462046A1
:1074A000FFF7AAFF606A08B9012000E0002038B9A0
:1074B00004F1240001F03CFB012801D100F0DBFCC9
:1074C00000F0E8FC012007B0F0BD059818B900F005
:1074D000E1FC0020F7E71FB901A801F05EFB0127DE
:1074E00000F0D8FC00F0DEFF00F0CBFC606C401C2C
:1074F00008B900206064A06C401C08B90020A0649A
:1075000000F0C8FC05A901A801F055FBC0B9204650
:10751000FFF762FF70B104F11000059901F0CBFA9A
:107520002046FFF71AFF00F00DFF0028AFD100F052
:10753000A2FCACE72046FFF710FF00F003FFA6E730
:107540002046FFF70AFF00F0FDFE0020BBE770B504
:107550000546502000F0C2FC0446E4B10020606003
:107560002060A060E060A0630120E0630020206450
:10757000401E6064A06484F84D5004F11000FFF7D1
:1075800037FE04F12400FFF733FE00231A461946A4
:107590002046FFF765FF1CB9F8F74AFE00BFFEE77B
:1075A000204670BD70B504461CB9F8F741FE00BF17
:1075B000FEE701F047FB616888420CD1E068401E9D
:1075C000E060E06828B900231A4619462046FFF714
:1075D00047FF012500E00025284670BD70B5044630
:1075E00000F04FFCA06B08B9012000E00020054628
:1075F00000F050FC284670BD70B504460D4620686A
:1076000070B1216CE0680844E0606168E06888421D
:1076100001D32068E0602846226CE16801F0BCFBE1
:1076200070BD2DE9FF4182B004460D461E464FF065
:1076300000081CB9F8F7FCFD00BFFEE70DB9206C8F
:1076400008B9012000E0002018B9F8F7F1FD00BFEB
:10765000FEE700BF00F015FCA06B80B3E768294689
:107660002046FFF7C9FFB6B9A06B401EA063206893
:1076700010B901F0E7FA6060206908B9012000E064
:107680000020B0B904F1100001F052FA012810D125
:1076900000F0F1FB0DE0E760606A08B9012000E04E
:1076A000002030B904F1240001F042FA08B100F0E2
:1076B000E2FB00F0EFFB012006B0BDE8F081FFE740
:1076C000049818B900F0E6FB0020F5E7B8F1000FC8
:1076D00004D1684601F061FA4FF0010800F0DAFBCE
:1076E00000F0E0FE00F0CDFB606C401C08B900200B
:1076F0006064A06C401C08B90020A06400F0CAFBC4
:1077000004A9684601F057FA08BB2046FFF766FF58
:10771000B8B1206830B900F0B4FB606801F0A1FA9C
:1077200000F0B8FB04F12400049901F0C4F92046EC
:10773000FFF713FE00F006FE00288BD100F09BFB44
:1077400088E72046FFF709FE00F0FCFD82E72046AF
:10775000FFF703FE00F0F6FD0020ADE770B504462C
:107760000E461CB9F8F764FD00BFFEE701F06AFAA7
:107770006168884204D1E068401CE06001250BE0AC
:107780000023324619462046FFF74BFF0546012DE0
:1077900002D1E068401CE060284670BD70B5064626
:1077A0000D46022200213046FFF7A9FD044604B130
:1077B000A5631CB9F8F73CFD00BFFEE7204670BD8D
:1077C0002DE9F04704460F46154698461CB9F8F7D0
:1077D0002FFD00BFFEE70FB9206C08B9012000E0C3
:1077E000002018B9F8F724FD00BFFEE7F8F720FDE8
:1077F0008146A06BE16B88421BD242463946204647
:10780000FFF7FAFDA06C401C70B9606A08B901204E
:1078100000E0002058B904F1240001F089F930B1EA
:107820002DB10120286002E0A06C401CA06401265C
:1078300000E000264846F8F702FD3046BDE8F08734
:107840002DE9F04104460F4615461CB9F8F7F0FC47
:1078500000BFFEE70FB9206C08B9012000E000204E
:1078600018B9F8F7E5FC00BFFEE7F8F7E1FC804641
:10787000A06BE8B139462046FFF7BEFEA06B401E64
:10788000A063606C401C70B9206908B9012000E059
:10789000002058B904F1100001F04AF930B12DB1BF
:1078A0000120286002E0606C401C6064012600E05A
:1078B00000264046F8F7C3FC3046BDE8F08170B5BD
:1078C00004461CB9F8F7B4FC00BFFEE700F0D9FA93
:1078D000A56B00F0DFFA284670BD70B504461CB9F0
:1078E000F8F7A6FC00BFFEE7A56B284670BD014671
:1078F00000200BE03D4A02EBC00252688A4204D1EC
:1079000000223A4B43F8302002E0401C0828F1D313
:1079100000BF704710B504461CB9F8F789FC00BFDA
:10792000FEE72046FFF7E3FF206800F038FB204623
:1079300000F035FB10BD014691F84C00704780F80F
:107940004C107047014691F84D00704770B50446E1
:107950001CB9F8F76DFC00BFFEE7A06B08B9012069
:1079600000E000200546284670BD70B504461CB9ED
:10797000F8F75EFC00BFFEE7A06BE16B884201D127
:10798000012000E000200546284670BD0246002088
:107990000BE0164B53F8303033B9144B43F830102A
:1079A00003EBC0035A6002E0401C0828F1D300BF7B
:1079B000704770B504460D4600F063FA606C401CD9
:1079C00008B900206064A06C401C08B90020A064C5
:1079D00000F060FAA06B20B9294604F1240001F000
:1079E0008DF82046FFF7B9FC70BD0000540500205B
:1079F0002DE9F04104460D4616461F464FF000089B
:107A000065602461B5420CD8F01BA169884202D39D
:107A10004FF0010811E0211DF0480068FFF706FC57
:107A20000BE0BE4204D2BD4202D34FF0010804E095
:107A3000211DEB480068FFF7F9FB4046BDE8F081E7
:107A40002DE9FE4305460E4617461C46DDF8288004
:107A50004FF00009E348006808B3009601970295CB
:107A6000ACB901F0F2F8012808D10023424669467A
:107A7000DC480068FFF7F4FC814610E000231A465A
:107A80006946D8480068FFF7EBFC814607E0002311
:107A900022466946D3480068FFF792FE8146484671
:107AA000BDE8FE832DE9F84381462BE0CC48006811
:107AB000C0680568CA480068C068C468201DFFF730
:107AC000CFFB2046616A8847E06901281AD1A06986
:107AD0004619AE4207D966602461211DC04800687E
:107AE000FFF7A4FB0EE0002003462A460146009063
:107AF0002046FFF7A5FF07461FB9F8F799FB00BF1F
:107B0000FEE700BFB6480068006808B9012000E041
:107B100000200028CAD0B248D0F80080AF480068E2
:107B2000AF490860AD48C0F80080BDE8F88370B583
:107B3000044600F009FF0546AB480068854206D2BE
:107B4000A9480068FFF7AEFF0120206001E0002097
:107B50002060A5480560284670BD70B586B002A8B3
:107B6000FFF7E5FF064650E0059C44B1606908B99F
:107B7000012000E0002010B9201DFFF771FB0398E1
:107B800030B1012826D0022825D003283BD136E089
:107B90000498A2698118034632462046FFF728FF61
:107BA000012816D12046616A8847E069012810D172
:107BB000002000900498A16942180023194620462D
:107BC000FFF73EFF05461DB9F8F732FB00BFFEE7A1
:107BD00000BF19E018E00498A061A06908B1012075
:107BE00000E0002018B9F8F723FB00BFFEE7A0690A
:107BF0008119334632462046FFF7FAFE04E020465C
:107C000000F0CDF900E000BF00BF00231A4603A931
:107C100074480068FFF705FD0028A5D106B070BDC7
:107C2000F8B505460F466E480068C068C468201D58
:107C3000FFF716FBE069012817D1A06941192B460F
:107C40003A462046FFF7D4FE01280ED10020034615
:107C50002A46014600902046FFF7F2FE06461EB96E
:107C6000F8F7E6FA00BFFEE700BF2046616A8847E2
:107C7000F8BDF8B504460E4600F014FC6846FFF760
:107C800056FF05460098A0B946B9AC4206D800F0A8
:107C900059FB29462046FFF7C3FF0CE0611B514802
:107CA0000068FFF786FE00F04DFB20B900F0E3F816
:107CB00001E000F047FBF8BD0146494A126812682E
:107CC0000AB9012200E000220A600A6822B9444A87
:107CD0001268D268106800E00020704708B500BF45
:107CE0006846FFF7E9FF044620460099FFF7C1FF09
:107CF000FFF733FFF4E710B500F0C3F83948006828
:107D000090B93A48FFF774FA3948FFF771FA3748E3
:107D10003349086036483149086000220C210A20A6
:107D2000FFF7EDFA2F49086000F0B4F810BD1FB559
:107D30000024FFF7E0FF2B48006868B10020022311
:107D4000CDE90030029003464FF4007229A1039060
:107D50002A4800F0B2F904461CB9F8F769FA00BFE6
:107D6000FEE7204604B010BD2DE9F04706460D465B
:107D700017469846DDF820904DB900240DB101203A
:107D800000E00020A0B9F8F753FA00BFFEE7282072
:107D900000F0A4F804465CB1FFF7ADFF2660A561D2
:107DA000E761C4F82080C4F82490201DFFF72DFA65
:107DB0002046BDE8F08770B50446264600F061F81D
:107DC000706908B1012000E00020054600F062F86B
:107DD000284670BD01460A46106A7047B802002066
:107DE000B4020020BC020020C00200209405002044
:107DF000A8050020546D722053766300DD7C0008D6
:107E0000001F4FF080730360001F0160001F0023FC
:107E1000036014380260001FDB1E036020387047C7
:107E20002A48006842F21071B0FBF1F0401E4FF09A
:107E3000E021486107200861704710B524480068B8
:107E400040F47C00224908600846006840F07C400D
:107E50000860FFF7E5FF00201E490860F8F7B6F953
:107E60001D48006840F040401B490860F8F7A4F93D
:107E7000002010BD70474FF0805015491C39086034
:107E8000704710B5F8F7D4F912480068401C114942
:107E9000086010BD10B50F480068401E0D4908600D
:107EA0000846006810B90020F8F7C9F910BD10B5F0
:107EB0004FF0805006491C390860F8F7B9F900F016
:107EC000C2F90020F8F7BBF910BD000090020020B5
:107ED00020ED00E0C402002034EF00E02DE9F04185
:107EE00004464FF0000800F0DDFA3D48006898B9FC
:107EF0003C493D4A1160002151604FF420513B4AFA
:107F000051600021116037484FF420514160114603
:107F1000016001203249086044B1103404F00700C8
:107F200020B104F00700C0F108000444002C31D057
:107F3000B4F5205F2ED22C4F3846056801E02F465D
:107F40002D686868A04202D228680028F7D1274827
:107F500085421FD0386800F11008286838606868CA
:107F6000001B202810D92E196868001B70606C60F7
:107F700071681D4800E00068026852688A42FAD3BE
:107F800002683260066000BF194968680968081A0B
:107F90001749086000F0D6F94046BDE8F08170B599
:107FA00006463546B6B1103D2C4600F07BFA6168B6
:107FB0000D4800E00068026852688A42FAD30268FD
:107FC000226004600A49606809680844084908603A
:107FD00000F0B8F970BD06480068704770470000AF
:107FE000DC020020C0050020C8020020D0020020D2
:107FF000D802002010B5002407E004EB8401FE4AFB
:1080000002EB8100FFF7F4F8641C052CF5D3FB4864
:10801000FFF7EEF8FA48FFF7EBF8FA48FFF7E8F851
:10802000F948FFF7E5F8F948FFF7E2F8F348F849AF
:108030000860F348F749086010BD2DE9F041044697
:108040000E4615469846069F0A22314604F1340032
:1080500000F0D2FE00213D200155052D00D304255E
:10806000E562A564201DFFF7D0F804F11800FFF7C2
:10807000CCF82461C5F10500A0616462BDE8F0811F
:1080800070B505460E464C20FFF728FF044694B114
:108090001EB9A800FFF722FF00E030462063206BE6
:1080A00020B92046FFF77BFF002404E0A900A522A9
:1080B000206B00F083FE204670BD2DE9FF4F81B09C
:1080C000804616469A46DDE90E5BB8F1000F03D1F3
:1080D000F8F7AEF800BFFEE7052D01D2012000E061
:1080E000002018B9F8F7A4F800BFFEE73046109951
:1080F000FFF7C6FF0446002C64D0701E216B01EB15
:10810000800929F0070909F0070008B9012000E0FB
:10811000002018B9F8F78CF800BFFEE700962A4651
:108120002046119B0299FFF788FF52464146484678
:10813000FFF766FE2060BBF1000F01D0CBF80040D6
:10814000FFF79FFEB4480068401CB3490860B3487D
:10815000006840B9B14804600846006801280CD1A5
:10816000FFF748FF09E0AE48006830B9AB48006847
:10817000C06AA84201D8A9480460AA49E06A09680F
:10818000884202D9A749E06A0860A74800682064CD
:10819000A5480068401CA4490860A449E06A096831
:1081A000884202D9A149E06A0860E16A01EB8101D5
:1081B000914A02EB8100211DFFF72AF80127FFF702
:1081C00069FE01E04FF0FF37012F09D194480068A4
:1081D00030B192480068C06AA84201D2FFF74BFE56
:1081E000384605B0BDE8F08F70B50446FFF749FE8C
:1081F0008A480068844200D1002414B98748006886
:1082000000E020460546281DFFF72AF8A86A18B1A5
:1082100005F11800FFF724F8291D7B48FEF7F8FF49
:1082200083480068401C824908607F480068401C01
:108230007D490860FFF72EFE7948006810B10CB93F
:10824000FFF719FE70BD70B57A480068002873D139
:1082500079480068401C784908600846006868BB97
:108260006B480068006808B9012000E0002018B9D8
:10827000F7F7DEFF00BFFEE7654805686548006860
:1082800063490860634805606C480068401C6B499E
:1082900008605F480068006808B9012000E000201D
:1082A00020B14FF0FF306649086006E0584800688A
:1082B000C068C46862496068086000BF5E480068C2
:1082C0005F490968884236D300BF5148006800689A
:1082D00008B9012000E0002020B14FF0FF305849DC
:1082E000086027E04A480068C068C468656852486A
:1082F0000068A84202D2524805601BE0201DFEF72C
:10830000AFFFA06A18B104F11800FEF7A9FF4749B2
:10831000E06A0968884202D94449E06A0860E16A73
:1083200001EB8101344A02EB8100211DFEF770FF51
:10833000CBE701E000BF04E042480068401C41492F
:10834000086070BD70B500253A48006818B9F7F7A5
:108350006FFF00BFFEE7FFF794FD36480068401E40
:108360003449086008460068002878D12A48006827
:10837000002874D0002621E02248C068C46804F1B7
:108380001800FEF76DFF201DFEF76AFF2749E06A1F
:108390000968884202D92549E06A0860E16A01EB70
:1083A0008101154A02EB8100211DFEF731FF1B49B7
:1083B000E06A0968C96A884200D30126114800684A
:1083C00008B9012000E000200028D5D01D48006831
:1083D00060B106E0FFF737FF1A480068401E1949F0
:1083E0000860184800680028F4D10126012E2FD01B
:1083F0001548006801282AE0C02D0020242E002006
:10840000382E00204C2E0020602E0020742E0020DC
:10841000E4020020E8020020F0020020E002002038
:1084200000030020F802002014030020FC020020BA
:10843000EC02002004030020F402002010030020BE
:1084400018030020080300200C03002007E005D1DA
:1084500001250020F9490860FFF70DFD00BFFFF777
:1084600019FD284670BD10B50446F5480068446003
:10847000F4480068844207D2F1480168091DF248B7
:108480000068FEF7D3FE0CE0ED480168091DEF48D7
:108490000068FEF7CBFEEE480068844201D2EC484B
:1084A000046010BDEB480068401CEA490860704752
:1084B0002DE9F04104460E464FF000081CB9F7F7CD
:1084C000B7FE00BFFEE70EB1012000E0002018B9A2
:1084D000F7F7AEFE00BFFEE7FFF7E4FF206885195F
:1084E000D84920680968884209D92068A8420FD96C
:1084F000D448006885420BD94FF0010808E0206895
:10850000A84203D8CF480068854201D94FF001083E
:108510002560B8F1000F07D0C9480068001DFEF7BC
:108520009FFE2846FFF79FFFFFF70CFF07460FB996
:10853000FFF7A1FCBDE8F08170B5044600267CB1D0
:10854000FFF7B0FFBF4800680519BD480068001D6F
:10855000FEF786FE2846FFF786FFFFF7F3FE064686
:108560000EB9FFF788FC70BD70B50446FFF789FCB3
:1085700014B9B348006800E020460646F56AFFF7E4
:1085800089FC284670BD2DE9F04706460D464FF0A0
:108590000009052D01D2012000E0002018B9F7F7ED
:1085A00047FE00BFFEE7052D00D30425FFF769FC59
:1085B000A3480068864200D1002616B9A04800688A
:1085C00000E030460446A76CAF4234D0BD4203D928
:1085D0002EB14FF0010902E00EB94FF00109D4F8B5
:1085E0002C80E16AA06C884200D1E562A564C5F1E7
:1085F0000500A06107EB8701974A02EB81016069E2
:10860000884213D1201DFEF72BFE9449E06A0968C9
:10861000884202D99149E06A0860E16A01EB810170
:108620008D4A02EB8100211DFEF7F2FDB9F1010F29
:1086300001D1FFF720FCFFF72DFCBDE8F08710B556
:108640008448006818B101207C4908602CE00BE0E8
:108650008248006818B9F7F7EBFD00BFFEE77F48D6
:108660000068401E7D4908607C48006800EB80007F
:10867000794951F820000028EAD07849096801EBCF
:108680008101754A02EB810041684968416000F14F
:10869000080142688A4202D14168496841604168E4
:1086A000C968674A116000BF10BD70B50446FFF786
:1086B000E8FB63480068844200D1002414B9604894
:1086C000006800E020460546281DFEF7C9FDA86A9F
:1086D00018B105F11800FEF7C3FD291D6048FEF72B
:1086E00097FDFFF7D7FB8CB95E48006810B1FFF724
:1086F000C2FB0BE05A4800685B490968884203D115
:1087000000204F49086001E0FFF799FF70BD70B588
:10871000054600262C461DB9F7F78AFD00BFFEE787
:108720004F496069884201D1012000E0002080B1FA
:108730004E49A06A884201D1012000E000200128B2
:1087400007D0A06A08B9012000E00020012800D16C
:108750000126304670BD70B505461DB9F7F768FDB6
:1087600000BFFEE72C4644B335480068844224D05D
:10877000FFF787FB2046FFF7CAFF01281BD1201D0A
:10878000FEF76EFD3549E06A0968884202D933492F
:10879000E06A0860E16A01EB81012F4A02EB810087
:1087A000211DFEF735FD2649E06A0968C96A88423D
:1087B00001D3FFF760FBFFF76DFB70BD2DE9F041C2
:1087C000054600261DB9F7F733FD00BFFEE72C462E
:1087D000F7F72EFD07462046FFF799FF012826D11F
:1087E0001C480068F0B91649E06A0968C96A8842FD
:1087F00001D3012000E000200646201DFEF730FDD9
:108800001649E06A0968884202D91449E06A08609A
:10881000E16A01EB8101104A02EB8100211DFEF7A4
:10882000F7FC04E004F118011048FEF7F1FC3846AB
:10883000F7F705FD3046BDE8F08100000C0300208D
:10884000E0020020F4020020E8020020E402002000
:108850001803002004030020C02D0020FC0200208B
:10886000742E002000030020F00200204C2E002077
:1088700010B50446206BFFF792FB2046FFF78FFBF5
:1088800010BD70B523E0FFF70DFEFD48006808B984
:10889000012000E000200546FFF754FDBDB9FFF7B9
:1088A000F0FAF748C068C468201DFEF7D9FCF54807
:1088B0000068401EF3490860F3480068401EF24912
:1088C0000860FFF7E7FA2046FFF7D2FF00BFEE4847
:1088D00000680028D7D170BD00BFFFF7D2FFEB487A
:1088E00000680128F9D9FFF7C6FAF6E71FB500209E
:1088F00000900190029003464FF48072E4A103902F
:10890000E548FFF7DAFB0446012C02D1FFF70FFA26
:108910000446012C09D1F7F78BFC0120DF490860E0
:108920000020DF490860FFF788FA1CB9F7F780FCE0
:1089300000BFFEE71FBD10B5F7F77AFC0020D7494E
:108940000860FFF797FA10BD10B5FFF79AFAD44800
:108950000468FFF79FFA204610BD70B5F7F768FC72
:108960000546CF4804682846F7F769FC204670BDE5
:10897000C448006870470146002002E0491C421CC0
:1089800090B20A78A52AF9D0800870472DE9FE43F5
:1089900081460C461646204641684968416000F110
:1089A000080142688A4202D14168496841604168D1
:1089B000CF6800BF204641684968416000F1080166
:1089C00042688A4202D14168496841604168CD6885
:1089D000286BFFF7D0FF8046286CE96A334605F123
:1089E0003402CDE900180290AEA1B34800F0CAFDF0
:1089F000B149484600F0F4F9BD42DBD1BDE8FE8341
:108A000070B50546FFF74EFD00202870ABA1284643
:108A100000F0E6F9AA480068441C00BF641E04EB9D
:108A200084009A4951F8200008B9012000E0002094
:108A300040B904EB8400954A02EB8001522228469B
:108A4000FFF7A4FF002CE9D19E480068006808B930
:108A5000012000E0002028B942229A4801682846F7
:108A6000FFF794FF98480068006808B9012000E00B
:108A7000002028B94222944801682846FFF786FF63
:108A80007F48006808B9012000E0002020B9442296
:108A90007B492846FFF77AFF8C48006808B9012017
:108AA00000E0002020B9532288492846FFF76EFFD6
:108AB000FFF748FC70BD70B505460C461DB9F7F7C9
:108AC000B7FB00BFFEE78248016818312846FEF771
:108AD000ADFB7F480068001DFEF7C2FB601C30B98B
:108AE0007B480168091D7948FEF792FB05E06C4858
:108AF000006806193046FFF7B6FC70BD70B5044635
:108B00000D461CB9F7F794FB00BFFEE770480168FB
:108B100018312046FEF77CFB6D480068001DFEF70B
:108B20009FFB5F48006846193046FFF79CFC70BD0C
:108B300070B50646F068C4681CB9F7F779FB00BF4A
:108B4000FEE704F11800FEF78BFB62480068A0B94D
:108B5000201DFEF785FB6049E06A0968884202D95A
:108B60005D49E06A0860E16A01EB8101474A02EB76
:108B70008100211DFEF74CFB04E004F11801574869
:108B8000FEF746FB5249E06A0968C96A884201D388
:108B9000012500E00025284670BD10B504461CB92B
:108BA000F7F746FB00BFFEE74D48006820603C48F1
:108BB0000068606010BD70B504460D461CB9F7F73B
:108BC00037FB00BFFEE71DB9F7F732FB00BFFEE73A
:108BD000FFF757F92868401C08B900261FE04049F4
:108BE00020680968884206D02D4960680968884273
:108BF00001D8012613E02A4960680968081A296823
:108C000088420BD22868264A61681268511A401AB5
:108C100028602046FFF7C1FF002600E00126FFF78D
:108C200039F9304670BD01202E4908607047014671
:108C300011B10A46506C00E00020704708B10246AE
:108C4000516470472249086870471449096809B996
:108C5000002005E01F49096809B9012000E0022051
:108C6000704770B505462C464DB11949E06A096850
:108C7000C96A884265D216480068C06A34E060E07C
:108C8000602E0020F0020020EC020020C02D002009
:108C900049444C4500000000D9880008000300202A
:108CA000F402002025730909256309257509257536
:108CB0000925750D0A000000882E00200D0A00000D
:108CC000F8020020E4020020E8020020742E0020B8
:108CD000E002002004030020FC0200204C2E0020B3
:108CE000100300200C030020C0F10500A061E16A20
:108CF00001EB8101254A02EB81016069884201D1C3
:108D0000012000E00020C0B1201DFEF7A9FA204894
:108D10000068C06AE0621F49E06A0968884202D9B7
:108D20001C49E06A0860E16A01EB8101174A02EB25
:108D30008100211DFEF76CFA03E015480068C06A47
:108D4000E06270BD70B505462C46EDB1A16CE06ADD
:108D5000884219D0201DFEF783FAA06CE062E06A19
:108D6000C0F10500A0610B49E06A0968884202D998
:108D70000849E06A0860E16A01EB8101034A02EBFD
:108D80008100211DFEF744FA70BD0000C02D0020B7
:108D9000E0020020FC02002040EA01039B0703D010
:108DA00009E008C9121F08C0042AFAD203E011F82A
:108DB000013B00F8013B521EF9D27047D2B201E0EC
:108DC00000F8012B491EFBD270470022F6E710B5D0
:108DD00013460A4604461946FFF7F0FF204610BD29
:108DE000421E12F8013F002BFBD111F8013B02F8A3
:108DF000013B002BF9D1704710B5044604E00B7815
:108E000000F8013B03B1491C521EF8D2204610BDA8
:108E1000421C10F8011B0029FBD1801A704710B5C5
:108E2000002200E0521C835C8C5CA34201D1002B29
:108E3000F8D1D8B2E1B2401A10BD2DE9FE4F8046FC
:108E400081EA0300C00F0C46009021F0004123F09E
:108E50000045B8EB0200A94105D2404621469046A4
:108E60001C460B46024623F00040104347D0270D16
:108E7000C7F30A00C3F30A510290401A0190402838
:108E80006BDAC3F3130040F4801B0098924620B1C4
:108E90000023D2EB030A63EB0B0B01985946C0F198
:108EA0004002504600F0A7F906460D465046594686
:108EB000019A00F0AFF910EB08006141002487EA45
:108EC000115284EAE7731A4340D0009A62B3019AC0
:108ED000012A4FEA075215DC001B61EB02014FF03B
:108EE000004202EA0752CDE90042001C41F5801120
:108EF00032462B4600F0E6F903B0BDE8F08F40465D
:108F00002146F9E7001B61EB0201001C41F58013CB
:108F100000185B412018A2F5001747EB030140EA57
:108F2000D570B6196D4111E06D084FEA360645EA75
:108F3000C0754FEA0752001B61EB0201001C41F5AE
:108F4000801149084FEA30000019514132462B4642
:108F500003B0BDE8F04F00F0A6B900980122400030
:108F60000023D0EB020263EBE073009821464FEA46
:108F7000E074B8EB000061EB0401E9E783F0004323
:108F80005BE781F0004158E72DE9FE4F81EA0304D9
:108F900004F0004421F0004100944FF0000B23F056
:108FA000004350EA01045ED052EA03045BD0C3F3ED
:108FB0000A54C1F30A552C44A4F2F3340194A0FBE3
:108FC0000254C1F3130141F48011C3F3130343F4BA
:108FD000801301FB024400FB034E840A970A44EA13
:108FE000815447EA8357A4FB076802958D0A05FB65
:108FF00007854FEA932C04FB0C542705029D4FEA8A
:10900000065847EA1637B5EB08056EEB070C870ED6
:10901000920E47EA811742EA8312A7FB0201B6EBE0
:109020000B0164EB00042B0D43EA0C335E1844EB98
:109030001C50DA465146E7FB0201C5F313044FEA20
:109040000B3343EA14534FEA0432019C43EA06030C
:10905000A4F10C040294009CCDE900B400F032F9B4
:1090600003B0BDE8F08F00200146F9E72DE9F04D8F
:1090700081EA030404F0004B21F0004514464FF050
:10908000000A23F0004150EA050220D054EA010210
:109090001DD0C5F30A570246C5F31303C1F31300ED
:1090A000C1F30A5640F4801543F48013A7EB060879
:1090B000101BD64608F2FD3873EB050002D308F109
:1090C000010801E092185B41B8F1000F03DA0020BB
:1090D0000146BDE8F08D00204FF48011064684461D
:1090E0000EE0171B73EB050705D3121B63EB05039B
:1090F00006434CEA010C49084FEA300092185B41E4
:1091000050EA0107EDD152EA030012D082EA0400CE
:1091100083EA0501084305D0101BAB4106D20122AA
:10912000002306E000224FF0004302E06FF001024E
:1091300053101AEB06004CEB085110EB0A0041EB00
:109140000B01BDE8F04D00F0AEB80EB5C10F80EADE
:10915000E0700844CA07002140F233438DE80E0056
:109160000A460B4600F0AEF803B000BD00F0004226
:1091700030F000400AD0C10D01F56071C0F3160057
:1091800042EA0151C20840071143704700200146DE
:10919000704701F0004330B421F0004150EA010271
:1091A00006D00A0DA2F56072C1F31301002A02DC99
:1091B00030BC00207047440F44EAC104C100E018ED
:1091C00030BC00EBC25000F037B830B50B4601465A
:1091D00000202022012409E021FA02F59D4205D356
:1091E00003FA02F5491B04FA02F52844151EA2F100
:1091F0000102F1DC30BD202A04DB203A00FA02F142
:10920000002070479140C2F1200320FA03F3194374
:1092100090407047202A06DBCB17203A41FA02F033
:1092200043EAE07306E041FA02F3D040C2F12002C3
:1092300091400843194670470029A8BF7047401C59
:10924000490008BF20F00100704710B4B0FA80FC5C
:1092500000FA0CF050EA010404BF10BC704749B199
:10926000CCF1200421FA04F411FA0CF118BF012109
:1092700021430843A3EB0C01CB1D4FEA00614FEAE9
:10928000102042BF002010BC704700EBC3501044B8
:109290000029A4BF10BC7047401C490008BF20F043
:1092A000010010BC704710B5141E73F1000408DAF9
:1092B000401C41F1000192185B411A4301D120F09A
:1092C000010010BD2DE9F04D92469B4611B1B1FA57
:1092D00081F202E0B0FA80F220329046FFF78BFF75
:1092E00004460F4640EA0A0041EA0B0153465A463B
:1092F000084313D0114653EA010019D0C8F14002C7
:10930000504600F0DFF805460E46504659464246A4
:10931000FFF771FF084305D0012004E020463946DD
:10932000BDE8F08D0020054346EAE0762C43374344
:109330000A986305E40AA0EB08000022FD0A44EA4B
:1093400047540A3002D500200146E9E7010510190B
:109350006941DDE9084500196941BDE8F04DA2E722
:109360002DE9F04D00231A461B1A8A4103DB002029
:109370000146BDE8F08DC1F30A52C1F3130141F477
:1093800080154FF0000BD10702D100186D41521E1D
:109390000027044640F2FF11384601EB620A3E46C0
:1093A0008046024600204FF4801100F08BF8C2196D
:1093B0007141BB1846EB0100B4EB030C75EB000CDC
:1093C00004D3E41A65EB000517460E46241908F18C
:1093D00001006D4180463428E3DDF91946EB0600B3
:1093E000091BA84103D24FF0FF32134601E00022CF
:1093F00013461BEB070046EB0A51BDE8F04DFFF7A3
:1094000052BF70B5C1F30A5201F000450024C1F308
:10941000130140F2FF3341F480119A4201DA002037
:1094200070BD40F233439A42A2F2334203DC52420F
:1094300000F048F800E090402C43F1D0404270BD6D
:1094400030B5041E71F1000404DB4FF000444042CB
:1094500064EB0101141E73F1000405DB1C464FF0A0
:109460000043524263EB04038B4208BF824230BD8B
:1094700030B5041E71F1000404DB4FF0004440429B
:1094800064EB0101141E73F1000405DB1C464FF070
:109490000043524263EB0403994208BF904230BD3F
:1094A000064C074D06E0E06840F0010394E8070031
:1094B00098471034AC42F6D3F6F76AFEF0A80008DD
:1094C00010A90008202A04DB203A21FA02F000212A
:1094D000704721FA02F3D040C2F1200291400843C4
:1094E000194670470EB540F2334102910021CDE993
:1094F00000110A460B46FFF7E5FE03B000BD70B54C
:109500008C1810F8015B15F0070301D110F8013B2E
:109510002A1106D110F8012B03E010F8016B01F8B5
:10952000016B5B1EF9D12B0705D40023521E0DD40D
:1095300001F8013BFAE710F8013BCB1A921C03E05B
:1095400013F8015B01F8015B521EF9D5A142D8D393
:10955000002070BD0FB41CB50246002007AC0029E6
:109560000BD0491ECDE90021054B6A4621460698DD
:1095700001F008F8009A002111701CBC5DF814FB82
:109580003DA700080FB4084B10B504A902AA039820
:1095900000F0F8FF044602A9002001F0DAF82046A6
:1095A00010BC5DF814FB000053A7000803B4019839
:1095B0004100009850EAC12018BF04204A0D18BF8E
:1095C00040F0010040F2FF72B2EB515F08BF40F083
:1095D0000200012808BF052002B0704741000802C0
:1095E00018BF04200A0E18BF40F001004FF07F4260
:1095F00032EA010108BF40F00200012808BF05203F
:109600007047000010EE100A10B510EE901A4FF0DF
:10961000684202EB40032DED028BB3F1654F3CBF76
:1096200002EB4102B2F1654F7CD200BFC0F3C753D9
:10963000C1F3C7529A1A1B2A09DD10F0004F14BF5C
:109640009FED6E0A9FED6E0ABDEC028B10BD12F10C
:109650001A0F1BDA11F0004F09D010F0004F0CBFA9
:109660009FED680A9FED680ABDEC028B10BD80EE8D
:10967000208A18EE100AFFF7B1FF042808BF00F097
:1096800063FFB0EE480ABDEC028B10BD4200B2EBA6
:10969000410F37D910F0004F19BFDFED5C1A9FED75
:1096A0005C1ADFED5C1A9FED5C1AB0EE602A0A4688
:1096B000F1EE400A80F00041B0EE420A10460A1A6C
:1096C0005200B2F1807F34D2484010F0004FDFEDFD
:1096D000532A9FED533A1DBFBEEE002A71EEE21AE7
:1096E00031EE431AB6EE002A04BF71EEA21A31EE33
:1096F000031AF0EE402A42EE602A40EE020A82EEA1
:10970000A02A18E011F0004F04BF9FED461AF0EEBA
:10971000411AD4D010F0004F1CBFDFED431A9FED6B
:10972000431A00E026E004BFDFED411A9FED411A25
:10973000C5E780EE202A22EE020ADFED3F0ADFEDC8
:109740003F2ABDEC028B40EE202ADFED3D0A40EEC1
:10975000220ADFED3C2A40EE202ADFED3B0A40EEF4
:10976000220A22EE000A00EE201A31EE020A30EE42
:10977000210A10BD4FF07F42B2EB400F28BFB2EB81
:10978000410F05D2BDEC028BBDE8104000F0D8BE01
:1097900040EA01035B0008BF41F0FF410BD0B2EB90
:1097A000400F08BFB2EB410F08D120F0804000EE1F
:1097B000100A21F0804100EE901A37E7B2EB400F1B
:1097C00012BF5FEA410240F0FF4001F000413FF468
:1097D0002DAF4A0092EA40033FF528AF002AACBF04
:1097E0009FED1A1A9FED1A1A20EE010A60EE810A07
:1097F00010EE100A10EE901A18E70000DB0FC9BF38
:10980000DB0FC93FDB0F4940DB0F49C00000C9BF78
:1098100022AAFDB90000C93F22AAFD390060ED3E31
:10982000C30ACE3700000000000049C022AA7DBA5A
:109830000000494022AA7D3A2DAD65BD8FB8D53DC7
:109840000FB511BE61C84C3EA8AAAABE0000804F49
:109850000000802F0000000070B52DED020B2DEDF3
:109860000A8B82B00D98C40F20F00045AE488542A7
:1098700048D3AE48854219D30C99C5F31300084369
:1098800009D09DED0C0B02B0BDEC0A8B02B0BDE817
:10989000704000F019BE002C14BF9FEDA50B9DED8C
:1098A0000C0B02B0BDEC0A8B02B070BD9FEDA20B99
:1098B00053EC102B9DED0C0B51EC100BFFF7D8FD6A
:1098C0000AD2022000F058FE02B0BDEC0A8B02B0B2
:1098D000BDE8704000F014BE9FED990B53EC102BC7
:1098E0009DED0C0B51EC100BFFF7AAFD0AD20220E4
:1098F00000F042FE02B0BDEC0A8B02B0BDE8704041
:1099000000F00EBE90489FED92BBA8425CD29248F8
:10991000854219D29148784400EBC40090ED000BC9
:1099200053EC102B9DED0C0B51EC100BFFF726FBAD
:1099300041EC1A0B8A48784400EBC40090ED009B80
:10994000C4F10100041B36E09FED870B53EC102B94
:109950009DED0C0B51EC100BFFF716FB41EC100BBF
:109960008348784400EBC40090ED001B51EC100BD1
:1099700053EC112BFFF761FAFFF743FD0446FFF7A5
:10998000E4FB41EC180B9FED7C0B53EC102BFFF725
:10999000FBFA9DED0C1B53EC112BFFF7F2FA41EC97
:1099A0001A0B9FED770B51EC180B53EC102BFFF7B4
:1099B000EBFA41EC190B51EC1A0B53EC192BFFF796
:1099C000DDFACDE90C011BE06F48854217D29FED0F
:1099D000700B53EC102B9DED0C0B51EC100BFFF7A3
:1099E0002CFA53EC1B2BFFF743FD08D29DED0C0B1B
:1099F00053EC1B2B51EC100BFFF71FFA6EE0002409
:109A00009DED0C0B53EC102B51EC100BFFF7BCFA37
:109A100041EC180B60480521B0EE480AF0EE680AE8
:109A2000784400F03DFC53EC182B51EC100BFFF781
:109A3000ABFA9DED0C1B53EC112BFFF7A2FA41EC96
:109A4000180B9FED570B5CB353EC182B51EC100B1C
:109A5000FFF794FA9DED0C0B41EC1C0B53EC182B0B
:109A600051EC100BFFF790FA53EC1C2BFFF7FEFAAA
:109A700053EC192BFFF785FA53EC1A2BFFF77EFAFC
:109A800053EC1B2BFFF77DFACDE900016FF47F70DB
:109A9000844226DB01EB045001909DED000B00E7B2
:109AA00053EC102B51EC180BFFF768FA9DED0C0BE3
:109AB00041EC190B53EC182B51EC100BFFF764FA27
:109AC00053EC192BFFF7D2FA9DED0C1B53EC112B25
:109AD000FFF754FA53EC1B2BFFF753FA41EC100B32
:109AE000DFE608464FF07A5101EB04519FED2E0B53
:109AF000084453EC102B01909DED000B51EC100B22
:109B0000FFF742FA0D4645EC100B044651EC100BE2
:109B1000FFF74CFD042808BF00F002FD45EC104B98
:109B2000BFE6000000000000422E86400000F07FEB
:109B30000000000000000000EF39FAFE422E8640CF
:109B400051302DD5104987C0422ED63F000000006D
:109B5000000000000000F03FB2A2F03F6E0E0000D7
:109B60005E0E000000000000FE822B654715F73FE7
:109B7000120E0000000000000000E0FE422EE63F52
:109B8000763C7935EF39EA3D0000303E00000000B8
:109B90009C7500883CE4377E840D000000000000C6
:109BA0000000000000000040000000000000700104
:109BB00010B52F499FED2C1B2DED020B84B005989D
:109BC00020F000408842DCBF00209DED040B32DD18
:109BD0002849884209D1049840B94FF0010000F0AB
:109BE000CBFC00F07DFC06B010BD05DB9DED040B49
:109BF00000F06AFC06B010BD68469DED040B00F055
:109C00007BF810F0030011D0012818D09DED021B45
:109C10009DED000B02281AD000F08AFA51EC100BCF
:109C200081F0004106B041EC100B10BD9DED021B10
:109C30009DED000B012000F0AFFB06B010BD9DEDC7
:109C4000021B9DED000B00F073FA06B010BD012061
:109C500000F0A2FB51EC100B81F0004106B041EC8A
:109C6000100B10BD0000000000000000000000000C
:109C7000FB21E93F0000F07F00B52DED048BB0EE35
:109C8000409AF0EE609A83B051EC190BFFF768FB35
:109C900041EC180B18EE100A18EE901A8DED008B9F
:109CA000002818BF0120084320F00040C0F17F6069
:109CB00000F1E040C00F14D019EE101A19EE900A0E
:109CC0008DED009B002918BF0121084320F00040C2
:109CD000C0F17F6000F1E040C00F04BF012000F040
:109CE0004BFCB0EE480A03B0F0EE680ABDEC048B02
:109CF00000BD0000000000002DE9F14F04462DEDED
:109D0000020B2DED088B8AB09FEDE70B80ED020B67
:109D1000139EE74826F0004585420ADC9DED120BB4
:109D2000002084ED000B0AB0BDEC088B03B0BDE849
:109D3000F08FE0489FEDE0AB9FEDE1BBA84247DD2F
:109D4000E14F9FEDE39B9FEDE48B9DED120B53ECF8
:109D50001A2B51EC100B002E1CDDFFF70FF941EC14
:109D6000100BBD4208D053EC1B2B51EC100BFFF72E
:109D700005F9C4E900010BE053EC192B51EC100B71
:109D8000FFF7FCF853EC182BFFF7F8F8C4E90001D3
:109D90000120C8E7FFF751F841EC100BBD4208D095
:109DA00053EC1B2B51EC100BFFF747F8C4E90001F3
:109DB0000BE053EC192B51EC100BFFF73EF853EC72
:109DC000182BFFF73AF8C4E900014FF0FF30AAE77B
:109DD000C348A84279DB9DED120B51EC100B00F04B
:109DE000BDFC41EC180B9FEDC00B53EC102BFFF7A3
:109DF000CBF89FEDBF1B53EC112BFFF71EF8FFF7BD
:109E000000FB0746FFF7A1F941EC190B53EC1A2BA5
:109E1000FFF7BAF853EC182BFFF7B3F841EC180B27
:109E200053EC1B2B51EC190BFFF7AEF8DFF8C8A26F
:109E300041EC100B4FEA15580125FA4453EC102B56
:109E400051EC180BFFF79AF8032DC4E900013DD03F
:109E5000C1F30A5005EB4511A8EB0000113981420E
:109E600034DA0AEB051BB0EE48AA9BED000BF0EECE
:109E700068AA53EC102B51EC190BFFF785F841EC55
:109E80001B0B51EC1A0B53EC1B2BFFF777F841EC33
:109E9000180B51EC1A0B53EC182BFFF76FF853EC1F
:109EA0001B2BFFF76BF89BED020B41EC1A0B53ECED
:109EB000102B51EC190BFFF767F853EC1A2BFFF737
:109EC0005DF841EC100B6D1CB8E70EE0002EA8BF4A
:109ED0003846BFF628AF94ED000B51EC100B81F023
:109EE0000041C4E9000178421DE7C6F3130040F4C5
:109EF000801EC6F30A50A0F2F530471100F01F058E
:109F0000C5F12000DDF848B00890002006900790C9
:109F10000520EC467949002D07EB0002794408BF83
:109F200051F8221009D051F8223001EB8201AB40E8
:109F30004A68089922FA01F11943A1FB0E26A1FBF8
:109F40000B131A449A4234BF0123002303EB060883
:109F50000CEB8003D3E901A60E448E4234BF0121ED
:109F6000002192448A4411B1924502D903E09245FE
:109F700001D2012100E00021C3E901A641444CF8CF
:109F80002010011EA0F10100C4DC029800F1005075
:109F9000850F0298DDE903678000DDF81480FFF784
:109FA000D4F841EC1A0B3046FFF79CFA9FED541B96
:109FB00053EC112BFEF7E8FF41EC1B0B3846FFF783
:109FC00091FA9FED511B53EC112BFEF7DDFF41EC95
:109FD000180B4046FFF786FA9FED4D1B53EC112BF3
:109FE000FEF7D2FF41EC190B51EC180B53EC192B77
:109FF000FEF723FF53EC1B2BFEF71FFF53EC1A2B2E
:10A00000FEF71BFFCDE90801002008909DED080B2D
:10A0100053EC1A2B51EC100BFEF7B0FF53EC1B2B3B
:10A02000FEF7ACFF53EC182BFEF7A8FF53EC192BEF
:10A03000FEF7A7FF9FED381B53EC112BFEF7A4FF93
:10A040009FED370B41EC180B53EC102B9DED080BDB
:10A0500051EC100BFEF798FF53EC182BFEF7EDFEBA
:10A060009FED310B41EC180B53EC102B9DED080BC1
:10A0700051EC100BFEF788FF53EC182BFEF7DDFEBA
:10A0800041EC100B139810F0004F06D06D4251ECCC
:10A09000100B81F0004141EC100B284684ED000BC1
:10A0A00041E6000000000000000000000000000089
:10A0B000FB21E93F7CD9024000004054FB21F93FDD
:10A0C0003163621A61B4D03DFB21F93F000000000A
:10A0D0000000601A61B4D03D7370032E8A19A33B4F
:10A0E000FB2139410000000083C8C96D305FE43FA7
:10A0F000000000000000E03FC2090000100900005D
:10A10000000000000000103E000000000000103CB5
:10A11000000000000000103A182D4454FB21F93DC6
:10A120003326A611460B113C00000054FB21F93DDB
:10A1300010B52DED040B2DED088B82B0B0EE419AD9
:10A14000F0EE619A0B9820F000449FED4BABB4F118
:10A15000795F11DA9DED0A0B51EC100BFFF751F905
:10A16000002801BFB0EE4A0AF0EE6A0A02B0BDEC68
:10A17000088B04BF04B010BD9DED0A0B53EC102BEF
:10A1800051EC100BFEF700FF41EC180B3C48062188
:10A19000B0EE480AF0EE680A784400F081F853EC1B
:10A1A000182B51EC100BFEF7EFFE9DED0A0B41EC66
:10A1B0001B0B53EC192B51EC100BFEF7E5FE41EC99
:10A1C000190B53EC1B2B51EC180BFEF7DDFE53EC77
:10A1D000192BFEF7D3FE9FED2C0B41EC190B53EC22
:10A1E000102B51EC180BFEF7CFFE41EC100B28485A
:10A1F000844210DA53EC192B51EC100BFEF7BEFE23
:10A2000053EC1A2BFEF7BDFE41EC100B02B0BDEC77
:10A21000088B04B010BD1F48A042BCBF9FED1E1BA1
:10A220008DED001B06DBA4F50010019000200090CE
:10A230009DED001B51EC100B53EC112BFEF79EFE15
:10A240009DED000B41EC180B53EC102B51EC1A0B4D
:10A25000FEF794FE41EC1A0B53EC192B51EC180B42
:10A26000FEF78CFE53EC1A2BFEF78BFE41EC100B25
:10A27000CCE7000000000000000000000000F03FFC
:10A280003406000000000000000000000000E03F75
:10A290003333D33F0000E93F000000000000D23F0D
:10A2A00070B504462DED028B4D1E00EBC500B0EEDF
:10A2B000408AF0EE608A90ED000B35F0060017D072
:10A2C00053EC182B51EC100BFEF75EFE41EC100B1B
:10A2D0006D1E04EBC50090ED001B51EC100B53EC10
:10A2E000112BFEF7AAFD41EC100B35F00600E7D16B
:10A2F000022D36D0042D1CD0062D1CBFBDEC028BC8
:10A3000070BD53EC182B51EC100BFEF73DFE94ED95
:10A310000A1B53EC112BFEF790FD53EC182BFEF7A4
:10A3200033FE94ED081B53EC112BFEF786FD41EC38
:10A33000100B53EC182B51EC100BFEF725FE94ED8F
:10A34000061B53EC112BFEF778FD53EC182BFEF790
:10A350001BFE94ED040B53EC102BFEF76EFD41EC4D
:10A36000100B53EC182B51EC100BFEF70DFE94ED77
:10A37000021B53EC112BFEF760FD53EC182BFEF77C
:10A3800003FE94ED001B53EC112BFEF756FDBDECC4
:10A39000028B41EC100B70BD31B504462DED040B62
:10A3A0002DED0A8BB0EE41BAF0EE61BA0B989DED3F
:10A3B0000A0B20F00040B0F1795F0DDA51EC100B80
:10A3C000FFF7F4F8042808BF00F0AAF89DED0A0B87
:10A3D000BDEC0A8B05B030BD53EC102B51EC100BCB
:10A3E000FEF7D2FD41EC180B9DED0A0B53EC182B38
:10A3F00051EC100BFEF7C8FD41EC190B2C48B0EEE8
:10A40000480AF0EE680A05217844FFF749FF9FEDFE
:10A410002ACBB0EE40AAF0EE60AA9CB353EC1C2B02
:10A4200051EC190BFEF7B0FD41EC1C0B53EC1A2B51
:10A4300051EC190BFEF7A8FD9FED210B41EC190B18
:10A4400053EC102B51EC1B0BFEF79EFD53EC192B1C
:10A45000FEF794FD53EC182BFEF796FD53EC1B2BE7
:10A46000FEF78CFD53EC1C2BFEF788FD9DED0A1BBF
:10A4700053EC112BFEF785FDBDEC0A8B05B041ECCA
:10A48000100B30BDFFE753EC1A2B51EC180BFEF705
:10A490007BFD53EC1C2BFEF7D0FC53EC192BFEF785
:10A4A00073FD9DED0A1B53EC112BFEF7C6FCE3E791
:10A4B000BC04000000000000495555555555C5BF66
:10A4C000000000000000E03F10B553EC102B51ECF1
:10A4D000100BFEF7B2FC41EC100B10BD00000000A9
:10A4E0009FED050B10B553EC102B51EC100BFEF744
:10A4F000BDFD41EC100B10BD00000000000000008D
:10A500009FED050B10B553EC102B51EC100BFEF723
:10A510003BFD41EC100B10BD00000000000000707E
:10A520009FED050B10B553EC102B51EC100BFEF703
:10A530002BFD41EC100B10BD0000000000000010CE
:10A5400030EE200A704700009FED020A20EE000A5C
:10A55000704700000000001002E008C8121F08C188
:10A56000002AFAD170477047002001E001C1121F94
:10A57000002AFBD1704700000149086070470000C5
:10A580001C0300202DE9FF4F8BB09A460F4605466D
:10A59000002606E025280BD052460D9990476D1CE9
:10A5A000761C28780028F5D10FB03046BDE8F08F32
:10A5B0000024A0460122604900E0044315F8013F51
:10A5C000203B02FA03F00842F7D128782E2817D151
:10A5D00015F8010F44F004042A280ED06FF02F0262
:10A5E0002878A0F1300109290AD808EB880102EB8C
:10A5F000410100EB01086D1CF2E757F8048B6D1C5C
:10A60000287869283ED006DC0028CDD063280BD0FE
:10A61000642804D136E0732810D075284BD05246F8
:10A620000D999047761C85E017F8040B8DF8000013
:10A6300000208DF80100E946012003E057F8049B53
:10A640004FF0FF3061074FF0000401D40AE0641CB2
:10A6500044450DDA8442FADB19F804100029F6D1DA
:10A6600006E0641C8442FCDB19F804100029F8D1D0
:10A67000264404E019F8010B52460D999047641ED8
:10A68000F8D257E001CF4FF00A0B002802DA40421F
:10A690002D2102E0210504D52B218DF82410012164
:10A6A00003E0E10705D02021F7E70DF1200908912B
:10A6B0000CE00021F9E701CF4FF00A0BF9E759460A
:10A6C000FEF783FD01F1300209F8012D0028F6D1D3
:10A6D000ADEB090000F1200B600701D44FF0010839
:10A6E000D84502DDA8EB0B0000E0002080460024E6
:10A6F00006E009A85246005D0D999047641C761C3F
:10A7000008988442F5DB04E0302052460D999047CA
:10A71000761CB8F10001A8F10108F5DC05E019F894
:10A72000010B52460D999047761CBBF10001ABF12D
:10A73000010BF4DC6D1C34E7092801004A68002A8B
:10A7400006D00A68531C0B6010704868401E4860B1
:10A7500070470A68531C0B601070704782B0CDE9D7
:10A76000000121F0004001909DED000B02B051EC82
:10A77000100B704700000000000000000000E03FE8
:10A78000000000000000E0BF0000E0FE422EE63FB7
:10A790000000E0FE422EE6BF763C7935EF39EA3D17
:10A7A000763C7935EF39EABD3E5555555555C53F8F
:10A7B00093BDBE166CC166BF2CDE25AF6A56113F35
:10A7C000F16BD2C541BDBBBED0A4BE726937663E37
:10A7D0004C5555555555A53F7751C1166CC156BFBF
:10A7E0009015CB19A001FA3EAD529C804F7E92BECF
:10A7F000C4B1B4BD9EEE213ED43888BEE9FAA8BDEE
:10A8000000004054FB21F93F3163621A61B4D03D2E
:10A810000000601A61B4D03D7370032E8A19A33B07
:10A820000000002E8A19A33BC14920259A837B3959
:10A8300000000000000000006E83F9A22915444EBC
:10A84000D15727FCC0DD34F5999562DB4190433C3C
:10A85000AB6351FE61C5BBDE3A6E24B7E0D24D4218
:10A86000EA2E49061C92D1091CEB1DFE3EA729B118
:10A87000F53582E88444BB2E26709CE9417E5FB4A6
:10A8800039D69139F43953838B5F849C3B28F9BDC9
:10A89000FF97F81F0F9805DE8B112FEF1F6D0A5AD7
:10A8A000CF7E366DB709CB27663F464F2DEA5F9EB8
:10A8B000C7BA27757BF1E5EBF739073DEA92528A73
:10A8C000B15FFB6B085D8D1FA6F810111111813F60
:10A8D000D561C119A0012ABF7DFEB157E31DC73E56
:10A8E000EB9C2B8AE6E55ABE7CD5CF5A3AD9E53D9A
:10A8F00010A900080000002020030000FE940008BA
:10A90000E8A9000820030020902F000068A5000897
:10A91000411BFF01041A02041A03041A04041A0555
:10A92000041A06041A07041A08041A09041A0A0465
:10A930001A0B041A0C041A0D0402AE0E1A43DC1A88
:10A9400090E81A8AE81AB8081ADA081ACB041AD654
:10A950000C1A1C081AB3081A0E041A18041AA404B4
:10A960001A1214C132FE35CDCCCC3D223F1A8004E0
:10A97000111A400819041AA0041AC0041B20410C23
:10A9800019041AF0041B7042081904343443645249
:10A99000C85A8C1421295B14A08601180835FA8E38
:10A9A0003CDB0F493C011A4B30750409161C81022F
:10A9B00027141A42DC726929F81A2C10323C720AE8
:10A9C00089B0012E32070244056B7A038B116809A6
:10A9D00001020304060708090CA910C11AAA010103
:08A9E00011023E281AFF01419B
:040000050800018965
:00000001FF
