:020000040800F2
:10000000D033002049540008450200084702000888
:100010004B0200084F0200085302000800000000D5
:100020000000000000000000000000009D0100082A
:100030005702000800000000E10100086384000886
:1000400063540008635400086354000863540008B4
:1000500063540008635400086354000863540008A4
:10006000A5040008E9040008635400081903000807
:10007000FB020008570300086354000875020008DB
:1000800063540008810200086354000863540008A8
:100090006354000863540008635400086354000864
:1000A00063540008C1030008ED030008635400080E
:1000B000EF0300081D040008490400086354000809
:1000C000635400086354000863540008A104000846
:1000D000635400085D02000863540008635400087C
:1000E0006354000863540008635400086354000814
:1000F0006354000863540008635400083303000885
:10010000635400086354000875040008A304000841
:100110006354000863540008930300089F03000819
:10012000635400089B020008CD02000863540008D5
:1001300063540008635400086354000863540008C3
:1001400063540008635400086354000863540008B3
:10015000ED0200086354000863540008635400086B
:100160006354000863540008635400086354000893
:100170006354000863540008635400086354000883
:100180006354000863540008DFF80CD009F0CCFC7D
:100190000048004785510008D0330020234B1968E0
:1001A0000868B0E8F04F80F309884FF0000080F352
:1001B000118870470000000003480068006880F361
:1001C000088862B600DF00BF08ED00E0DFF80C0031
:1001D000016841F470010160704700BF88ED00E0E4
:1001E000EFF30980114B1A681EF0100F08BF20EDC5
:1001F000108A20E9F04F106008B54FF0140080F32A
:10020000118808F0F6FC4FF0000080F31188BDE87B
:10021000084019680868B0E8F04F1EF0100F08BFDA
:10022000B0EC108A80F30988704700BF0C040020EE
:10023000EFF311804FF0140181F31188704780F3C0
:1002400011887047704700BFFEE700BFFEE700BFA0
:10025000FEE700BFFEE770477047704710B540F2F9
:100260002551A24807F011FA18B120219F4807F044
:1002700003FA10BD10B59E499E4806F03BF910BD2B
:1002800010B59D499B48303006F00AF920B19A49D3
:100290009848303006F02EF910BD10B597499848AF
:1002A00006F0FEF888B19549954806F023F901F06B
:1002B000CEFD0021924806F049F80421904806F04E
:1002C00066F801218E4806F041F810BD10B58D4941
:1002D0008B48183006F00EF98B4840788A49097827
:1002E00040EA012000B28949088010BD10B5884954
:1002F0008348603006F0FEF810BD10B57F497D4898
:10030000483806F0CDF830B17C497A48483806F0D4
:10031000F1F800F0B7FA10BD10B57E4975486038A5
:1003200006F0BEF820B17B497248603806F0E2F86A
:1003300010BD10B578496F48483006F0B1F848B1A3
:1003400000216C48483006F001F87349694848308C
:1003500006F0D0F810BD10B56A496648303806F08E
:100360009FF8A8B167496348303806F0C3F801F038
:1003700028FC00215F48303805F0E8FF04215D4883
:10038000303806F004F801215A48303805F0DEFF15
:1003900010BD10B50121614806F0D4FE10BD10B5A6
:1003A00001215F4806F0CEFE7A2050498880012165
:1003B0005C4807F079F801215B4807F075F810BD3B
:1003C00010B50121594806F0BDFE5848008800F0DC
:1003D000100028B156480068401E5549086004E0E6
:1003E00053480068401C5249086010BD704710B562
:1003F0000121880706F0A6FE4FF08040008800F03B
:10040000100028B14B480068401E4A49086004E0CB
:1004100048480068401C4749086010BD10B50121DC
:10042000454806F08FFE4448008800F0100028B1CF
:1004300042480068401E4149086004E03F480068A7
:10044000401C3E49086010BD10B501213C4806F033
:1004500079FE3B48008800F0100028B13948006858
:10046000401E3849086004E036480068401C3549A1
:10047000086010BD10B50121334806F063FE324814
:10048000008800F0100028B130480068401E2F4955
:10049000086004E02D480068401C2C49086010BD2D
:1004A0007047704710B5042006F0BCF8D8B1202181
:1004B000274805F040F90421264805F017F90128DE
:1004C00004D10021164806F0BDF909E004212148B5
:1004D00005F00CF920B9124806F0B8F91E49086079
:1004E00004201E49086010BD704700000010014044
:1004F00020800020706002400080202000880010D2
:100500002864024000802010280600208C00002073
:10051000008800202080001000800028001000408B
:100520000014004000480040001401400000014059
:100530006C000020700000200004004074000020C7
:100540000008004088000020000C004078000020D7
:1005500000000240000C024068000020143C0140F2
:1005600070B50446204608F02DFF05462146FE489A
:1005700008F02FFFA0B195222146FB4808F016FF96
:100580000021FA4805F0E2FEF748F8490C3108600E
:10059000F648B838C0F8BC500121F44805F0D6FE42
:1005A00070BD70B50446002510E0605D68B1615D06
:1005B000EF4806F0A4FF00BF8021ED4807F04FF898
:1005C0000028F9D0681CC5B200E070BDEDE770B539
:1005D000044600250FE05CB12146E54806F08FFF98
:1005E00000BF8021E24807F03AF80028F9D000E087
:1005F00070BD681CC5B2032DEDDB00BFF8E713B575
:100600000C460020FFF7E3FFDAA0FFF7CAFF2346FE
:10061000D9A29621D94809F0D1FAD848FFF7C1FFED
:10062000D7A0FFF7BEFFD4A29621D448009B09F0C3
:10063000C5FAD248FFF7B5FFD3A0FFF7B2FFFF20FE
:10064000FFF7C5FFFF20FFF7C2FFFF20FFF7BFFF47
:100650001CBD70B505460C46C6A0FFF7A2FF22469A
:10066000C5A1C64809F0C2FAC448FFF79AFFC4A062
:10067000FFF797FF2846FFF794FFC3A0FFF791FF0E
:10068000FF20FFF7A4FF70BD77B585B00546FF26B4
:10069000BBA103C9CDE90301BBA000680290B5A0CE
:1006A0000068019000240AE00020B8490855B849C4
:1006B0000855B2490855AC490855601CC4B21E2CF7
:1006C000F2DB0A20AD490870FF2048708870C870BE
:1006D000A9A1AF48079A09F089FAAD4901A808F025
:1006E00059FE01A9A54808F055FE03A9A34808F042
:1006F00051FE2946A14808F04DFE9FA1A448069A44
:1007000009F074FAA2499D4808F044FE02A99B48EA
:1007100008F040FEFF209D49087048708870974897
:1007200008F038FE9548FFF71BFF08B070BDF7B51D
:1007300084B005460E46FF2791A103C9CDE9020109
:1007400091A0006801908BA000680090002408E050
:1007500000208E4908558E49085588490855601C67
:10076000C4B20A2CF4DB0A2084490870FF204870C8
:100770008870C87080A18648069A09F037FA8449C3
:10078000684608F007FE69467C4808F003FE02A9A7
:100790007A4808F0FFFD2946784808F0FBFD31460D
:1007A000764808F0F7FD01A9744808F0F3FDFF2032
:1007B00076490870487088700020C87008716F48CA
:1007C00008F0E8FD6D48FFF7CBFE07B0F0BD01B5BE
:1007D0008EB070A2322101A80E9B09F0EFF901A89A
:1007E000FFF7BEFE0FB000BD73B584B00546FF260F
:1007F00063A103C9CDE9020163A0006801905DA077
:100800000068009000240AE0002060490855604913
:1008100008555A49085554490855601CC4B21E2C45
:10082000F2DB0A2055490870FF2048708870C870B4
:1008300051A15748059A09F0D9F95549684608F079
:10084000A9FD69464D4808F0A5FD02A94B4808F0EE
:10085000A1FD2946494808F09DFD4D49474808F04B
:1008600099FD01A9454808F095FDFF20474908700A
:1008700048708870414808F08DFD4048FFF770FED1
:1008800006B070BD1CB54648007845494978084413
:100890004349897808444249C9780844404909795C
:1008A00008443F49497908443D49897908443C490D
:1008B000C97908443A49097A0844C0B201903848D5
:1008C000007A00F00F0000909DF800000D2803D082
:1008D0000021344806F0E8FD1CBD3148007A00F0E4
:1008E0000F000D2806D12E48007800F0010008B155
:1008F0000D2070470020FCE72948007800F0020036
:1009000008B1012070470020FCE730B52DED048BC5
:1009100083B0254805F09AFF2449096840EA01455B
:10092000284608F0ECFE41EC190B9FED210B53EC2F
:10093000102B08F075FE41EC180B08F0F1FE019049
:1009400000244DE0184805F081FF1849096840EA85
:100950000145284608F0D3FE41EC190B9FED140B1E
:1009600053EC102B28E0000082050020B860024004
:100970000050004074000000256400004C0400207A
:100980002E7478743D220000220000003205002001
:100990000A0500206A302E76616C3D256400000057
:1009A000640600200048004000040040740000205D
:1009B0006666666666A64E4008F032FE41EC180B8D
:1009C00008F0AEFE0290DDE90121881A002801DB63
:1009D000014600E04142052900DA641C02980190BA
:1009E000022CAFDB0298404203B0BDEC048B30BD5B
:1009F00030B52DED048B83B0FE4805F027FFFE498E
:100A0000096840EA0145284608F079FE41EC190BD7
:100A10001FED190B53EC102B08F002FE41EC180BE4
:100A200008F07EFE0190002423E0F24805F00EFF5E
:100A3000F149096840EA0145284608F060FE41ECAA
:100A4000190B1FED250B53EC102B08F0E9FD41ECC1
:100A5000180B08F065FE0290DDE90121881A0028D4
:100A600001DB014600E04142052900DA641C0298DE
:100A70000190022CD9DB0298404203B0BDEC048BFC
:100A800030BD30B52DED048B83B04FF0804005F0C4
:100A9000DDFEDA49096840EA0145284608F02FFEE4
:100AA00041EC190B1FED3E0B53EC102B08F0B8FD79
:100AB00041EC180B08F034FE0190002424E04FF0C4
:100AC000804005F0C3FECD49096840EA014528464B
:100AD00008F015FE41EC190B1FED4B0B53EC102BDE
:100AE00008F09EFD41EC180B08F01AFE0290DDE9BB
:100AF0000121881A002801DB014600E04142052956
:100B000000DA641C02980190022CD8DB029803B032
:100B1000BDEC048B30BD30B52DED048B83B0B848EF
:100B200005F094FEB749096840EA0145284608F0F7
:100B3000E6FD41EC190B1FED620B53EC102B08F096
:100B40006FFD41EC180B08F0EBFD0190002423E051
:100B5000AB4805F07BFEAB49096840EA01452846F1
:100B600008F0CDFD41EC190B1FED6F0B53EC102B72
:100B700008F056FD41EC180B08F0D2FD0290DDE9BB
:100B80000121881A002801DB014600E04142322998
:100B900000DA641C02980190022CD9DB029803B0A1
:100BA000BDEC048B30BD01B581B0002000900198F0
:100BB00000EBC0004000009002E00098401E009052
:100BC00000980028F9D10CBD01B581B0002000903B
:100BD00044F2506101984843009002E00098401EA2
:100BE000009000980028F9D10CBD1CB501211F20F0
:100BF00004F060FF4FF6FF70009001208DF80400B4
:100C000000208DF8060001208DF8070003208DF8E4
:100C1000050069467C4804F007FD4FF6FF70009020
:100C200001208DF8040000208DF8060001208DF8C9
:100C3000070003208DF805006946744804F0F4FCB1
:100C40004FF6FF70009001208DF8040000208DF811
:100C5000060001208DF8070003208DF80500694685
:100C60006B4804F0E1FC1CBD1CB501217E2004F0A2
:100C700021FFC020009000208DF8040001208DF895
:100C8000070002208DF805006946624804F0CCFC9C
:100C90000620009000208DF8040001208DF8070048
:100CA00002208DF805006946574804F0BDFC042079
:100CB000009000208DF8040001208DF8070002202C
:100CC0008DF805006946514804F0AEFC1CBD1FB507
:100CD0004FF4E06004F0CAFB36208DF800000020DD
:100CE0008DF801008DF8020001208DF803006846A0
:100CF00004F0C1FB0121102004F00FFF3220ADF8F9
:100D0000040040F2E73002900020ADF80C00ADF88E
:100D1000060001A9404805F04CFD01213E4806F0BF
:100D200011FA012211463C4806F0E4F900213A4844
:100D300005F088FD0121384805F0C4FD1FBD1FB531
:100D40004FF4E06004F092FB37208DF800000020A3
:100D50008DF801008DF8020001208DF8030068462F
:100D600004F089FB0121202004F0D7FE3220ADF8E9
:100D7000040040F2E73002900020ADF80C00ADF81E
:100D8000060001A9254805F014FD0121234806F0BD
:100D9000D9F901221146214806F0ACF900211F487B
:100DA00005F050FD01211D4805F08CFD1FBD00B56B
:100DB0008BB00121022004F0C1FE01210C2004F0BF
:100DC00079FE03220621114804F0B9FC0322072111
:100DD0000E4804F0B4FC032208210C4804F0AFFCD8
:100DE00003220921094804F0AAFC4FF47070069010
:100DF000022015E0000C0040780000207000002068
:100E0000000001406C000020000402400008024085
:100E1000000C02400000024000100040001400409E
:100E20008DF81C0003208DF81D0000208DF81E0099
:100E300001208DF81F0006A9FE4804F0F5FBA42050
:100E4000ADF8200040F6B83009904FF48070ADF84E
:100E500028000020ADF8220008A9F74805F0A9FCF9
:100E60006020ADF804000120ADF8060000200390DA
:100E7000ADF810000121F04805F024FD0021EE48F6
:100E800005F0E0FC01A9EC4805F028FD01A9EA48BD
:100E900005F05DFD01A9E84805F0A6FD01A9E648B9
:100EA00005F008FE0121E44806F0FDF80BB000BD96
:100EB00000B58BB00121082004F02FFE0121084667
:100EC00004F0F8FD02220021DC4804F038FC022284
:100ED0000121DA4804F033FC02221146D74804F01D
:100EE0002EFC02220321D54804F029FC0F20069095
:100EF00002208DF81C0003208DF81D0000208DF8C5
:100F00001E0001208DF81F0006A9CC4804F08CFBC0
:100F1000BA20ADF8200042F2107009900020ADF820
:100F20002800ADF8220008A9C54805F042FC602061
:100F3000ADF804000120ADF8060000200390ADF8E4
:100F400010000121BE4805F0BDFC0021BC4805F0A1
:100F500079FC01A9BA4805F0C1FC01A9B84805F01F
:100F6000F6FC01A9B64805F03FFD01A9B44805F01B
:100F7000A1FD0121B24806F096F80BB000BD00B506
:100F80008BB00121042004F0C8FD01210D2004F0E4
:100F900091FD02220C21AB4804F0D1FB02220D216D
:100FA000A84804F0CCFB02220E21A64804F0C7FB9F
:100FB00002220F21A34804F0C2FB4FF470400690B8
:100FC00002208DF81C0003208DF81D0000208DF8F4
:100FD0001E0001208DF81F0006A99A4804F024FB8A
:100FE000A420ADF8200040F6B83009904FF480708E
:100FF000ADF828000020ADF8220008A9924805F0BD
:10100000D8FB6020ADF804000120ADF806000020F8
:101010000390ADF8100001218B4805F053FC00212E
:10102000894805F00FFC01A9874805F057FC01A984
:10103000854805F08CFC01A9834805F0D5FC01A981
:10104000814805F037FD0BB000BD00B589B0012126
:10105000080404F073FD0121084604F02BFD03226F
:101060001146764804F06BFB03220221734804F01A
:1010700066FB0C20019002208DF8080003208DF8FB
:10108000090000208DF80A0001208DF80B0001A94D
:101090006A4804F0C9FA0020ADF818004FF6FF7056
:1010A00007900020ADF82000ADF81A0006A96748A7
:1010B00005F07FFB0420ADF80C000020ADF80E0019
:1010C000C820ADF814000120ADF8100003A95F4856
:1010D00005F046FF00231A4603215D4806F0DDF8BF
:1010E00001215B4806F02EF801221146584806F00F
:1010F00001F80121554805F0E5FB0021544805F0B1
:10110000A1FB09B000BD00B589B00121084604F07B
:1011100004FD0121022004F000FD0121032004F060
:10112000C9FC01220F21454804F009FB01220321DB
:10113000484804F004FB02220421464804F0FFFA68
:1011400002220521434804F0FAFA382001900220D7
:101150008DF8080003208DF8090000208DF80A00A2
:1011600001208DF80B0001A93A4804F05DFA4FF414
:101170000040019002208DF8080003208DF809003E
:1011800000208DF80A0001208DF80B0001A92B48E2
:1011900004F04AFA0020ADF818004FF6FF700790EF
:1011A0000020ADF82000ADF81A0006A94FF08040ED
:1011B00005F0FFFA06A9284805F0FBFA0420ADF86F
:1011C0000C000220ADF80E001420ADF81400012030
:1011D000ADF8100003A9800705F0C2FE03A91E4860
:1011E00005F0BEFE02231A460321580706F055F803
:1011F00002231A460321184806F04FF801218807F8
:1012000005F0A0FF0121144805F09CFF01221146C2
:10121000900705F06FFF012211460F4805F06AFFA5
:101220000121880705F04EFB01210B4805F04AFB20
:10123000002113E0000802400004014000000240C9
:10124000000C0040000C024000080040000001407B
:101250000040014000040240000400404FF0804084
:1012600005F0F0FA0021FE4805F0ECFA4FF4C060FA
:1012700004F0FCF81D208DF8000003208DF801001B
:1012800000208DF8020001208DF80300684604F06C
:10129000F2F81C208DF8000004208DF801000020D9
:1012A0008DF8020001208DF80300684604F0E3F891
:1012B00009B000BD00B589B00121084604F03EFC2C
:1012C0000121102004F0F6FB4FF420600190022071
:1012D0008DF8080003208DF8090000208DF80A0021
:1012E00001208DF80B0001A9DE4804F09DF90122D0
:1012F0000921DC4804F023FA01220B21D94804F02B
:101300001EFA0020ADF818004FF6FF70079000207D
:10131000ADF82000ADF81A0006A9D34805F049FA47
:101320000420ADF80C000020ADF80E000A20ADF846
:1013300014000120ADF8100003A9CB4805F010FE01
:1013400000231A460321C84805F0A7FF0121C6481B
:1013500005F0F8FE01221146C34805F0CBFE01213D
:10136000C14805F0EFFE01221146BF4805F0C2FE5C
:101370000121BD4805F0A6FA0021BB4805F062FA3C
:101380004FF4C06004F072F819208DF800000120BD
:101390008DF8010000208DF8020001208DF8030077
:1013A000684604F068F809B000BD00B589B00121B5
:1013B000042004F0B2FB0121082004F07BFB4FF471
:1013C0004050019002208DF8080003208DF809009C
:1013D00000208DF80A0001208DF80B0001A9A34818
:1013E00004F022F90020ADF818004FF6FF700790C6
:1013F0000020ADF82000ADF81A0006A99C4805F0C1
:10140000D8F902220C21994804F099F902220D2101
:10141000964804F094F90420ADF80C000220ADF8D1
:101420000E00C820ADF814000120ADF8100003A98B
:101430008F4805F095FD02231A4603218C4805F0DC
:101440002CFF01218A4805F07DFE012211468848C3
:1014500005F050FE0121864805F034FA0021844849
:1014600005F0F0F9002082491431088001208049FC
:1014700008804FF4C06003F0F9FF1E208DF80000D3
:1014800004208DF8010000208DF8020001208DF865
:101490000300684603F0EFFF09B000BD00B589B056
:1014A0000121082004F039FB0121084604F002FB69
:1014B0000320019002208DF8080003208DF8090018
:1014C00000208DF80A0001208DF80B0001A9694861
:1014D00004F0AAF80020ADF818004FF6FF7007904E
:1014E0000020ADF82000ADF81A0006A9624805F00A
:1014F00060F9022200215F4804F021F90222012153
:101500005C4804F01CF90420ADF80C000220ADF892
:101510000E00C820ADF814000120ADF8100003A99A
:10152000554805F01DFD02231A460321524805F0D7
:10153000B4FE0121504805F005FE012211464E4837
:1015400005F0D8FD01214C4805F0BCF900214A48BE
:1015500005F078F9002048491431088001204649F7
:1015600008804FF4C06003F081FF32208DF8000046
:1015700004208DF8010000208DF8020001208DF874
:101580000300684603F077FF09B000BD00B59BB0CB
:1015900001213A4804F08EFA0121080204F0CEFA43
:1015A00000200290364803903648049000200590B1
:1015B00008200690002007904FF4806008904000BB
:1015C000099080000A9040110B9040020C9000207E
:1015D0000D9001200E9000200F90109002A92A4833
:1015E00004F07AFE0121284804F0B0FE3C2000906F
:1015F00003208DF8040000208DF8070069461D487F
:1016000004F012F83C20009003208DF80400002024
:101610008DF8070069461D4804F006F80020119077
:1016200012901390149011A804F0BCFB4FF080703E
:10163000159001208DF858008DF859000020179062
:101640001890199008208DF8680015A90C484C389E
:1016500004F079FB00230122022109484C3817E0ED
:10166000000400400010024000000140000C024055
:101670000008004000000240000C0040050040004F
:101680004C2001401806002010640240000802406F
:1016900004F0DFFB002302220321FA4804F0D9FB07
:1016A000002303220421F74804F0D3FB0023042283
:1016B0000521F44804F0CDFB002305220C21F1485C
:1016C00004F0C7FB002306220D21EE4804F0C1FB05
:1016D000002307220E21EB4804F0BBFB0023082265
:1016E0000F21E84804F0B5FB0121E64804F05CFC5A
:1016F0000121E44804F04DFC0121E24804F069FBBB
:10170000E04804F002FC1BB000BD08B54FF4E060F7
:1017100003F0ACFE25208DF8000000208DF80100BC
:101720008DF8020001208DF80300684603F0A3FE47
:1017300008BD10B596B004460121102004F0FEF952
:101740000121084604F0B6F90121880504F0B2F938
:101750004FF4C060009002208DF8040000208DF846
:1017600006008DF8070002208DF805006946C6487E
:1017700003F05AFF07220921C34803F0E0FF0722C4
:101780000A21C14803F0DBFF02940020ADF80C00F1
:10179000ADF80E00ADF81000ADF814000C20ADF857
:1017A000120002A9B94805F0F7FD0121B74805F07C
:1017B0007BFE4FF4A06003F059FE3A208DF818002C
:1017C00000208DF819008DF81A0001208DF81B00FB
:1017D00006A803F050FEAE4804F0DCFC4FF00060B9
:1017E000079000200A90AB4809900A200B90A74868
:1017F000001D089000200C904FF480600D90002098
:101800000E900F904FF480701090400211900420C1
:1018100012900320139000201490159007A99C4863
:1018200004F05AFD01224021984805F0EAFE012209
:101830001021974804F017FE0121954804F086FD19
:1018400016B010BD10B596B004460121480504F04D
:1018500031F90121480404F060F90121082004F065
:1018600029F96020009002208DF8040000208DF8F6
:1018700006008DF8070002208DF8050069468648AD
:1018800003F0D2FE07220521834803F058FF072208
:101890000621814803F053FF02940020ADF80C00AC
:1018A000ADF80E00ADF81000ADF814000C20ADF846
:1018B000120002A9794805F06FFD0121774805F073
:1018C000F3FD4FF4A06003F0D1FD11208DF8180056
:1018D00000208DF819008DF81A0001208DF81B00EA
:1018E00006A803F0C8FD6E4804F054FC4FF00060F9
:1018F000079040200A906B48099050200B90674851
:10190000001D089000200C904FF480600D90002086
:101910000E900F904FF480701090400211900420B0
:1019200012900320139000201490159007A95C4892
:1019300004F0D2FC01228021584805F062FE012209
:101940008021564805F05DFE01221021544804F024
:101950008AFD0121524804F0F9FC16B010BD10B503
:1019600096B004460121880404F0D7F8012108202C
:1019700004F0A0F80121480504F09CF84FF44070F1
:10198000009002208DF8040000208DF806008DF8EC
:10199000070002208DF8050069463F4803F044FE29
:1019A000072208213C4803F0CAFE072209213A48D1
:1019B00003F0C5FE02940020ADF80C00ADF80E0057
:1019C000ADF81000ADF814000C20ADF8120002A91B
:1019D000354805F0E1FC0121334805F065FD4FF481
:1019E000A06003F043FD0C208DF8180000208DF856
:1019F00019008DF81A0001208DF81B0006A803F0CD
:101A00003AFD2748783804F0C5FB4FF00060079096
:101A100000200A902548099010200B902248001DB4
:101A2000089000200C904FF480600D9000200E90E4
:101A30000F904FF48070109040021190042012908B
:101A40000320139000201490159007A914487838AB
:101A500004F042FC01224021134805F0D2FD01228E
:101A60004021114805F0CDFD012210210C487838A5
:101A700004F0F9FC01210A48783804F067FC16B03C
:101A800010BD000000200140000002400010014095
:101A90004064024028060020000C02400044004040
:101AA000A0600240040000200048004064060020BE
:101AB00010B596B004460121C80404F02EF80121A7
:101AC000042003F0F7FF0121480503F0F3FF4FF472
:101AD0004060009002208DF8040000208DF8060080
:101AE0008DF8070002208DF805006946FE4803F0D6
:101AF0009BFD08220A21FC4803F021FE08220B214D
:101B0000F94803F01CFE02940020ADF80C00ADF87B
:101B10000E00ADF81000ADF814000C20ADF8120066
:101B200002A9F24805F038FC0121F04805F0BCFCA0
:101B30004FF4A06003F09AFC0D208DF818000220ED
:101B40008DF8190000208DF81A0001208DF81B0077
:101B500006A803F090FCE64804F01CFB4FF0006080
:101B6000079000200A90E348099004200B90DF487A
:101B7000001D089000200C904FF480600D90002014
:101B80000E900F9010904FF40030119000201290A2
:101B90000320139000201490159007A9D44804F056
:101BA0009BFB01224021D14805F02BFD0122102191
:101BB000CF4804F058FC0121CD4804F0C7FB16B013
:101BC00010BD0CB5002001900090CA480078022892
:101BD00012D1C84840780190C648C078C549897874
:101BE00040EA012000909DF80400C3490870BDF848
:101BF0000000C249088004E00420BF490870BF49C2
:101C000008800CBD10B596B004460121480503F0CC
:101C100051FF0121080503F080FF01210C2003F092
:101C200049FF0420009002208DF8040000208DF868
:101C300006008DF8070002208DF805006946B048BF
:101C400003F0F2FC4FF48050009002208DF8040065
:101C500000208DF806008DF8070002208DF80500A1
:101C60006946A14803F0E0FC08220221A44803F0E1
:101C700066FD08220C219C4803F061FD4FF4A06032
:101C800003F0F4FB2F208DF8180005208DF81900C3
:101C90008DF81A0001208DF81B0006A803F0EBFB5D
:101CA00002940020ADF80C00ADF80E00ADF8100065
:101CB000ADF814000C20ADF8120002A9914805F00F
:101CC0006BFB01218F4805F0EFFB8948783004F069
:101CD00061FA4FF00060079040200A908A4809900E
:101CE00096200B908748001D089000200C904FF420
:101CF00080600D9000200E900F9010904FF40030F7
:101D00001190002012900320139000201490159041
:101D100007A97748783004F0DFFA0122802179485A
:101D200005F06FFC012210217148783004F09BFB14
:101D300001216F48783004F009FB16B010BD10B5D2
:101D400096B004460121202003F0F8FE0121042072
:101D500003F0B0FE0121880503F0ACFEC020009026
:101D600002208DF8040000208DF806008DF8070091
:101D700003208DF8050069465B4803F055FC0822F6
:101D80000621594803F0DBFC08220721564803F0DE
:101D9000D6FC02940020ADF80C00ADF80E00ADF8B2
:101DA0001000ADF814000C20ADF8120002A957483D
:101DB00005F0F2FA0121554805F076FB4FF4A060DA
:101DC00003F054FB39208DF8180002208DF819001B
:101DD00000208DF81A0001208DF81B0006A803F0E2
:101DE0004AFB4B4804F0D6F94FF0206007900020E2
:101DF0000A904848099004200B904448001D089020
:101E000000200C904FF480600D9000200E900F90F9
:101E100010904FF400301190002012900320139086
:101E200000201490159007A9394804F055FA0122B2
:101E30004021364805F0E5FB01221021344804F02A
:101E400012FB0121324804F081FA16B010BD0CB526
:101E50000020019000902F480078022812D12D48D0
:101E6000407801902B48C0782A49897840EA0120BF
:101E700000909DF8040028490870BDF8000027492B
:101E8000088004E0042024490870244908800CBD1F
:101E900000B585B00121082003F00CFE0121880364
:101EA00003F04CFE00208DF8100001208DF8130087
:101EB0000C20039003A9124803F0B6FB0221032073
:101EC00005F038FC0420009000208DF8040010205C
:101ED0008DF8050001208DF80600684604F03CFBF3
:101EE00008208DF808001BE000080240004C00406C
:101EF000406002407301002077010020780100203B
:101F0000000C0240005000408205002000140140F7
:101F1000286402407A0100207E0100208001002018
:101F200000208DF809008DF80A0001208DF80B00C3
:101F300002A803F0A0FA05B000BD70B504460D4636
:101F4000012C0BD12946FE4805F0D9FA00BF4021EB
:101F5000FB4805F084FB0028F9D028E0032C0BD1C6
:101F60002946F84805F0CBFA00BF4021F54805F0B6
:101F700076FB0028F9D01AE0042C0BD12946F24850
:101F800005F0BDFA00BF4021EF4805F068FB0028CE
:101F9000F9D00CE0052C0AD12946EC4805F0AFFA3F
:101FA00000BF4021E94805F05AFB0028F9D070BD78
:101FB0000020E7494862E7490860E7490860E749C7
:101FC000086070470020E2494862E24908604FF02B
:101FD00080414862E2490860E2490860E2490860DD
:101FE000DD490860DD490860E0490860E0490860B3
:101FF000704700204FF080414862D949086070471F
:102000000020D8490860D8490860704710B5002002
:10201000D8490870002407E061210120FFF78DFFF7
:102020003220FEF7D1FD641C022CF5D30120D149EA
:1020300008707A20D049087010BD10B50020CF4933
:102040000870002407E061210320FFF776FF3220AB
:10205000FEF7BAFD641C022CF5D30120C7490870B5
:102060007A20C749087010BD2DE9F14FAEB0C5A068
:102070002D9000202C908DF888008DF860002E980F
:10208000122831D2DFE800F009313A41484F565F5B
:1020900068717A81888F969DA4FE0221C24803F060
:1020A00025FB88B100224FF40041C04803F03CFBFF
:1020B0004FF40041BD4803F026FB044600222146B0
:1020C000BBA0FEF7E1FA0FE00122D103B74803F00D
:1020D0002BFB4FF40041B54803F015FB04460022EA
:1020E0002146BBA0FEF7D0FA51E20122C048B0F968
:1020F00000004142BFA0FEF7C7FA48E20222BF48F3
:102100000168BFA0FEF7C0FA41E20322BF480168A0
:10211000BFA0FEF7B9FA3AE20422C1480168C1A0A3
:10212000FEF7B2FA33E20522C1480168C1A0FEF70A
:10213000ABFA2CE2FEF7E9FB044606222146C1A0D9
:10214000FEF7A2FA23E2FEF753FC044607222146DB
:10215000BFA0FEF799FA1AE2FEF793FC04460822A4
:102160002146BEA0FEF790FA11E2FEF7D4FC044629
:1021700009222146BCA0FEF787FA08E20A22BD48E0
:102180000168BDA0FEF780FA01E20B22BE4801788B
:10219000BEA0FEF779FAFAE10C22BF480188BFA081
:1021A000FEF772FAF3E10D22BE480178BEA0FEF7F9
:1021B0006BFAECE10E22BF480188BFA0FEF764FA7B
:1021C000E5E10F22BE480168BEA0FEF75DFADEE140
:1021D0000121C04803F08AFA4FF400511790734868
:1021E00003F084FA04460221BA4803F07FFA054658
:1021F0004FF480416D4803F079FA06460421B54852
:1022000003F074FA4FF400411690B24803F06EFAEE
:1022100007460821AF4803F069FA80464FF4804131
:10222000AC4803F063FA81461021AA4803F05EFA35
:102230004FF400511590A74803F058FA8246082140
:10224000A54803F053FA4FF480511490A14803F0CD
:102250004DFA10211390A04803F048FA4FF4806122
:1022600012909C4803F042FA83468021994803F07B
:102270003DFA4FF480711190964803F037FA1090B0
:10228000179800E020E0CDE90B65CDE90D401698E8
:10229000CDE90798CDE90970DDE913121598CDE96C
:1022A000042A03910690DDE91101CDE901B1009006
:1022B0008AA2282122A8109B07F080FC102222A9C4
:1022C0008FA0FEF734FA62E18021374803F01BFA51
:1022D00004460121344803F016FA054640213248ED
:1022E00003F011FA06464FF400417B4803F00BFA65
:1022F00007464FF48051834803F005FA80464FF4B7
:102300008061294803F0FFF981464FF400617D4860
:1023100003F0F9F94FF400611790234803F0F3F943
:1023200082464FF480616C4803F0EDF983464FF428
:1023300080511D4803F0E7F94FF400611690E3E087
:102340000010014000480040004C00400050004098
:10235000000001406C00002024080040880000209C
:10236000700000202404004074000020240C004071
:1023700078000020910000209000002093000020B1
:10238000920000203131313131313131313131314F
:10239000313131313131313131313031313131312E
:1023A00031313131000000000004024000080240D9
:1023B000524F424F5420322044414E47204348411F
:1023C000592053414E2058414E483A2020200000C9
:1023D000524F424F5420322044414E4720434841FF
:1023E000592053414E20444F3A2020200000000045
:1023F0008C000020494D553A00000000B00000203C
:1024000042545F4E414E475F48413A002803002046
:10241000204C55435F63687579656E203A00000073
:10242000140300204C75632042616E3A20000000C6
:102430009C0000204769615F7472695F6C617A6516
:1024400072200000454E434F4445525F3048200003
:10245000454E434F4445525F34482000454E434F5C
:102460004445525F38482000454E434F4445525F33
:1024700052522000AC00002042545F4E414E475F54
:102480004E4F4E473A000000770100206F6666739A
:1024900065745F32203A000078010020646973326D
:1024A0003A0000007E0100204F6666736574203A92
:1024B000000000008001002044697374633A00004A
:1024C00024030020466F7263655F747261636B3A28
:1024D0000000000000100240000C0240256425644A
:1024E00025642564256425642564256425642564A4
:1024F00025642564256425642564256400000000A6
:10250000493A000000000240F84803F0FCF84FF49C
:1025100000511590F64803F0F6F84FF480411490FE
:10252000F24803F0F0F84FF480411390F04803F0C4
:10253000EAF84FF480711290EE4803F0E4F84FF49B
:1025400000411190EA4803F0DEF8CDE90B76CDE9C1
:102550000D5410901798CDE907A0CDE9099814A85B
:1025600007C803ABA3E80708DDE911121398CDE90A
:1025700000120290AFF29C02282122A8109B07F0C3
:102580001DFB112222A9DCA0FEF7D1F800BF00BF7D
:102590002FB0BDE8F08F10B50121D94803F0D6FE69
:1025A00010BD01B5D74800680099884203DD0020BE
:1025B000D449086004E0D3480068401CD149086051
:1025C000D0480068FFF750FD08BD10B5FEF79DF933
:1025D000CD490860FEF70CFACC490860FEF751FAC5
:1025E000CB49086010BD2DE9F0412DED088B064662
:1025F0000F46304607F083F841EC190B9FEDC51BE1
:10260000B0EE490AF0EE690A07F05EFFB0EE408ACC
:10261000F0EE608A51EC180B07F082F80446002CAB
:1026200002DBA4F5E16401E004F5E164384607F05B
:1026300066F841EC1B0B9FEDB71BB0EE4B0AF0EEBA
:102640006B0A07F041FFB0EE409AF0EE609A304618
:1026500007F055F841EC1B0B9FEDAE1BB0EE4B0A9B
:10266000F0EE6B0A07F030FFB0EE40AAF0EE60AA81
:1026700053EC192B51EC1A0B06F05AFF41EC180BD6
:1026800007F04EF805462846211E01DB0A4600E009
:102690004A42002801DB034600E043429A4205DA41
:1026A00025464FF0FF309D49086003E03546012084
:1026B0009A4908602846BDEC088BBDE8F0810146C8
:1026C000FA2901DDFA2102E0032900DC0221C8B267
:1026D000704710B504460B4624B9914800789149DB
:1026E000C87116E0904890ED000AB5EEC00AF1EE10
:1026F00010FA07DD2046FFF7E2FF8A49C871012082
:10270000887106E06042FFF7DAFF8649C871002051
:10271000887123B9824800788249C87516E08348D9
:1027200090ED000AB5EEC00AF1EE10FA07DD18468A
:10273000FFF7C5FF7B49C8750020887506E0584241
:10274000FFF7BDFF7749C8750120887522B9744825
:1027500000787449C87316E0754890ED000AB5EE2C
:10276000C00AF1EE10FA07DD1046FFF7A8FF6D4929
:10277000C8730120887306E05042FFF7A0FF694943
:10278000C8730020887310BD6A4B18606A4B1960CB
:102790006A4B1A607047634AD071D075D073704726
:1027A0006048C079032809DA5E48C07D032805DA4D
:1027B0005C48C07B032801DA012070470020FCE759
:1027C00001205F49086070475E48006847F2305159
:1027D000884201D0012070470020FCE710B5FFF7C8
:1027E00015FC10BD5848B0F9000040427047B5EEE6
:1027F000C00AF1EE10FA09D25448D0ED000A70EE8A
:10280000600AFDEEE00A10EE900A70474F48D0EDE6
:10281000000A70EE200AFDEEE00A10EE900AF4E7DE
:1028200010B52DED0A8B044624B99FED490ABDEC85
:102830000A8B10BD002C25DA4648006806F05FFFC1
:1028400041EC190B204606F05AFF41EC1C0B9FEDA2
:10285000420B53EC102B06F071FE41EC1B0B9FED6D
:10286000400B53EC102B06F063FE41EC1A0B53ECBB
:10287000192B06F0D5FE41EC180B06F083FF00EE95
:10288000100AD4E73348006806F039FF41EC190B11
:10289000204606F034FF41EC1C0B9FED2F0B53EC50
:1028A000102B06F04BFE41EC1B0B9FED2D0B53EC58
:1028B000102B06F09CFD41EC1A0B53EC192B06F083
:1028C000AFFE41EC180B06F05DFF00EE100AAEE71C
:1028D000F0EE400AF5EEC00AF1EE10FA02DBB0EEBF
:1028E000600A7047B1EE600AFBE70000000C02408E
:1028F00000040240000002404F55543A000000001E
:10290000A0600240840000207403002078030020AF
:102910007C030020000000000020AC40700200207A
:10292000CC010020040000203402002038020020E6
:102930003C020020580200205C02002060020020BF
:10294000AC020020F80100208C0000208C01002047
:1029500000000000E401002000000000000004402E
:10296000000000000000E03F0146002901DB0846AE
:1029700070474842FCE70146FE48D0ED000AF1EE00
:10298000600AFD48D0ED001A80EEA11A00EE901A00
:10299000F8EEE01AF748D0ED000A41EE210AB0EE59
:1029A000600AFDEEC00A10EE900A7047F0EE401A81
:1029B0009FEDF22AB0EE420AF5EEC01AF1EE10FADF
:1029C00003D2B1EE612AF0EE421AF5EEC00AF1EE42
:1029D00010FA03D2B1EE602AF0EE420AB5EEC01A48
:1029E000F1EE10FA03D2B1EE412AB0EE421AF4EE43
:1029F000C01AF1EE10FA01DDB0EE610AF4EEC00A81
:102A0000F1EE10FA01DDB0EE600AB4EEC01AF1EE9C
:102A100010FA01DDB0EE410A7047D94800687047EE
:102A2000D8480068704710B52DED0A8BF0EE408A4B
:102A300018EE900A06F093FE41EC1C0B1FED4B1BA9
:102A4000B0EE4C0AF0EE6C0A07F03EFDB0EE40BA74
:102A5000F0EE60BA1FED510B53EC102B51EC1B0B39
:102A600006F0C5FC41EC1A0B1FED561BB0EE4A0AEE
:102A7000F0EE6A0A07F028FDB0EE409AF0EE609A98
:102A800051EC190B06F07EFE08EE100A9FEDBE0A0F
:102A9000B4EEC08AF1EE10FA06DD9FEDBC0AB4EE8A
:102AA000C08AF1EE10FA0BD3B5EEC08AF1EE10FA3F
:102AB0000ADB9FEDB70AB4EEC08AF1EE10FA03D834
:102AC0000120BDEC0A8B10BD9FEDB20AB4EEC08AA6
:102AD000F1EE10FA01D80220F3E79FEDAF0AB4EE51
:102AE000C08AF1EE10FA01D80320EAE70420E8E7F3
:102AF00010B52DED108B8AB0B0EE408AF0EE608AF2
:102B0000B0EE419AA54890ED000A28EE000ADFEDEC
:102B1000A40A80EE201A11EE104A204606F01FFE8D
:102B2000CDE908019DED080B07F0CAF9B0EE40FAB7
:102B3000F0EE60FA18EE900A06F011FE41EC1E0B62
:102B400053EC1F2B06F0FAFC41EC1C0B06F01AFEAE
:102B50000AEE900A19EE100A06F001FECDE9060110
:102B60008E4890ED000A28EE000ADFED8D0A80EE17
:102B7000201A11EE104A204606F0F1FD41EC1E0B22
:102B8000B0EE4E0AF0EE6E0A08F0E2FD8DED040B99
:102B900018EE900A06F0E3FD41EC1C0B9DED040BD2
:102BA00053EC102B06F0CAFC41EC1F0B9DED060BFD
:102BB00053EC102B06F01BFCCDE908019DED080B32
:102BC00051EC100B06F0DEFD0BEE100A9FED750ABE
:102BD00038EE400A7148D0ED000A20EE200ADFED01
:102BE000700A80EE201A11EE104A204606F0B7FD5A
:102BF000CDE908019DED080B07F062F9B0EE40FA4F
:102C0000F0EE60FA18EE900A06F0A9FD41EC1E0BFA
:102C100053EC1F2B06F092FC41EC1C0B06F0B2FDAE
:102C20000BEE900A19EE100A06F099FD41EC1F0B0D
:102C30009FED5C0A38EE400A5848D0ED000A20EEBD
:102C4000200ADFED570A80EE201A11EE104A2046C6
:102C500006F085FD41EC1E0BB0EE4E0AF0EE6E0A5A
:102C600008F076FD8DED040B18EE900A06F077FD66
:102C700041EC1C0B9DED040B53EC102B06F05EFC9D
:102C800053EC1F2BCDE906019DED060B51EC100B0B
:102C900006F0ADFBCDE908019DED080B51EC100BE2
:102CA00006F070FD0DEE100A9FED3F0A38EE400A67
:102CB0003A48D0ED000A20EE200ADFED390A80EE16
:102CC000201A11EE104A204606F049FD41EC1E0B79
:102CD000B0EE4E0AF0EE6E0A07F0F2F8B0EE40FAEF
:102CE000F0EE60FA18EE900A06F039FD41EC1C0B8C
:102CF00053EC1F2B06F022FCCDE908019DED080BDB
:102D000051EC100B06F03EFD09EE900A19EE100A88
:102D100006F025FD9FED240A38EE400ACDE90601B4
:102D20001E48D0ED000A20EE200ADFED1D0A80EEDD
:102D3000201A11EE104A204606F011FD41EC1E0B40
:102D4000B0EE4E0AF0EE6E0A08F002FDB0EE40CA98
:102D5000F0EE60CA18EE900A06F001FD41EC1F0B80
:102D600053EC1C2B06F0EAFBCDE904019DED060BAC
:102D70001CE00000C4010020C80100206F12833A4B
:102D8000E40100201402002000E0444500006145F9
:102D90000000E14300C0A84400A00C45D801002079
:102DA0000000E144000096440000164553EC102B4F
:102DB0009DED040B51EC100B06F019FBCDE9080159
:102DC0009DED080B51EC100B06F0DCFC0AEE100A2E
:102DD000F0EE6A0AB0EE4B0A06F048FF5FED100A0B
:102DE00020EE200AF848D0ED000A80EE201AF748BD
:102DF00080ED001AF6480168F44890ED000ABDEE37
:102E0000C00A10EE100AFFF7EEFB00EE100AB8EE53
:102E1000C00AEE4880ED000AEE4890ED000AB8EED8
:102E2000C00AED4880ED000AEA48006806F067FC39
:102E3000CDE906011BEE100A06F091FC41EC1E0BD9
:102E40009FEDE61BB0EE4E0AF0EE6E0A07F058FE5C
:102E5000B0EE40FAF0EE60FA1AEE900A06F07FFC4F
:102E600041EC1E0B9FEDDD1BB0EE4E0AF0EE6E0A3C
:102E700007F046FE8DED000B53EC1F2B9DED000B74
:102E800051EC100B06F0B3FACDE902019DED020BF7
:102E900008F0C2FCB0EE40CAF0EE60CA9FEDD10B64
:102EA00053EC102B51EC1C0B06F0BAFBCDE90401DE
:102EB0009DED060B53EC102B9DED040B51EC100B0C
:102EC00006F03CFBCDE908019DED080B51EC100B21
:102ED00006F058FCC5490860F0EE6B0AB0EE4D0AEA
:102EE00006F0C4FE5FED520A20EE200AB648D0ED8F
:102EF000000A80EE201ABE4880ED001ABD48016825
:102F0000BB4890ED000ABDEEC00A10EE100AFFF7B4
:102F10006AFB00EE100AB8EEC00AB54880ED000A60
:102F2000AC4890ED000AB8EEC00AB34880ED000A44
:102F3000A848006806F0E3FBCDE906011DEE100A83
:102F400006F00DFC41EC1E0B9FEDA41BB0EE4E0AEB
:102F5000F0EE6E0A07F0D4FD8DED020B1BEE900A29
:102F600006F0FDFB41EC1E0B9FED9C1BB0EE4E0AE4
:102F7000F0EE6E0A07F0C4FD8DED000B9DED020B27
:102F800053EC102B9DED000B51EC100B06F02FFABB
:102F900041EC1C0BB0EE4C0AF0EE6C0A08F03CFC65
:102FA000B0EE40FAF0EE60FA9FED8E0B53EC102B72
:102FB00051EC1F0B06F034FBCDE904019DED060B2F
:102FC00053EC102B9DED040B51EC100B06F0B6FAF0
:102FD000CDE908019DED080B51EC100B06F0D2FB7A
:102FE00086490860F0EE690AB0EE4A0A06F03EFE35
:102FF0005FED950A20EE200A7348D0ED000A80EEBE
:10300000201A7F4880ED001A7E4801687C4890EDC8
:10301000000ABDEEC00A10EE100AFFF7E4FA00EE57
:10302000100AB8EEC00A764880ED000A694890EDB3
:10303000000AB8EEC00A744880ED000A65480068CE
:1030400006F05DFB41EC1F0B1AEE100A06F087FB41
:1030500041EC1E0B9FED611BB0EE4E0AF0EE6E0AC6
:1030600007F04EFD8DED000B19EE900A06F077FB90
:1030700041EC1E0B9FED591BB0EE4E0AF0EE6E0AAE
:1030800007F03EFDB0EE40CAF0EE60CA9DED000BC9
:1030900053EC102B51EC1C0B06F0A9F9CDE9020101
:1030A0009DED020B08F0B8FB8DED040B9FED4D0B71
:1030B00053EC102B9DED040B51EC100B06F0B0FA05
:1030C00053EC1F2BCDE906019DED060B51EC100BC7
:1030D00006F034FACDE908019DED080B51EC100B18
:1030E00006F050FB494908601AEE100A06F037FB5B
:1030F00041EC1F0B9FED391BB0EE4F0AF0EE6F0A4B
:1031000007F0FEFC8DED080B19EE900A06F027FB88
:1031100041EC1F0B9FED311BB0EE4F0AF0EE6F0A32
:1031200007F0EEFC8DED060B9DED080B53EC102B1C
:103130009DED060B51EC100B06F059F941EC1C0B00
:10314000B0EE4C0AF0EE6C0A08F066FBB0EE40EA16
:10315000F0EE60EA51EC1E0B06F0E2FA2C49086032
:10316000264890ED000ABDEEC00A2A4880ED000A0C
:10317000294890ED000AB8EEC00AFFF754FC274931
:1031800008600AB0BDEC108B10BDF0EE400AB0EE46
:10319000600ABAEE0E1AF4EEC10AF1EE10FA04D289
:1031A000BAEE0E1AB0EE410A0DE0184890ED001A82
:1031B000F2EE0E1AB4EEE11AF1EE10FA03DDB2EE01
:1031C0000E1AB0EE410A7047D801002040020020DC
:1031D0007403002070020020340200200000000070
:1031E00000000040000000000000344028020020E1
:1031F0004402002078030020380200202C02002026
:10320000480200207C0300203C0200203002002005
:103210004C02002050020020F8010020540200203F
:10322000F848D0ED000AF5EEC00AF1EE10FA06DD1E
:10323000D0ED000A70EEC00AC0ED000A06E0F148C9
:10324000D0ED000A70EE800AC0ED000AED48D0ED26
:10325000000ABAEE0E1AF4EEC10AF1EE10FA04D228
:10326000FAEE0E0AC0ED000A0DE0E648D0ED000AC5
:10327000B2EE0E1AF4EEC10AF1EE10FA03DDF2EE30
:103280000E0AC0ED000A7047DE48D0ED000AF5EEE8
:10329000C00AF1EE10FA06DDD0ED000A70EE800AE9
:1032A000C0ED000A06E0D748D0ED000A70EEC00A73
:1032B000C0ED000AD348D0ED000ABAEE0E1AF4EEC3
:1032C000C10AF1EE10FA04D2FAEE0E0AC0ED000ABD
:1032D0000DE0CC48D0ED000AB2EE0E1AF4EEC10AB1
:1032E000F1EE10FA03DDF2EE0E0AC0ED000A7047AF
:1032F000C548D0ED000AF5EEC00AF1EE10FA06DD81
:10330000D0ED000A70EEC00AC0ED000A06E0BE482B
:10331000D0ED000A70EE800AC0ED000ABA48D0ED88
:10332000000ABAEE0E1AF4EEC10AF1EE10FA04D257
:10333000FAEE0E0AC0ED000A0DE0B348D0ED000A27
:10334000B2EE0E1AF4EEC10AF1EE10FA03DDF2EE5F
:103350000E0AC0ED000A7047AB48D0ED000AF5EE4A
:10336000C00AF1EE10FA06DDD0ED000A70EE800A18
:10337000C0ED000A06E0A448D0ED000A70EEC00AD5
:10338000C0ED000AA048D0ED000ABAEE0E1AF4EE25
:10339000C10AF1EE10FA04D2FAEE0E0AC0ED000AEC
:1033A0000DE09948D0ED000AB2EE0E1AF4EEC10A13
:1033B000F1EE10FA03DDF2EE0E0AC0ED000A7047DE
:1033C0009248D0ED000AF5EEC00AF1EE10FA06DDE3
:1033D000D0ED000A70EEC00AC0ED000A06E08B488E
:1033E000D0ED000A70EE800AC0ED000A8748D0EDEB
:1033F000000ABAEE0E1AF4EEC10AF1EE10FA04D287
:10340000FAEE0E0AC0ED000A0DE08048D0ED000A89
:10341000B2EE0E1AF4EEC10AF1EE10FA03DDF2EE8E
:103420000E0AC0ED000A70477848D0ED000AF5EEAC
:10343000C00AF1EE10FA06DDD0ED000A70EE800A47
:10344000C0ED000A06E07148D0ED000A70EEC00A37
:10345000C0ED000A6D48D0ED000ABAEE0E1AF4EE87
:10346000C10AF1EE10FA04D2FAEE0E0AC0ED000A1B
:103470000DE06648D0ED000AB2EE0E1AF4EEC10A75
:10348000F1EE10FA03DDF2EE0E0AC0ED000A70470D
:1034900010B52DED068BB0EE408A18EE100A06F03E
:1034A0005EF941EC1A0B9FED5A0B53EC102B06F012
:1034B00045F841EC190B06F065F908EE900A5648FC
:1034C000006847F2305188420FD1B2EE040A28EE6C
:1034D000000A524880ED000A90ED001ADFED500A14
:1034E0009FED4F0AFFF704FB24E04E4800684E4969
:1034F0000968401A48490968081A00EE100AB8EE2F
:10350000C00A4A4880ED000A494890ED000AF2EEF0
:10351000080A20EE200A414880ED000A90ED001ACA
:10352000444890ED000AF8EEC00A404890ED000AC9
:10353000FFF7DEFAB5EEC08AF1EE10FA3AD036485F
:10354000006847F23051884234D0334890ED000A89
:10355000B8EEC00AFFF767FA012806D002280DD09E
:10356000032814D0042824D11AE0B0EE680AFFF72B
:10357000BFFEB0EE680AFFF787FE1AE0B0EE680AF9
:10358000FFF752FFB0EE680AFFF7B2FE11E0B0EEAF
:10359000680AFFF7E1FEB0EE680AFFF741FE08E0B7
:1035A000B0EE680AFFF70CFFB0EE680AFFF76CFE9A
:1035B00000BF00BF134890ED001A1348D0ED000A79
:1035C000124890ED000AFFF7F1F91B48D0ED000A10
:1035D000F8EEE00A80EE801ABDEEC10A174880EDD1
:1035E000000A1748006815490968884203DD134836
:1035F000006813490860012012490860BDEC068B81
:1036000010BD0000300200202C0200202802002003
:103610007B14AE47E17AB43FF80100209402002009
:10362000000000001C020020040200208401002091
:103630000C020020E801002088010020EC0100209D
:10364000E4010020DC01002010B504460020FE4902
:103650000860FE480460FCB90020FD4908601FEDC9
:10366000100AFC4880ED000A47F23050FA49086021
:10367000FA4908601FED160AF94880ED000A00209B
:10368000F8490860F8490860F8490860F849086096
:103690001FED1D0AFFF7FCFE10BD10B5F04890EDC0
:1036A000000AB5EEC00AF1EE10FA05D1ED48006847
:1036B00010B9ED48006890B11FED270AE84880ED89
:1036C000000A0020E7490860E7490860E948006807
:1036D000E9490860E24890ED000AFFF7D9FE10BD05
:1036E000E648C0ED000AE64880ED000A704770B574
:1036F0002DED028B05460C46B0EE408AD648006898
:10370000A8420BD1D0480068A04207D1D14890ED23
:10371000000AB4EE480AF1EE10FA18D0CA48046064
:10372000CB48006810B90520C9490860D148006835
:10373000D1490860C74880ED008AC748056000206D
:10374000D0490860C64890ED000AFFF7A1FEBDEC25
:10375000028B70BD70B52DED028B0446B0EE408A31
:103760000D46C1480068A0420BD1BD4890ED000A4B
:10377000B4EE480AF1EE10FA03D1BA480068A84244
:1037800037D0B548006847F23051884222D1322004
:10379000AD4908600A20AE49086047F230508442C3
:1037A00018DA0120B1490860B5EEC08AF1EE10FACE
:1037B00003DDB0480068A04208DCB5EEC08AF1EE37
:1037C00010FA07D2AB480068A04203DAB1EE480A0B
:1037D000B0EE408AA4480460A2480560A04880ED8D
:1037E000008A0020A74908609D4890ED000AFFF775
:1037F0004FFEBDEC028B70BD10B52DED028BB0EE0F
:10380000408A04462146B0EE480A47F23050FFF79E
:10381000A1FFBDEC028B10BD70B504460D461FED37
:10382000800A29462046FFF762FF70BD10B52DEDD6
:10383000088BF0EE408A0446B0EE608AB0EE419A02
:10384000864890ED000AB8EEC00AB4EE680AF1EEC0
:1038500010FA0DD17C480068A04209D1824890ED51
:10386000000AB8EEC00AB4EE480AF1EE10FA5ED0D3
:10387000BDEEE80A794880ED000A7E4991ED000A24
:10388000B8EEC00A38EEC00ABDEEC00A10EE100A4B
:103890001FED9D0A2146FFF72AFF7648D0ED000A6A
:1038A000F8EEE00A78EE600AB0EE600AFFF710F872
:1038B000DFED750AB4EEE00AF1EE10FA14DD6D48A2
:1038C00090ED000AB8EEC00AB4EEC08AF1EE10FA2C
:1038D00002DDB0EE490A01E0B1EE490A10EE101A1D
:1038E000084605F03CFF13E0624890ED000AB8EE90
:1038F000C00A38EE400A10EE101A084605F02FFFF5
:1039000041EC1B0B9FED610B53EC102B05F016FEE9
:1039100041EC1A0B05F036FF09EE900A0021B0EEDB
:10392000690AFDEEC80A10EE900AFFF713FFBDEC1E
:10393000088B10BD10B54D48006801283DDD4A498F
:1039400009684C4A1268881AFFF70EF805280CDA45
:10395000464801680068401C444A1060B1F5FA7F8F
:103960002BDD0020FFF770FE10BD40480068FA28EC
:1039700008DD05203449086035490860FB203B49D3
:10398000086004E005203049086031490860394882
:10399000006835490968884205DDBFEE000A3048F5
:1039A00080ED000A04E0B7EE000A2D4880ED000A21
:1039B0002B4890ED000AFFF76BFD00BFD4E710B570
:1039C0002DED028B234890ED000AB5EEC00AF1EE12
:1039D00010FA08D11E48006828B12348006847F251
:1039E0003051884202DBBDEC028B10BD22490968D0
:1039F000204A1268881AFEF713FFB0EE408AFFF7DC
:103A000047FD00BFEFE700B518480068022815DA47
:103A10001FEDFD0A0F4880ED000A9FED1E0A1048B9
:103A200080ED000A00200F49086047F230500A4933
:103A300008600A49086000200B49086011480068C6
:103A4000401C1049086027E0E8010020F001002038
:103A5000E401002010020020F8010020FC010020F9
:103A60000C020020E00100200002002014020020CF
:103A7000AC0200201C02002004020020C40100202F
:103A8000C8010020F401002000004842FCA9F1D246
:103A90004D62403F00000000F9490968884204DA9D
:103AA000F8480068FEF777FE0EE0F5480068F64932
:103AB0000860F648006820B1F2480068FEF76BFE27
:103AC00002E00020FEF767FE00BDEF4A1268521CBC
:103AD000ED4B1A60824207DDED4A12680A44EC4B56
:103AE0001A600022E84B1A60704770B5FEF77AFE44
:103AF000E8490860FFF71EFFE7480068002821DD5D
:103B0000E3480068E4490968884229D0E048006831
:103B1000E149096888420EDADD480068DF49096832
:103B200088421DDADA480068FEF725FF04460121C5
:103B3000FFF7CBFF14E04FF0FF31D9480068FFF7E3
:103B4000C4FF0DE0D2480068002806DD4FF0FF31C9
:103B5000D4480068FFF7B9FF02E0FFF754FF70BDDB
:103B6000D1480068CB490968884205D0FFF727FF94
:103B7000C8480068CC490860CC480068E8B3C4482D
:103B8000D0ED000AF8EEE00AC94890ED001A60EEA8
:103B9000810AB0EE600AFEF72AFE0446BC48D0ED6A
:103BA000000AF8EEE00AC34890ED001A60EE810AC0
:103BB000B0EE600AFEF71BFE0546B548D0ED000AE0
:103BC000F8EEE00ABC4890ED001A60EE810AB0EE13
:103BD000600AFEF70CFE064622462946FEF779FDEE
:103BE000B64890ED000ABDEEC00A10EE102AB448A7
:103BF00090ED000ABDEEC00A00E00AE010EE101AD7
:103C0000B04890ED000ABDEEC00A10EE100AFEF7B3
:103C1000BBFD00BFA3E710B5AB48007800F0800003
:103C2000C8B1022004F062FFA748007800F08000CD
:103C300088B1A6480068401CA4490860084600688E
:103C4000022801DD0020086000BF9F48007800F0D6
:103C500080000028F9D19D480068012824D1012264
:103C600041029B4801F060FD40F6B83004F03EFF91
:103C7000012098490860984800685A2802DD5920B8
:103C80009649086095480078954981F82F0081F899
:103C90002B0081F82700002081F8260081F82A00F7
:103CA000012081F82E002CE088480068022828D1E5
:103CB0000122C101864801F037FD42F2107004F084
:103CC00015FF0020864981F82F0081F82B0081F82C
:103CD00027008049086000224FF400717C4801F001
:103CE00023FD41F2883004F001FF00224FF480717F
:103CF000774801F019FD0020794981F833007349B4
:103D0000086010BD10B57048C079002850D06E48CA
:103D1000007800F0800000284AD1012251026C484E
:103D200001F002FD01206B4908606B4800685A28C9
:103D300002DD5A206B4908606A480078684981F8BA
:103D40002F0081F82B0081F82700002081F8260041
:103D500081F82A00012081F82E0043F6982004F013
:103D6000C5FE012211025A4801F0DEFC42F2107039
:103D700004F0BCFE00205A4981F82F0081F82B0086
:103D800081F827005349086000224FF40071504821
:103D900001F0CAFC41F2883004F0A8FE00224FF482
:103DA00080714B4801F0C0FC00204D4981F8330080
:103DB00010BD10B54448C07928BB4348407800F096
:103DC000200000B3002048490860012047490860EE
:103DD00000204749086047480068474908600020BC
:103DE0003F4981F82F0081F82B0081F827004349D3
:103DF000086032203A4981F83300012251023448E8
:103E000001F092FC12E03E4801683A480068C01C8C
:103E100081420BDC3848006836490968884205D180
:103E20003148006810B901202A4908602648C07945
:103E300078B92548407800F0040050B13148006856
:103E40002D490860012028490860002021490860A8
:103E500015E02748006890B9274800682949096893
:103E600088420CD1274800680A38254909688842E9
:103E700005DA00201D49086001201D49086010BDB9
:103E8000D0010020CC010020F4010020AC02002071
:103E9000E40100201C020020E8010020EC010020C9
:103EA00024020020F001002020020020DC0100207C
:103EB000300200202C0200202802002048020020AE
:103EC0004402002040020020640600204403002039
:103ED00000080240300300202403002014030020C7
:103EE00004000020280300203C03002034030020AD
:103EF000380300203C010020380100204803002046
:103F0000B00000204001002010B5FE488079A8B123
:103F1000322004F0EBFDFB48807978B1FA48006864
:103F2000401CF949086008460068022801DD0020AD
:103F3000086000BFF34880790028FBD1F248006890
:103F4000012821D10221F14801F0D0FBE0B9002283
:103F50004FF40071EE4801F0E7FB41F2883004F0C5
:103F6000C5FD1720EB4981F82700DC2081F82B00E4
:103F7000172081F82F00002081F8260081F82A0000
:103F8000012081F82E005FE0DF48006802285BD145
:103F90000122C101DE4801F0C7FB41F2883004F084
:103FA000A5FD0020DB4981F82F0081F82B0081F866
:103FB000270000224FF48071D54801F0B5FB42F292
:103FC000107004F093FD3220D24981F833000A20AA
:103FD00081F82F0081F82B0081F82700012081F85B
:103FE000260081F82A00002081F82E00CA490860C6
:103FF00013E006E0FCF780FC00B108E0012004F0CB
:1040000075FD0221C14801F071FB0128F2D000BF0B
:10401000C1480068401CC0490860BF480068642867
:10402000E7DB40F6B83004F061FD01225102B848E8
:1040300001F07AFB0020B74981F82F0081F82B00AE
:1040400081F82700B049086010BD002100EE900AF9
:10405000F8EEE00A70EE600AFDEEE00A10EE901A4B
:10406000AE4A11607047704710B52DED068B0446BF
:104070009FEDAB0AB0EE408AB3EE030AF0EE408A41
:10408000B3EE0B0AC0EE280AB0EE60AAB0EE4A0A00
:1040900006F080FCDFEDA30A80EE201AF0EE419AD4
:1040A00000EE104AB8EEC00ADFED9F0A20EE200AAB
:1040B0009E48D0ED000A9FED9E1A01EE200A80ED89
:1040C000000A90ED000AB0EE409A69EE890AB0EE5F
:1040D000600A06F005F920EE280AB0EE408A9FED4E
:1040E000950AB4EEC08AF1EE10FA04DD9FED910A54
:1040F000B0EE408A0AE0B3EE040AB4EEC08AF1EEF4
:1041000010FA03D2B3EE040AB0EE408ABDEEC80A3C
:10411000894880ED000A006888490860BDEC068B7C
:1041200010BD10B52DED028B7648C07801EE100A57
:10413000B8EE411ADFED821A31EE611AF0EE410A53
:104140007048807801EE100AB8EE411ADFED7C1A53
:1041500031EE611AB0EE410A05F088FDF0EE408ABA
:104160007848D0ED000A9FED781A81EE200A20EE03
:10417000280AB0EE408AB5EEC08AF1EE10FA05D2F8
:104180009FED720A38EE000AB0EE408A5D48C078B2
:104190007E2807D15B4880787F2803D19FED6C0A89
:1041A000B0EE408A9FED680AB4EEC08AF1EE10FAD4
:1041B00006D8B2EE040A28EE000AB0EE408A09E002
:1041C0009FED620A38EE400AF2EE040A20EE200A61
:1041D000B0EE408A9FED5F0A38EE400A5E4880EDFF
:1041E000000ABDEC028B10BD10B54648407800F0C7
:1041F0008000002838D00A20464981F82F0081F835
:104200002B0081F82700012081F8260081F82A0080
:10421000002081F82E0000240FE006E0FCF76CFB84
:1042200000B108E0012004F061FC0221374801F0F0
:104230005DFA0128F2D000BF641C642CEDDB40F66F
:10424000B83004F053FC3220324981F833000020AA
:1042500081F82F0081F82B0081F8270001225102FC
:104260002B4801F061FA00BF10BD10B52548007859
:1042700000F00200C8B10020264981F82F0081F823
:104280002B0081F8270035490860224981F8330066
:1042900000224FF400711E4801F046FA0020304918
:1042A0000860194908602F49086010BD2E48016850
:1042B0000068401C2C4A1060642907D22B484089B2
:1042C0002B49096808442A4908600BE0284800681F
:1042D0006421B0FBF1F02749086000202249086002
:1042E00023490860244801680068401C224A106085
:1042F000642945D21D4800892049096808441F499E
:10430000086049E0640600204803002000100240D5
:104310000008024004000020E002002054030020B6
:104320000000000000007A44CDCCCC3D58030020B2
:104330006666663F00007A432803002024030020BD
:104340000000FF4204030020000034430000B44397
:1043500000409C460000E143CC00002050030020B8
:104360004C03002044030020840300201806002092
:1043700088030020980000208C0300209003002078
:10438000FC4800686421B0FBF1F0FB4908600020A4
:10439000FA490860F7490860F94801680068401C5C
:1043A000F74A1060642907D2F6488089F6490968FF
:1043B0000844F54908600BE0F34800686421B0FB4D
:1043C000F1F0F24908600020ED490860EE4908600C
:1043D000EF4801680068401CED4A1060782907D258
:1043E000E848C089EB4909680844EA4908600BE0DD
:1043F000E84800687821B0FBF1F0E7490860002048
:10440000E3490860E3490860E44801680068401C2B
:10441000E24A10600A2907D2DA48C088E0490968F0
:104420000844DF4908600BE0DD4800680A21B0FB62
:10443000F1F0DC4908600020D8490860D8490860DC
:10444000D94801680068401CD74A1060322907D259
:10445000CC484088D54909680844D44908600BE035
:10446000D24800683221B0FBF1F0D1490860002049
:10447000CD490860CD490860CE4801680068401CFD
:10448000CC4A1060322907D2BE480088CA49096860
:104490000844C94908600BE0C74800683221B0FBF6
:1044A000F1F0C64908600020C2490860C2490860AE
:1044B0007047C3480068C3490968884203DAC148A5
:1044C0000068BF490860BE480068BF490968884263
:1044D00003DDBD480068BA490860B8490968B84AB0
:1044E0001268881A002801DB014600E041420329D6
:1044F00028DDB2480068B2490968884204DD00201E
:10450000B24981F8220003E00120B04981F822007D
:10451000AA490968AA4A1268881A002801DB0146DC
:1045200000E041424900AA4A116010460068FE2896
:1045300002DDFE2011460860A5480078A34981F8F5
:10454000230003E00520A14981F82300A148006869
:1045500018B900209D4981F82300704710B59E4886
:10456000C079A0B19C48407800F0040078B194482C
:10457000006895490968884209DA91480068401C3A
:104580008F4908604FF4967004F0B0FA16E0924834
:10459000C07998B19048407800F0200070B1884808
:1045A000006888490968884208DD85480068401E1F
:1045B000834908604FF4C87004F098FA10BD73B5D1
:1045C0002DED028B14251FEDAA0AB0EE408A824819
:1045D0000079322805DB80480079C82801DC0120F9
:1045E00000E0002004467C48007800F00800A8B9EC
:1045F0007948007800F0100080B97748007800F022
:10460000200058B97448007800F0400030B92CB14F
:104610001920FFF719F8BDEC028B7CBD6E4840787D
:1046200000F0020030B19DF80C509FED6C0AB0EE26
:10463000408A05E09DF808509FED690AB0EE408A77
:104640006548007800F0080098B16348007800F0F1
:10465000100070B96048007800F0200048B95E484A
:10466000007800F0400020B929460020FFF7D4F878
:10467000EEE05948007800F00800A0B956480078EC
:1046800000F0100078B15448007800F0200050B9D4
:104690005148007800F0400028B929464FF4E16005
:1046A000FFF7BAF8D4E04C48007800F00800A0B951
:1046B0004948007800F0100078B94748007800F0C9
:1046C000200050B14448007800F0400028B9294645
:1046D0004FF46170FFF7A0F8BAE03F48007800F0AF
:1046E000080098B93C48007800F0100070B93A48CA
:1046F000007800F0200048B93748007800F040000A
:1047000020B129463748FFF787F8A1E03248007802
:1047100000F00800A0B13048007800F0100078B92F
:104720002D48007800F0200050B12B48007800F0B0
:10473000400028B929464FF4E170FFF76DF887E093
:104740002548007800F0080098B12348007800F070
:10475000100070B92048007800F0200048B91E48C9
:10476000007800F0400020B129461F48FFF754F8B8
:104770006EE03BE0900300209C0000208C030020B2
:10478000940300201806002098030020A4000020B5
:104790009C030020A0030020A0000020A403002010
:1047A000A8030020B4000020AC030020B0030020C8
:1047B000AC000020B4030020B8030020B0000020AB
:1047C000380100203C0100204001002004000020AE
:1047D0006003002034030020640600209A995940A9
:1047E0003333333F7CFCFFFF3EFEFFFFF948007888
:1047F00000F00800A0B9F748007800F0100078B188
:10480000F448007800F0200050B1F248007800F041
:10481000400028B9294640F24650FEF7FDFF17E058
:10482000EC48007800F0080090B9EA48007800F001
:10483000100068B1E748007800F0200040B9E54872
:10484000007800F0400018B12946E348FEF7E4FF85
:10485000E048007800F00800A8B9DE48007800F0D1
:10486000100080B9DB48007800F0200058B9D94822
:10487000007800F0400030B92CB1FDF7A5FF10B171
:104880001920FEF7E1FE14B1FEF707FF27E0D1483B
:10489000007932280EDAFDF797FF28B10020B1EE3B
:1048A000480AFEF7A9FF1AE00020B1EE480AFEF719
:1048B000A3FF14E0C7480079C8280EDDFDF784FF88
:1048C00028B10020B0EE480AFEF796FF07E000206E
:1048D000B0EE480AFEF790FF01E0FEF7DEFE00BFF3
:1048E00099E610B50120BD4988700421BC4800F04C
:1048F000FDFE012804D10220B849C870012010BD76
:104900006420B649C8700020F9E710B50421B44806
:1049100000F0ECFE01280BD1B248007840B96420C9
:10492000AE49C8700020B0490860B049086010BDA9
:10493000FBF7EBFF041E01DB204600E06042AC49C0
:104940000968884208DDA7480078012804D10220C0
:10495000A249C8700120EAE71E20A049C8700120C2
:10496000A04908700020E2E710B500209B49887438
:104970004FF400419A4800F0B9FE012804D102200A
:104980009649C874012010BD64209449C874002061
:10499000F9E710B54FF40041914800F0A7FE012857
:1049A0000BD19448007840B964208C49C874002029
:1049B000914908609149086010BDFCF719F8041E80
:1049C00001DB204600E060428D490968884208DD2D
:1049D00088480078012804D102208049C874012049
:1049E000EAE71E207D49C874012082490870002032
:1049F000E2E710B50020794988724FF48041784889
:104A000000F074FE012804D102207449C87201200C
:104A100010BD64207149C8720020F9E710B54FF449
:104A200080416F4800F062FE01280CD17548007883
:104A300048B964206949C87200204FF0804148623B
:104A40007149086010BDFCF71CF8041E01DB20460C
:104A500000E060426D490968884208DD69480078D5
:104A6000012804D102205D49C8720120EAE71E2016
:104A70005A49C8720120634908700020E2E710B566
:104A80002DED048BFBF741FF61490968441A002CA6
:104A900001DB204600E06042002839DDFBF735FFEE
:104AA0005B490968884203DD00204C49887002E0B8
:104AB00001204A498870FBF728FF55490968441AC4
:104AC000002C01DB214600E06142084604F017FE9D
:104AD00041EC190B9FED4F0B53EC102B04F02EFD06
:104AE00041EC180B04F01CFE4C49086008460068B5
:104AF000FA2801DDFA200860484800680A2802DA2E
:104B00000A2046490860454800783449C87002E0E8
:104B100002203249C870BDEC048B10BD10B52DEDDC
:104B2000048BFBF765FF3E490968441A002C01DB42
:104B3000204600E06042002839DDFBF759FF384984
:104B40000968884203DD01202449887402E00020BE
:104B500022498874FBF74CFF31490968441A002C3C
:104B600001DB214600E06142084604F0C8FD41EC4B
:104B7000190B9FED280B53EC102B04F0DFFC41ECDC
:104B8000180B04F0CDFD2549086008460068FA2896
:104B900001DDFA200860214800680A2802DA0A20AC
:104BA0001E4908601D4800780C49C87402E00220C4
:104BB0000A49C874BDEC048B10BD10B52DED048BF3
:104BC000FBF75FFF17490968441A002C2CDB2046CD
:104BD0002BE0000064060020BAFAFFFF040000206A
:104BE000001002405C0300202404004074000020F8
:104BF000680300205D030020240C004078000020A2
:104C00006C0300205F030020700000207003002070
:104C1000580200209A9999999999E93F60030020D8
:104C20005C020020600200206042002839DDFBF7B2
:104C300028FFFE490968884203DD0120FC4988728B
:104C400002E00020FA498872FBF71BFFF749096868
:104C5000441A002C01DB214600E06142084604F0C2
:104C60004EFD41EC190B1FED150B53EC102B04F00E
:104C700065FC41EC180B04F053FDEE490860084652
:104C80000068FA2801DDFA200860EA4800680A286E
:104C900002DA0A20E7490860E6480078E449C87269
:104CA00002E00220E249C872BDEC048B10BD70B571
:104CB0002DED108BF0EE408A04469FEDDF0AB0EE3A
:104CC00040FA9FEDDD0AB0EE408ADC48006804F04F
:104CD00046FD41EC1C0B9FEDDA0B53EC102B04F05E
:104CE0002DFC41EC1A0B00EE104AB8EEC00A38EE6B
:104CF000C00A10EE101A084604F031FD41EC1C0BFE
:104D00009FEDD10B53EC102B04F018FC41EC1B0B66
:104D100053EC1A2B04F06BFB41EC190B04F032FD41
:104D2000C6490860084690ED000A20EE000A10EE21
:104D3000101A084604F013FD41EC1A0BB0EE4A0AB3
:104D4000F0EE6A0A06F068FDB0EE409AF0EE609A66
:104D500051EC190B04F016FD0546284604F0FFFC43
:104D600041EC1C0B9FEDBA0B05F032FCB0EE40EAB3
:104D7000F0EE60EA9FEDB80B53EC102B51EC1E0BDC
:104D800004F04EFC41EC1D0B53EC1C2B04F0D6FB45
:104D900041EC1B0BB0EE4B0AF0EE6B0A05F0F4F899
:104DA000B0EE40AAF0EE60AA9FEDAD0B53EC102BD5
:104DB00051EC1A0B04F0C2FB41EC190B04F0E2FCBD
:104DC00008EE100A9FEDA80AB4EEC08AF1EE10FAC0
:104DD00004DD9FEDA50AB0EE408A0AE0B3EE040AB6
:104DE000B4EEC08AF1EE10FA03D2B3EE040AB0EECC
:104DF000408ABDEEC80A9D4880ED000A00689C49C3
:104E00000860BDEC108B70BD70B52DED108BF0EE11
:104E1000408A04469FED880AB0EE40FA9FED860A6C
:104E2000B0EE408A8548006804F099FC41EC1C0B08
:104E30009FED830B53EC102B04F080FB41EC1A0B1D
:104E400000EE104AB8EEC00A38EEC00A10EE101A92
:104E5000084604F084FC41EC1C0B9FED7B0B53ECEB
:104E6000102B04F06BFB41EC1B0B53EC1A2B04F0E2
:104E7000BEFA41EC190B04F085FC70490860084645
:104E800090ED000A20EE000A10EE101A084604F019
:104E900066FC41EC1A0BB0EE4A0AF0EE6A0A06F024
:104EA000BBFCB0EE409AF0EE609A51EC190B04F0A6
:104EB00069FC0546284604F052FC41EC1C0B9FEDB2
:104EC0006D0B05F085FBB0EE40EAF0EE60EA9FED79
:104ED000620B53EC102B51EC1E0B04F0A1FB41ECC8
:104EE0001D0B53EC1C2B04F029FB41EC1B0BB0EE0B
:104EF0004B0AF0EE6B0A05F047F8B0EE40AAF0EE70
:104F000060AA9FED570B53EC102B51EC1A0B04F0D9
:104F100015FB41EC190B04F035FC08EE100A9FED6F
:104F2000520AB4EEC08AF1EE10FA04DD9FED4E0A8B
:104F3000B0EE408A0AE0B3EE040AB4EEC08AF1EEA5
:104F400010FA03D2B3EE040AB0EE408ABDEEC80AEE
:104F5000464880ED000A006845490860BDEC108BAA
:104F600070BD09E01120FDF71CFB0121434802F050
:104F70009BFA0F2003F0BAFDF4E70CE0404800680C
:104F800010B9FFF796FA03E00520294981F82300BC
:104F9000032003F0ABFDF1E715E03A48007800F09C
:104FA000010020B143211E20FFF709FB02E0192078
:104FB000FEF74AFBFFF763FDFFF7B0FDFFF7FDFDCE
:104FC000032003F093FDE8E708E0FFF76FF9FDF732
:104FD000FCFAFEF78AFD042003F088FDF5E71FB513
:104FE000FBF703FEFBF740FEFCF78DF8FCF762F9D8
:104FF000FCF754FAFCF7D9F9FCF7C8FAFBF79FFE67
:105000004FF4E130FCF795FB4FF4E130FCF71AFC6C
:105010004FF4E130FCF7A3FC4FF4E130FCF748FD1E
:105020004FF46120FCF7EEFD2EE00000600200204E
:105030000400002060030020000000008003002026
:10504000CDCCCCCCCCCCEC3F9A9999999999B93FDD
:1050500000000020AFA1FC3F0000000000C069403C
:10506000000000000000334000007A431C030020D1
:1050700014030020000000604379FD3F0048004019
:1050800030030020640600204FF4E130FCF757FEA7
:10509000FDF7A4FB00204A490860FCF793FF0020BD
:1050A00000900190029003464FF4807245A1039056
:1050B000494803F0DCFA002000900190029003467A
:1050C0004FF4807245A10390494803F0D0FA0020C4
:1050D00000900190029003464FF4807245A1039026
:1050E000494803F0C4FA00204849086049E03FE01D
:1050F000FFF7BBF80221464800F0F8FA012809D171
:1051000044480078444991ED000AB8EEC00AFFF720
:105110007BFE08E03F4800783F4991ED000AB8EE79
:10512000C00AFFF7C4FD3D480068502809DC3C4830
:10513000407800F0400008B1FEF795FFFEF76BFDE8
:105140000AE03648006840F26631884204DB3448A1
:10515000807908B1FEF7D8FEFEF7D4FD314800880B
:10516000FEF782FFFEF757FDFEF723FEFFF73CF840
:105170002B48007800F001000028B9D10A20FEF782
:1051800063FAB4E71FB50020009001900290034637
:105190004FF4807224A10390264803F068FA00209F
:1051A00000900190029003464FF4807222A1039078
:1051B000244803F05CFA03F073FE002004B010BD35
:1051C000D00000207461736B526F626F74416E6126
:1051D0006C79746963730000C94F00087461736B64
:1051E000446965754B6869656E436F43617500007E
:1051F000994F00087461736B446965754B68696504
:105200006E436F43617531007B4F0008340300200B
:10521000000402407E0100209C000020B00000201D
:1052200064060020800100207461736B4D61696E1B
:1052300000000000DF4F00087461736B4779726FE4
:1052400000000000634F00080CB5002001900090A2
:105250007248006840F480307049086000BF6F48B1
:10526000006800F4003000900198401C0190009804
:1052700018B90198B0F5A06FF1D16848006800F442
:10528000003010B10120009001E000200090009853
:10529000012846D161484030006840F080505F49A5
:1052A000403108605E48006840F480405C49086016
:1052B0005A480830006859490831086008460068B3
:1052C00040F4004008600846006840F4A0500860C0
:1052D0005448091F0860081F006840F08070091FCB
:1052E000086000BF4D48006800F000700028F9D049
:1052F00040F205604C49086048480830006820F0DA
:1053000003004649083108600846006840F0020082
:10531000086000BF41480830006800F00C00082811
:10532000F8D10CBD10B53D48006840F001003B4984
:1053300008600020394908310860384800683B4956
:105340000840364908603A48091D0860081F00688F
:1053500020F48020091F0860002030490C310860CB
:10536000FFF772FF4FF000603249086010BD70B562
:1053700000200022022300240221284D08352D6838
:1053800005F00C0020B1042806D0082834D107E02D
:10539000294D2A4E356033E0294D284E35602FE0E7
:1053A0001E4D2D1D2D68C5F380541C4D2D1D2D68DF
:1053B00005F03F0154B1224DB5FBF1F5174E361DF6
:1053C0003668C6F3881605FB06F209E01A4DB5FBF0
:1053D000F1F5124E361D3668C6F3881605FB06F247
:1053E0000E4D2D1D2D68C5F301456D1C6B00B2FBE4
:1053F000F3F5124E356003E00F4D104E356000BFDF
:1054000000BF064D08352D68C5F303150D4E705DC0
:105410000A4D2D68C540094E356070BD0038024008
:105420000070004008544007003C0240FFFFF6FEB9
:105430001030002408ED00E00024F400BC0300203C
:1054400000127A00C0030020064880470648004743
:10545000FEE7FEE7FEE7FEE7FEE7FEE7FEE7FEE724
:10546000FEE7FEE7255300088901000832490143A1
:10547000324A1160704770B5002100230F22C478B2
:105480001CB32E4C246804F4E064C4F5E064C4F357
:105490000721C1F10404E3B20A4144789C40E1B21F
:1054A0008478144021430C07210E254C0578615562
:1054B000047804F01F050124AC4005786D11AD009F
:1054C00005F1E025C5F8004109E0047804F01F0566
:1054D0000124AC401B4D0678761145F8264070BD7E
:1054E000194A0A400243154B1B1F1A60704739B115
:1054F000124A121D12680243104B1B1D1A6006E06F
:105500000E4A121D126882430C4B1B1D1A60704715
:10551000042808D14FF0E021096941F004014FF05F
:10552000E022116107E04FF0E021096921F0040158
:105530004FF0E022116170470000FA050CED00E029
:1055400000E400E080E100E080FFFF1F10B50446AA
:105550008C48844208D10121084600F000FB00215C
:10556000012000F0FCFA5EE08748844208D1012166
:10557000022000F0F4FA0021022000F0F0FA52E0DC
:105580008248844208D10121042000F0E8FA002179
:10559000042000F0E4FA46E07D48844208D101216D
:1055A000082000F0DCFA0021082000F0D8FA3AE0E8
:1055B0007848844208D10121102000F0D0FA00215F
:1055C000102000F0CCFA2EE07348844208D101216B
:1055D000202000F0C4FA0021202000F0C0FA22E0D0
:1055E0006E48844208D10121402000F0B8FA002121
:1055F000402000F0B4FA16E06948844208D1012145
:10560000802000F0ACFA0021802000F0A8FA0AE027
:105610006448844207D10121801500F0A0FA0021DE
:10562000A01500F09CFA10BDF0B50A460021002339
:10563000002400BF3DE0012505FA01F3156805EAE5
:1056400003049C4234D105684F000326BE40B54395
:10565000056015794E00B54006683543056015793B
:10566000012D02D01579022D16D185684F00032631
:10567000BE40B543856055794E00B54086683543D8
:105680008560456801268E40B5434560456896793A
:105690008E40B6B235434560C5684F000326BE4014
:1056A000B543C560D5794E00B540C6683543C56081
:1056B000491C1029BFD3F0BD4FF6FF7101600021D6
:1056C000017141718171C171704708B54FF4803229
:1056D0000092009A0A430092009AC261C161009A46
:1056E000C261C2690092C269009208BD02460020F0
:1056F00013690B400BB1012000E000207047014608
:10570000086980B270470246002053690B400BB114
:10571000012000E0002070470146486980B27047D0
:1057200001837047418370470AB1018300E04183E0
:1057300070474161704742694A4042617047F0B525
:10574000002300244D07ED0E02FA05F3CE1000F100
:10575000200555F826504E07F70E0F26BE40B543DC
:10576000CF1000F1200646F82750CE1000F120059A
:1057700055F8265045EA0304CE1000F1200545F8FF
:105780002640F0BD00000240000402400008024034
:10579000000C0240001002400014024000180240B9
:1057A000001C024000200240FA48006840F001005E
:1057B000F84908600020F74908310860F54800689A
:1057C000F5490840F3490860F448091D0860081FBE
:1057D000006820F48020091F08600020ED490C318A
:1057E000086070470021EB4A921C11701146087046
:1057F000704710B501460022002300204A11012AFB
:1058000002D1E44C236808E0022A03D1E14C703451
:10581000236802E0DF4C7434236801F01F02012486
:1058200094401C400CB1012000E0002010BD38B5B0
:10583000002000900024002500BF3120FFF7D9FF91
:1058400005460098401C00900098B0F5A06F01D06C
:10585000002DF2D03120FFF7CCFF08B1012400E089
:105860000024204638BD01460020CA4A106820F0B6
:10587000F80040EAC10010607047C94908607047ED
:105880000021C44A703211701170012802D004281E
:105890000AD104E00121BF4A7032117005E00521F0
:1058A000BC4A7032117000E000BF00BF7047BD49B4
:1058B0000860704770B5049C41EA82150126C6EB6A
:1058C000530645EA0645054345EA0465B14E361DD3
:1058D000356070BDB24908667047820142EA0172C4
:1058E000AC4B84331A607047AD4988667047AC4949
:1058F000C864704702460020A64B0833186820F0A1
:10590000EC6042EA01031843A24B08331860704769
:10591000024600209F4B0833186820F0784042EA86
:10592000010318439B4B0833186070470146002061
:10593000984A0832106820F003000843106070474E
:1059400094480830006800F00C00704701460020C1
:10595000904A0832106820F0F00008431060704749
:10596000014600208B4A0832106820F4E0500843BA
:105970001060704701460020864A0832106820F403
:10598000604040EAC10010607047F0B5002100227D
:1059900000240225002602237E4F08373F6807F0C7
:1059A0000C0121B1042905D0082937D105E07E4F2B
:1059B000076036E07D4F076033E0764F3F1D3F685C
:1059C000C7F38056734F3F1D3F6807F03F036EB12A
:1059D000764FB7FBF3F7DFF8BCC10CF1040CDCF831
:1059E00000C0CCF3881C07FB0CF40CE06E4FB7FB37
:1059F000F3F7DFF8A0C10CF1040CDCF800C0CCF325
:105A0000881C07FB0CF4634F3F1D3F68C7F3014739
:105A10007F1C7D00B4FBF5F7076002E0624F076072
:105A200000BF00BF5B4F08373F6807F0F00109096E
:105A30005F4F7A5C0768D7404760564F08373F682A
:105A400007F4E051890A5A4F7A5C4768D74087606B
:105A5000504F08373F6807F46041490B544F7A5C58
:105A60004768D740C760F0BD002100F44072B2F52E
:105A7000407F0AD1474A0832116821F4F8114D4A93
:105A800002401143434A08321160424A70321268A0
:105A9000C0F30B031A433F4B70331A607047414900
:105AA0004439086070473F494039086070474249AF
:105AB0000860704739B1374A303212680243354BBB
:105AC00030331A6006E0334A303212688243314B79
:105AD00030331A60704739B12E4A343212680243AB
:105AE0002C4B34331A6006E02A4A3432126882435F
:105AF000284B34331A60704739B1264A383212685D
:105B00000243244B38331A6006E0224A38321268C6
:105B10008243204B38331A60704739B11D4A4032F6
:105B2000126802431B4B40331A6006E0194A4032A8
:105B300012688243174B40331A60704739B1154AD7
:105B4000443212680243134B44331A6006E0114A90
:105B50004432126882430F4B44331A60704739B1A4
:105B60000C4A1032126802430A4B10331A6006E0E6
:105B7000084A103212688243064B10331A6070478D
:105B8000E1B1044A143212680243024B14331A6022
:105B900019E0000000380240FFFFF6FE103000243C
:105BA00000004742800E47420024F40000127A00B1
:105BB000D0030020FFFCFF0F5C0147425B4A1268E4
:105BC00082435A4B1A60704739B1584A121D126805
:105BD0000243564B1B1D1A6006E0544A121D126800
:105BE0008243524B1B1D1A60704739B14F4A0C3229
:105BF000126802434D4B0C331A6006E04B4A0C32DC
:105C000012688243494B0C331A60704739B1474AD6
:105C1000103212680243454B10331A6006E0434AC3
:105C2000103212688243414B10331A60704739B109
:105C30003E4A3C32126802433C4B3C331A6006E059
:105C40003A4A3C3212688243384B3C331A60704700
:105C500039B1364A403212680243344B40331A603D
:105C600006E0324A403212688243304B40331A60B9
:105C7000704739B12D4A4432126802432B4B4433EA
:105C80001A6006E0294A443212688243274B4433A3
:105C90001A60704739B1254A4C3212680243234BCF
:105CA0004C331A6006E0214A4C32126882431F4B83
:105CB0004C331A60704739B11C4A503212680243A3
:105CC0001A4B50331A6006E0184A50321268824369
:105CD000164B50331A60704739B1144AD21F1278EC
:105CE0000243124BDB1F1A7006E0104AD21F1278D3
:105CF00082430E4BDB1F1A7070470C4860300068FF
:105D000040F080700949603108607047014600200A
:105D1000064A083A12680A400AB1012000E0002051
:105D200070470249891F087070470000143802400C
:105D300010B501210802FFF769FF00214FF48070C0
:105D4000FFF764FF10BD30B5024600200023506805
:105D5000F84C20400D790C6844EA0524204350603B
:105D60009068F54C2040D1E903542C438D682C43B6
:105D70004D7944EA450420439060D06A20F47000D5
:105D80000C7D641EE4B2234340EA0350D06230BD70
:105D900000210160017141718160C16001610121D7
:105DA000017570470021E54A1168E54A1140D0E9C4
:105DB00000231A4383681A43C3681A431143E14A14
:105DC000C2F8041370470021016041608160C16026
:105DD000704721B1826842F00102826003E082686C
:105DE00022F00102826070470A4600214168D64BCA
:105DF00019401143416070474162826270470A4610
:105E00000021416821F01F0111434160704738B102
:105E1000CA49096841F40001CA4AC2F8041306E0FD
:105E2000C649096821F40001C64AC2F80413704744
:105E300038B1C249096841F48001C24AC2F804136A
:105E400006E0BE49096821F48001BE4AC2F8041385
:105E50007047F0B504460D4600200021092D11DDE4
:105E6000E068A5F10A0606EB4607072606FA07F1E1
:105E70008843A5F10A0606EB460603FA06F1084335
:105E8000E0600CE0206905EB4507072606FA07F1FC
:105E9000884305EB450603FA06F108432061072A0B
:105EA0000FDA606B561E06EB86071F2606FA07F10F
:105EB0008843561E06EB860605FA06F10843606322
:105EC00022E00D2A0FDA206BD61F06EB86071F266D
:105ED00006FA07F18843D61F06EB860605FA06F197
:105EE0000843206310E0E06AA2F10D0606EB860786
:105EF0001F2606FA07F18843A2F10D0606EB860677
:105F000005FA06F10843E062F0BD816841F0804186
:105F100081607047014600208A6802F480020AB15D
:105F2000012000E00020704721B1826842F48062C5
:105F3000826003E0826822F480628260704721B14F
:105F4000826842F00202826003E0826822F002026C
:105F50008260704710B50A4600210023416821F491
:105F60006041531E41EA4331416010BD21B1426896
:105F700042F40062426003E0426822F40062426040
:105F800070470146C86C80B270476C48001D0068BD
:105F9000704721B1826842F48072826003E08268B7
:105FA00022F480728260704721B1826842F40072EC
:105FB000826003E0826822F400728260704738B128
:105FC0005E49096841F400515E4AC2F8041306E0D4
:105FD0005A49096821F400515A4AC2F8041370471B
:105FE000F0B504461546002000220026092911DDDF
:105FF000E068A1F10A0707EB470C072707FA0CF244
:106000009043A1F10A0707EB470703FA07F2104391
:10601000E0600CE0206901EB410C072707FA0CF265
:10602000904301EB410703FA07F210432061A06B94
:10603000C0F30156EF1C06F1010CA7EB0C0707EBB0
:10604000870C1F2707FA0CF29043EF1C06F1010C96
:10605000A7EB0C0707EB870701FA07F21043A063D1
:10606000F0BD10B50A4600210023816B21F44011D8
:10607000531E41EA0351816310BD08B5002300930C
:106080000090009B0B440093009B1A6008BD0A46D9
:106090000021816821F470211143816070470A4614
:1060A0000021816821F440111143816070478168AB
:1060B00041F4800181607047014600208A6802F443
:1060C00080020AB1012000E00020704721B142683F
:1060D00042F48062426003E0426822F480624260DF
:1060E000704721B1426842F48052426003E0426846
:1060F00022F480524260704708B5024600200090AA
:10610000009201F12800009B18440090009800685C
:1061100080B208BD10B50B460021D9B2012404FAA3
:1061200001F11AB144680C43446002E044688C43B6
:10613000446010BDFFFEFFFCFDF7FFC004230140DB
:10614000E030FCFF00200140FFFD3FFF0246002041
:1061500013680B400BB1012000E000207047CA43D8
:106160000260704770B502460020002300240B1225
:10617000556801268E4005EA060415681D4015B1D4
:106180000CB1012000E0002070BD00220A12D343B0
:1061900003607047016821F0010101600021016086
:1061A00041608160C160016121214161DB49884218
:1061B00004D13D21D94A103A91608CE0D749183179
:1061C000884205D14FF47461D44A103A916082E05C
:1061D000D2493031884205D14FF47411CF4A103A78
:1061E000916078E0CD494831884205D14FF0746123
:1061F000CA4A103A91606EE0C8496031884204D1C1
:10620000C749C64A103AD16065E0C449783188422E
:1062100004D1C449C14A103AD1605CE0BF49903111
:10622000884204D1C049BD4A103AD16053E0BB490D
:10623000A831884205D14FF03D51B84A103AD1609B
:1062400049E0BA49884204D13D21B84A083A116070
:1062500041E0B6491831884205D14FF47461B34A20
:10626000083A116037E0B1493031884205D14FF426
:106270007411AE4A083A11602DE0AC4948318842A9
:1062800005D14FF07461A94A083A116023E0A7498B
:106290006031884204D1A249A44A121F11601AE059
:1062A000A2497831884204D19E49A04A121F116048
:1062B00011E09E499031884204D19B499B4A121FAC
:1062C000116008E09949A831884204D14FF03D514E
:1062D000964A121F1160704710B500220268944B55
:1062E0001A40CC680B6823434C6923438C692343D1
:1062F000CC6923430C6A23434C6A23438C6A2343AF
:106300004C6B23438C6B23431A430260426922F097
:106310000702D1E90B3423431A4342610B694360FE
:106320004B6883608B68C36010BD002101604160D1
:106330008160C160016141618161C161016241624D
:106340008162C162016341638163704721B1026868
:1063500042F00102026003E0026822F001020260E2
:10636000704721B1026842F40042026003E0026813
:1063700022F400420260704721B1026842F020021C
:10638000026003E0026822F0200202607047416070
:1063900070470146486880B2704722B1036843F4F1
:1063A0000023036003E0036823F40023036001611A
:1063B000704721B1026842F48022026003E0026863
:1063C00022F48022026070470AB1016100E0C160DE
:1063D0007047014600200A6802F400220AB1012039
:1063E00000E000207047014600200A6802F0010228
:1063F0000AB1012000E000207047014600204A69F0
:1064000002F03800704730B503460A4600200024E9
:10641000464DAB4202D24149103901E0434910399F
:1064200002F000550DB14C6800E00C68414D2C4065
:1064300004EA02050DB1012000E0002030BD024653
:106440003A4B9A4202D23548103801E037481038AA
:1064500001F000531BB1374B0B40C36002E0354BDA
:106460000B408360704710B501F080034BB122B13F
:10647000436943F08003436103E0436923F08003F1
:10648000436180290BD02AB1036801F01E04234325
:10649000036004E0036801F01E04A343036010BD21
:1064A00070B50246002000240025204EB24202D2E0
:1064B0001A4B103B01E01D4B103B1F4E0E4036B1F6
:1064C0001E2606EAD124166806EA040502E056698B
:1064D00006F0800501F000560EB15C6800E01C6813
:1064E000144E344004EA010616B10DB1012000E05B
:1064F000002070BD02460D4B9A4202D20748103868
:1065000001E00A48103801F000531BB1094B0B4061
:10651000C36002E0074B0B4083607047106002408D
:106520003D000020400F002000003D20106402408C
:106530003F801CF07D0F7D0F3C0F3C0F0020444935
:106540000860091D0860091D0860091D08604148B0
:106550003F4914310860704700213D498279002A83
:106560003AD00A46126803689A430B461A600A1D1D
:10657000126803689A430B1D1A60027911440A6875
:1065800003681A430A60324A0832126803689A4361
:106590002F4B08331A601A1D126803689A432C4B5C
:1065A0000C331A604279102A0ED11A1F1268036840
:1065B0001A43274B08331A601A1D126803681A43DE
:1065C000234B0C331A600DE02149427911440A68CB
:1065D00003681A430A6005E0027911440A680368F7
:1065E0009A430A6070470021016001710C214171DA
:1065F0000021817170471649103109680143144A1E
:1066000010321160704701460020114A143212689E
:106610000A400AB1012000E0002070470C49143103
:1066200008607047014600200022094B1B6803EAFE
:106630000102074B14331B680B4013B10AB1012050
:1066400000E00020704702491431086070470000E4
:10665000003C0140FFFF7F0010B50446FE48844225
:1066600008D101210846FFF7D1FA00210120FFF7E8
:10667000CDFA9DE0B4F1804F08D101210846FFF723
:10668000B4FA00210120FFF7B0FA91E0F348844208
:1066900008D101210220FFF7A8FA00210220FFF70C
:1066A000A4FA85E0EE48844208D101210420FFF7D6
:1066B0009CFA00210420FFF798FA79E0E948844227
:1066C00008D101210820FFF790FA00210820FFF7E8
:1066D0008CFA6DE0E448844208D101211020FFF7D4
:1066E00084FA00211020FFF780FA61E0DF4884423D
:1066F00008D101212020FFF778FA00212020FFF7A0
:1067000074FA55E0DA48844208D101210220FFF7EB
:106710007DFA00210220FFF779FA49E0D54884424A
:1067200009D101210804FFF771FA00214FF48030EC
:10673000FFF76CFA3CE0D048844209D101214804BB
:10674000FFF764FA00214FF40030FFF75FFA2FE003
:10675000CA48844209D101218804FFF757FA002171
:106760004FF48020FFF752FA22E0C548844208D156
:1067700001214020FFF739FA00214020FFF735FAC8
:1067800016E0C048844208D101218020FFF72DFA8D
:1067900000218020FFF729FA0AE0BB48844207D194
:1067A00001218015FFF721FA0021A015FFF71DFA3E
:1067B00010BD00220288A84B98420ED0AC4B9842E4
:1067C0000BD0B0F1804F08D0A44B984205D0A44B19
:1067D000984202D0A34B984204D14FF68F731A40CF
:1067E0004B881A43A04B984207D0A04B984204D044
:1067F0004FF6FF431A400B891A4302804B68C3626D
:106800000B880385944B984202D0994B984201D152
:106810008B7A03860123838270474FF0FF314160FA
:10682000002101800181418081727047018582824F
:1068300070470A46002101884FF68F7319401143B3
:106840000180704741627047C16270470146486AE3
:1068500070470146088D704721B1028842F002025C
:10686000028004E002884FF6FD731A4002807047F0
:1068700021B1028842F00402028004E002884FF64F
:10688000FB731A400280704721B1028842F08002F7
:10689000028004E002884FF67F731A40028070473E
:1068A00002884FF6F7731A40028002880A4302807A
:1068B000704702884FF6FF431A40028002880A435D
:1068C0000280704721B1028842F00102028004E098
:1068D00002884FF6FE731A400280704770B500249C
:1068E00000220023058C4FF6FE7635400584028C8D
:1068F0008388048B4FF68F752C40B51E2C400D8875
:106900002C43751E2A408D892A434D882A43524DB7
:10691000A84202D0564DA84213D14FF6F7752A402F
:10692000CD892A434FF6FB752A408D882A434FF6BE
:10693000FF652B404FF6FF552B400D8A2B434D8AA8
:106940002B43838004838D684563028470BD70B5DA
:10695000002400220023058C4FF6EF763540058495
:10696000028C8388048B48F6FF752C404FF6FF4558
:106970002C400D884FF6FF7606EA05252C434FF68E
:10698000DF752A408D8906EA05152A434D8806EAF7
:1069900005152A43304DA84202D0354DA8421DD1DD
:1069A0004FF67F752A40CD894FF6FF7606EA05152A
:1069B0002A434FF6BF752A408D8806EA05152A43FB
:1069C0004FF6FF352B404FF2FF752B400D8A06EA3C
:1069D00085052B434D8A06EA85052B438380048376
:1069E0008D688563028470BD70B500240022002389
:1069F000058C4FF6FF6635400584028C8388848BB6
:106A00004FF68F752C404FF6FC752C400D882C43AB
:106A10004FF6FF552A408D894FF6FF7606EA052589
:106A20002A434D8806EA05252A430B4DA84202D089
:106A30000F4DA84238D14FF2FF752A40CD894FF64D
:106A4000FF7606EA05252A434FF6FF352A408D8852
:106A500006EA05252A4319E0000001400004004031
:106A600000080040000C00400010004000140040EE
:106A70000004014000400140004401400048014042
:106A800000180040001C0040002000404EF6FF753A
:106A90002B404DF6FF752B400D8A06EA05152B435A
:106AA0004D8A06EA05152B43838084838D68C56370
:106AB000028470BD70B5002200230024058C4EF6C0
:106AC000FF7635400584038C8488828B48F6FF75F9
:106AD0002A404FF6FF452A400D884FF6FF7606EA1A
:106AE00005252A434DF6FF752B408D8906EA0535AD
:106AF0002B434D8806EA05352B43FE4DA84202D0B4
:106B0000FD4DA84208D14BF6FF752C400D8A4FF67B
:106B1000FF7606EA85152C43848082838D680564A0
:106B2000038470BD0021018041808180816081816A
:106B3000C18101824182704770B503460020002464
:106B40001846183001258D40ACB21D8CA5431D841C
:106B500009B108290AD100EB610005684FF68F766C
:106B6000354005600568154305600FE00D1FC5F34E
:106B70004E052844056848F6FF76354005600568EF
:106B80004FF6FF7606EA02263543056070BD416385
:106B9000704781637047C1637047016470470A465C
:106BA0000021018B4FF68F73194011430183704709
:106BB0000A460021018B48F6FF7319404FF6FF7318
:106BC00003EA02231943018370470A460021818B9F
:106BD0004FF68F7319401143818370470A46002195
:106BE000818B48F6FF7319404FF6FF7303EA0223C7
:106BF0001943818370470A460021018B4FF6F773D2
:106C000019401143018370470A460021018B4FF25E
:106C1000FF7319404FF6FF7303EA02231943018300
:106C200070470A460021818B4FF6F77319401143D4
:106C3000818370470A460021818B4FF2FF73194010
:106C40004FF6FF7303EA02231943818370470A4614
:106C50000021018B4FF6FB731940114301837047EC
:106C60000A460021018B4FF6FF3319404FF6FF73A0
:106C700003EA02231943018370470A460021818BEE
:106C80004FF6FB7319401143818370470A46002178
:106C9000818B4FF6FF3319404FF6FF7303EA02234F
:106CA0001943818370470A460021018B4FF67F7399
:106CB00019401143018370470A460021018BC1F33B
:106CC0000E014FF6FF7303EA022319430183704755
:106CD0000A460021818B4FF67F731940114381834F
:106CE00070470A460021818BC1F30E014FF6FF73F6
:106CF00003EA02231943818370470A460021018C6D
:106D00004FF6FD7319401143018470470A46002174
:106D1000018C4FF6F77319401143018470470A46FE
:106D20000021018C4FF6DF7319404FF6FF7303EA21
:106D300002131943018470470A460021018C4FF663
:106D40007F7319404FF6FF7303EA0213194301845E
:106D500070470A460021018C4FF6FF5319404FF649
:106D6000FF7303EA02231943018470470A46002196
:106D7000018C4FF2FF7319404FF6FF7303EA0223B1
:106D80001943018470470A460021018C4DF6FF73B8
:106D900019404FF6FF7303EA023319430184704729
:106DA00030B5002301248C40A3B2048C9C4304849E
:106DB000048C02FA01F5ADB22C43048430BD30B529
:106DC000002304248C40A3B2048C9C430484048CD0
:106DD00002FA01F5ADB22C43048430BD828B4FF230
:106DE000FF331A408283828B4FF6FF7303EA01233D
:106DF0001A4382837047F0B50C46154600210022E5
:106E00000026078C4EF6FF7C07EA0C070784818B6F
:106E1000028C4FF6FF7707EA043640F6FF47394009
:106E20004FF6FF7707EA052739434FF6FF7707EA62
:106E30000337394345F6FF773A4046F480573A43E3
:106E400081830284F0BD828B4FF6F3731A408283F4
:106E5000828B0A4382837047F0B50C4615460021A9
:106E600000220026078C4FF6FF6C07EA0C07078408
:106E7000818B028C4FF6FF7707EA04264FF60C77DA
:106E800039404FF6FF7707EA03172F4339434FF294
:106E9000FF573A4046F480773A4381830284F0BD3D
:106EA000028B4FF2FF331A400283028B4FF6FF73BF
:106EB00003EA01231A4302837047F0B50C461546D6
:106EC000002100220026078C4FF6EF7C07EA0C0712
:106ED0000784018B028C4FF6FF7707EA041640F611
:106EE000FF4739404FF6FF7707EA033739434FF63C
:106EF000FF7703E0000001400004014007EA052796
:106F000039434FF65F773A4046F010073A43018322
:106F10000284F0BD028B4FF6F3731A400283028B9A
:106F20000A4302837047F0B50C4615460021002243
:106F3000068C4FF6FE773E400684018B028C4FF69E
:106F40000C7631407E1C06EA03162E4331434FF681
:106F5000F576324044F00106324301830284F0BDED
:106F600070B505460C46208850B92389A2886188EF
:106F70002846FFF7D8FFE1882846FFF7CBFF25E03A
:106F8000208804280AD12389A28861882846FFF72F
:106F900094FFE1882846FFF783FF17E02088082840
:106FA0000AD12389A28861882846FFF755FFE18826
:106FB0002846FFF748FF09E02389A2886188284610
:106FC000FFF719FFE1882846FFF708FF70BD002191
:106FD00001804180012181800021C18001817047B1
:106FE0002DE9F04105460C4600260127608808B9C6
:106FF000022600E00026A088012801D1022700E037
:1070000001272088A0B92389A28861882846FFF734
:107010008AFFE1882846FFF77DFF23893A463146FB
:107020002846FFF74AFFE1882846FFF739FF13E0BB
:107030002389A28861882846FFF73FFFE188284618
:10704000FFF72EFF23893A4631462846FFF76BFFAC
:10705000E1882846FFF75EFFBDE8F0810146486BF6
:1070600070470146886B70470146C86B7047014600
:10707000086C70470A884B881A438B881A43CB8860
:107080001A430B891A434B891A438B891A43A0F878
:10709000442070470021018041808180C1800181AE
:1070A00041818181704731B1B0F8442042F40042FF
:1070B000A0F8442005E0B0F84420C2F30E02A0F886
:1070C0004420704721B1828842F00402828004E0AB
:1070D00082884FF6FB731A408280704721B1828804
:1070E00042F00102828004E082884FF6FE731A406B
:1070F000828070471AB183890B43838102E08389C0
:107100008B43838170478182704702460020138A37
:107110000B400BB1012000E000207047CA430282FF
:10712000704730B50246002000230024158A05EA86
:107130000103958905EA010413B10CB1012000E0B7
:10714000002030BDCA430282704741EA0203A0F822
:10715000483070471AB183890B43838102E08389E9
:107160008B438381704721B1828842F0080282807C
:1071700004E082884FF6F7731A40828070470189D5
:107180004FF6F8721140018170470A4600210189CB
:107190004FF68F73194011430181704730B5044693
:1071A0000D4629462046FFF7F0FF208940F00700F2
:1071B000208130BD2DE9F04104460D4616461F469C
:1071C000602D06D13B46012231462046FFF775FE71
:1071D00005E03B46012231462046FFF7A4FE294642
:1071E0002046FFF7D2FF208940F007002081BDE84C
:1071F000F08130B50C4600210189C9B24FF6FF7508
:1072000005EA0325154325432943018130BD2DE9B6
:10721000F04105460E4617469846002443463A4636
:1072200031462846FFF7E5FF2C894FF6F8700440F9
:1072300044F007044FF68F70044044F070042C8132
:10724000BDE8F081F0B504460D4616461F463B46A4
:10725000324629462046FFF7CCFF208940F4804083
:107260002081F0BD82884FF68F731A408280828819
:107270000A438280704702894FF6F8731A400281F0
:1072800002890A430281704702894FF67F731A40D0
:10729000028102890A4302817047F0B50C46154607
:1072A0001E460021002200230189028B038C4FF629
:1072B000F877394021434FF6FC473A4040F2011736
:1072C0003A434FF6DD773B404FF6FF7707EA061764
:1072D0002F433B43018102830384F0BD21B18288A7
:1072E00042F08002828004E082884FF67F731A4069
:1072F00082807047A0F850107047000010B5044617
:10730000F748844208D101211020FEF77FFC0021BC
:107310001020FEF77BFC3EE0F248844209D10121B7
:107320004804FEF762FC00214FF40030FEF75DFCDC
:1073300031E0ED48844209D101218804FEF755FC73
:1073400000214FF48020FEF750FC24E0E7488442FF
:1073500009D10121C804FEF748FC00214FF40020A8
:10736000FEF743FC17E0E248844209D101210805F9
:10737000FEF73BFC00214FF48010FEF736FC0AE0DC
:10738000DC48844207D101212020FEF73FFC002188
:107390002020FEF73BFC10BD2DE9FF4705460E46B9
:1073A0000024A14600BFA046B08900B100BF2C8ACE
:1073B00024F44054F08804432C82AC8941F20C60E0
:1073C0008443B08831890843718908430443AC8100
:1073D000AC8A24F44074B0890443AC826846FEF75A
:1073E000D4FABF48854202D0C248854202D1DDF8B6
:1073F0000C9001E0DDF80890A88900F4004040B14D
:1074000009EBC90000EB091031684900B0FBF1F746
:1074100007E009EBC90000EB091031688900B0FBF7
:10742000F1F76420B7FBF0F004012009642101FBAF
:107430001078A88900F4004040B1322000EBC80069
:10744000B0FBF1F000F00700044308E0322000EB4D
:1074500008106421B0FBF1F000F00F0004432C8110
:10746000BDE8FF874FF41651016000218180C18083
:1074700001810C21418100218181704710B50246B4
:107480000020108A20F470600B884C8823438C887D
:107490002343CC8823431843108210BD0021018070
:1074A00041808180C180704721B1828942F40052BD
:1074B000828104E082894DF6FF731A408281704711
:1074C000028B02F47F420283028B0A4302837047DD
:1074D00021B1828942F40042828103E08289C2F3B1
:1074E0000E028281704721B1828A42F40062828258
:1074F00004E0828A4FF2FF731A4082827047C1F320
:1075000008028280704701468888C0F308007047EF
:10751000028A4FF6F0731A400282028A0A430282FC
:10752000704721B1828942F00202828104E082899F
:107530004FF6FD731A408281704782894FF2FF73C4
:107540001A40828182890A4382817047028A4FF6FB
:10755000DF731A400282028A0A430282704721B115
:10756000028A42F48042028204E0028A4BF6FF73F0
:107570001A4002827047818941F001018181704780
:1075800021B1828A42F00802828204E0828A4FF6A8
:10759000F7731A4082827047028BD2B20283028B49
:1075A00042EA01220283704721B1828A42F020021E
:1075B000828204E0828A4FF6DF731A40828270472B
:1075C00021B1828A42F01002828204E0828A4FF660
:1075D000EF731A4082827047828A4FF6FB731A401B
:1075E0008282828A0A438282704721B1828A42F073
:1075F0000202828204E0828A4FF6FD731A40828280
:1076000070471AB1838A0B43838202E0838A8B43DB
:1076100083827047F0B50346002400260025002031
:1076200040F66A17B94200D100BF1846C1F34214B0
:1076300001F01F06012707FA06F5012C01D10C30D5
:1076400004E0022C01D1103000E014301AB10768B8
:107650002F43076002E00768AF430760F0BD0246B2
:107660000020B1F5007F00D100BF13880B400BB1A3
:10767000012000E00020704701F40072B2F5007FA5
:1076800000D100BFCA430280704770B50246002493
:1076900000230025002040F66A16B14200D100BF49
:1076A000C1F3421501F01F03012606FA03F3012D71
:1076B00002D19689334006E0022D02D1168A33406A
:1076C00001E0968A33400C12012606FA04F416886B
:1076D000344013B10CB1012000E0002070BD000067
:1076E000001001400044004000480040004C0040B1
:1076F000005000400014014010B50022002340F665
:107700006A14A14200D100BF0A1201249440A3B21E
:10771000DC43048010BD000010B501218803FEF792
:1077200075FA00214FF48040FEF770FA10BD1A4937
:107730000860704730B500228B071C0F0F2303FA37
:1077400004F2154B08338C1053F824309343124C39
:1077500008348D1044F8253023468C1053F824301B
:107760008C07240F00FA04F423430B4C08348D10CB
:1077700044F8253030BD0949086070470849086061
:107780007047002004492031096801F4807109B173
:10779000012000E00020704700380140DC00274253
:1077A0000004274200F1080141604FF0FF31816081
:1077B00000F10801C16001610021016070470021F2
:1077C00001617047426853684B6043688B6053683F
:1077D000996051604160086103685B1C03607047F9
:1077E00010B502460B685C1C0CB9106907E002F189
:1077F000080000E04068446824689C42FAD9446864
:107800004C604C68A160886041600A611468641C27
:10781000146010BD0146D1E901309860D1E901033F
:1078200058600A695068884201D188685060002019
:1078300008611068401E10601068704770B50446FB
:107840000D461CB9F8F7F4FC00BFFEE700F0F3FDAD
:10785000D4E90F12206801FB020060600020A063E1
:107860002068A060E06B401E226C216800FB0210C3
:10787000E0604FF0FF306064A06475B9206908B91A
:10788000012000E0002080B904F1100001F02AFC82
:1078900001280AD100F0C9FD07E004F11000FFF74C
:1078A00081FF04F12400FFF77DFF00F0CDFD0120F2
:1078B00070BD2DE9F04705460E4617464FF000090A
:1078C000DDB1502000F0E4FD0446B4B105FB06F044
:1078D00000F10108404600F0DBFD2060206848B15F
:1078E000E563266401212046FFF7A8FF84F84D7068
:1078F000A14602E0204600F02CFEB9F1000F03D1B2
:10790000F8F796FC00BFFEE74846BDE8F08710B5E3
:10791000044600F090FD11E0606A08B9012000E023
:10792000002050B904F1240001F0DCFB08B101F0A3
:1079300054FCA06C401EA06400E002E0A06C002893
:10794000EADC00BF4FF0FF30A06400F07DFD00F0E6
:1079500072FD11E0206908B9012000E0002050B953
:1079600004F1100001F0BEFB08B101F036FC606CC0
:10797000401E606400E002E0606C0028EADC00BFAA
:107980004FF0FF30606400F05FFD10BD70B504463D
:1079900000F051FDA06BE16B884201D1012000E0B5
:1079A0000020054600F050FD284670BD70B5044625
:1079B0000E461546206C38B9206838BB606801F067
:1079C0009BFC0020606021E07DB93146226CA068FC
:1079D00001F0BCFC216CA0680844A060D4E901104F
:1079E000884213D32068A06010E03146226CE06822
:1079F00001F0ACFC216CE068401AE0602168E068AE
:107A0000884203D2216C6068401AE060A06B401C81
:107A1000A06370BDFFB583B004460D461E46002727
:107A20001CB9F8F705FC00BFFEE70DB9206C08B9DA
:107A3000012000E0002018B9F8F7FAFB00BFFEE7CC
:107A400000BF00F0F8FCA06BE16B884217D2324611
:107A500029462046FFF7AAFF606A08B9012000E026
:107A6000002038B904F1240001F03CFB012801D1C9
:107A700000F0DBFC00F0E8FC012007B0F0BD059849
:107A800018B900F0E1FC0020F7E71FB901A801F0E8
:107A90005EFB012700F0D8FC00F0DEFF00F0CBFC1D
:107AA000606C401C08B900206064A06C401C08B9E0
:107AB0000020A06400F0C8FC05A901A801F055FB56
:107AC000C0B92046FFF762FF70B104F110000599BC
:107AD00001F0CBFA2046FFF71AFF00F00DFF002857
:107AE000AFD100F0A2FCACE72046FFF710FF00F09A
:107AF00003FFA6E72046FFF70AFF00F0FDFE002087
:107B0000BBE770B50546502000F0C2FC0446E4B166
:107B1000002060602060A060E060A0630120E0635E
:107B200000202064401E6064A06484F84D5004F17D
:107B30001000FFF737FE04F12400FFF733FE0023A7
:107B40001A4619462046FFF765FF1CB9F8F770FB87
:107B500000BFFEE7204670BD70B504461CB9F8F7BB
:107B600067FB00BFFEE701F047FB616888420CD16C
:107B7000E068401EE060E06828B900231A46194614
:107B80002046FFF747FF012500E00025284670BD8D
:107B900070B5044600F04FFCA06B08B9012000E06E
:107BA0000020054600F050FC284670BD70B5044624
:107BB0000D46206870B1216CE0680844E06061689F
:107BC000E068884201D32068E0602846226CE168C2
:107BD00001F0BCFB70BD2DE9FF4182B004460D46AB
:107BE0001E464FF000081CB9F8F722FB00BFFEE765
:107BF0000DB9206C08B9012000E0002018B9F8F791
:107C000017FB00BFFEE700BF00F015FCA06B80B3C0
:107C1000E76829462046FFF7C9FFB6B9A06B401EAA
:107C2000A063206810B901F0E7FA6060206908B924
:107C3000012000E00020B0B904F1100001F052FA78
:107C4000012810D100F0F1FB0DE0E760606A08B98F
:107C5000012000E0002030B904F1240001F042FAD4
:107C600008B100F0E2FB00F0EFFB012006B0BDE838
:107C7000F081FFE7049818B900F0E6FB0020F5E773
:107C8000B8F1000F04D1684601F061FA4FF0010825
:107C900000F0DAFB00F0E0FE00F0CDFB606C401C71
:107CA00008B900206064A06C401C08B90020A064E2
:107CB00000F0CAFB04A9684601F057FA08BB204649
:107CC000FFF766FFB8B1206830B900F0B4FB606818
:107CD00001F0A1FA00F0B8FB04F12400049901F0CE
:107CE000C4F92046FFF713FE00F006FE00288BD1F2
:107CF00000F09BFB88E72046FFF709FE00F0FCFD43
:107D000082E72046FFF703FE00F0F6FD0020ADE716
:107D100070B504460E461CB9F8F78AFA00BFFEE7B4
:107D200001F06AFA6168884204D1E068401CE060B2
:107D300001250BE00023324619462046FFF74BFF92
:107D40000546012D02D1E068401CE060284670BD68
:107D500070B506460D46022200213046FFF7A9FD08
:107D6000044604B1A5631CB9F8F762FA00BFFEE748
:107D7000204670BD2DE9F04704460F46154698464B
:107D80001CB9F8F755FA00BFFEE70FB9206C08B927
:107D9000012000E0002018B9F8F74AFA00BFFEE71A
:107DA000F8F746FA8146A06BE16B88421BD2424647
:107DB00039462046FFF7FAFDA06C401C70B9606A96
:107DC00008B9012000E0002058B904F1240001F0B6
:107DD00089F930B12DB10120286002E0A06C401C6F
:107DE000A064012600E000264846F8F728FA30464D
:107DF000BDE8F0872DE9F04104460F4615461CB951
:107E0000F8F716FA00BFFEE70FB9206C08B9012099
:107E100000E0002018B9F8F70BFA00BFFEE7F8F70A
:107E200007FA8046A06BE8B139462046FFF7BEFE50
:107E3000A06B401EA063606C401C70B9206908B93B
:107E4000012000E0002058B904F1100001F04AF9C7
:107E500030B12DB10120286002E0606C401C6064EC
:107E6000012600E000264046F8F7E9F93046BDE873
:107E7000F08170B504461CB9F8F7DAF900BFFEE7E7
:107E800000F0D9FAA56B00F0DFFA284670BD70B596
:107E900004461CB9F8F7CCF900BFFEE7A56B2846ED
:107EA00070BD014600200BE03D4A02EBC002526863
:107EB0008A4204D100223A4B43F8302002E0401CB1
:107EC0000828F1D300BF704710B504461CB9F8F775
:107ED000AFF900BFFEE72046FFF7E3FF206800F0A0
:107EE00038FB204600F035FB10BD014691F84C00F0
:107EF000704780F84C107047014691F84D0070476C
:107F000070B504461CB9F8F793F900BFFEE7A06B03
:107F100008B9012000E000200546284670BD70B574
:107F200004461CB9F8F784F900BFFEE7A06BE16BCB
:107F3000884201D1012000E000200546284670BD9E
:107F4000024600200BE0164B53F8303033B9144B87
:107F500043F8301003EBC0035A6002E0401C0828CD
:107F6000F1D300BF704770B504460D4600F063FAC8
:107F7000606C401C08B900206064A06C401C08B90B
:107F80000020A06400F060FAA06B20B9294604F13B
:107F9000240001F08DF82046FFF7B9FC70BD000009
:107FA000740600202DE9F04104460D4616461F4692
:107FB0004FF0000865602461B5420CD8F01BA16940
:107FC000884202D34FF0010811E0211DF0480068FB
:107FD000FFF706FC0BE0BE4204D2BD4202D34FF0D5
:107FE000010804E0211DEB480068FFF7F9FB40465B
:107FF000BDE8F0812DE9FE4305460E4617461C46B6
:10800000DDF828804FF00009E348006808B30096C7
:1080100001970295ACB901F0F2F8012808D10023CC
:1080200042466946DC480068FFF7F4FC814610E0F0
:1080300000231A466946D8480068FFF7EBFC8146E2
:1080400007E0002322466946D3480068FFF792FE06
:1080500081464846BDE8FE832DE9F84381462BE082
:10806000CC480068C0680568CA480068C068C46831
:10807000201DFFF7CFFB2046616A8847E069012891
:108080001AD1A0694619AE4207D966602461211D44
:10809000C0480068FFF7A4FB0EE0002003462A4614
:1080A000014600902046FFF7A5FF07461FB9F8F7E5
:1080B000BFF800BFFEE700BFB6480068006808B917
:1080C000012000E000200028CAD0B248D0F800808B
:1080D000AF480068AF490860AD48C0F80080BDE80F
:1080E000F88370B5044600F009FF0546AB48006808
:1080F000854206D2A9480068FFF7AEFF0120206044
:1081000001E000202060A5480560284670BD70B5DC
:1081100086B002A8FFF7E5FF064650E0059C44B193
:10812000606908B9012000E0002010B9201DFFF7A8
:1081300071FB039830B1012826D0022825D00328EE
:108140003BD136E00498A2698118034632462046A6
:10815000FFF728FF012816D12046616A8847E069A9
:10816000012810D1002000900498A1694218002332
:1081700019462046FFF73EFF05461DB9F8F758F8A7
:1081800000BFFEE700BF19E018E00498A061A069F5
:1081900008B1012000E0002018B9F8F749F800BF45
:1081A000FEE7A0698119334632462046FFF7FAFE02
:1081B00004E0204600F0CDF900E000BF00BF00233E
:1081C0001A4603A974480068FFF705FD0028A5D1E9
:1081D00006B070BDF8B505460F466E480068C06829
:1081E000C468201DFFF716FBE069012817D1A069BC
:1081F00041192B463A462046FFF7D4FE01280ED1FE
:10820000002003462A46014600902046FFF7F2FE72
:1082100006461EB9F8F70CF800BFFEE700BF20467F
:10822000616A8847F8BDF8B504460E4600F014FCB4
:108230006846FFF756FF05460098A0B946B9AC421C
:1082400006D800F059FB29462046FFF7C3FF0CE093
:10825000611B51480068FFF786FE00F04DFB20B916
:1082600000F0E3F801E000F047FBF8BD0146494AA1
:10827000126812680AB9012200E000220A600A6846
:1082800022B9444A1268D268106800E000207047A2
:1082900008B500BF6846FFF7E9FF0446204600998D
:1082A000FFF7C1FFFFF733FFF4E710B500F0C3F8A5
:1082B0003948006890B93A48FFF774FA3948FFF72F
:1082C00071FA37483349086036483149086000225E
:1082D0000C210A20FFF7EDFA2F49086000F0B4F8EE
:1082E00010BD1FB50024FFF7E0FF2B48006868B100
:1082F00000200223CDE90030029003464FF40072C3
:1083000029A103902A4800F0B2F904461CB9F7F7F6
:108310008FFF00BFFEE7204604B010BD2DE9F047F7
:1083200006460D4617469846DDF820904DB90024C4
:108330000DB1012000E00020A0B9F7F779FF00BFE0
:10834000FEE7282000F0A4F804465CB1FFF7ADFF7B
:108350002660A561E761C4F82080C4F82490201D40
:10836000FFF72DFA2046BDE8F08770B50446264693
:1083700000F061F8706908B1012000E000200546B6
:1083800000F062F8284670BD01460A46106A704740
:10839000E4030020E0030020E8030020EC030020B9
:1083A000B4060020C8060020546D72205376630086
:1083B00091820008001F4FF080730360001F01606E
:1083C000001F0023036014380260001FDB1E0360DF
:1083D000203870472A48006842F21071B0FBF1F073
:1083E000401E4FF0E021486107200861704710B53A
:1083F0002448006840F47C00224908600846006870
:1084000040F07C400860FFF7E5FF00201E4908604F
:10841000F7F7DCFE1D48006840F040401B4908604B
:10842000F7F7CAFE002010BD70474FF08050154985
:108430001C390860704710B5F7F7FAFE124800685B
:10844000401C1149086010BD10B50F480068401E5F
:108450000D4908600846006810B90020F7F7EFFEE4
:1084600010BD10B54FF0805006491C390860F7F771
:10847000DFFE00F0C2F90020F7F7E1FE10BD0000BA
:10848000BC03002020ED00E0F003002034EF00E00A
:108490002DE9F04104464FF0000800F0DDFA3D48B8
:1084A000006898B93C493D4A1160002151604FF481
:1084B00020513B4A51600021116037484FF4205150
:1084C00041601146016001203249086044B1103416
:1084D00004F0070020B104F00700C0F108000444D4
:1084E000002C31D0B4F5205F2ED22C4F38460568D1
:1084F00001E02F462D686868A04202D22868002853
:10850000F7D1274885421FD0386800F11008286845
:1085100038606868001B202810D92E196868001B75
:1085200070606C6071681D4800E000680268526805
:108530008A42FAD302683260066000BF194968684F
:108540000968081A1749086000F0D6F94046BDE8E6
:10855000F08170B506463546B6B1103D2C4600F0A8
:108560007BFA61680D4800E00068026852688A4240
:10857000FAD30268226004600A4960680968084406
:108580000849086000F0B8F970BD064800687047F7
:108590007047000008040020E0060020F4030020DB
:1085A000FC0300200404002010B5002407E004EBC5
:1085B0008401FE4A02EB8100FFF7F4F8641C052CED
:1085C000F5D3FB48FFF7EEF8FA48FFF7EBF8FA4867
:1085D000FFF7E8F8F948FFF7E5F8F948FFF7E2F8A0
:1085E000F348F8490860F348F749086010BD2DE9E1
:1085F000F04104460E4615469846069F0A2231462B
:1086000004F1340000F0D2FE00213D200155052D7B
:1086100000D30425E562A564201DFFF7D0F804F11E
:108620001800FFF7CCF82461C5F10500A061646271
:10863000BDE8F08170B505460E464C20FFF728FFD7
:10864000044694B11EB9A800FFF722FF00E03046AF
:108650002063206B20B92046FFF77BFF002404E055
:10866000A900A522206B00F083FE204670BD2DE9F5
:10867000FF4F81B0804616469A46DDE90E5BB8F1A1
:10868000000F03D1F7F7D4FD00BFFEE7052D01D29F
:10869000012000E0002018B9F7F7CAFD00BFFEE78F
:1086A00030461099FFF7C6FF0446002C64D0701EB8
:1086B000216B01EB800929F0070909F0070008B9CF
:1086C000012000E0002018B9F7F7B2FD00BFFEE777
:1086D00000962A462046119B0299FFF788FF5246D2
:1086E00041464846FFF766FE2060BBF1000F01D00F
:1086F000CBF80040FFF79FFEB4480068401CB34928
:108700000860B348006840B9B14804600846006892
:1087100001280CD1FFF748FF09E0AE48006830B9E6
:10872000AB480068C06AA84201D8A9480460AA49B9
:10873000E06A0968884202D9A749E06A0860A74848
:1087400000682064A5480068401CA4490860A4494A
:10875000E06A0968884202D9A149E06A0860E16AD2
:1087600001EB8101914A02EB8100211DFFF72AF8FC
:108770000127FFF769FE01E04FF0FF37012F09D114
:108780009448006830B192480068C06AA84201D29B
:10879000FFF74BFE384605B0BDE8F08F70B50446D4
:1087A000FFF749FE8A480068844200D1002414B9CA
:1087B0008748006800E020460546281DFFF72AF894
:1087C000A86A18B105F11800FFF724F8291D7B48A5
:1087D000FEF7F8FF83480068401C824908607F4824
:1087E0000068401C7D490860FFF72EFE794800684C
:1087F00010B10CB9FFF719FE70BD70B57A4800686A
:10880000002873D179480068401C78490860084600
:10881000006868BB6B480068006808B9012000E088
:10882000002018B9F7F704FD00BFFEE765480568AA
:108830006548006863490860634805606C480068E3
:10884000401C6B4908605F480068006808B9012057
:1088500000E0002020B14FF0FF306649086006E0DC
:1088600058480068C068C46862496068086000BF12
:108870005E4800685F490968884236D300BF5148A6
:108880000068006808B9012000E0002020B14FF026
:10889000FF305849086027E04A480068C068C4684B
:1088A000656852480068A84202D2524805601BE041
:1088B000201DFEF7AFFFA06A18B104F11800FEF703
:1088C000A9FF4749E06A0968884202D94449E06A39
:1088D0000860E16A01EB8101344A02EB8100211D4D
:1088E000FEF770FFCBE701E000BF04E042480068FC
:1088F000401C4149086070BD70B500253A480068C9
:1089000018B9F7F795FC00BFFEE7FFF794FD36486E
:108910000068401E3449086008460068002878D185
:108920002A480068002874D0002621E02248C06848
:10893000C46804F11800FEF76DFF201DFEF76AFF02
:108940002749E06A0968884202D92549E06A086037
:10895000E16A01EB8101154A02EB8100211DFEF75E
:1089600031FF1B49E06A0968C96A884200D30126C1
:108970001148006808B9012000E000200028D5D087
:108980001D48006860B106E0FFF737FF1A4800682D
:10899000401E19490860184800680028F4D10126D3
:1089A000012E2FD01548006801282AE0E02E002073
:1089B000442F0020582F00206C2F0020802F0020F3
:1089C000942F002010040020140400201C04002018
:1089D0000C0400202C04002024040020400400206B
:1089E0002804002018040020300400202004002067
:1089F0003C040020440400203404002038040020FB
:108A000007E005D101250020F9490860FFF70DFDB9
:108A100000BFFFF719FD284670BD10B50446F548A4
:108A200000684460F4480068844207D2F148016855
:108A3000091DF2480068FEF7D3FE0CE0ED4801681E
:108A4000091DEF480068FEF7CBFEEE48006884423F
:108A500001D2EC48046010BDEB480068401CEA49B4
:108A6000086070472DE9F04104460E464FF00008BB
:108A70001CB9F7F7DDFB00BFFEE70EB1012000E0F7
:108A8000002018B9F7F7D4FB00BFFEE7FFF7E4FFBB
:108A900020688519D84920680968884209D9206862
:108AA000A8420FD9D448006885420BD94FF001087D
:108AB00008E02068A84203D8CF480068854201D961
:108AC0004FF001082560B8F1000F07D0C9480068D1
:108AD000001DFEF79FFE2846FFF79FFFFFF70CFFE4
:108AE00007460FB9FFF7A1FCBDE8F08170B5044659
:108AF00000267CB1FFF7B0FFBF4800680519BD48EC
:108B00000068001DFEF786FE2846FFF786FFFFF788
:108B1000F3FE06460EB9FFF788FC70BD70B504463B
:108B2000FFF789FC14B9B348006800E02046064608
:108B3000F56AFFF789FC284670BD2DE9F047064627
:108B40000D464FF00009052D01D2012000E0002064
:108B500018B9F7F76DFB00BFFEE7052D00D304251C
:108B6000FFF769FCA3480068864200D1002616B9C9
:108B7000A048006800E030460446A76CAF4234D0FD
:108B8000BD4203D92EB14FF0010902E00EB94FF0FA
:108B90000109D4F82C80E16AA06C884200D1E5621A
:108BA000A564C5F10500A06107EB8701974A02EBB8
:108BB00081016069884213D1201DFEF72BFE944984
:108BC000E06A0968884202D99149E06A0860E16A6E
:108BD00001EB81018D4A02EB8100211DFEF7F2FDC0
:108BE000B9F1010F01D1FFF720FCFFF72DFCBDE823
:108BF000F08710B58448006818B101207C490860EE
:108C00002CE00BE08248006818B9F7F711FB00BFB1
:108C1000FEE77F480068401E7D4908607C48006888
:108C200000EB8000794951F820000028EAD078490B
:108C3000096801EB8101754A02EB810041684968CE
:108C4000416000F1080142688A4202D141684968E6
:108C500041604168C968674A116000BF10BD70B5C6
:108C60000446FFF7E8FB63480068844200D1002413
:108C700014B96048006800E020460546281DFEF74C
:108C8000C9FDA86A18B105F11800FEF7C3FD291D3A
:108C90006048FEF797FDFFF7D7FB8CB95E48006888
:108CA00010B1FFF7C2FB0BE05A4800685B49096846
:108CB000884203D100204F49086001E0FFF799FF87
:108CC00070BD70B5054600262C461DB9F7F7B0FA01
:108CD00000BFFEE74F496069884201D1012000E0F2
:108CE000002080B14E49A06A884201D1012000E0F5
:108CF0000020012807D0A06A08B9012000E0002068
:108D0000012800D10126304670BD70B505461DB959
:108D1000F7F78EFA00BFFEE72C4644B335480068EB
:108D2000844224D0FFF787FB2046FFF7CAFF0128C3
:108D30001BD1201DFEF76EFD3549E06A09688842A7
:108D400002D93349E06A0860E16A01EB81012F4AE8
:108D500002EB8100211DFEF735FD2649E06A096816
:108D6000C96A884201D3FFF760FBFFF76DFB70BD56
:108D70002DE9F041054600261DB9F7F759FA00BF65
:108D8000FEE72C46F7F754FA07462046FFF799FF0F
:108D9000012826D11C480068F0B91649E06A096824
:108DA000C96A884201D3012000E000200646201D48
:108DB000FEF730FD1649E06A0968884202D9144975
:108DC000E06A0860E16A01EB8101104A02EB810070
:108DD000211DFEF7F7FC04E004F118011048FEF72E
:108DE000F1FC3846F7F72BFA3046BDE8F081000079
:108DF000380400200C04002020040020140400206B
:108E0000100400204404002030040020E02E002044
:108E100028040020942F00202C0400201C04002093
:108E20006C2F002010B50446206BFFF792FB204604
:108E3000FFF78FFB10BD70B523E0FFF70DFEFD4877
:108E4000006808B9012000E000200546FFF754FD46
:108E5000BDB9FFF7F0FAF748C068C468201DFEF7F7
:108E6000D9FCF5480068401EF3490860F3480068E3
:108E7000401EF2490860FFF7E7FA2046FFF7D2FFED
:108E800000BFEE4800680028D7D170BD00BFFFF7D3
:108E9000D2FFEB4800680128F9D9FFF7C6FAF6E7D8
:108EA0001FB5002000900190029003464FF480729D
:108EB000E4A10390E548FFF7DAFB0446012C02D158
:108EC000FFF70FFA0446012C09D1F7F7B1F9012099
:108ED000DF4908600020DF490860FFF788FA1CB905
:108EE000F7F7A6F900BFFEE71FBD10B5F7F7A0F929
:108EF0000020D7490860FFF797FA10BD10B5FFF7BB
:108F00009AFAD4480468FFF79FFA204610BD70B55E
:108F1000F7F78EF90546CF4804682846F7F78FF92A
:108F2000204670BDC448006870470146002002E03A
:108F3000491C421C90B20A78A52AF9D080087047D3
:108F40002DE9FE4381460C46164620464168496895
:108F5000416000F1080142688A4202D141684968D3
:108F600041604168CF6800BF204641684968416060
:108F700000F1080142688A4202D1416849684160B3
:108F80004168CD68286BFFF7D0FF8046286CE96AFE
:108F9000334605F13402CDE900180290AEA1B34882
:108FA00000F024FEB149484600F0F4F9BD42DBD19F
:108FB000BDE8FE8370B50546FFF74EFD0020287022
:108FC000ABA1284600F0E6F9AA480068441C00BF9F
:108FD000641E04EB84009A4951F8200008B901206E
:108FE00000E0002040B904EB8400954A02EB8001C8
:108FF00052222846FFF7A4FF002CE9D19E480068C2
:10900000006808B9012000E0002028B942229A48EF
:1090100001682846FFF794FF98480068006808B97F
:10902000012000E0002028B9422294480168284627
:10903000FFF786FF7F48006808B9012000E00020A4
:1090400020B944227B492846FFF77AFF8C48006804
:1090500008B9012000E0002020B9532288492846A1
:10906000FFF76EFFFFF748FC70BD70B505460C4674
:109070001DB9F7F7DDF800BFFEE782480168183137
:109080002846FEF7ADFB7F480068001DFEF7C2FBD7
:10909000601C30B97B480168091D7948FEF792FBD6
:1090A00005E06C48006806193046FFF7B6FC70BD55
:1090B00070B504460D461CB9F7F7BAF800BFFEE7D5
:1090C0007048016818312046FEF77CFB6D48006847
:1090D000001DFEF79FFB5F48006846193046FFF70A
:1090E0009CFC70BD70B50646F068C4681CB9F7F703
:1090F0009FF800BFFEE704F11800FEF78BFB624803
:109100000068A0B9201DFEF785FB6049E06A096888
:10911000884202D95D49E06A0860E16A01EB810199
:10912000474A02EB8100211DFEF74CFB04E004F1ED
:1091300018015748FEF746FB5249E06A0968C96AB8
:10914000884201D3012500E00025284670BD10B5F6
:1091500004461CB9F7F76CF800BFFEE74D480068FD
:1091600020603C480068606010BD70B504460D4644
:109170001CB9F7F75DF800BFFEE71DB9F7F758F81F
:1091800000BFFEE7FFF757F92868401C08B9002622
:109190001FE0404920680968884206D02D49606870
:1091A0000968884201D8012613E02A4960680968E5
:1091B000081A296888420BD22868264A6168126812
:1091C000511A401A28602046FFF7C1FF002600E030
:1091D0000126FFF739F9304670BD01202E4908609D
:1091E0007047014611B10A46506C00E000207047FC
:1091F00008B1024651647047224908687047144913
:10920000096809B9002005E01F49096809B901206A
:1092100000E00220704770B505462C464DB1194953
:10922000E06A0968C96A884265D216480068C06A5F
:1092300034E060E0802F00201C040020180400208F
:10924000E02E002049444C45000000008D8E0008AF
:109250002C0400202004002025730909256309251A
:10926000750925750925750D0A000000A82F002035
:109270000D0A000024040020100400201404002023
:10928000942F00200C04002030040020280400202B
:109290006C2F00203C04002038040020C0F10500A1
:1092A000A061E16A01EB8101254A02EB810160695D
:1092B000884201D1012000E00020C0B1201DFEF74E
:1092C000A9FA20480068C06AE0621F49E06A09689C
:1092D000884202D91C49E06A0860E16A01EB810119
:1092E000174A02EB8100211DFEF76CFA03E01548D6
:1092F0000068C06AE06270BD70B505462C46EDB1ED
:10930000A16CE06A884219D0201DFEF783FAA06C98
:10931000E062E06AC0F10500A0610B49E06A0968FB
:10932000884202D90849E06A0860E16A01EB8101DC
:10933000034A02EB8100211DFEF744FA70BD0000D4
:10934000E02E00200C0400202804002040EA010345
:109350009B0703D009E008C9121F08C0042AFAD2EB
:1093600003E011F8013B00F8013B521EF9D27047AF
:10937000D2B201E000F8012B491EFBD27047002257
:10938000F6E710B513460A4604461946FFF7F0FF04
:10939000204610BD421E12F8013F002BFBD111F8F0
:1093A000013B02F8013B002BF9D1704710B5044690
:1093B00004E00B7800F8013B03B1491C521EF8D2BF
:1093C000204610BD421C10F8011B0029FBD1801A59
:1093D000704710B5002200E0521C835C8C5CA342F5
:1093E00001D1002BF8D1D8B2E1B2401A10BD2DE95D
:1093F000FE4F804681EA0300C00F0C46009021F02A
:10940000004123F00045B8EB0200A94105D24046D7
:10941000214690461C460B46024623F0004010436E
:1094200047D0270DC7F30A00C3F30A510290401A30
:10943000019040286BDAC3F3130040F4801B0098BE
:10944000924620B10023D2EB030A63EB0B0B019889
:109450005946C0F14002504600F0C6F906460D4696
:1094600050465946019A00F0DEF910EB08006141C0
:10947000002487EA115284EAE7731A4340D0009A25
:1094800062B3019A012A4FEA075215DC001B61EB17
:1094900002014FF0004202EA0752CDE90042001CEF
:1094A00041F5801132462B4600F015FA03B0BDE8B5
:1094B000F08F40462146F9E7001B61EB0201001CDA
:1094C00041F5801300185B412018A2F5001747EB07
:1094D000030140EAD570B6196D4111E06D084FEAFD
:1094E000360645EAC0754FEA0752001B61EB0201E0
:1094F000001C41F5801149084FEA30000019514124
:1095000032462B4603B0BDE8F04F00F0D5B90098C5
:10951000012240000023D0EB020263EBE0730098CD
:1095200021464FEAE074B8EB000061EB0401E9E783
:1095300083F000435BE781F0004158E72DE9FE4FDF
:1095400081EA030404F0004421F0004100944FF04C
:10955000000B23F0004350EA01045ED052EA0304FA
:109560005BD0C3F30A54C1F30A552C44A4F2F3347C
:109570000194A0FB0254C1F3130141F48011C3F321
:10958000130343F4801301FB024400FB034E840ADF
:10959000970A44EA815447EA8357A4FB0768029577
:1095A0008D0A05FB07854FEA932C04FB0C54270515
:1095B000029D4FEA065847EA1637B5EB08056EEBF1
:1095C000070C870E920E47EA811742EA8312A7FB27
:1095D0000201B6EB0B0164EB00042B0D43EA0C33E4
:1095E0005E1844EB1C50DA465146E7FB0201C5F316
:1095F00013044FEA0B3343EA14534FEA0432019C3D
:1096000043EA0603A4F10C040294009CCDE900B4E3
:1096100000F061F903B0BDE8F08F00200146F9E7E2
:109620002DE9F04D81EA030404F0004B21F00045E0
:1096300014464FF0000A23F0004150EA050220D002
:1096400054EA01021DD0C5F30A570246C5F31303BD
:10965000C1F31300C1F30A5640F4801543F480139C
:10966000A7EB0608101BD64608F2FD3873EB050081
:1096700002D308F1010801E092185B41B8F1000F34
:1096800003DA00200146BDE8F08D00204FF4801180
:10969000064684460EE0171B73EB050705D3121B25
:1096A00063EB050306434CEA010C49084FEA30001E
:1096B00092185B4150EA0107EDD152EA030012D043
:1096C00082EA040083EA0501084305D0101BAB4180
:1096D00006D20122002306E000224FF0004302E000
:1096E0006FF0010253101AEB06004CEB085110EB1F
:1096F0000A0041EB0B01BDE8F04D00F0DDB80EB5FE
:10970000C10F80EAE0700844CA07002140F23343E9
:109710008DE80E000A460B4600F0DDF803B000BDF0
:1097200070B5C1F30A5201F000450024C1F31301E2
:1097300040F2FF3341F480119A4201DA002070BDFB
:1097400040F233439A42A2F2334203DC524200F029
:109750005AF800E090402C43F1D0404270BD00F038
:10976000004230F000400AD0C10D01F56071C0F335
:10977000160042EA0151C208400711437047002019
:109780000146704701F0004330B421F0004150EA37
:10979000010206D00A0DA2F56072C1F31301002A7E
:1097A00002DC30BC00207047440F44EAC104C10011
:1097B000E01830BC00EBC25000F047B830B50B46A3
:1097C000014600202022012409E021FA02F59D42F1
:1097D00005D303FA02F5491B04FA02F52844151EC5
:1097E000A2F10102F1DC30BD202A04DB203A00FAAC
:1097F00002F1002070479140C2F1200320FA03F3E8
:10980000194390407047202A04DB203A21FA02F0E5
:109810000021704721FA02F3D040C2F120029140AA
:10982000084319467047202A06DBCB17203A41FA35
:1098300002F043EAE07306E041FA02F3D040C2F1DD
:10984000200291400843194670470029A8BF70477D
:10985000401C490008BF20F00100704710B4B0FA66
:1098600080FC00FA0CF050EA010404BF10BC704701
:1098700049B1CCF1200421FA04F411FA0CF118BF1B
:10988000012121430843A3EB0C01CB1D4FEA0061EA
:109890004FEA102042BF002010BC704700EBC350BD
:1098A00010440029A4BF10BC7047401C490008BFE9
:1098B00020F0010010BC704710B5141E73F10004B5
:1098C00008DA401C41F1000192185B411A4301D1B2
:1098D00020F0010010BD2DE9F04D92469B4611B1DC
:1098E000B1FA81F202E0B0FA80F220329046FFF73E
:1098F0007BFF04460F4640EA0A0041EA0B0153464B
:109900005A46084313D0114653EA010019D0C8F152
:1099100040025046FFF777FF05460E46504659462F
:109920004246FFF761FF084305D0012004E02046CE
:109930003946BDE8F08D0020054346EAE0762C4329
:1099400037430A986305E40AA0EB08000022FD0AE9
:1099500044EA47540A3002D500200146E9E70105F0
:1099600010196941DDE9084500196941BDE8F04D6C
:10997000A2E770B521F0004303430CD0C1F30A55B0
:109980000024D5EB040564EB0403D617AD1AB341EC
:1099900002DB0020014670BD201841EB025170BD72
:1099A0002DE9F04D00231A461B1A8A4103DB0020E3
:1099B0000146BDE8F08DC1F30A52C1F3130141F431
:1099C00080154FF0000BD10702D100186D41521ED7
:1099D0000027044640F2FF11384601EB620A3E467A
:1099E0008046024600204FF48011FFF70CFFC21999
:1099F0007141BB1846EB0100B4EB030C75EB000C96
:109A000004D3E41A65EB000517460E46241908F145
:109A100001006D4180463428E3DDF91946EB06006C
:109A2000091BA84103D24FF0FF32134601E0002288
:109A300013461BEB070046EB0A51BDE8F04DFFF75C
:109A40003BBF2DE9FE4FC3F30A5701F00045002448
:109A5000C1F30A56C3F31303C1F3130143F4801394
:109A600012EB020AA64641F48011009543EB030C69
:109A7000A7F1010B16E0B0EB0A0061EB0C01071E29
:109A800071F1000707DA4FF00008D0EB080085F00D
:109A9000004568EB0101171A73EB0107EBD3761E43
:109AA000001849415E45F6DA50EA010209D0CDE9D5
:109AB00000E5002213460296FFF70DFF03B0BDE854
:109AC000F08F20460099F9E730B5041E71F10004CB
:109AD00004DB4FF00044404264EB0101141E73F1BB
:109AE000000405DB1C464FF00043524263EB0403C5
:109AF0008B4208BF824230BD30B5041E71F10004B4
:109B000004DB4FF00044404264EB0101141E73F18A
:109B1000000405DB1C464FF00043524263EB040394
:109B2000994208BF904230BD064C074D06E0E06800
:109B300040F0010394E8070098471034AC42F6D394
:109B4000F6F726FBB0C60008D0C600080EB540F2F6
:109B5000334102910021CDE900110A460B46FFF77F
:109B6000BAFE03B000BD70B58C1810F8015B15F09B
:109B7000070301D110F8013B2A1106D110F8012B7F
:109B800003E010F8016B01F8016B5B1EF9D12B07A4
:109B900005D40023521E0DD401F8013BFAE710F85A
:109BA000013BCB1A921C03E013F8015B01F8015B47
:109BB000521EF9D5A142D8D3002070BD0FB41CB5F8
:109BC0000246002007AC00290BD0491ECDE9002138
:109BD000054B6A462146069802F0E0FA009A0021F9
:109BE00011701CBC5DF814FB55C300080FB4084B82
:109BF00010B504A902AA039802F0D0FA044602A9FB
:109C0000002002F0B2FB204610BC5DF814FB0000FF
:109C10006BC3000803B401984100009850EAC120CA
:109C200018BF04204A0D18BF40F0010040F2FF7237
:109C3000B2EB515F08BF40F00200012808BF0520C9
:109C400002B070474100080218BF04200A0E18BF76
:109C500040F001004FF07F4232EA010108BF40F0BE
:109C60000200012808BF05207047000010EE100A0E
:109C700010B510EE901A4FF0684202EB40032DED44
:109C8000028BB3F1654F3CBF02EB4102B2F1654F6D
:109C90007CD200BFC0F3C753C1F3C7529A1A1B2A24
:109CA00009DD10F0004F14BF9FED6E0A9FED6E0AA4
:109CB000BDEC028B10BD12F11A0F1BDA11F0004F30
:109CC00009D010F0004F0CBF9FED680A9FED680AA5
:109CD000BDEC028B10BD80EE208A18EE100AFFF753
:109CE000B1FF042808BF02F03BFAB0EE480ABDEC11
:109CF000028B10BD4200B2EB410F37D910F0004F7C
:109D000019BFDFED5C1A9FED5C1ADFED5C1A9FED69
:109D10005C1AB0EE602A0A46F1EE400A80F000417B
:109D2000B0EE420A10460A1A5200B2F1807F34D2D5
:109D3000484010F0004FDFED532A9FED533A1DBF0E
:109D4000BEEE002A71EEE21A31EE431AB6EE002A98
:109D500004BF71EEA21A31EE031AF0EE402A42EE71
:109D6000602A40EE020A82EEA02A18E011F0004FAD
:109D700004BF9FED461AF0EE411AD4D010F0004F08
:109D80001CBFDFED431A9FED431A00E026E004BF3D
:109D9000DFED411A9FED411AC5E780EE202A22EE41
:109DA000020ADFED3F0ADFED3F2ABDEC028B40EEF9
:109DB000202ADFED3D0A40EE220ADFED3C2A40EE8C
:109DC000202ADFED3B0A40EE220A22EE000A00EED6
:109DD000201A31EE020A30EE210A10BD4FF07F4208
:109DE000B2EB400F28BFB2EB410F05D2BDEC028BA6
:109DF000BDE8104002F0A1B940EA01035B0008BFD2
:109E000041F0FF410BD0B2EB400F08BFB2EB410F66
:109E100008D120F0804000EE100A21F0804100EED1
:109E2000901A37E7B2EB400F12BF5FEA410240F0F1
:109E3000FF4001F000413FF42DAF4A0092EA400399
:109E40003FF528AF002AACBF9FED1A1A9FED1A1AF2
:109E500020EE010A60EE810A10EE100A10EE901A50
:109E600018E70000DB0FC9BFDB0FC93FDB0F49401C
:109E7000DB0F49C00000C9BF22AAFDB90000C93FDD
:109E800022AAFD390060ED3EC30ACE370000000073
:109E9000000049C022AA7DBA0000494022AA7D3AAA
:109EA0002DAD65BD8FB8D53D0FB511BE61C84C3E17
:109EB000A8AAAABE0000804F0000802F000000006A
:109EC00010B52F499FED2C1B2DED020B84B005988A
:109ED00020F000408842D8BF9DED040B2DDD2949BC
:109EE000884209D1049840B94FF0010002F050F9BE
:109EF00002F0E6F806B010BD05DB9DED040B02F0A4
:109F0000CBF806B010BD68469DED040B01F0C4FC13
:109F100010F0030004BF9DED021B9DED000B0CD063
:109F200001280ED09DED021B9DED000B022817D0DD
:109F3000012002F001F806B010BD01F0C9FE06B024
:109F400010BD9DED021B9DED000B012001F0F4FF03
:109F500051EC100B81F0004106B041EC100B10BD2C
:109F600001F0B6FE51EC100B81F0004106B041EC5F
:109F7000100B10BD000000000000000000000000F9
:109F8000FB21E93F0000F07F70B52DED020B2DEDB8
:109F90000A8B82B00D98C40F20F00045AE48854270
:109FA00048D3AE48854219D30C99C5F31300084332
:109FB00009D09DED0C0B02B0BDEC0A8B02B0BDE8E0
:109FC000704002F069B8002C14BF9FEDA50B9DED09
:109FD0000C0B02B0BDEC0A8B02B070BD9FEDA20B62
:109FE00053EC102B9DED0C0B51EC100BFFF784FD87
:109FF0000AD2022002F0CCF802B0BDEC0A8B02B00B
:10A00000BDE8704002F06CB89FED990B53EC102B3B
:10A010009DED0C0B51EC100BFFF756FD0AD2022000
:10A0200002F0B6F802B0BDEC0A8B02B0BDE8704099
:10A0300002F066B890489FED92BBA8425CD292486D
:10A04000854219D29148784400EBC40090ED000B92
:10A0500053EC102B9DED0C0B51EC100BFFF768FA35
:10A0600041EC1A0B8A48784400EBC40090ED009B49
:10A07000C4F10100041B36E09FED870B53EC102B5D
:10A080009DED0C0B51EC100BFFF758FA41EC100B47
:10A090008348784400EBC40090ED001B51EC100B9A
:10A0A00053EC112BFFF7A3F9FFF73AFB0446FFF738
:10A0B00026FB41EC180B9FED7C0B53EC102BFFF7AC
:10A0C0003DFA9DED0C1B53EC112BFFF734FA41ECDC
:10A0D0001A0B9FED770B51EC180B53EC102BFFF77D
:10A0E0002DFA41EC190B51EC1A0B53EC192BFFF71D
:10A0F0001FFACDE90C011BE06F48854217D29FED96
:10A10000700B53EC102B9DED0C0B51EC100BFFF76B
:10A110006EF953EC1B2BFFF7EFFC08D29DED0C0BF7
:10A1200053EC1B2B51EC100BFFF761F96EE0002490
:10A130009DED0C0B53EC102B51EC100BFFF7FEF9BF
:10A1400041EC180B60480521B0EE480AF0EE680AB1
:10A15000784401F075FE53EC182B51EC100BFFF70F
:10A16000EDF99DED0C1B53EC112BFFF7E4F941ECDD
:10A17000180B9FED570B5CB353EC182B51EC100BE5
:10A18000FFF7D6F99DED0C0B41EC1C0B53EC182B93
:10A1900051EC100BFFF7D2F953EC1C2BFFF740FAF0
:10A1A00053EC192BFFF7C7F953EC1A2BFFF7C0F943
:10A1B00053EC1B2BFFF7BFF9CDE900016FF47F7063
:10A1C000844226DB01EB045001909DED000B00E77B
:10A1D00053EC102B51EC180BFFF7AAF99DED0C0B6B
:10A1E00041EC190B53EC182B51EC100BFFF7A6F9AF
:10A1F00053EC192BFFF714FA9DED0C1B53EC112BAC
:10A20000FFF796F953EC1B2BFFF795F941EC100B78
:10A21000DFE608464FF07A5101EB04519FED2E0B1B
:10A22000084453EC102B01909DED000B51EC100BEA
:10A23000FFF784F90D4645EC100B044651EC100B6A
:10A24000FFF7E8FC042808BF01F05AFF45EC104B6B
:10A25000BFE6000000000000422E86400000F07FB4
:10A260000000000000000000EF39FAFE422E864098
:10A2700051302DD5104987C0422ED63F0000000036
:10A28000000000000000F03FB2A2F03FC623000033
:10A29000B623000000000000FE822B654715F73F43
:10A2A0006A230000000000000000E0FE422EE63FAE
:10A2B000763C7935EF39EA3D0000303E0000000081
:10A2C0009C7500883CE4377EDC2200000000000022
:10A2D00000000000000000400000000000007001CD
:10A2E00010B510EE104A4FF019406849002200EBFB
:10A2F00044002DED028B884257D8DFED650A14F03B
:10A30000004F60EE200A14BFBEEE001AB6EE001A2F
:10A3100071EE200AFDEEE00A10EE900A00EE900ABF
:10A32000F8EEE00A9FED5B1A00EEC10A9FED5A1AA3
:10A3300000EEC10ADFED590A9FED591A00EE201A0E
:10A34000DFED580A40EE010A9FED571A574B00F017
:10A35000030100EE201A21EE000A7B4403EB810387
:10A36000D3ED000A524B7B4403EB810393ED001ABB
:10A37000504B41EE000A7B4403EB8101801091EDCC
:10A38000000A70EE800AEABB00EE100AB8EEC01AAE
:10A39000DFED491A9FED490ABDEC028B01EE210A5F
:10A3A000BCEEC00A20EE200A10BD4FF0FF40A043D3
:10A3B0001BD04FF0CE40B0EB440F82BFB7EE000A87
:10A3C000BDEC028B10BD3E48B0EB440F28BF01220C
:10A3D00093D2022001F0DCFE14F0004F15D0BDEC4A
:10A3E000028BBDE8104001F0BBBE14F5000F02BFA8
:10A3F0009FED340ABDEC028B10BDBDEC028BBDE8B5
:10A40000104000E007E001F095BEBDEC028BBDE816
:10A41000104001F09DBE00EBD07359104FF07E52FA
:10A4200002EBC15100EE101AA0EB630002EBC0502A
:10A4300060EE200A00EE100A20EE208A18EE100AC4
:10A4400088B118EE100AB0F1FF4F15D018EE100ABF
:10A45000FFF7F8FB042808BF01F082FEB0EE480ABF
:10A46000BDEC028B10BD022001F092FEBDEC028B10
:10A47000BDE8104001F074BE022001F089FEBDEC81
:10A48000028BBDE8104001F063BE00000000501ECA
:10A490003BAAB8400070313EF4FD053712BB2A3D9F
:10A4A00012BB2A3EFFFFFF3EFFFF7F3F0A21000055
:10A4B0000E210000DE2000000000004B00007E4E58
:10A4C0000000A0850000000010B52DED040B86B043
:10A4D0009DED060B10EE100A10EE901A8DED000B9C
:10A4E000002818BF0120084320F00040C0F17F6021
:10A4F00000F1E040C00F21D19DED080B10EE101AC5
:10A5000010EE900A8DED000B002918BF01210843C1
:10A5100020F00040C0F17F6000F1E040C00F0DD19D
:10A5200029490798B1EB400F04BF0698002842D094
:10A530000998400004BF089800283CD09DED080B06
:10A5400053EC102B9DED060B51EC100BFFF779FA35
:10A55000CDE902019DED020B40F2FF7110EE900A71
:10A560008DED000B31EA105021D00798039900F0CF
:10A57000004001F00041884219D09DED080B8DED9F
:10A58000040B9DED020B8DED000B10EE900A05996A
:10A5900061F31E0005909DED041B9DED020B51EC37
:10A5A000110B53EC102BFEF7C6FFCDE902019DED18
:10A5B000020B0AB010BD012001F0EAFD0AB0BDE8AF
:10A5C000104001F07DBD00000000E0FF0000000031
:10A5D00070B5D94B00242DED020B2DED108BDDE96C
:10A5E0001010984205DA20F000429A4201D809D1B1
:10A5F00041B19DED100BBDEC108B02B0BDE8704079
:10A6000001F04ABDB0F5801F26DA11430BD00028B7
:10A6100013DA012001F0BCFDBDEC108B02B0BDE8E7
:10A62000704001F04DBD022001F0B2FD01F01CFDB3
:10A6300051EC100B81F000419EE06FF035049FED6E
:10A64000C00B53EC102B9DED100B51EC100BFEF7D3
:10A6500075FFCDE91001084604EB2051C0F3130447
:10A66000B948A1F2FF31204400F4801080F07F62ED
:10A6700082F04052224301EB20559FEDB50B119221
:10A6800053EC102B9DED100B51EC100BFEF750FF0F
:10A6900041EC180BA01CC0F313009FEDAFDB9FED46
:10A6A000B0EBB14E7E4403286CD296ED000B51EC1A
:10A6B000180B53EC102BFFF707FA1DD1002D01BF2B
:10A6C00096ED000BBDEC108B02B070BD2846FFF775
:10A6D00016F841EC180B53EC1D2BFEF72FFF41EC45
:10A6E000190B53EC1E2B51EC180BFEF727FF53EC04
:10A6F000192BFEF77CFE3FE09FED9D0B51EC180BF4
:10A7000053EC102BFEF71AFF9FED9B1B53EC112B04
:10A71000FEF711FF41EC190B53EC182B51EC180B01
:10A72000FEF70CFF53EC192BFEF708FF41EC190B59
:10A73000002D04BF53EC192B51EC180B1AD02846EE
:10A74000FEF7DDFF41EC1A0B53EC1D2BFEF7F6FE76
:10A7500053EC192BFEF7EFFE53EC182BFEF7E8FE37
:10A7600041EC180B53EC1E2B51EC1A0BFEF7E6FED6
:10A7700053EC182BFEF7DCFEBDEC108B02B041EC65
:10A78000100B70BD9FED7E0B51EC180B53EC102B92
:10A79000FEF72DFE41EC100B51EC180B53EC102B77
:10A7A000FEF73EFF41EC190B2846FEF7A8FF41ECEF
:10A7B0001B0B53EC192B51EC190BFEF7BFFE41ECB0
:10A7C0001A0B714853EC1A2B261851EC1A0BFEF792
:10A7D000B5FE41EC1F0B6D48C4F1510404F5D724BC
:10A7E000B0EE4F0AF0EE6F0A0321784401F028FB27
:10A7F00053EC1F2B51EC100BFEF7A0FE41EC1C0B91
:10A800006348B0EE4F0AF0EE6F0A0421784401F07D
:10A8100017FB53EC1A2B51EC100BFEF78FFE344351
:10A8200053EC1C2BFEF7E3FD41EC1C0B002C4CDD24
:10A830009FED510B51EC180B53EC102BFEF77EFEE5
:10A8400053EC182BFEF77AFE41EC1A0B55B353EC80
:10A850001D2B51EC1B0BFEF771FE41EC1D0B53EC55
:10A860001C2B51EC1A0BFEF7C2FD53EC192BFEF713
:10A8700065FE53EC1D2BFEF7BAFD53EC1A2BFEF7C9
:10A880005AFE53EC182BFEF753FE41EC180B53EC19
:10A890001E2B51EC1B0BFEF751FE53EC182BFEF751
:10A8A00047FE69E753EC1C2B51EC1A0BFEF79FFD9A
:10A8B00053EC192BFEF742FE53EC1A2BFEF73BFE2E
:10A8C00053EC182BFEF737FE56E735B353EC1D2B30
:10A8D00051EC1B0BFEF732FE41EC1A0B53EC1C2B18
:10A8E00051EC180BFEF724FE53EC192BFEF726FE55
:10A8F00053EC1A2BFEF71CFE53EC182BFEF718FE38
:10A9000041EC180B53EC1E2B51EC1B0BFEF716FE03
:10A9100053EC182BFEF70CFE2EE753EC1C2B51ECDE
:10A92000180BFEF705FE53EC192BFEF707FE53EC50
:10A93000182BFEF700FE1FE70000F07F000000006C
:10A940000000000000005043645F090000000000A8
:10A95000000000000000F03F763C7935EF39EA3D19
:10A960000000E0FE422EE63F101F00000000000045
:10A97000555555555555D53F000000000000E03FA6
:10A98000000000000000004086EBF9FF9A1C000068
:10A99000901C000010EE100A10B50023A0F5000175
:10A9A000B1F1FE4F67D200BF00F500216FF07E02CB
:10A9B00002EBE15CC1F302524FF07E5101EB025118
:10A9C00000EE901AA0EBCC5003EB0C0100EE100A45
:10A9D00051EA020036D030EE601A70EE200A9FED88
:10A9E0003D2A3E4881EE200A9FED3B1A60EE000AA8
:10A9F00000EE821A60EE201A61EE810A784401EEC0
:10AA0000101A00EB82009FED362AB8EEC11AD0ED85
:10AA1000001A344841EE021A784401EE101A00EB95
:10AA20008200B8EEC11A90ED002ADFED2F2A01EE68
:10AA3000222AB0EE001A72EE200A40EE010A31EE30
:10AA4000A00A10BDF7EE000A9FED291A30EE600A49
:10AA5000DFED260A00EE201ADFED260A60EE001A6E
:10AA600040EE010A9FED241A00EE201A61EE810AE1
:10AA700030EE200A10BD4FF07F41B1EB400F03D202
:10AA8000BDE8104001F056BBB0F1FF4F08BF10BD4C
:10AA9000B5EEC00AF1EE10FA06D2012001F078FB03
:10AAA000BDE8104001F04CBBB5EEC00AF1EE10FA63
:10AAB00007D1022001F06CFB01F032FBB1EE400A3D
:10AAC00010BDDFED0E0A6FF0160320EE200A10EE27
:10AAD000100A69E766F1CC3EAAAA2A3FC01A000014
:10AAE0000070313FC41A0000F4FD053821ED423EEC
:10AAF0000A1180BEC1ABAA3EFFFFFFBE0000004BA3
:10AB00002DE9F04D2DED040B2DED0E8B96B0DDE90A
:10AB10002550279CDDF890A025F0004624F0004841
:10AB2000BAF1000F14BF0121002101EB4502FC49DD
:10AB300053184A1093422AD3002814BF012300233C
:10AB400003EB44030B44F7498B4220D358EA00013E
:10AB50009FEDF59B76D0DFF8D8B35D4503D1BAF110
:10AB6000000F05D188E0BAF1000F08BF002100D026
:10AB7000012101EB450111F5001F08D8002814BF81
:10AB80000121002101EB440111F5001F0BD99DEDBE
:10AB9000261B9DED240B16B0BDEC0E8B04B0BDE85A
:10ABA000F04D01F083BA0027002DBCBFE149884574
:10ABB00021DAE1498845A8BF02271CDAC3451ADC1F
:10ABC000DE4901EB2851142908DDC1F1340220FAD5
:10ABD00002F101FA02F282420DD108E058B9C1F146
:10ABE000140228FA02F101FA02F2424503D101F0FF
:10ABF0000101C1F1020756EA0A0124D1002C22DA30
:10AC0000002D18BF022F01D0012F0AD0022001F021
:10AC1000BFFA16B0BDEC0E8B04B0BDE8F04D01F0EC
:10AC200023BA022001F0B4FA01F01EFA51EC100B25
:10AC300081F0004141EC100B16B0BDEC0E8B04B05E
:10AC4000BDE8F08D18E09FEDBEAB9FEDBF8B0028F7
:10AC500071D1B848804522D105F1804010F58010AF
:10AC600008BFBAF1000F07D0B3450ADC002CA8BF1B
:10AC70009DED260BE0DA0DE0B0EE490AF0EE690A30
:10AC8000DAE7002C06DA9DED260B51EC100B81F073
:10AC900000416FE0AE48784490ED000BCCE7D8451A
:10ACA0004DD1002C48DA2EB186423AD1BAF1000FCC
:10ACB00042D126E0BAF1000F13D0022001F068FA69
:10ACC00001F00EFA8DED020B9DED240B8DED000BC6
:10ACD00010EE900A039961F31E0003909DED020BA4
:10ACE000AAE78DED02AB9DED240B1AEE901A10EE43
:10ACF000900A8DED000B61F31E0003909DED020B99
:10AD00009AE78DED028B9DED240B18EE901A10EE54
:10AD1000900A8DED000B61F31E0003909DED020B78
:10AD20008AE709DA9DED240B51EC190B53EC102B3B
:10AD3000FEF776FC1EE020E09DED240B7CE78642CA
:10AD40001BDAB4F1804F0DD0A4F10050B0F1FF50E8
:10AD500013D1002D11DB9DED240B51EC100B01F0F4
:10AD600015FB07E09DED240B53EC102B51EC100B61
:10AD700000F0C2BC41EC100B5EE79DED240B51ECE2
:10AD8000100B01F0F7FABAF1000FCDE90E0142D134
:10AD90009FED710B46B3A6F1E040B0F17F600CD09F
:10ADA0005E4538D1002D00DAA7B3022F0CBF012079
:10ADB0004FF0FF30FEF7A3FCDCE7002D01DD002C97
:10ADC0000DDA002D01DD002C1FDB002D16DA002C22
:10ADD00014DB012F08BF9FED620B3FF42DAFB0EEE7
:10ADE0004A0AF0EE6A0A27E7022F18BF002D0CD09E
:10ADF000012F0AD1002DFFF61FAF06E0002DB8BFCE
:10AE0000002C08DA012F3FF417AFB0EE480AF0EE3D
:10AE1000680A11E71BE0012000EBE57050EA07012A
:10AE200015D0791EB0EE498AF0EE698A084308BF52
:10AE30009FED4D8B4E480025804570DD4D494E48B5
:10AE4000884514DDB0420DDB002C19DB2FE001201A
:10AE500001F09EF916B0BDEC0E8B04B0BDE8F04DCC
:10AE600001F02EB9B34502DC002C09DC1FE086425C
:10AE700002DA002C1BDA03E05E452BDD002C16DD28
:10AE8000022001F085F901F02BF98DED020B53EC56
:10AE90001A2B51EC180BFEF751FBCDE90001039979
:10AEA000019861F31E0003909DED020BC4E60220A1
:10AEB00001F06EF901F024F910EE901A18EE900AE4
:10AEC0008DED020B8DED008B61F31E0003909DED67
:10AED000020BB1E69DED0E0B53EC192B51EC100B50
:10AEE000FEF726FB9FED260BCDE9080153EC102B56
:10AEF0009DED080B51EC100BFEF720FB9FED221B84
:10AF000053EC112BFEF717FB9DED081B53EC112B97
:10AF1000FEF714FB9FED1E1B53EC112B3CE08CE065
:10AF2000FFFF1F00FFFF0F00000000000000F03FC8
:10AF30000000F03F0000F07F0000404301FCFFFFF5
:10AF4000000000000000F07F000000000000000092
:10AF50001E1900000000000000000000000000803A
:10AF6000000000000000F0FF000000000000F0BF43
:10AF70000000E0410000F043FFFFEF3F0000000051
:10AF8000000000000000D03F555555555555D53FA0
:10AF9000000000000000E03FFEF7CDFA9DED080B39
:10AFA00041EC1A0B53EC102B51EC100BFEF7C6FAC8
:10AFB00053EC1A2BFEF7C2FA41EC1A0B9FEDFE0B75
:10AFC00053EC102B9DED080B51EC100BFEF7B6FA6D
:10AFD00041EC1B0B9FEDFA0B51EC1A0B53EC102BB1
:10AFE000FEF7ACFA41EC1A0B9FEDF70B53EC102B6C
:10AFF0009DED080B51EC100BFEF7A0FA53EC1A2B49
:10B00000FEF796FA41EC1A0B51EC1B0B53EC1A2B82
:10B01000FEF7EDF90690CDE906519DED060B53ECD8
:10B020001B2B51EC100BFEF783FA53EC1A2BFEF797
:10B0300082FA41EC100B00F0A1B90020B6F5801F98
:10B040000EDA9FEDE30B53EC102B9DED0E0B51EC44
:10B05000100BFEF773FACDE90E016FF034000E46C7
:10B0600000EB2650A0F2FF37C6F31300DA4940F098
:10B070007F6646F040568842D8BF002408DDD74995
:10B080008142C8BF012403DC0024A6F580167F1C82
:10B09000D348784400EBC4000F9690ED00CB9DEDB3
:10B0A0000E0B53EC1C2B51EC100BFEF741FA9DEDEF
:10B0B0000E0B41EC1B0B53EC1C2B51EC100BFEF751
:10B0C00096F941EC100B51EC190B53EC102BFEF7D9
:10B0D000A7FA41EC1D0B51EC1B0B53EC1D2BFEF79B
:10B0E0002DFA41EC1A0BBF488DED10AB784410954A
:10B0F00090ED000B4FF0005040EA660000EB8440FA
:10B100008DED080B00F5002009909DED080B53EC28
:10B110001C2B51EC100BFEF70BFA9DED0E1B53ECA4
:10B12000112BFEF708FA41EC100B53EC102B9DEDA0
:10B13000100B51EC100BFEF701FA9DED080B41ECE2
:10B140001C0B53EC102B9DED100B51EC100BFEF76C
:10B15000F5F953EC1B2BFEF7EEF953EC1C2BFEF725
:10B16000E7F953EC1D2BFEF7E9F941EC1C0B53EC0E
:10B170001A2B51EC1A0BFEF7E1F941EC1B0B9A4824
:10B180000621B0EE4B0AF0EE6B0A784400F058FE50
:10B19000B0EE401AF0EE601AB0EE41DAF0EE61DA8D
:10B1A00053EC1B2B51EC1B0BFEF7C8F953EC1D2B7A
:10B1B000FEF7C4F99DED100B41EC1B0B53EC1A2B61
:10B1C00051EC100BFEF713F953EC1C2BFEF7B6F9FC
:10B1D00053EC1B2BFEF70BF99DED100B41EC1B0BF9
:10B1E00053EC102B51EC100BFEF7A8F941EC1D0BA2
:10B1F0009FED7FEB53EC1E2BFEF7F9F853EC1B2B66
:10B20000FEF7F5F80890CDE908519DED080B53ECD9
:10B210001E2B51EC100BFEF78BF953EC1D2BFEF798
:10B2200087F953EC1B2BFEF786F99DED080B41ECDB
:10B230001D0B53EC102B9DED100B51EC100BFEF77A
:10B240007DF941EC1B0B53EC1A2B51EC1D0BFEF757
:10B2500075F99DED080B41EC1A0B53EC102B51ECDA
:10B260001C0BFEF76BF953EC1A2BFEF7C0F841EC00
:10B270001A0B51EC1B0B53EC1A2BFEF7B8F80C9081
:10B28000CDE90C519DED0C0B53EC1B2B51EC100B2D
:10B29000FEF74EF953EC1A2BFEF74DF941EC1B0B60
:10B2A0009FED550B53EC102B9DED0C0B51EC100B3F
:10B2B000FEF744F941EC1A0B9FED510B51EC1B0BBF
:10B2C00053EC102BFEF73AF941EC1B0B9FED4E0BA4
:10B2D00053EC102B9DED0C0B51EC100BFEF72EF9DF
:10B2E00053EC1B2BFEF783F841EC100B48487844D5
:10B2F00000EBC40090ED001B51EC100B53EC112B34
:10B30000FEF775F841EC1B0B3846FEF7F8F9CDE96E
:10B31000080153EC1B2B51EC1A0BFEF768F841ECBB
:10B32000100B3C48784400EBC40090ED00CB51EC8E
:10B33000100B53EC1C2BFEF75AF89DED081B53EC39
:10B34000112BFEF754F80690CDE906519DED080B40
:10B3500053EC102B9DED060B51EC100BFEF7E8F8AB
:10B3600053EC1C2BFEF7E4F853EC1A2BFEF7E0F835
:10B3700053EC1B2BFEF7DFF841EC100B9DED261B69
:10B3800053EC102B8DED001B00959DED260B51EC21
:10B39000100BFEF7D3F89DED000B41EC1A0B53ECAC
:10B3A000102B9DED260B51EC100BFEF7C1F89DED17
:10B3B000061B53EC112B2FE0000000604715F73FF0
:10B3C000FE822B654715F73F44DF5DF80BAE543E18
:10B3D00000000000000040438E9803007AB60B0086
:10B3E0006A140000C8140000A2130000000000004E
:10B3F0000000000000000840000000E009C7EE3F28
:10B40000FD033ADC09C7EE3FF5015B14E02F3EBEB9
:10B410002E120000E8110000FEF790F853EC1A2BF2
:10B42000FDF7E5FF9DED060B41EC1A0B53EC102BDD
:10B430009DED000B51EC100BFEF780F8CDE90C01EF
:10B440009DED0C0B51EC1A0B53EC102BFDF7CFFFBD
:10B45000CDE902010C46AA498C422FDB611A084350
:10B4600018D19DED0C0B53EC102B9DED020B51EC04
:10B47000100BFEF75DF841EC1B0B9FEDA30B51EC9D
:10B480001A0B53EC102BFDF7B2FF53EC1B2BFEF7FE
:10B4900033FB2DD2022000F07BFE00F021FE10EEE7
:10B4A000901A18EE900A8DED020B8DED008B61F372
:10B4B0001E0003909DED020BFFF7BEBB944A24F0E3
:10B4C0000041914214D39349214408437FF4EFACE7
:10B4D0009DED0C0B53EC102B9DED020B51EC100B62
:10B4E000FEF726F853EC1A2BFEF706FB7FF6DFACCF
:10B4F00024F000408849894A002601EB205182420D
:10B500002BDA481C4FF4801121FA00F02044844AC1
:10B51000C0F30A517A44A1F2FF3192ED000B814A47
:10B520008DED080BCA4020EA0202C0F3130040F47C
:10B530008010C1F1140120FA01F60992002CB8BF65
:10B5400076429DED080B53EC102B9DED0C0B51EC4E
:10B55000100BFDF7EDFFCDE90C019DED0C0B51EC4F
:10B560001A0B53EC102BFDF742FF9FED6F0B089069
:10B57000CDE9085153EC102B9DED080B51EC100B4D
:10B58000FDF7DCFF41EC1B0B9FED690B53EC102B1F
:10B590009DED080B51EC100BFDF7D0FF9DED0C0B52
:10B5A00041EC1C0B53EC102B9DED080B51EC100BD8
:10B5B000FDF7BEFF53EC1A2BFDF7BDFF9FED5E1BA1
:10B5C00053EC112BFDF7BAFF53EC1C2BFDF70FFFCB
:10B5D00041EC1A0B51EC1B0B53EC1A2BFDF707FF38
:10B5E000CDE902019DED020B53EC1B2B51EC100B2E
:10B5F000FDF79EFF53EC1A2BFDF79DFF9DED020B0F
:10B6000041EC1A0B53EC102B51EC100BFDF796FF8D
:10B61000CDE908014A489DED080B0521784400F06A
:10B620000FFC9DED081B51EC100B53EC112BFDF79B
:10B6300085FF9DED021B53EC112BFDF77CFFCDE93F
:10B6400006019DED020B53EC1A2B51EC100BFDF78C
:10B6500075FF53EC1A2BFDF7CAFE9FED3B0B41EC37
:10B660001A0B53EC102B9DED060B51EC100BFDF754
:10B670005FFF9DED060B41EC1B0B53EC102B9DED7A
:10B68000020B51EC100BFDF759FF53EC1B2BFDF790
:10B69000C7FF53EC1A2BFDF74BFF9DED021B53EC3C
:10B6A000112BFDF745FF53EC192BFDF744FFCDE9B6
:10B6B000020101EB065001150029C8BF039015DCFB
:10B6C0009DED020B324651EC100BFEF752F9FEF7DE
:10B6D000A1FA042808BF00F013FD32469DED020BCD
:10B6E00051EC100BFEF745F9CDE902019DED020B7F
:10B6F00051EC180B53EC102BFDF720FFFFF73ABB72
:10B700000000904000000000FE822B654715973C2A
:10B7100000CC904000346F3F01FCFFFF0000E03F91
:10B72000A0100000FFFF0F0000000000432EE63FC6
:10B73000396CA80C615C20BEEF39FAFE422EE63F60
:10B74000400F00000000000000000000000000406A
:10B7500010B52F499FED2C1B2DED020B84B00598E1
:10B7600020F000408842DCBF00209DED040B32DD5C
:10B770002849884209D1049840B94FF0010000F0EF
:10B7800007FD00F09DFC06B010BD05DB9DED040B30
:10B7900000F082FC06B010BD68469DED040B00F081
:10B7A0007BF810F0030011D0012818D09DED021B8A
:10B7B0009DED000B02281AD000F08AFA51EC100B14
:10B7C00081F0004106B041EC100B10BD9DED021B55
:10B7D0009DED000B012000F0AFFB06B010BD9DED0C
:10B7E000021B9DED000B00F073FA06B010BD0120A6
:10B7F00000F0A2FB51EC100B81F0004106B041ECCF
:10B80000100B10BD00000000000000000000000050
:10B81000FB21E93F0000F07F00B52DED048BB0EE79
:10B82000409AF0EE609A83B051EC190BFEF7B8F82D
:10B8300041EC180B18EE100A18EE901A8DED008BE3
:10B84000002818BF0120084320F00040C0F17F60AD
:10B8500000F1E040C00F14D019EE101A19EE900A52
:10B860008DED009B002918BF0121084320F0004006
:10B87000C0F17F6000F1E040C00F04BF012000F084
:10B8800087FCB0EE480A03B0F0EE680ABDEC048B0A
:10B8900000BD0000000000002DE9F14F04462DED31
:10B8A000020B2DED088B8AB09FEDE70B80ED020BAC
:10B8B000139EE74826F0004585420ADC9DED120BF9
:10B8C000002084ED000B0AB0BDEC088B03B0BDE88E
:10B8D000F08FE0489FEDE0AB9FEDE1BBA84247DD74
:10B8E000E14F9FEDE39B9FEDE48B9DED120B53EC3D
:10B8F0001A2B51EC100B002E1CDDFDF719FE41EC4C
:10B90000100BBD4208D053EC1B2B51EC100BFDF774
:10B910000FFEC4E900010BE053EC192B51EC100BA6
:10B92000FDF706FE53EC182BFDF702FEC4E90001FB
:10B930000120C8E7FDF75BFD41EC100BBD4208D0CC
:10B9400053EC1B2B51EC100BFDF751FDC4E900012A
:10B950000BE053EC192B51EC100BFDF748FD53ECA9
:10B96000182BFDF744FDC4E900014FF0FF30AAE7B2
:10B97000C348A84279DB9DED120B51EC100B00F08F
:10B98000F9FC41EC180B9FEDC00B53EC102BFDF7AD
:10B99000D5FD9FEDBF1B53EC112BFDF728FDFDF7E7
:10B9A000BFFE0746FDF7ABFE41EC190B53EC1A2B1B
:10B9B000FDF7C4FD53EC182BFDF7BDFD41EC180B52
:10B9C00053EC1B2B51EC190BFDF7B8FDDFF8C8A2A7
:10B9D00041EC100B4FEA15580125FA4453EC102B9B
:10B9E00051EC180BFDF7A4FD032DC4E900013DD077
:10B9F000C1F30A5005EB4511A8EB00001139814253
:10BA000034DA0AEB051BB0EE48AA9BED000BF0EE12
:10BA100068AA53EC102B51EC190BFDF78FFD41EC8C
:10BA20001B0B51EC1A0B53EC1B2BFDF781FD41EC6A
:10BA3000180B51EC1A0B53EC182BFDF779FD53EC56
:10BA40001B2BFDF775FD9BED020B41EC1A0B53EC24
:10BA5000102B51EC190BFDF771FD53EC1A2BFDF770
:10BA600067FD41EC100B6D1CB8E70EE0002EA8BF7F
:10BA70003846BFF628AF94ED000B51EC100B81F067
:10BA80000041C4E9000178421DE7C6F3130040F409
:10BA9000801EC6F30A50A0F2F530471100F01F05D2
:10BAA000C5F12000DDF848B008900020069007900E
:10BAB0000520EC467949002D07EB0002794408BFC8
:10BAC00051F8221009D051F8223001EB8201AB402D
:10BAD0004A68089922FA01F11943A1FB0E26A1FB3D
:10BAE0000B131A449A4234BF0123002303EB0608C8
:10BAF0000CEB8003D3E901A60E448E4234BF012132
:10BB0000002192448A4411B1924502D903E0924542
:10BB100001D2012100E00021C3E901A641444CF813
:10BB20002010011EA0F10100C4DC029800F10050B9
:10BB3000850F0298DDE903678000DDF81480FDF7CA
:10BB4000DEFD41EC1A0B3046FEF700F89FED541B6A
:10BB500053EC112BFDF7F2FC41EC1B0B3846FDF7C3
:10BB6000F5FF9FED511B53EC112BFDF7E7FC41EC6A
:10BB7000180B4046FDF7EAFF9FED4D1B53EC112BD0
:10BB8000FDF7DCFC41EC190B51EC180B53EC192BB5
:10BB9000FDF72DFC53EC1B2BFDF729FC53EC1A2B66
:10BBA000FDF725FCCDE90801002008909DED080B6C
:10BBB00053EC1A2B51EC100BFDF7BAFC53EC1B2B7A
:10BBC000FDF7B6FC53EC182BFDF7B2FC53EC192B28
:10BBD000FDF7B1FC9FED381B53EC112BFDF7AEFCCC
:10BBE0009FED370B41EC180B53EC102B9DED080B20
:10BBF00051EC100BFDF7A2FC53EC182BFDF7F7FBF3
:10BC00009FED310B41EC180B53EC102B9DED080B05
:10BC100051EC100BFDF792FC53EC182BFDF7E7FBF2
:10BC200041EC100B139810F0004F06D06D4251EC10
:10BC3000100B81F0004141EC100B284684ED000B05
:10BC400041E60000000000000000000000000000CD
:10BC5000FB21E93F7CD9024000004054FB21F93F21
:10BC60003163621A61B4D03DFB21F93F000000004E
:10BC70000000601A61B4D03D7370032E8A19A33B93
:10BC8000FB2139410000000083C8C96D305FE43FEB
:10BC9000000000000000E03FE20B0000300B00005D
:10BCA000000000000000103E000000000000103CFA
:10BCB000000000000000103A182D4454FB21F93D0B
:10BCC0003326A611460B113C00000054FB21F93D20
:10BCD00010B52DED040B2DED088B82B0B0EE419A1E
:10BCE000F0EE619A0B9820F000449FED4BABB4F15D
:10BCF000795F11DA9DED0A0B51EC100BFDF710FD89
:10BD0000002801BFB0EE4A0AF0EE6A0A02B0BDECAC
:10BD1000088B04BF04B010BD9DED0A0B53EC102B33
:10BD200051EC100BFDF70AFC41EC180B3C480621C6
:10BD3000B0EE480AF0EE680A784400F081F853EC5F
:10BD4000182B51EC100BFDF7F9FB9DED0A0B41ECA4
:10BD50001B0B53EC192B51EC100BFDF7EFFB41ECD7
:10BD6000190B53EC1B2B51EC180BFDF7E7FB53ECB5
:10BD7000192BFDF7DDFB9FED2C0B41EC190B53EC60
:10BD8000102B51EC180BFDF7D9FB41EC100B284898
:10BD9000844210DA53EC192B51EC100BFDF7C8FB61
:10BDA00053EC1A2BFDF7C7FB41EC100B02B0BDECB6
:10BDB000088B04B010BD1F48A042BCBF9FED1E1BE6
:10BDC0008DED001B06DBA4F5001001900020009013
:10BDD0009DED001B51EC100B53EC112BFDF7A8FB54
:10BDE0009DED000B41EC180B53EC102B51EC1A0B92
:10BDF000FDF79EFB41EC1A0B53EC192B51EC180B81
:10BE0000FDF796FB53EC1A2BFDF795FB41EC100B5D
:10BE1000CCE7000000000000000000000000F03F40
:10BE20004C08000000000000000000000000E03F9F
:10BE30003333D33F0000E93F000000000000D23F51
:10BE400070B504462DED028B4D1E00EBC500B0EE23
:10BE5000408AF0EE608A90ED000B35F0060017D0B6
:10BE600053EC182B51EC100BFDF768FB41EC100B59
:10BE70006D1E04EBC50090ED001B51EC100B53EC54
:10BE8000112BFDF7B4FA41EC100B35F00600E7D1A9
:10BE9000022D36D0042D1CD0062D1CBFBDEC028B0C
:10BEA00070BD53EC182B51EC100BFDF747FB94EDD4
:10BEB0000A1B53EC112BFDF79AFA53EC182BFDF7E4
:10BEC0003DFB94ED081B53EC112BFDF790FA41EC70
:10BED000100B53EC182B51EC100BFDF72FFB94EDCE
:10BEE000061B53EC112BFDF782FA53EC182BFDF7D0
:10BEF00025FB94ED040B53EC102BFDF778FA41EC85
:10BF0000100B53EC182B51EC100BFDF717FB94EDB5
:10BF1000021B53EC112BFDF76AFA53EC182BFDF7BB
:10BF20000DFB94ED001B53EC112BFDF760FABDECFB
:10BF3000028B41EC100B70BD31B504462DED040BA6
:10BF40002DED0A8BB0EE41BAF0EE61BA0B989DED83
:10BF50000A0B20F00040B0F1795F0DDA51EC100BC4
:10BF6000FDF758FE042808BF00F0CAF89DED0A0B43
:10BF7000BDEC0A8B05B030BD53EC102B51EC100B0F
:10BF8000FDF7DCFA41EC180B9DED0A0B53EC182B76
:10BF900051EC100BFDF7D2FA41EC190B2C48B0EE26
:10BFA000480AF0EE680A05217844FFF749FF9FED43
:10BFB0002ACBB0EE40AAF0EE60AA9CB353EC1C2B47
:10BFC00051EC190BFDF7BAFA41EC1C0B53EC1A2B90
:10BFD00051EC190BFDF7B2FA9FED210B41EC190B57
:10BFE00053EC102B51EC1B0BFDF7A8FA53EC192B5B
:10BFF000FDF79EFA53EC182BFDF7A0FA53EC1B2B20
:10C00000FDF796FA53EC1C2BFDF792FA9DED0A1BF7
:10C0100053EC112BFDF78FFABDEC0A8B05B041EC08
:10C02000100B30BDFFE753EC1A2B51EC180BFDF74A
:10C0300085FA53EC1C2BFDF7DAF953EC192BFDF7BD
:10C040007DFA9DED0A1B53EC112BFDF7D0F9E3E7C8
:10C05000DC06000000000000495555555555C5BF88
:10C06000000000000000E03F9FED070B10B553EC0F
:10C07000102B9FED070B51EC100BFDF7D1FA41ECA3
:10C08000100B10BD000000000000000000000000C8
:10C09000000000000000F03F10B553EC102B51ECF5
:10C0A000100BFDF7A4F941EC100B10BD10B553ECCB
:10C0B000112B51EC100BFDF79AF941EC100B10BD50
:10C0C0009FED050B10B553EC102B51EC100BFDF749
:10C0D000A7FA41EC100B10BD0000000000000000AA
:10C0E0009FED050B10B553EC102B51EC100BFDF729
:10C0F00025FA41EC100B10BD00000000000000709C
:10C100009FED050B10B553EC102B51EC100BFDF708
:10C1100015FA41EC100B10BD0000000000000010EB
:10C12000DFED030AB7EE001A81EE200A7047000027
:10C130000000000030EE000A704730EE200A704721
:10C14000DFED020A80EEA00A704700000000000048
:10C150009FED020A20EE000A704700000000007008
:10C160009FED020A20EE000A704700000000001058
:10C1700002E008C8121F08C1002AFAD170477047B0
:10C18000002001E001C1121F002AFBD1704700000E
:10C190000149086070470000480400202DE9FF4F66
:10C1A0008BB09A460F460546002606E025280BD0A0
:10C1B00052460D9990476D1C761C28780028F5D1C1
:10C1C0000FB03046BDE8F08F0024A0460122604940
:10C1D00000E0044315F8013F203B02FA03F0084257
:10C1E000F7D128782E2817D115F8010F44F0040450
:10C1F0002A280ED06FF02F022878A0F130010929EB
:10C200000AD808EB880102EB410100EB01086D1C24
:10C21000F2E757F8048B6D1C287869283ED006DCBD
:10C220000028CDD063280BD0642804D136E07328D1
:10C2300010D075284BD052460D999047761C85E05A
:10C2400017F8040B8DF8000000208DF80100E94676
:10C25000012003E057F8049B4FF0FF3061074FF0D7
:10C26000000401D40AE0641C44450DDA8442FADB80
:10C2700019F804100029F6D106E0641C8442FCDBA6
:10C2800019F804100029F8D1264404E019F8010B2C
:10C2900052460D999047641EF8D257E001CF4FF0F7
:10C2A0000A0B002802DA40422D2102E0210504D5C4
:10C2B0002B218DF82410012103E0E10705D0202176
:10C2C000F7E70DF1200908910CE00021F9E701CF13
:10C2D0004FF00A0BF9E75946FDF770FA01F1300209
:10C2E00009F8012D0028F6D1ADEB090000F1200B73
:10C2F000600701D44FF00108D84502DDA8EB0B0020
:10C3000000E000208046002406E009A85246005DB7
:10C310000D999047641C761C08988442F5DB04E074
:10C32000302052460D999047761CB8F10001A8F1D3
:10C330000108F5DC05E019F8010B52460D9990470C
:10C34000761CBBF10001ABF1010BF4DC6D1C34E792
:10C35000092801004A68002A06D00A68531C0B60AD
:10C3600010704868401E486070470A68531C0B6094
:10C370001070704782B0CDE9000121F000400190BB
:10C380009DED000B02B051EC100B704700B52DED88
:10C39000048B83B041EC190BFDF702FB41EC180B49
:10C3A00018EE100A18EE901A8DED008B002818BFB9
:10C3B0000120084320F00040C0F17F6000F1E04020
:10C3C000C00F14D019EE101A19EE900A8DED009BD3
:10C3D000002918BF0121084320F00040C0F17F6010
:10C3E00000F1E040C00F04BF0120FFF7D1FE51EC87
:10C3F000180B03B0BDEC048B00BD00000000000072
:10C40000000000000000E03F000000000000E0BF6E
:10C410000000E0FE422EE63F0000E0FE422EE6BFB6
:10C42000763C7935EF39EA3D763C7935EF39EABD2E
:10C430003E5555555555C53F93BDBE166CC166BF9B
:10C440002CDE25AF6A56113FF16BD2C541BDBBBE94
:10C45000D0A4BE726937663E0000803F0030983F2E
:10C460000000B53F0040D73F00000000320A7E398F
:10C470007F661E395B991F390000803FF037983F77
:10C48000F304B53FFD44D73F04FA97999999D93FF2
:10C49000AF788E1DC571CC3F9FC678D0099AC33F37
:10C4A000935555555555E53F599322942449D23F0C
:10C4B000DE03CB966446C73F44523EDF12F1C23FD3
:10C4C000000000000030F13D0070643E0000A33E1B
:10C4D0000090CF3E0090F83E00400F3F00E0203F2C
:10C4E0000000000015B78337CDE37B380EE1C53877
:10C4F00060F69138AF5F0F38E1BC3E3823F447391E
:10C50000000000000000F03F000000000000F83FC5
:10C5100000000000000000000000004003B8E23FFF
:10C52000000000000000000006D0CF43EBFD4C3EB1
:10C53000033333333333E33FFFAB6FDBB66DDB3FA6
:10C540004D268F515555D53F01411DA96074D13FEE
:10C5500065DBC9934A86CD3FEF4E454A287ECA3FE8
:10C560003E5555555555C53F93BDBE166CC166BF6A
:10C570002CDE25AF6A56113FF16BD2C541BDBBBE63
:10C58000D0A4BE726937663E4C5555555555A53FEA
:10C590007751C1166CC156BF9015CB19A001FA3E58
:10C5A000AD529C804F7E92BEC4B1B4BD9EEE213E82
:10C5B000D43888BEE9FAA8BD0000000000000000E1
:10C5C00000004054FB21F93F3163621A61B4D03D51
:10C5D0000000601A61B4D03D7370032E8A19A33B2A
:10C5E0000000002E8A19A33BC14920259A837B397C
:10C5F00000000000000000006E83F9A22915444EDF
:10C60000D15727FCC0DD34F5999562DB4190433C5E
:10C61000AB6351FE61C5BBDE3A6E24B7E0D24D423A
:10C62000EA2E49061C92D1091CEB1DFE3EA729B13A
:10C63000F53582E88444BB2E26709CE9417E5FB4C8
:10C6400039D69139F43953838B5F849C3B28F9BDEB
:10C65000FF97F81F0F9805DE8B112FEF1F6D0A5AF9
:10C66000CF7E366DB709CB27663F464F2DEA5F9EDA
:10C67000C7BA27757BF1E5EBF739073DEA92528A95
:10C68000B15FFB6B085D8D1FA6F810111111813F82
:10C69000D561C119A0012ABF7DFEB157E31DC73E78
:10C6A000EB9C2B8AE6E55ABE7CD5CF5A3AD9E53DBC
:10C6B000D0C60008000000204C040000669B000863
:10C6C000E8C700084C040020842F000080C1000847
:10C6D000411BFF01041A02041A03041A04041A0578
:10C6E000041A06041A07041A08041A09041A0A0488
:10C6F0001A0B041A0C041A0D041A0E041A0F041A49
:10C7000010041A11041A12041A130422141A844869
:10C71000C1195F01B91ACCBD233A021A4C041AE0C0
:10C720000C1A76085AB8D132291A8EEC290F1ADA67
:10C73000181ACB041AD60D1A1C081AB3081A0E04BC
:10C740001A18041AA4041A1214011C62FA223F1ABD
:10C750008004111A400819041AA0041AC0041B20EE
:10C76000410C19041AF0042334421A700434F042C4
:10C77000504A783E19102BC84263320A180835FA1D
:10C780008E3CC3F54838011A4B307504091A2081D4
:10C790000273142D295C8F3E040138234201726913
:10C7A000231C021A2C1081323C320A326432C80532
:10C7B0002CDB0F4940294B690401281A722D232DC7
:10C7C000051A140401492B7A03C749946808020327
:10C7D00004060708090CA910C11AAA010111023E9A
:08C7E000281AFF0141000000CE
:040000050800018965
:00000001FF
