:020000040800F2
:10000000C0320020055C0008490200084B020008CD
:100010004F020008530200085702000800000000C9
:10002000000000000000000000000000A101000826
:100030005B02000800000000E50100081F8C0008BA
:100040001F5C00081F5C00081F5C00081F5C0008A4
:100050001F5C00081F5C00081F5C00081F5C000894
:1000600061040008A50400081F5C000805030008DF
:10007000E7020008430300081F5C0008790200083B
:100080001F5C0008850200081F5C00081F5C000858
:100090001F5C00081F5C00081F5C00081F5C000854
:1000A0001F5C00087F0300081F5C00081F5C00083D
:1000B000AB030008D9030008050400081F5C000812
:1000C0001F5C00081F5C00081F5C00085D0400083E
:1000D0001F5C0008610200081F5C00081F5C00082C
:1000E0001F5C00081F5C00081F5C00081F5C000804
:1000F0001F5C00081F5C00081F5C00081F0300084D
:100100001F5C00081F5C0008310400085F04000841
:100110001F5C00081F5C0008510300085D03000815
:100120001F5C00089F020008B90200081F5C00085D
:100130001F5C00081F5C00081F5C00081F5C0008B3
:100140001F5C00081F5C00081F5C00081F5C0008A3
:10015000D90200081F5C00081F5C00081F5C000833
:100160001F5C00081F5C00081F5C00081F5C000883
:100170001F5C00081F5C00081F5C00081F5C000873
:100180001F5C00081F5C0008DFF810D00AF058F868
:1001900000480047A5590008AFF30080C032002096
:1001A000234B19680868B0E8F04F80F309884FF0D6
:1001B000000080F3118870470000000003480068C9
:1001C000006880F3088862B600DF00BF08ED00E039
:1001D000DFF80C00016841F470010160704700BF56
:1001E00088ED00E0EFF30980114B1A681EF0100F44
:1001F00008BF20ED108A20E9F04F106008B54FF0DD
:10020000140080F3118809F0D2F84FF0000080F359
:100210001188BDE8084019680868B0E8F04F1EF082
:10022000100F08BFB0EC108A80F30988704700BF38
:10023000F4020020EFF311804FF0140181F31188D4
:10024000704780F311887047704700BFFEE700BF1A
:10025000FEE700BFFEE700BFFEE77047704770474C
:1002600010B540F22551904807F0EDFD18B120215E
:100270008D4807F0DFFD10BD10B58C498C4806F0A5
:1002800017FD10BD10B58B498948303006F0E6FCEB
:1002900020B188498648303006F00AFD10BD10B5FF
:1002A0008549864806F0DAFC28B18349834806F080
:1002B000FFFC01F027FD10BD10B581497F481830C3
:1002C00006F0F6FC7F4840787E49097840EA012034
:1002D00000B27D49088010BD10B57C497748603078
:1002E00006F0E6FC10BD10B573497148483806F0B9
:1002F000B5FC30B170496E48483806F0D9FC00F0C2
:100300009FFA10BD10B572496948603806F0A6FC26
:1003100020B16F496648603806F0CAFC10BD10B5C0
:100320006C496348483006F099FC48B100216048A8
:10033000483006F0E9FB67495D48483006F0B8FCF4
:1003400010BD10B559495A48303806F0B1FC10BDFF
:1003500010B50121604807F0D3FA10BD10B5012196
:100360005E4807F0CDFA7A204F49888001215C4829
:1003700007F078FC01215B4807F074FC10BD10B554
:100380000121594807F0BCFA5748008800F01000D6
:1003900028B156480068401E5449086004E053489C
:1003A0000068401C5149086010BD10B50121880744
:1003B00007F0A6FA4FF08040008800F0100028B146
:1003C0004B480068401E4A49086004E048480068FD
:1003D000401C4749086010BD10B50121454807F091
:1003E0008FFA4448008800F0100028B142480068A5
:1003F000401E4149086004E03F480068401C3E49F7
:10040000086010BD10B501213C4807F079FA3B485F
:10041000008800F0100028B139480068401E3849B3
:10042000086004E036480068401C3549086010BD8B
:1004300010B50121334807F063FA3248008800F014
:10044000100028B130480068401E2F49086004E0C1
:100450002D480068401C2C49086010BD704770474B
:1004600010B5042006F0BCFCD8B12021274805F0C7
:1004700040FD0421264805F017FD012804D1002184
:10048000164806F0BDFD09E00421214805F00CFDE9
:1004900020B9124806F0B8FD1E49086004201E4924
:1004A000086010BD7047000000100140208000204F
:1004B0007060024000802020008800102864024004
:1004C000008020101005002064000020008800201B
:1004D0002080001000800028001000400014004020
:1004E000004800400014014000000140440000208A
:1004F00048000020000400404C000020000800409C
:1005000060000020000C004050000020000002406D
:10051000000C024040000020143C014070B504462D
:10052000204609F02DFB05462146F74809F02FFB30
:10053000A0B195222146F44809F016FB0021F348AA
:1005400006F0E2FAF048F1490C310860EF48B8389B
:10055000C0F8BC500121ED4806F0D6FA70BD70B568
:100560000446002510E0605D68B1615DE84807F071
:10057000A4FB00BF8021E64807F04FFC0028F9D01B
:10058000681CC5B200E070BDEDE770B504460025FB
:100590000FE05CB12146DE4807F08FFB00BF8021F1
:1005A000DB4807F03AFC0028F9D000E070BD681C79
:1005B000C5B2032DEDDB00BFF8E713B50C460020F4
:1005C000FFF7E3FFD3A0FFF7CAFF2346D2A296218D
:1005D000D24809F08FFED148FFF7C1FFD0A0FFF746
:1005E000BEFFCDA29621CD48009B09F083FECB48EB
:1005F000FFF7B5FFCCA0FFF7B2FFFF20FFF7C5FF65
:10060000FF20FFF7C2FFFF20FFF7BFFF1CBD70B543
:1006100005460C46BFA0FFF7A2FF2246BEA1BF4879
:1006200009F082FEBD48FFF79AFFBDA0FFF797FFD4
:100630002846FFF794FFBCA0FFF791FFFF20FFF7CC
:10064000A4FF70BD77B585B00546FF26B4A103C9E8
:10065000CDE90301B4A000680290AEA0006801904B
:1006600000240AE00020B1490855B1490855AB49BA
:100670000855A5490855601CC4B21E2CF2DB0A209F
:10068000A6490870FF2048708870C870A2A1A848C9
:10069000079A09F049FEA64901A809F059FA01A9EB
:1006A0009E4809F055FA03A99C4809F051FA2946D9
:1006B0009A4809F04DFA98A19D48069A09F034FE2F
:1006C0009B49964809F044FA02A9944809F040FA77
:1006D000FF209649087048708870904809F038FAF1
:1006E0008E48FFF71BFF08B070BDF7B584B0054614
:1006F0000E46FF278AA103C9CDE902018AA000683E
:10070000019084A000680090002408E00020874940
:1007100008558749085581490855601CC4B20A2C00
:10072000F4DB0A207D490870FF2048708870C8708B
:1007300079A17F48069A09F0F7FD7D49684609F0DE
:1007400007FA6946754809F003FA02A9734809F0E7
:10075000FFF92946714809F0FBF931466F4809F065
:10076000F7F901A96D4809F0F3F9FF206F49087006
:10077000487088700020C8700871684809F0E8F96E
:100780006648FFF7CBFE07B0F0BD01B58EB069A299
:10079000322101A80E9B09F0ADFD01A8FFF7BEFEB6
:1007A0000FB000BD73B584B00546FF265CA103C938
:1007B000CDE902015CA00068019056A0006800909D
:1007C00000240AE000205949085559490855534961
:1007D00008554D490855601CC4B21E2CF2DB0A2096
:1007E0004E490870FF2048708870C8704AA1504870
:1007F000059A09F099FD4E49684609F0A9F969463C
:10080000464809F0A5F902A9444809F0A1F929468A
:10081000424809F09DF94649404809F099F901A973
:100820003E4809F095F9FF204049087048708870EB
:100830003A4809F08DF93948FFF770FE06B070BDEF
:100840001CB53F4800783E49497808443C498978BE
:1008500008443B49C978084439490979084438496A
:10086000497908443649897908443549C9790844A1
:100870003349097A0844C0B201903148007A00F047
:100880000F0000909DF800000D2803D000212D4896
:1008900007F0E8F91CBD2A48007A00F00F000D2887
:1008A00006D12748007800F0010008B10D207047FC
:1008B0000020FCE72248007800F0020008B1012087
:1008C00070470020FCE71CB51F4806F09DFB1F4940
:1008D000096840EA01400A2190FBF1F000900024F1
:1008E0003CE0194806F090FB1849096840EA0140CD
:1008F0000A2190FBF1F00190DDE90021881A00281F
:1009000026DB014625E000006A040020B8600240B2
:1009100000500040740000002564000034030020F3
:100920002E7478743D220000220000001A0400207A
:10093000F20300206A302E76616C3D2564000000D1
:100940004C05002000480040000001404400002009
:100950004142052900DA641C01980090022CC0DB9A
:1009600001981CBD1CB54FF0804006F04DFBF849C6
:10097000096840EA01400A2190FBF1F00090002450
:1009800018E04FF0804006F03FFBF149096840EA6B
:1009900001400A2190FBF1F00190DDE90021881A65
:1009A000002801DB014600E04142322900DA641CE4
:1009B00001980090022CE4DB01984100002901DB42
:1009C00008461CBD4842FCE71CB5E24806F01CFB8B
:1009D000E149096840EA0140642190FBF1F0009090
:1009E000002417E0DB4806F00FFBDB49096840EA0A
:1009F0000140642190FBF1F00190DDE90021881AAB
:100A0000002801DB014600E04142322900DA641C83
:100A100001980090022CE5DB01981CBD70471CB5C5
:100A2000CE4806F0F1FACE49096840EA0140642157
:100A300090FBF1F00090002417E0C84806F0E4FABB
:100A4000C749096840EA0140642190FBF1F0019038
:100A5000DDE90021881A002801DB014600E041425F
:100A6000322900DA641C01980090022CE5DB019821
:100A70001CBD01B581B000200090019800EBC000C2
:100A80004000009002E00098401E0090009800286E
:100A9000F9D10CBD01B581B00020009044F2506145
:100AA00001984843009002E00098401E0090009892
:100AB0000028F9D10CBD1CB501211F2005F0D8FB81
:100AC0004FF6FF70009001208DF8040000208DF893
:100AD000060001208DF8070003208DF80500694607
:100AE000A04805F07FF94FF6FF70009001208DF8C7
:100AF000040000208DF8060001208DF80700032077
:100B00008DF805006946984805F06CF94FF6FF70BE
:100B1000009001208DF8040000208DF806000120CF
:100B20008DF8070003208DF8050069468F4805F011
:100B300059F91CBD1CB501217E2005F099FBC02090
:100B4000009000208DF8040001208DF8070002209D
:100B50008DF805006946864805F044F906200090A6
:100B600000208DF8040001208DF8070002208DF888
:100B7000050069467B4805F035F904200090002007
:100B80008DF8040001208DF8070002208DF8050083
:100B90006946754805F026F91CBD1FB54FF4E060A5
:100BA00005F042F836208DF8000000208DF8010095
:100BB0008DF8020001208DF80300684605F039F831
:100BC0000121102005F087FB3220ADF8040040F22F
:100BD000E73002900020ADF80C00ADF8060001A946
:100BE000644806F0C4F90121624806F089FE01223A
:100BF0001146604806F05CFE00215E4806F000FAEF
:100C000001215C4806F03CFA1FBD1FB54FF4E060BF
:100C100005F00AF837208DF8000000208DF801005B
:100C20008DF8020001208DF80300684605F001F8F8
:100C30000121202005F04FFB3220ADF8040040F2E6
:100C4000E73002900020ADF80C00ADF8060001A9D5
:100C5000494806F08CF90121474806F051FE01226F
:100C60001146454806F024FE0021434806F0C8F925
:100C70000121414806F004FA1FBD00B58BB00121E7
:100C8000022005F039FB01210C2005F0F1FA0322C6
:100C90000621354805F031F903220721324805F0D5
:100CA0002CF903220821304805F027F903220921F5
:100CB0002D4805F022F94FF47070069002208DF84F
:100CC0001C0003208DF81D0000208DF81E0001205F
:100CD0008DF81F0006A9244805F084F8A420ADF87B
:100CE000200040F6B83009904FF48070ADF828002D
:100CF0000020ADF8220008A9204806F038F960204D
:100D0000ADF804000120ADF8060000200390ADF816
:100D100010000121194806F0B3F90021174806F028
:100D20006FF901A9154806F0B7F901A9134806F0B3
:100D3000ECF901A9114806F035FA01A90F4806F0AF
:100D400097FA01210D4806F08CFD0BB000BD0000A4
:100D5000480000200008004060000020000400401F
:100D60004C0000200004024000080240000C024039
:100D70000000024000100040001400400004014048
:100D800000B58BB00121082005F0A5FA0121084625
:100D900005F06EFA02220021FE4805F0AEF80222AC
:100DA0000121FC4805F0A9F802221146F94805F096
:100DB000A4F802220321F74805F09FF80F200690BF
:100DC00002208DF81C0003208DF81D0000208DF8F6
:100DD0001E0001208DF81F0006A9EE4805F002F85C
:100DE000BA20ADF8200042F2107009900020ADF852
:100DF0002800ADF8220008A9E74806F0B8F86020FE
:100E0000ADF804000120ADF8060000200390ADF815
:100E100010000121E04806F033F90021DE4806F019
:100E2000EFF801A9DC4806F037F901A9DA4806F025
:100E30006CF901A9D84806F0B5F901A9D64806F021
:100E400017FA0121D44806F00CFD0BB000BD00B527
:100E50008BB00121042005F03EFA01210D2005F0A0
:100E600007FA02220C21CD4805F047F802220D2195
:100E7000CA4805F042F802220E21C84805F03DF8A4
:100E800002220F21C54805F038F84FF47040069053
:100E900002208DF81C0003208DF81D0000208DF825
:100EA0001E0001208DF81F0006A9BC4804F09AFF1F
:100EB000A420ADF8200040F6B83009904FF48070BF
:100EC000ADF828000020ADF8220008A9B44806F0CB
:100ED0004EF86020ADF804000120ADF806000020B7
:100EE0000390ADF810000121AD4806F0C9F80021CB
:100EF000AB4806F085F801A9A94806F0CDF801A98C
:100F0000A74806F002F901A9A54806F04BF901A986
:100F1000A34806F0ADF90BB000BD00B589B00121C2
:100F2000080405F0E9F90121084605F0A1F90322BA
:100F30001146984804F0E1FF03220221954804F08D
:100F4000DCFF0C20019002208DF8080003208DF8B2
:100F5000090000208DF80A0001208DF80B0001A97E
:100F60008C4804F03FFF0020ADF818004FF6FF70EA
:100F700007900020ADF82000ADF81A0006A98948B6
:100F800005F0F5FF0420ADF80C000020ADF80E00D0
:100F9000C820ADF814000120ADF8100003A9814865
:100FA00006F0BCFB00231A4603217F4806F053FDE0
:100FB00001217D4806F0A4FC012211467A4806F082
:100FC00077FC0121774806F05BF80021764806F0AF
:100FD00017F809B000BD00B589B00121084605F039
:100FE0007AF90121022005F076F90121032005F0AC
:100FF0003FF901220F21674804F07FFF01220321FE
:101000006A4804F07AFF02220421684804F075FF60
:1010100002220521654804F070FF3820019002206B
:101020008DF8080003208DF8090000208DF80A00D3
:1010300001208DF80B0001A95C4804F0D3FE4FF4A9
:101040000040019002208DF8080003208DF809006F
:1010500000208DF80A0001208DF80B0001A94D48F1
:1010600004F0C0FE0020ADF818004FF6FF700790A6
:101070000020ADF82000ADF81A0006A94FF080401E
:1010800005F075FF06A94A4805F071FF0420ADF888
:101090000C000220ADF80E001420ADF81400012061
:1010A000ADF8100003A9800706F038FB03A94048FB
:1010B00006F034FB02231A460321580706F0CBFC46
:1010C00002231A4603213A4806F0C5FC012188078D
:1010D00006F016FC0121364806F012FC01221146EA
:1010E000900706F0E5FB01221146314806F0E0FBCF
:1010F0000121880705F0C4FF01212D4805F0C0FF3C
:1011000000214FF0804005F07BFF0021284805F0CA
:1011100077FF4FF4C06004F087FD1D208DF80000BC
:1011200003208DF8010000208DF8020001208DF8C9
:101130000300684604F07DFD1C208DF800000420AB
:101140008DF8010000208DF8020001208DF80300C9
:10115000684604F06EFD09B000BD00B589B00121FC
:10116000084605F0C9F80121102005F081F84FF478
:101170002060019002208DF8080003208DF80900FE
:1011800000208DF80A0001208DF80B0001A9094804
:1011900012E0000000000240000C0040000C024081
:1011A00000080040000001400040014000040240EF
:1011B000000400400010024004F014FE0122092146
:1011C000FE4804F09AFE01220B21FC4804F095FE33
:1011D0000020ADF818004FF6FF7007900020ADF822
:1011E0002000ADF81A0006A9F54805F0C0FE04205D
:1011F000ADF80C000020ADF80E000A20ADF8140088
:101200000120ADF8100003A9ED4806F087FA00238D
:101210001A460321EA4806F01EFC0121E84806F0C0
:101220006FFB01221146E64806F042FB0121E4482B
:1012300006F066FB01221146E14806F039FB012168
:10124000DF4805F01DFF0021DD4805F0D9FE4FF411
:10125000C06004F0E9FC19208DF8000001208DF831
:10126000010000208DF8020001208DF8030068467F
:1012700004F0DFFC09B000BD00B589B001210420F5
:1012800005F029F80121082004F0F2FF4FF4405046
:10129000019002208DF8080003208DF8090000203D
:1012A0008DF80A0001208DF80B0001A9C54804F053
:1012B00099FD0020ADF818004FF6FF700790002050
:1012C000ADF82000ADF81A0006A9BF4805F04FFEA2
:1012D00002220C21BB4804F010FE02220D21B94865
:1012E00004F00BFE0420ADF80C000220ADF80E0057
:1012F000C820ADF814000120ADF8100003A9B248D1
:1013000006F00CFA02231A460321AF4806F0A3FBAD
:101310000121AD4806F0F4FA01221146AA4806F070
:10132000C7FA0121A84805F0ABFE42F21071A648A9
:1013300005F066FE0020A449143108800120A2496E
:1013400008804FF4C06004F06FFC1E208DF8000090
:1013500004208DF8010000208DF8020001208DF896
:101360000300684604F065FC09B000BD00B589B013
:101370000121082004F0AFFF0121084604F078FFA6
:101380000320019002208DF8080003208DF8090049
:1013900000208DF80A0001208DF80B0001A98B4870
:1013A00004F020FD0020ADF818004FF6FF70079004
:1013B0000020ADF82000ADF81A0006A9844805F019
:1013C000D6FD02220021814804F097FD022201216E
:1013D0007E4804F092FD0420ADF80C000220ADF828
:1013E0000E00C820ADF814000120ADF8100003A9CC
:1013F000774806F093F902231A460321744806F051
:101400002AFB0121724806F07BFA0122114670483E
:1014100006F04EFA01216E4805F032FE42F21071DC
:101420006B4805F0EDFD002069491431088001206A
:10143000674908804FF4C06004F0F6FB32208DF855
:10144000000004208DF8010000208DF8020001202A
:101450008DF80300684604F0ECFB09B000BD00B550
:101460009BB001215B4804F003FF0121080204F056
:1014700043FF0020029058480390584804900020F1
:10148000059008200690002007904FF48060089097
:101490004000099080000A9040110B9040020C908F
:1014A00000200D9001200E9000200F90109002A9B6
:1014B0004B4805F0EFFA0121494805F025FB3C2097
:1014C000009003208DF8040000208DF80700694685
:1014D0003E4804F087FC3C20009003208DF8040077
:1014E00000208DF8070069463E4804F07BFC002090
:1014F00011904FF440301290002013904FF4706020
:10150000149011A805F02CF84FF080701590012070
:101510008DF858008DF859000020179018901990F8
:1015200008208DF8680015A92B484C3804F0E9FF15
:1015300004230122022128484C3805F068F80423CE
:101540000222032124484C3805F061F804230322C9
:10155000194621484C3805F05AF804231A4605214B
:101560001D484C3805F053F8042305220C211A4875
:101570004C3805F04CF8042306220D2116484C384F
:1015800005F045F8042307220E2113484C3805F0D6
:101590003EF8042308220F210F484C3805F037F895
:1015A00001210D484C3805F0DDF801210A484C387E
:1015B00005F0CDF8012108484C3815E00010024034
:1015C00000000140000C0240000800400000024002
:1015D000000C0040050040004C20014000050020A8
:1015E000106402400008024004F0D1FFFE4805F0FC
:1015F0006AF81BB000BD08B54FF4E06004F014FBBE
:1016000025208DF8000000208DF801008DF80200E3
:1016100001208DF80300684604F00BFB08BD10B5EF
:1016200096B004460121102004F066FE0121084610
:1016300004F01EFE0121880504F01AFE4FF4C0607C
:10164000009002208DF8040000208DF806008DF82F
:10165000070002208DF805006946E44804F0C2FB4B
:1016600007220921E14804F048FC07220A21DF484B
:1016700004F043FC02940020ADF80C00ADF80E001D
:10168000ADF81000ADF814000C20ADF8120002A95E
:10169000D74806F05FFA0121D54806F0E3FA4FF487
:1016A000A06004F0C1FA3A208DF8180000208DF8EF
:1016B00019008DF81A0001208DF81B0006A804F00F
:1016C000B8FACC4805F044F94FF0006007900020CC
:1016D0000A90C94809900A200B90C548001D08903F
:1016E00000200C904FF480600D9000200E900F9021
:1016F0004FF480701090400211900420129003204B
:10170000139000201490159007A9BA4805F0C2F96B
:1017100001224021B64806F052FB01221021B548B3
:1017200005F07FFA0121B34805F0EEF916B010BDBF
:1017300010B596B004460121480504F099FD012139
:10174000480404F0C8FD0121082004F091FD602048
:10175000009002208DF8040000208DF806008DF81E
:10176000070002208DF805006946A44804F03AFB02
:1017700007220521A14804F0C0FB072206219F484B
:1017800004F0BBFB02940020ADF80C00ADF80E0095
:10179000ADF81000ADF814000C20ADF8120002A94D
:1017A000974806F0D7F90121954806F05BFA4FF407
:1017B000A06004F039FA11208DF8180000208DF88F
:1017C00019008DF81A0001208DF81B0006A804F0FE
:1017D00030FA8C4805F0BCF84FF0006007904020CC
:1017E0000A90894809903C200B908548001D08907C
:1017F00000200C904FF480600D9000200E900F9010
:101800004FF4807010904002119004201290032039
:10181000139000201490159007A97A4805F03AF922
:1018200001228021764806F0CAFA012280217448FC
:1018300006F0C5FA01221021724805F0F2F90121E3
:10184000704805F061F916B010BD10B596B00446A9
:101850000121880404F03FFD0121082004F008FD67
:101860000121480504F004FD4FF44070009002206F
:101870008DF8040000208DF806008DF80700022086
:101880008DF8050069465D4804F0ACFA072208218E
:101890005A4804F032FB07220921584804F02DFB76
:1018A00002940020ADF80C00ADF80E00ADF8100069
:1018B000ADF814000C20ADF8120002A9534806F050
:1018C00049F90121514806F0CDF94FF4A06004F028
:1018D000ABF90C208DF8180000208DF819008DF858
:1018E0001A0001208DF81B0006A804F0A2F9454853
:1018F000783805F02DF84FF00060079000200A902E
:10190000434809900A200B904048001D0890002091
:101910000C904FF480600D9000200E900F904FF4CB
:1019200080701090400211900420129003201390B8
:1019300000201490159007A93248783805F0AAF8CD
:1019400001224021314806F03AFA012240212F4875
:1019500006F035FA012210212A48783805F061F99D
:1019600001212848783805F0CFF816B010BD10B521
:1019700096B004460121C80404F0ADFC01210846DC
:1019800004F076FC0121480504F072FC032000906D
:1019900002208DF8040000208DF806008DF8070065
:1019A00002208DF805006946104804F01BFA082251
:1019B00000210E4804F0A1FA082201210B4804F08E
:1019C0009CFA02940020ADF80C00ADF80E00ADF8C2
:1019D0001000ADF814000C20ADF8120002A90D485B
:1019E00006F0B8F8012117E0002001400000024095
:1019F000001001404064024010050020000C02402D
:101A000000440040A0600240040000200048004064
:101A10004C050020004C0040FB4806F023F94FF431
:101A2000A06004F001F90D208DF8180000208DF859
:101A300019008DF81A0001208DF81B0006A804F08B
:101A4000F8F8F24804F084FF4FF00060079000209F
:101A50000A90EF48099008200B90EB48001D089071
:101A600000200C904FF480600D9000200E900F909D
:101A70004FF48070109040021190042012900320C7
:101A8000139000201490159007A9E04805F002F883
:101A900001224021DC4806F092F901224021DA4877
:101AA00006F08DF901221021D84805F0BAF801217D
:101AB000D64805F029F816B010BD10B596B004460A
:101AC0000121480504F0D4FB0121080504F003FCC2
:101AD00001210C2004F0CCFB0420009002208DF8A2
:101AE000040000208DF806008DF8070002208DF814
:101AF00005006946C74804F075F94FF4805000901E
:101B000002208DF8040000208DF806008DF80700F3
:101B100002208DF805006946BF4804F063F90822E9
:101B20000221BC4804F0E9F908220C21BA4804F06B
:101B3000E4F94FF4A06004F077F82F208DF8180036
:101B400005208DF819008DF81A0001208DF81B0072
:101B500006A804F06EF802940020ADF80C00ADF871
:101B60000E00ADF81000ADF814000C20ADF8120016
:101B700002A9AA4805F0EEFF0121A84806F072F874
:101B8000A248783004F0E4FE4FF000600790402057
:101B90000A90A348099096200B90A048001D089039
:101BA00000200C904FF480600D9000200E900F905C
:101BB00010904FF4003011900020129003201390E9
:101BC00000201490159007A99048783004F062FF27
:101BD00001228021914806F0F2F8012210218B4861
:101BE000783005F01EF801218848783004F08CFF29
:101BF00016B010BD10B596B004460121202004F0A7
:101C00007BFB0121042004F033FB0121880504F053
:101C10002FFBC020009002208DF8040000208DF8DA
:101C200006008DF8070003208DF8050069467A4804
:101C300004F0D8F808220621774804F05EF908225B
:101C40000721754804F059F902940020ADF80C0002
:101C5000ADF80E00ADF81000ADF814000C20ADF892
:101C6000120002A96F4805F075FF01216D4805F0CB
:101C7000F9FF4FF4A06003F0D7FF39208DF818006A
:101C800003208DF8190001208DF81A008DF81B0033
:101C900006A803F0CEFF644804F05AFE4FF020601F
:101CA000079000200A906148099010200B905D4831
:101CB000001D089000200C904FF480600D900020D3
:101CC0000E900F904FF480701090400211900420FD
:101CD00012900320139000201490159007A95248E9
:101CE00004F0D8FE012240214E4806F068F8012297
:101CF00010214D4804F095FF01214B4804F004FFEA
:101D000016B010BD0EB5002002900190009047481B
:101D1000007802282ED14548407801904348C07889
:101D20004249897840EA01200090404909783F4AB9
:101D3000527811443D4A927811443C4AD27888182E
:101D4000C11700EB11610912A0EB0121C9B2029188
:101D5000364800799DF8081088420BD13348407905
:101D6000032807D19DF8040031490870BDF8000030
:101D7000304908800EBD00B585B00121082004F06F
:101D800077FA0121880304F0B7FA00208DF81000DB
:101D900001208DF813000C20039003A91D4804F0C6
:101DA00021F80221032006F0A3F80420009000206F
:101DB0008DF8040010208DF8050001208DF8060034
:101DC000684604F0A7FF08208DF8080000208DF871
:101DD00009008DF80A0001208DF80B0002A803F01D
:101DE00028FF05B000BD70B504460D46012C25D175
:101DF0002946114805F061FF00BF40210E4806F05A
:101E00000CF80028F9D042E0004C0040406002404D
:101E10001F050020000C0240000802400050004056
:101E20006A04002000140140286402405B05002081
:101E3000280100202A01002000100140032C0BD1B2
:101E40002946FE4805F039FF00BF4021FB4805F058
:101E5000E4FF0028F9D01AE0042C0BD12946F848F9
:101E600005F02BFF00BF4021F54805F0D6FF002804
:101E7000F9D00CE0052C0AD12946F24805F01DFFE7
:101E800000BF4021EF4805F0C8FF0028F9D070BD21
:101E90000020ED494862ED490860ED490860ED49D0
:101EA000086070470020E8494862E84908604FF040
:101EB00080414862E8490860E8490860E8490860EC
:101EC000E3490860E349086070470020E049086082
:101ED000E049086070470020E0490860E049086078
:101EE000704710B50020DF490870002407E0612129
:101EF0000120FFF778FF3220FEF7CCFD641C022C96
:101F0000F5D30120D74908707A20D749087010BD51
:101F100010B50020D5490870002407E06121032096
:101F2000FFF761FF3220FEF7B5FD641C022CF5D3EC
:101F30000120CE4908707A20CD49087010BD2DE9E6
:101F4000F14FAEB0CBA02D9000202C908DF88800E2
:101F50008DF860002E98132832D2DFE800F00A32A4
:101F60003940474E555C636A7172737A868D94FE70
:101F7000FD000221C84803F097FF88B100224FF40A
:101F80000041C64803F0AEFF4FF40041C34803F0E0
:101F900098FF044600222146C1A0FEF753FB0FE044
:101FA0000122D103BD4803F09DFF4FF40041BB481F
:101FB00003F087FF044600222146C1A0FEF742FB42
:101FC00045E20122C6480168C6A0FEF73BFB3EE29F
:101FD0000222C6480168C6A0FEF734FB37E203229E
:101FE000C6480168C6A0FEF72DFB30E20422C748B0
:101FF0000168C7A0FEF726FB29E20522C748017841
:10200000C7A0FEF71FFB22E20622C7480188C7A02F
:10201000FEF718FB1BE20722C7480168C7A0FEF7BE
:1020200011FB14E20A22C9480168C9A0FEF70AFBA5
:102030000DE20922CA480168CAA0FEF703FB06E2C6
:1020400005E204E20C22CB480168CBA0FEF7FAFAC5
:10205000FDE10D22CC4890ED000ABDEEC00A10EE65
:10206000101ACAA0FEF7EEFAF1E10E22CA48016882
:10207000CAA0FEF7E7FAEAE10F22CD480168CDA039
:10208000FEF7E0FAE3E10121CF4803F00DFF4FF442
:1020900000511790814803F007FF04460221CA4807
:1020A00003F002FF05464FF480417C4803F0FCFE3C
:1020B00006460421C44803F0F7FE4FF40041169091
:1020C000C14803F0F1FE07460821BF4803F0ECFECB
:1020D00080464FF48041BC4803F0E6FE8146102163
:1020E000B94803F0E1FE4FF400511590B64803F0F3
:1020F000DBFE82460821B54803F0D6FE4FF480513E
:102100001490B14803F0D0FE10211390AF4803F0B3
:10211000CBFE4FF480611290AB4803F0C5FE8346BE
:102120008021A94803F0C0FE4FF480711190A648A9
:1021300003F0BAFE10901798CDE90B65CDE90D407C
:102140001698CDE90798CDE90970DDE913121598C5
:10215000CDE9042A039101E072E111E00690DDE986
:102160001101CDE901B1009099A2282122A8109B6C
:1021700008F0C0F8122222A97DA0FEF7B6FA66E1A7
:102180008021454803F09DFE04460121424803F0AA
:1021900098FE05464021404803F093FE06464FF462
:1021A00000418A4803F08DFE07464FF48051914864
:1021B00003F087FE80464FF48061374803F081FECC
:1021C00081464FF400618B4803F07BFE4FF40061C1
:1021D0001790314803F075FE82464FF480617B48CA
:1021E00003F06FFE83464FF480512B4803F069FEE5
:1021F0004FF400611690754803F063FE4FF40051F0
:102200001590254803F05DFE4FF4804114906F480F
:1022100003F057FE4FF4804113901F4803F051FE26
:102220004FF480711290734803F04BFE4FF400415D
:102230001190194803F045FEDEE000000048004020
:10224000004C0040005000400000014044000020CD
:1022500024080040600000204800002024040040C2
:102260004C00002069000020680000206B00002066
:102270006A00002031313131313131313131313188
:10228000313131313131313131313031313131313F
:1022900031313131000000000004024000080240EA
:1022A000524F424F5420322044414E472043484130
:1022B000592053414E2058414E483A2020200000DA
:1022C000524F424F5420322044414E472043484110
:1022D000592053414E20444F3A2020200000000056
:1022E000C4010020494D553A000000008000002044
:1022F000474F432042414E3A00000000EC000020CE
:102300005649205452492042414E3A005002002082
:10231000676F635F6C696461723A00002801002096
:102320006F66667365743A002A01002064697374ED
:10233000616E63653A000000400200204C75635FE7
:1023400042616E5F6C696461723A00009400002023
:10235000476F635F42616E5F6175746F3A000000A2
:102360007800002047545F4C415A45525F54524117
:10237000493A0000900000204C75635F42616E5F37
:102380006C617A65723A00008C0000204A6F7953C4
:102390007469636B3A0000003802002066696E6160
:1023A0006C5F726573756C745F6C617A65723A000C
:1023B0003C02002066696E616C5F726573756C74B7
:1023C0005F6C696461723A0000100240000C0240C8
:1023D00025642564256425642564256425642564B5
:1023E00025642564256425642564256425642564A5
:1023F0000000000000000240CDE90B76CDE90D544D
:1024000010901798CDE907A0CDE90998DDE91521CD
:102410001498CDE9051BCDE90302DDE911121398EB
:10242000CDE900120290AFF25802282122A8109B99
:1024300007F060FF112222A9FEA0FEF756F906E080
:10244000FE48017A1022FEA0FEF7FCF800BF00BF94
:102450002FB0BDE8F08F10B50121FB4804F054FB0C
:1024600010BD01B5F94800680099884203DD0020DD
:10247000F649086004E0F5480068401CF34908602C
:10248000F2480068FFF75BFD08BD10B52DED028B2B
:10249000EA48C07801EE100AB8EE411ADFEDEC1AF6
:1024A00031EE611AF0EE410AE448807801EE100A3C
:1024B000B8EE411ADFEDE61A31EE611AB0EE410ACC
:1024C00007F072FFF0EE408AE248D0ED000A9FED7F
:1024D000E21A81EE200A20EE280AB0EE408AB5EE1C
:1024E000C08AF1EE10FA05D29FEDDC0A38EE000A40
:1024F000B0EE408AD148C0787E2807D1CF48807896
:102500007F2803D19FEDD60AB0EE408A9FEDD20A14
:10251000B4EEC08AF1EE10FA06D8B2EE040A28EE44
:10252000000AB0EE408A09E09FEDCC0A38EE400A7E
:10253000F2EE040A20EE200AB0EE408AC94880ED8F
:10254000008ABDEC028B10BDF0B5DDE9054520B970
:10255000C54E3678C54FFE700BE0002804DDC34F32
:10256000F8700126BE7004E04642C04FFE7000269F
:10257000BE7021B9BC4E3678BC4FFE720BE000290C
:1025800004DDBA4FF9710126BE7104E04E42B74F27
:10259000FE710026BE7122B9B34E3678B34FFE727B
:1025A0000BE0002A04DDB14FFA720126BE7204E08E
:1025B0005642AE4FFE720026BE7223B9AA4E36783E
:1025C000AA4FFE730BE0002B04DDA84FFB7301261E
:1025D000BE7304E05E42A54FFE730026BE7324B9AD
:1025E000A14E3678A14FFE740BE0002C04DD9F4F06
:1025F000FC740026BE7404E066429C4FFE74012603
:10260000BE7425B9984E3678984FFE750BE0002DB4
:1026100004DD964FFD750126BE7504E06E42934FB2
:10262000FE750026BE75F0BD904AD070D071D07294
:10263000D073D074D075704701208D490860704701
:102640008A48C078032815DA8848C079032811DA47
:102650008648C07A03280DDA8448C07B032809DA4B
:102660008248C07C032805DA8048C07D032801DA4F
:10267000012070470020FCE77E48006847F2305197
:10268000884201D0012070470020FCE710B5FFF719
:1026900028FC10BD7848B0F9000040427047B5EE04
:1026A000C00AF1EE10FA09D27448D0ED000A70EEBB
:1026B000600AFDEEE00A10EE900A70476F48D0ED18
:1026C000000A70EE200AFDEEE00A10EE900AF4E730
:1026D00010B52DED0A8B044624B99FED690ABDECB7
:1026E0000A8B10BD002C25DA6648006807F0E5FB70
:1026F00041EC190B204607F0E0FB41EC1C0B9FED71
:10270000620B53EC102B07F0F7FA41EC1B0B9FED1B
:10271000600B53EC102B07F0E9FA41EC1A0B53EC69
:10272000192B07F05BFB41EC180B07F0EAFB00EEFE
:10273000100AD4E75348006807F0BFFB41EC190BBF
:10274000204607F0BAFB41EC1C0B9FED4F0B53ECFE
:10275000102B07F0D1FA41EC1B0B9FED4D0B53EC06
:10276000102B07F022FA41EC1A0B53EC192B07F04F
:1027700035FB41EC180B07F0C4FB00EE100AAEE786
:10278000F0EE400AF5EEC00AF1EE10FA02DBB0EE10
:10279000600A7047B1EE600AFBE70146002901DBE1
:1027A000084670474842FCE701463B48D0ED000A26
:1027B000F1EE600A3948D0ED001A80EEA11A00EE61
:1027C000901AF8EEE01A3448D0ED000A41EE210AE2
:1027D000B0EE600AFDEEC00A10EE900A7047F0EE0F
:1027E000401A9FED2F2AB0EE420AF5EEC01AF1EE24
:1027F00010FA03D2B1EE612AF0EE421AF5EEC00AE9
:10280000F1EE10FA03D2B1EE602AF0EE420AB5EE14
:10281000C01AF1EE10FA03D2B1EE412AB0EE421A1C
:10282000F4EEC01AF1EE10FA01DDB0EE610AF4EE3A
:10283000C00A37E04F55543A000000004C05002014
:102840004241544552593A00A06002405C000020C9
:102850000000FF4284010020000034430000B44324
:1028600000409C468C0000207801002004000020DD
:1028700074010020A4010020640000203401002025
:1028800000000000900100209A9999999999A93F18
:102890009A9999999999B93F6C010020700100208B
:1028A0006F12833AF1EE10FA01DDB0EE600AB4EE79
:1028B000C01AF1EE10FA01DDB0EE410A7047FD4892
:1028C00000687047FC480068704710B52DED088B14
:1028D000B0EE408AF948006847F23051884214D17E
:1028E0001FED190AF64880ED000AF64880ED000A4F
:1028F000F54880ED000AF54880ED000AF44880EDC7
:10290000000AF44880ED000AE8E0F3480068F34963
:102910000968401AE9490968081A00EE100AB8EE79
:10292000C00AEF48D0ED000AEE4890ED001A00EE24
:10293000C10AD0ED000AC0EE208AEB4890ED000AF3
:1029400020EE280A10EE101A084607F0C7FA41ECEC
:102950001B0BB0EE4B0AF0EE6B0A08F051FEB0EE26
:1029600040AAF0EE60AA51EC1A0B81F0004141EC54
:10297000190B07F0C6FAD7490860DC4890ED000A49
:1029800038EE800AD848D0ED000A20EE200A10EE7A
:10299000101A084607F0A2FA41EC1A0BB0EE4A0AE8
:1029A000F0EE6A0A08F02CFEB0EE409AF0EE609A63
:1029B00051EC190B07F0A5FAC5490860CC4890ED19
:1029C000000A38EE800AC848D0ED000A20EE200A3E
:1029D00010EE101A084607F081FA41EC1A0BB0EE1F
:1029E0004A0AF0EE6A0A08F00BFEB0EE409AF0EEEA
:1029F000609A51EC190B07F084FAB4490860BD489D
:102A000090ED000A38EE800AB748D0ED000A20EEBB
:102A1000200A10EE101A084607F060FA41EC1B0B72
:102A2000B0EE4B0AF0EE6B0A08F0EAFDB0EE40AAF9
:102A3000F0EE60AA51EC1A0B81F0004141EC190B49
:102A400007F05FFAA0490860A84890ED000A38EE48
:102A5000800AA548D0ED000A20EE200A10EE101AD8
:102A6000084607F03BFA41EC1B0BB0EE4B0AF0EEC8
:102A70006B0A08F0C5FDB0EE40AAF0EE60AA51EC7A
:102A80001A0B81F0004141EC190B07F03AFA8D491D
:102A90000860974890ED000A38EE800A9248D0ED21
:102AA000000A20EE200A10EE101A084607F016FA67
:102AB00041EC1B0BB0EE4B0AF0EE6B0A08F0A0FDE8
:102AC000B0EE40AAF0EE60AA51EC1A0B81F0004182
:102AD00041EC190B07F015FA79490860B5EEC08A88
:102AE000F1EE10FA7CD08448006807282FD2DFE886
:102AF00000F0042F53789CC0E000764890ED000A67
:102B000030EE480A80ED000A714890ED000A30EE80
:102B1000480A80ED000A6D4890ED000A30EE480A40
:102B200080ED000A684890ED000A30EE480A80ED1A
:102B3000000A644890ED000A30EE480A80ED000A71
:102B40005F4890ED000A30EE480A80ED000AFEE092
:102B50005F4890ED000A30EE480A80ED000A5B48BD
:102B600090ED000A30EE480A80ED000A564890EDDC
:102B7000000A30EE480A80ED000A524890ED000A43
:102B800030EE480A80ED000A4D4890ED000A30EE24
:102B9000480A80ED000ADAE04E4890ED000A30EE77
:102BA000480A80ED000A494890ED000A30EE480AD4
:102BB00080ED000A444890ED000A30EE480A80EDAE
:102BC000000A404890ED000A30EE480A80ED000A05
:102BD0003B4890ED000A30EE480A80ED000AB6E06E
:102BE000B6E03C4890ED000A30EE480A80ED000A5D
:102BF000374890ED000A30EE480A80ED000A32486E
:102C000090ED000A30EE480A80ED000A2D4890ED64
:102C1000000A30EE480A80ED000A294890ED000ACB
:102C200030EE480A80ED000A91E02A4890ED000A53
:102C300030EE480A80ED000A254890ED000A30EE9B
:102C4000480A80ED000A214890ED000A30EE480A5B
:102C500080ED000A1B4890ED000A30EE480A80ED36
:102C6000000A174890ED000A30EE480A80ED000A8D
:102C70006DE0184890ED000A30EE480A80ED000A39
:102C8000134890ED000A30EE480A80ED000A0F4824
:102C900090ED000A30EE480A80ED000A0A4890EDF7
:102CA000000A30EE480A80ED000A054890ED000A5F
:102CB00024E028E090010020BC010020A4010020B5
:102CC000E4010020E0010020DC010020D801002008
:102CD000D4010020D0010020C4010020B001002058
:102CE000B40100204C010020800100205C01002084
:102CF00058010020600100208C01002030EE480ABD
:102D000080ED000A23E0FE4890ED000A30EE480A0C
:102D100080ED000AFB4890ED000A30EE480A80ED95
:102D2000000AF94890ED000A30EE480A80ED000AEA
:102D3000F64890ED000A30EE480A80ED000AF448AB
:102D400090ED000A30EE480A80ED000A00BF00BF97
:102D5000EF4890ED001AEC48D0ED000AE84890EDFD
:102D6000000AFFF73CFDEB48D0ED000AF8EEE00A60
:102D700080EE801ABDEEC10AE74880ED000AE74800
:102D80000068E5490968884203DDE3480068E349D3
:102D900008600120E2490860BDEC088B10BD10B549
:102DA00004460020DF490860DF480460FCB90020C9
:102DB000DA4908609FEDDD0ADD4880ED000A47F240
:102DC0003050DC490860DC4908609FEDD80ADB48D8
:102DD00080ED000A0020DA490860DA490860DA4923
:102DE0000860DA4908609FEDD10AFFF76EFD10BD5B
:102DF00010B5D24890ED000AB5EEC00AF1EE10FA17
:102E000005D1CF48006810B9CE48006890B19FED59
:102E1000C70ACA4880ED000A0020C9490860C949AC
:102E20000860CB480068CB490860C44890ED000AB0
:102E3000FFF74BFD10BDC848C0ED000AC74880ED44
:102E4000000A704770B52DED028B05460C46B0EEBA
:102E5000408AB8480068A8420BD1B2480068A04236
:102E600007D1B34890ED000AB4EE480AF1EE10FA2B
:102E700018D0AC480460A948006810B90520A749DB
:102E80000860B3480068B3490860A94880ED008A2B
:102E9000A84805600020B2490860A84890ED000AE3
:102EA000FFF713FDBDEC028B70BD70B52DED028BED
:102EB0000446B0EE408A0D46A2480068A0420BD1FD
:102EC0009E4890ED000AB4EE480AF1EE10FA03D1E4
:102ED0009B480068A84237D09648006847F23051B6
:102EE000884222D119208F4908600A208B49086046
:102EF00047F23050844218DA012093490860B5EE59
:102F0000C08AF1EE10FA03DD91480068A04208DCA7
:102F1000B5EEC08AF1EE10FA07D28D480068A042E3
:102F200003DAB1EE480AB0EE408A8648046084486D
:102F30000560824880ED008A0020894908607F484A
:102F400090ED000AFFF7C1FCBDEC028B70BD10B51F
:102F50002DED028BB0EE408A04462146B0EE480AC1
:102F600047F23050FFF7A1FFBDEC028B10BD70B5EA
:102F700004460D469FED6D0A29462046FFF762FF85
:102F800070BD70B52DED088BF0EE408A0446B0EEB2
:102F9000608AB0EE419A684890ED000AB8EEC00A27
:102FA000B4EE680AF1EE10FA0DD15E480068A04256
:102FB00009D1644890ED000AB8EEC00AB4EE480AA0
:102FC000F1EE10FA5ED0BDEEE80A5B4880ED000A33
:102FD0005F4991ED000AB8EEC00A38EEC00ABDEEB6
:102FE000C00A10EE100A9FED510A2146FFF72AFF92
:102FF000574890ED000AB8EEC00A38EE400ABDEE20
:10300000C00A10EE105A002D01DB284600E068428D
:10301000642814DD4E4890ED000AB8EEC00AB4EE04
:10302000C08AF1EE10FA02DDB0EE490A01E0B1EE1D
:10303000490A10EE101A084606F050FF13E0444803
:1030400090ED000AB8EEC00A38EE400A10EE101AF1
:10305000084606F043FF41EC1B0B9FED420B53EC7F
:10306000102B06F049FE41EC1A0B06F04AFF09EE60
:10307000900A0021B0EE690AFDEEC80A10EE900A2F
:10308000FFF713FFBDEC088B70BD10B52E4800682C
:10309000012876DD2B4909682D4A1268881AFFF746
:1030A0007CFB05280CDA284801680068401C264A89
:1030B0001060B1F57A7F64DD0020FFF770FE10BD6F
:1030C00021480068B0F5FA7F09DD05201549086040
:1030D0001249086040F2F5101B49086004E0052021
:1030E000104908600D4908601948006815490968C9
:1030F00088423CDDBFEE000A104880ED000A3BE04C
:10310000D0010020D4010020D8010020DC010020E3
:10311000E00100202C0100209801002090010020F7
:1031200088010020940100209C0100200000000084
:10313000B8010020A4010020A8010020B401002053
:103140008C010020AC010020BC0100207401002093
:10315000C4010020B00100206C010020700100209B
:10316000A00100207B14AE47E17A743F09E0B7EE7E
:10317000000AFE4880ED000AFC4890ED000AFFF7C7
:10318000A4FB00BF9BE710B52DED028BF84890ED36
:10319000000AB5EEC00AF1EE10FA08D1F548006851
:1031A00028B1F548006847F23051884202DBBDEC97
:1031B000028B10BDED4890ED000AB5EEC00AF1EEAD
:1031C00010FA7CD0ED48006847F23051884277D140
:1031D000E64890ED000AB5EEC00AF1EE10FA08DDFF
:1031E000E5480068E6490968401AE64909688842E6
:1031F00010DBDE4890ED000AB5EEC00AF1EE10FAE1
:103200007ED2DD480068DE4909680844DD49096866
:10321000884275DDDC48006803285CDAD649096815
:10322000D84A1268881AFFF7B8FA0A2816DAD2487C
:103230000068D64908600020CE490860D44908607B
:103240001FED460AC94880ED000A0220CE490860F9
:10325000C64890ED000AFFF738FBA8E7C6480068AB
:10326000C8490968884237DDC24890ED000AB8EEC7
:10327000C00ABE48D0ED000A60EE200AC04890EDBA
:10328000000AB8EEC00AC0EE801AB0EE611AB0EEC5
:10329000410AFFF775FAB8490968BA4A1268881AEC
:1032A000FFF77BFA00EE900AB8EEE01AB948D0EDCD
:1032B000000A40EE010AAF4890ED000A01E0AAE0E2
:1032C00047E0B8EEC00A80EE801AB0EE418AB0EE58
:1032D000480AFFF7FAFA9DE0A64890ED000AB8EE1A
:1032E000C00AA248D0ED000A60EE200AA44890ED82
:1032F000000AB8EEC00AC0EE801AB0EE611A00E013
:1033000021E0B0EE410AFFF73BFA9B4909689D4A6C
:103310001268881AFFF741FA00EE900AB8EEE01A38
:103320009C48D0ED000A50EE410A924890ED000A08
:10333000B8EEC00A80EE801AB0EE418AB0EE480ABC
:10334000FFF7C3FA66E0894890ED000AFFF7BDFA7F
:1033500060E0864890ED000AB5EEC00AF1EE10FA82
:103360001FDD854890ED000AB8EEC00A8148D0ED17
:10337000000AF8EEE00A7D4890ED001A00EEC10A5E
:103380008548D0ED000AF8EEE00A70EE600A7D484C
:1033900090ED000AB8EEC00AF4EEC00AF1EE10FAA1
:1033A00027D3724890ED000AB5EEC00AF1EE10FA8C
:1033B0002BD2714890ED000AB8EEC00A6D48D0EDEE
:1033C000000AF8EEE00A694890ED001A00EEC10A22
:1033D0007148D0ED000AF8EEE00A70EE200A694864
:1033E00090ED000AB8EEC00AF4EEC00AF1EE10FA51
:1033F0000BDD61490968634A1268881AFFF768F9AA
:10340000B0EE408AFFF761FA04E0584890ED000AF8
:10341000FFF75BFACBE6614909685A4A1268881AD5
:10342000FFF756F9B0EE408AFFF74FFA00BFBEE64D
:1034300000B555480068022815DA1FEDC40A4C484B
:1034400080ED000A1FEDC70A484880ED000A002001
:103450005349086047F230504849086051490860B4
:1034600000204549086050480068401C4E490860EB
:103470004E490968884204DA4D480068FFF7D4F8DD
:103480000EE04A480068484908604A48006820B190
:1034900047480068FFF7C8F802E00020FFF7C4F8CB
:1034A00000BD414A1268521C3F4B1A60824207DD40
:1034B000304A12680A442F4B1A6000223A4B1A60B5
:1034C00070472DE9FC47FFF7E5F82E490860FFF744
:1034D000DCFD2F480068002821DD264800682C49C3
:1034E000096888422AD02348006829490968884227
:1034F0000EDA204800683049096888421EDA1D4803
:103500000068FFF751F904460121FFF7CAFF15E0F3
:103510004FF0FF3129480068FFF7C3FF0EE0154860
:103520000068002806DD4FF0FF3125480068FFF7EE
:10353000B8FF03E0FFF77CFFBDE8FC872148006887
:1035400010490968884205D0FFF71DFE0D48006844
:103550001C4908601C480068D0B30648D0ED000A3A
:10356000F8EEE00A194890ED001A32E0B4010020AC
:10357000B801002090010020AC010020A40100202F
:1035800068010020C4010020BC010020C00100200F
:10359000940100204801002064010020B0010020B7
:1035A0008C010020A8010020A00100207C01002047
:1035B000780100207401002098010020CC01002037
:1035C0009C010020C801002088010020E4010020A7
:1035D00058E060EE810AB0EE600AFFF760F804463A
:1035E000FE48D0ED000AF8EEE00AFD4890ED001A22
:1035F00060EE810AB0EE600AFFF751F80546F74821
:10360000D0ED000AF8EEE00AF64890ED001A60EE00
:10361000810AB0EE600AFFF742F80646EF48D0EDA7
:10362000000AF8EEE00AF04890ED001A60EE810A18
:10363000B0EE600AFFF733F80746E848D0ED000A1D
:10364000F8EEE00AE94890ED001A60EE810AB0EE6B
:10365000600AFFF724F88046E048D0ED000AF8EE53
:10366000E00AE34890ED001A60EE810AB0EE600ACD
:10367000FFF715F8814633463A464146CDE90054F6
:10368000FEF762FF00BF57E770B52DED028B0F25E7
:1036900005269FEDD80AB0EE408AD74800791E284B
:1036A00005DBD5480079B42801DC012000E00020CA
:1036B0000446FEF7EAFED048007800F0080010BB90
:1036C000CD48007800F01000E8B9CB48007800F051
:1036D0002000C0B9C848007800F0400098B994B103
:1036E000C64890ED000ADFEDC60AB4EEE00AF1EE3E
:1036F00010FA08DDC048C07928B90020FFF74FFB59
:10370000BDEC028B70BDBC48407800F0010028B1D0
:10371000FA259FEDBC0AB0EE408A04E03C259FEDFF
:10372000BA0AB0EE408AB448007800F0080098B1B8
:10373000B148007800F0100070B9AF48007800F090
:10374000200048B9AC48007800F0400020B9294674
:10375000AE48FFF70CFCC5E0A748007800F0080071
:10376000A0B9A548007800F0100078B1A248007810
:1037700000F0200050B9A048007800F0400028B9BF
:10378000294640F2DC50FFF7F2FBABE09A480078A4
:1037900000F00800A0B99848007800F0100078B94F
:1037A0009548007800F0200050B19348007800F070
:1037B000400028B929464FF41670FFF7D8FB91E076
:1037C0008D48007800F0080098B98B48007800F028
:1037D000100070B98848007800F0200048B9864889
:1037E000007800F0400020B129468948FFF7BFFB70
:1037F00078E08148007800F00800A0B17E480078A9
:1038000000F0100078B97C48007800F0200050B13A
:103810007948007800F0400028B929464FF49670A6
:10382000FFF7A5FB5EE07448007800F0080098B14F
:103830007148007800F0100070B96F48007800F00F
:10384000200048B96C48007800F0400020B12946BB
:103850007048FFF78CFB45E06748007800F00800EF
:10386000A0B96548007800F0100078B1624800788F
:1038700000F0200050B16048007800F0400028B906
:1038800029464FF46170FFF772FB2BE05A4800782D
:1038900000F0080098B95848007800F0100070B1A6
:1038A0005548007800F0200048B95348007800F0EF
:1038B000400020B129465848FFF759FB12E04F4815
:1038C00090ED000ADFED4E0AB4EEE00AF1EE10FAD8
:1038D00008D2294690ED000ABDEEC00A10EE100A8B
:1038E000FFF745FB4448007800F0080010BB424851
:1038F000007800F01000E8B93F48007800F02000A0
:10390000C0B93D48007800F0400098B994B13B48F8
:1039100090ED000ADFED3A0AB4EEE00AF1EE10FA9B
:1039200008DDFEF7A9FE28B13348C07910B90020A0
:10393000FFF735FA2CB13048C07910B9FFF758FAC3
:1039400027E02D48007914280EDAFEF795FE28B1FD
:103950000020B1EE480AFFF7FAFA1AE00020B1EEB3
:10396000480AFFF7F4FA14E023480079B4280EDD82
:10397000FEF782FE28B10020B0EE480AFFF7E7FA12
:1039800007E00020B0EE480AFFF7E1FA01E0FFF798
:103990002FFA00BFB4E6214801680068401C1F4AA6
:1039A0001060322907D21E4840891E490968084420
:1039B0001C4908600BE01B4800683221B0FBF1F0A5
:1039C0001949086000201549086016490860174821
:1039D00001680068401C154A106029E09001002031
:1039E000E0010020DC010020D8010020D4010020EB
:1039F000D0010020000000004C0500208C000020B9
:103A000000606A463333333FCDCC4C3ED4FEFFFFDB
:103A100050FBFFFF7CFCFFFF24FAFFFF6802002041
:103A2000000500206C0200207000002070020020C1
:103A3000322907D2F8480089F84909680844F7494B
:103A400008600BE0F54800683221B0FBF1F0F44962
:103A500008600020F3490860F0490860F2480168F6
:103A60000068401CF04A1060322907D2EA48808979
:103A7000EE4909680844ED4908600BE0EB4800682E
:103A80003221B0FBF1F0EA4908600020E649086005
:103A9000E6490860E74801680068401CE54A106094
:103AA000322907D2DC48C089E34909680844E24961
:103AB00008600BE0E04800683221B0FBF1F0DF491C
:103AC00008600020DB490860DB490860DC480168C9
:103AD0000068401CDA4A1060322907D2CE480088BC
:103AE000D84909680844D74908600BE0D548006800
:103AF0003221B0FBF1F0D44908600020D0490860C1
:103B0000D0490860D14801680068401CCF4A106065
:103B1000322907D2C0484088CD4909680844CC49B9
:103B200008600BE0CA4800683221B0FBF1F0C949D7
:103B300008600020C5490860C5490860C64801689A
:103B40000068401CC44A1060322907D2B2488088FD
:103B5000C24909680844C14908600BE0BF480068D1
:103B60003221B0FBF1F0BE4908600020BA4908607C
:103B7000BA490860704710B5BA48407800F00200B2
:103B8000C0B9B848407800F0040098B10122802103
:103B9000B54802F0A7F94FF48041B44802F084F927
:103BA00020B901224021B04802F09CF90120B0491F
:103BB00008700FE0AE48007860B100224021AA48AA
:103BC00002F090F900228021A74802F08BF9002032
:103BD000A749087010BD10B540F2DB10A549086078
:103BE00001228021A04802F07DF9002410E006E0C7
:103BF000FCF760FE00B109E0012005F055FB4FF431
:103C000080419A4802F050F90128F1D000BF641CAD
:103C1000642CECDB40F2DC5005F046FB0122910203
:103C2000914802F05FF94FF4FA7005F03DFB012274
:103C300040218D4802F056F900240FE006E0FCF721
:103C400039FE00B108E0012005F02EFB0121874874
:103C500002F02AF90128F2D000BF641C642CEDDBCD
:103C600000240FE006E0FCF725FE00B108E001208B
:103C700005F01AFB01217D4802F016F90028F2D068
:103C800000BF641C642CEDDB4FF47A7005F00CFB74
:103C900000224FF48061744802F024F940F2DC50B5
:103CA00005F002FB00240FE006E0FCF703FE00B184
:103CB00008E0012005F0F8FA01216C4802F0F4F860
:103CC0000128F2D000BF641C642CEDDB4FF4FA70C5
:103CD00005F0EAFA00224021634802F003F94FF4AC
:103CE000FA6005F0E1FA002280215F4802F0FAF85C
:103CF00000240FE006E0FCF7DDFD00B108E0012044
:103D000005F0D2FA0221594802F0CEF80128F2D08B
:103D100000BF641C642CEDDB10BD10B540F2DB105D
:103D20005449086006E0FCF7C5FD00B107E001203A
:103D300005F0BAFA44480068B0F5F07FF3DC00BF44
:103D400001224021484802F0CDF841F2883005F0C8
:103D5000ABFA0A20484981F82B0081F8270081F846
:103D60002300012081F8220081F8260081F82A0032
:103D700041F2883005F098FA40F23A203D49086057
:103D800000224021384802F0ADF8002410E006E09F
:103D9000FCF790FD00B109E0012005F085FA4FF431
:103DA0008061324802F080F80128F1D000BF641C25
:103DB000642CECDB40F6B83005F076FA00202E4992
:103DC00081F8230081F8270081F82B0010BD10B581
:103DD0002448407800F0080050B12248407800F0B4
:103DE000020028B9012280211F4802F07BF811E06F
:103DF0001C48007800F0020060B1002280211A48BF
:103E000002F070F800201C4981F82B0081F827008F
:103E100081F8230010BD000000050020740200207E
:103E20007400002070020020780200207C02002034
:103E30007C00002080020020840200207800002006
:103E4000880200208C0200208000002090020020C8
:103E50009402002084000020980200209C02002090
:103E6000880000204C0500200004024000100240A1
:103E7000A0020020EC0000200400002010B5F8484B
:103E8000407800F0400098B34FF48061F54802F0AC
:103E90000BF868BB4FF41670F34908601E20F34915
:103EA00081F82B0081F8270081F82300002081F899
:103EB000220081F8260081F82A0042F2107005F0F5
:103EC000F3F90122D102EA4802F00CF842F2107034
:103ED00005F0EAF90020E54981F82B0081F8270078
:103EE00081F8230000224FF40061E14801F0FAFF5D
:103EF00010BD10B5DA48407800F08000002830D0BE
:103F00001420DA4981F82B0081F8270081F823007A
:103F1000012081F8220081F8260081F82A0000247F
:103F200010E006E0FCF7C6FC00B109E0012005F056
:103F3000BBF94FF48061CB4801F0B6FF0128F1D006
:103F400000BF641C642CECDB40F6B83005F0ACF923
:103F50000020C64981F8230081F8270081F82B0052
:103F600000BF10BD10B50A20FEF719FF7D20BF4924
:103F700081F82B0081F8270081F82300002081F8C8
:103F8000220081F8260081F82A0043F6982005F0E7
:103F90008BF90122D102B64801F0A4FF41F6583056
:103FA00005F082F90020B14981F82B0081F8270043
:103FB00081F8230000224FF40061AD4801F092FF28
:103FC00010BD70B52DED068B04460D46A948056061
:103FD000A9480460492C0AD19FEDA80AA84880EDA1
:103FE000000AA84800681438A7490860A4E24A2CCF
:103FF0000AD19FEDA60AA24880ED000AA1480068F8
:104000001438A149086097E24B2C0AD19FEDA00A11
:104010009B4880ED000A9B48006814389A49086064
:104020008AE24C2C0AD19FED9B0A954880ED000A4C
:10403000944800681438944908607DE24D2C0AD1F8
:104040009FED950A8E4880ED000A8E48006814386E
:104050008D49086070E24E2C0AD19FED900A884885
:1040600080ED000A8748006814388749086063E2D9
:104070004F2C0AD19FED8A0A814880ED000A8148C1
:10408000006814388049086056E2502C0AD19FED30
:10409000850A7B4880ED000A7A48006814387A491E
:1040A000086049E2512C0AD19FED7F0A744880EDE7
:1040B000000A744800681438734908603CE2522CC6
:1040C0000AD19FED7A0A6E4880ED000A6D480068BB
:1040D00014386D4908602FE2532C0AD19FED740A01
:1040E000674880ED000A6748006814386649086030
:1040F00022E2542C0AD19FED6F0A614880ED000A3C
:104100006048006814386049086015E2552C0AD1EF
:104110009FED690A5A4880ED000A5A480068143831
:104120005949086008E2562C0AD19FED640A5448A8
:1041300080ED000A53480068143853490860FBE1D9
:10414000572C0AD19FED5E0A4D4880ED000A4D487C
:10415000006814384C490860EEE1582C0AD1B2EEE0
:104160000F0A474880ED000A46480068143846495F
:104170000860E1E1592C0AD19FED520A404880EDD8
:10418000000A4048006814383F490860D4E15A2CBE
:104190000AD19FED4D0A3A4880ED000A394800687F
:1041A000143839490860C7E15B2C0AD19FED470AF2
:1041B000334880ED000A33480068143832490860FB
:1041C000BAE15C2C0AD19FED420A2D4880ED000A2D
:1041D0002C48006814382C490860ADE15D2C0AD1E8
:1041E0009FED3C0A264880ED000A264800681438F6
:1041F00025490860A0E15E2C0AD19FED370A2048CE
:1042000080ED000A1F48006814381F49086093E1D8
:104210005F2C0AD19FED310A194880ED000A194838
:10422000006811381849086086E1602C0AD19FEDBA
:104230002C0A134880ED000A124800681138124910
:10424000086079E1612C4DD1B3EE010A0C4880ED94
:10425000000A0C48006811380B4908606CE1000046
:104260004C05002000100240EC000020040000205B
:10427000000402403C0200203802002066666A41C9
:1042800030020020940000204C02002033336B41A8
:1042900000006C419A996D4166666E4133336F41FF
:1042A000CDCC70419A997141666672413333734146
:1042B00000007441CDCC74419A997541666676418F
:1042C00033337741CDCC78419A99794166667A410A
:1042D00000007C419A997D4133337F41666680417D
:1042E00033338141622C0AD1B3EE010AFB4880EDE1
:1042F000000AFB4800681138FA4908601CE1632C89
:104300000AD19FEDF90AF54880ED000AF4480068EB
:104310001138F44908600FE1642C0AD19FEDF20ACC
:10432000EE4880ED000AEE4800681138ED4908605B
:1043300002E1652C0AD19FEDED0AE84880ED000A04
:10434000E74800681138E7490860F5E0662C0AD1B3
:104350009FEDE60AE14880ED000AE1480068113867
:10436000E0490860E8E0672C0AD19FEDE10ADB48EC
:1043700080ED000ADA4800681138DA490860DBE0AD
:10438000682C0AD19FEDDA0AD44880ED000AD4489F
:1043900000681138D3490860CEE0692C0AD19FED3E
:1043A000D50ACE4880ED000ACD4800681138CD49C5
:1043B0000860C1E06A2C0AD19FEDCE0AC74880EDA3
:1043C000000AC74800681138C6490860B4E06B2C81
:1043D0000AD1B3EE020AC14880ED000AC048006865
:1043E0001338C0490860A7E06C2C0AD1B3EE020A6A
:1043F000BA4880ED000ABA4800681338B949086025
:104400009AE06D2C0AD19FEDBC0AB44880ED000AF9
:10441000B34800681338B34908608DE06E2C0AD1A8
:104420009FEDB30AAD4880ED000AAD48006813382F
:10443000AC49086080E06F2C0AD19FEDB00AA74814
:1044400080ED000AA64800681338A649086073E0AA
:10445000702C0AD19FEDAA0AA04880ED000AA0485E
:10446000006813389F49086066E0712C0AD19FEDFF
:10447000A50A9A4880ED000A9948006813389949BE
:10448000086059E0722C0AD19FED9A0A934880ED9A
:10449000000A934800681338924908604CE0732C76
:1044A0000AD19FED990A8D4880ED000A8C4800687A
:1044B00013388C4908603FE0742C0AD19FED930AB1
:1044C000864880ED000A86480068133885490860F0
:1044D00032E0752C0AD19FED8E0A804880ED000AEB
:1044E0007F48006813387F49086025E0762C0AD1A0
:1044F000B3EE020A794880ED000A79480068133863
:104500007849086018E0772C0AD1B3EE020A7348A4
:1045100080ED000A724800681338724908600BE0A9
:10452000782C09D19FED7B0A6C4880ED000A6C481D
:10453000006813386B490860962D21DB992D1FDC2C
:10454000A5F1960005F0B9FC41EC1A0B9FED720B3A
:1045500053EC102B05F0D0FB41EC190B9FED700BC9
:1045600053EC102B05F0C5FB41EC180B05F0C9FC12
:104570006D4908606D480068401F6D490860F3E3AD
:104580009A2D21DB9C2D1FDCA5F1960005F095FCF2
:1045900041EC1A0B9FED670B53EC102B05F0ACFBB5
:1045A00041EC190B9FED5E0B53EC102B05F0A1FBBA
:1045B00041EC180B05F0A5FC5B4908605B480068FE
:1045C000401F5B490860CFE39D2D21DBA02D1FDC40
:1045D000A5F1960005F071FC41EC1A0B9FED570B0D
:1045E00053EC102B05F088FB41EC190B9FED550B9C
:1045F00053EC102B05F07DFB41EC180B05F081FC12
:104600004949086049480068401F49490860ABE3D0
:10461000A12D21DBA22D1FDCA5F1960005F04DFC9C
:1046200041EC1A0B9FED490B53EC102B05F064FB8A
:1046300041EC190B9FED430B53EC102B05F059FB8C
:1046400041EC180B05F05DFC3749086037480068FD
:10465000401F3749086087E3A32D21DBA52D1FDC10
:10466000A5F1960005F029FC41EC1A0B9FED390BE2
:1046700053EC102B05F040FB41EC190B9FED310B77
:1046800053EC102B05F035FB41EC180B05F039FC11
:104690002549086025480068401F2549086063E3F4
:1046A000AA2D0CDBAE2D0ADC9FED2C0A1E4880EDF6
:1046B000000A1E480068401F2949086054E3B12DD4
:1046C00052DBB22D50DC9FED270A174880ED000A1F
:1046D00016480068401F2249086045E33002002068
:1046E000940000204C0200209A99894133338B4179
:1046F000CDCC8C4166668E4166668C4133338D41EC
:104700009A998D4100008E41CDCC8E4133338F413B
:104710009A998F41CDCC9041295C8FC2F528CC3F2E
:10472000CDCCCCCCCCCC23403402002044020020A1
:104730005002002079E9263108ACBC3F83C0CAA1F1
:1047400045B6B33F6666666666662440A4703D0A59
:10475000D7A3B03F08AC1C5A643BAF3F6666164116
:10476000EC000020AE471341B42D07DBB52D05DC6E
:104770009FEDFA0AFA4880ED000AF5E2B62D07DB54
:10478000B82D05DC9FEDF70AF54880ED000AEBE255
:10479000BB2D07DBBC2D05DC9FEDF30AF04880ED57
:1047A000000AE1E2BD2D07DBC02D05DC9FEDEF0A1D
:1047B000EB4880ED000AD7E2C12D07DBC32D05DCF5
:1047C0009FEDEB0AE64880ED000ACDE2C42D07DB41
:1047D000C72D05DC9FEDE70AE14880ED000AC3E242
:1047E000A5F163006E286FD2DFE800F037424D5824
:1047F000636F7A85909BA6F2FDEFEEEDECEBEAE9B4
:10480000E8E7E6E5E4E3E2E1E0DFDEDDDCDBDAD9A0
:10481000D8D7D6D5D4D3D2D1D0CFCECDCCCBCA6EEB
:104820006E6E6E6E6E6E6E6E6E6E6E6E6E6E6EC94D
:10483000C8C7C6C5C4C3C2C1C0BF6E6EBE6E6E6EF1
:104840006E6EBDBCBBBAB9B86E6E6E6E6E6E6E6EBD
:104850006E6E6EB7B6B5B4B3B2B19FEDC70AC048BD
:1048600080ED000AC54800682838C549086001E2A3
:104870009FEDC40ABA4880ED000AC0480068283895
:10488000BF490860F6E19FEDC00AB54880ED000A17
:10489000BA4800682838BA490860EBE19FEDBB0AC6
:1048A000AF4880ED000AB54800682838B449086070
:1048B000F9E3B2EE070AAA4880ED000AAF480068A3
:1048C0002838AF490860EEE3E7E39FEDB10AA4485A
:1048D00080ED000AA94800682838A9490860E2E389
:1048E0009FEDAC0A9E4880ED000AA4480068283875
:1048F000A3490860D7E39FEDA80A994880ED000A14
:104900009E48006828389E490860CCE39FEDA30AC2
:10491000934880ED000A9948006828389849086053
:10492000C1E39FED9F0A8E4880ED000A934800681E
:10493000283893490860B6E39FED9A0A884880EDCD
:10494000000A8E48006828388D490860ABE399E377
:1049500034E328E31CE310E304E3F8E2ECE2E0E2F2
:10496000D4E2C8E2BCE2B0E2A4E298E28CE280E2E7
:1049700074E268E25CE250E244E238E22CE220E2D7
:1049800014E208E2FCE1F0E1E3E1D7E1CBE1BFE1D1
:10499000B3E1A7E19BE18FE183E177E16BE15FE1C7
:1049A00053E147E13BE12FE123E117E1CBE0BFE039
:1049B000B3E0A7E09BE08FE083E077E06BE05FE0AF
:1049C00053E047E03BE02FE023E017E00BE0FFE798
:1049D0009FED750A624880ED000A68480068283833
:1049E000674908605FE39FED710A5D4880ED000A4A
:1049F0006248006828386249086054E39FED6C0AF9
:104A0000574880ED000A5D48006828385C49086016
:104A100049E39FED680A524880ED000A5748006854
:104A20002838574908603EE39FED630A4C4880ED03
:104A3000000A5248006828385149086033E39FED66
:104A40005B0A474880ED000A4C48006828384C490A
:104A5000086028E39FED560A414880ED000A474868
:104A600000682838464908601DE39FED520A3C481B
:104A700080ED000A4148006828384149086012E387
:104A80009FED4D0A364880ED000A3C480068283802
:104A90003B49086007E39FED490A314880ED000A71
:104AA00036480068283836490860FCE29FED440A21
:104AB0002B4880ED000A31480068283830490860EA
:104AC000F1E29FED400A264880ED000A2B4800687D
:104AD00028382B490860E6E29FED3B0A204880ED2C
:104AE000000A26480068283825490860DBE29FED67
:104AF000370A1B4880ED000A204800682838204902
:104B00000860D0E29FED320A154880ED000A1B488C
:104B1000006828381A490860C5E29FED2E0A10483F
:104B200080ED000A15480068283815490860BAE287
:104B30009FED280A0A4880ED000A104800682838CE
:104B40000F490860AFE29FED240A054880ED000A96
:104B50000A48006828380A490860A4E2E17A14414A
:104B600034020020F62814411F85134148E1124108
:104B700052B812419A990941CDCC344144020020E7
:104B8000500200209A9935416666364133333741E9
:104B9000CDCC38419A99394166663A4133333B412D
:104BA00000003C4133332F4152B82E41713D2E411C
:104BB0008FC22D41AE472D41CDCC2C41EC512C4123
:104BC0000AD72B41295C2B4148E12A4166662A41DC
:104BD00085EB2941A4702941E17A2841B2EE050A0A
:104BE000FC4880ED000AFC4800682838FB49086052
:104BF00059E29FEDFB0AF74880ED000AF64800688D
:104C00002838F64908604EE29FEDF60AF14880ED3B
:104C1000000AF14800682838F049086043E29FED37
:104C2000F20AEC4880ED000AEB4800682838EB49AE
:104C3000086038E29FEDED0AE64880ED000AE6489C
:104C400000682838E54908602DE29FEDE90AE1484F
:104C500080ED000AE04800682838E049086022E258
:104C60009FEDE40ADB4880ED000ADB480068283845
:104C7000DA49086017E29FEDE00AD64880ED000AA5
:104C8000D54800682838D54908600CE29FEDDB0A5A
:104C9000D04880ED000AD04800682838CF49086025
:104CA00001E29FEDD70ACB4880ED000ACA480068B0
:104CB0002838CA490860F6E19FEDD20AC54880ED60
:104CC000000AC54800682838C4490860EBE19FED38
:104CD000CE0AC04880ED000ABF4800682838BF49A6
:104CE0000860E0E19FEDC90ABA4880ED000ABA48C1
:104CF00000682838B9490860D5E1B2EE060AB5481F
:104D000080ED000AB44800681738B4490860CAE169
:104D10009FEDBF0AAF4880ED000AAF480068173822
:104D2000AE490860BFE19FEDBB0AAA4880ED000ACA
:104D3000A94800681738A9490860B4E1B2EE040A2E
:104D4000A44880ED000AA4480068C01FA349086079
:104D5000A9E19FEDB10A9F4880ED000A9E480068D6
:104D6000C01F9E4908609EE19EE19FEDAC0A9948F4
:104D700080ED000A98480068C01F9849086092E1D9
:104D80009FEDA70A934880ED000A93480068C01F72
:104D90009249086087E19FEDA30A8E4880ED000AE2
:104DA0008D480068C01F8D4908607CE19FED9E0A18
:104DB000884880ED000A88480068C01F874908605D
:104DC00071E19FED9A0A834880ED000A82480068ED
:104DD000401F8249086066E19FED940A7D4880ED9E
:104DE000000A7D480068401F7C4908605BE19FED38
:104DF000900A784880ED000A77480068401F77499C
:104E0000086050E19FED8B0A724880ED000A7248FD
:104E10000068401F7149086045E19FED800A6D48B8
:104E200080ED000A6C480068401F6C4908603AE158
:104E30009FED810A674880ED000A67480068401FBF
:104E4000664908602FE19FED7D0A624880ED000A07
:104E500061480068401F6149086024E19FED780ABD
:104E60005C4880ED000A5C480068401F5B490860B0
:104E700019E19FED740A574880ED000A5648006812
:104E8000401F564908600EE19FED6F0A514880EDC2
:104E9000000A51480068401F5049086003E19FED37
:104EA0006B0A4C4880ED000A4B480068801F4B4954
:104EB0000860F8E09FED660A464880ED000A464823
:104EC0000068401F45490860EDE09FED620A4148D7
:104ED00080ED000A40480068143840490860E2E06C
:104EE0009FED5D0A3B4880ED000A3B48006814389E
:104EF0003A490860D7E09FED590A364880ED000A2C
:104F000035480068143835490860CCE09FED540AF4
:104F1000304880ED000A3048006814382F49086096
:104F2000C1E09FED500A2B4880ED000A2A48006836
:104F300014382A490860B6E09FED4B0A254880EDF9
:104F4000000A25480068143824490860ABE09FED4A
:104F5000470A204880ED000A1F480068401F1F498B
:104F60000860A0E09FED420A1A4880ED000A1A4846
:104F70000068401F1949086095E09FED3E0A1548FA
:104F800080ED000A14480068401F144908608AE058
:104F90009FED390A0F4880ED000A0F480068401F56
:104FA0000E4908607FE09FED350A0A4880ED000A4F
:104FB00009480068401F0949086074E09FED300A05
:104FC000044880ED000A04480068401F0349086057
:104FD00069E000003402002044020020500200205A
:104FE0001F8527413D0A27415C8F26417B142641BE
:104FF0008FC22541A4702541B81E2541CDCC244146
:10500000E17A2441F62824410AD723411F85234110
:10501000CDCC30419A99314133331F4166661641F8
:1050200085EB1541A4701541CDCC1441CDCC104178
:10503000295C1341AE4713410AD715411F8515411D
:10504000AE471541C3F5144100001441355E1341CC
:1050500014AE13418FC21541295C1741C3F51841A5
:105060005C8F1A41F6281C418FC21D41AE47114189
:10507000C3F51041D7A31041EC51104166660E41B3
:1050800033330B419FEDFB0AFB4880ED000AFB48E0
:105090000068401FFA49086005E09FEDFA0AF648EB
:1050A00080ED000A00BF00BF00EE104AB8EEC00A53
:1050B000F548D0ED000A20EE200AF2EE040A80EE58
:1050C000201ABDEEC10AF14880ED000A00EE105A28
:1050D000B8EEC00AE848D0ED000A20EE200AF2EE51
:1050E000040A80EE201ABDEEC10AE94880ED000AEC
:1050F0004FF48061E74800F0D7FE28BBE64800780F
:1051000010BBE648807970B1E5480068E549086061
:10511000E3480068B0F50F7F1EDA01228021E248E3
:1051200000F0E0FE18E0DD48C07968B1D4480068BE
:10513000DC490860D2480068B0F50F7F05DA01222B
:105140008021D94800F0CEFE06E0CD48006818B9AD
:105150004FF41670CA490860BDEC068B70BD10B5DF
:10516000CE488079002846D04FF48061C94800F0CD
:105170009BFE00283FD1C948007800F0800000283D
:1051800039D00120C44908700A20FDF708FEBF4845
:105190000078C64981F82B0081F8270081F82300A8
:1051A000002081F8220081F8260081F82A0002E020
:1051B000642004F079F8B948007800F080000028F5
:1051C000F6D10122D102B84800F08CFE43F69820B7
:1051D00004F06AF80020B54981F82B0081F8270017
:1051E00081F8230000224FF40061AF4800F07AFEFE
:1051F0000020A94908704FF48061A64800F054FED1
:1052000000283ED1A548007800F08000C8B30120F6
:10521000A14908700A20FDF7C2FD9D480078A34906
:1052200081F82B0081F8270081F82300002081F805
:10523000220081F8260081F82A0002E0642004F0B0
:1052400033F89648007800F080000028F6D101225B
:10525000D102954800F046FE43F6982004F024F869
:105260000020924981F82B0081F8270081F8230063
:1052700000224FF400618C4800F034FE0020864983
:10528000087010BD10B52DED0E8B0446A4F164001E
:10529000002801DB014600E0414200EE101AB8EEA2
:1052A000C08AB5EEC08AF1EE10FA35D018EE100AB9
:1052B00004F014FE41EC1E0B9FED7D0B53EC102B04
:1052C00004F01AFD41EC1D0BB0EE4D0AF0EE6D0A34
:1052D00005F0C2F9B0EE40CAF0EE60CA9FED760B61
:1052E00053EC102B51EC1C0B04F003FD41EC1B0B99
:1052F0009FED730B53EC102B04F0FEFC41EC1A0BEA
:105300009FED710B53EC102B04F04FFC41EC190B8B
:1053100004F0F7FD08EE900AB0EE680ABDEC0E8BC3
:1053200010BD10B52DED028B04462046FFF7AAFFF5
:10533000B0EE408A5948C079D8B1A4F16400002881
:1053400001DB014600E04142022903DC0020FDF7B9
:105350004FFD0EE0622C05DA0020B1EE480AFDF7A1
:10536000F6FD06E0662C04DD0020B0EE480AFDF7ED
:10537000EEFDBDEC028B10BD10B50446602C05DAC5
:1053800000220121484800F0ADFD0CE0682C05DD4D
:1053900000220121444800F0A5FD04E0012211464D
:1053A000414800F09FFD10BD10B52DED088BB0EE0B
:1053B000408A9FED340AF0EE408A9FED320AB0EE4B
:1053C000409A9FED430A08EE080A10EE101A0846AC
:1053D00004F084FD41EC1B0BB0EE4B0AF0EE6B0ABF
:1053E00006F072F9B0EE40AAF0EE60AA51EC1A0B8A
:1053F00004F087FD09EE900ADFED360A89EEA00A77
:10540000DFED350A20EE200AB0EE409A9FED330A18
:10541000B4EEC09AF1EE10FA04DD9FED300AB0EE62
:10542000409A0AE09FED2E0AB4EEC09AF1EE10FA0F
:1054300003D29FED2B0AB0EE409A9FED260A39EE7B
:10544000C00A9FED241AC0EE010A9FED261A9FEDB7
:10545000260A00EE810AF0EE408A9FED240AF4EE5F
:10546000C08AF1EE10FA43DD9FED200AF0EE408A8B
:1054700049E0000066660641340200204402002034
:1054800050020020000000003002002038020020FE
:105490003C02002000100240670200204C05002062
:1054A0004C020020EC000020000402400400002018
:1054B0007B14AE47E17AA4BF000000000000F03F7B
:1054C000B81E85EB51B8AE3FEC51B81E85EBC13F1D
:1054D0000000C84500C02E440000E64200007A43A8
:1054E000000048420000C842008018440080224466
:1054F0009FEDFE0AF4EEC08AF1EE10FA03D29FEDA2
:10550000FB0AF0EE408ABDEEC90AF94880ED000AB8
:10551000BDEEE80AF74880ED000ABDEC088B10BD2F
:1055200010B52DED0A8BB0EE408A1FED2A0AF0EE81
:10553000408A1FED2C0AB0EE409A9FEDEF0AC8EEAC
:10554000000A10EE904A204604F0C8FC41EC1C0B07
:105550009FEDEA1BB0EE4C0AF0EE6C0A05F028FA5B
:10556000B0EE40BAF0EE60BA9FEDE60B53EC102BB4
:1055700051EC1B0B04F0C0FB41EC1A0B04F0C1FC16
:1055800009EE100A1FED2B0AB4EEC09AF1EE10FAE4
:1055900004DD1FED2E0AB0EE409A0AE01FED300A3E
:1055A000B4EEC09AF1EE10FA03D21FED330AB0EE5A
:1055B000409A9FEDD10A78EE400A9FEDCF1A80EE17
:1055C000810A5FED390A20EE200A10EE104A2046CB
:1055D00004F084FC41EC1C0B9FEDCC0B53EC102B26
:1055E00004F08AFB41EC1B0B9FEDCA0B53EC102B14
:1055F00004F0DBFA41EC1A0B04F083FC08EE900A8D
:105600009FEDC60AF4EEC08AF1EE10FA04DD9FEDBC
:10561000C30AF0EE408A0AE09FEDB40AF4EEC08AB5
:10562000F1EE10FA03D29FEDB10AF0EE408ABDEE22
:10563000C90ABB4880ED000ABDEEE80AB94880ED12
:10564000000ABDEC0A8B10BDB7480068B74909686D
:10565000884203DAB5480068B3490860B248006878
:10566000B3490968884203DDB1480068AE49086063
:10567000B0490968AC4A1268881A002801DB014663
:1056800000E04142012930DDAA480068A6490968C6
:10569000884204DD0120A84981F82E0003E00020A3
:1056A000A54981F82E00A34909689F4A1268881A03
:1056B000002801DB014600E0414201EB81019F4AE5
:1056C000116010460068FA2802DDFA2011460860D1
:1056D0009A480068322802DA3220984908609748D0
:1056E0000078954981F82F0003E00020924981F865
:1056F0002F00704710B59248407800F00200A0B12A
:105700008F48407800F0040078B1874800688849E5
:105710000968884209DA84480068401C82490860A8
:105720004FF4967003F0C0FD18E08548407800F013
:10573000020098B18248407800F0200070B17A48A9
:1057400000687A490968884208DD77480068401E89
:10575000754908604FF4C87003F0A6FD10BD05E060
:105760001120FCF77EFE0F2003F09EFDF8E719E004
:105770007348C07920B173480078FFF7D2FD0AE082
:105780006F48007800F0010010B1FDF77DFF02E0E6
:105790000020FDF704FBFEF7FEF8FFF755FF03209E
:1057A00003F082FDE4E704E0FDF78BFE032003F045
:1057B0007BFDF9E71FB5FBF77EF9FBF7BBF9FBF7BC
:1057C0000AFCFBF7CAFCFBF757FDFBF748FEFBF7AB
:1057D0001CFA4FF4E130FBF722FF4FF4E130FBF706
:1057E000A7FF4FF4E130FCF730F84FF46120FCF7ED
:1057F00064F94FF4E130FCF7FDF9FCF747FFFCF7E3
:1058000051FB0020504908700120504908700020C9
:1058100000900190029003464FF480724CA10390D7
:10582000504803F002FB00200090019002900346D4
:105830004FF480724CA10390504803F0F6FA042014
:105840004F49087001204F4908704FF416703649CF
:105850000860A6E049E0FFF74DFFFEF78CF9FEF780
:10586000B6FA494890ED000AB8EEC00AFFF79CFD71
:105870004648008800EE100AB8EE400AFFF750FED6
:10588000274801681A480068FEF79BFB2D480078FE
:10589000FFF772FDFEF72DFB2948407800F002006B
:1058A00030B92748407800F0200008B1FEF793F99E
:1058B0002348407800F0020030B92148407800F0D9
:1058C000100008B1FEF729FA1D48407800F00200E8
:1058D00030B91B48407800F0400008B1FEF7CEFA1E
:1058E000FFF73DFC012003F0DFFC51E0008009449C
:1058F000900000209400002000A07F459A9999997B
:105900009999F13F0000000000805A406666666683
:105910006666E63F0000000000C0824000001644BA
:105920004002002044020020EC000020F000002093
:10593000F40000208000002004000020100200205D
:105940004C05002028010020A00000206602002055
:105950007461736B526F626F74416E616C797469BC
:1059600063730000A75700087461736B4469657521
:105970004B6869656E436F43617500006F5700089F
:10598000F1010020EB010020780000202A01002016
:105990001348007800F0010000287FF45CAFFDF7A9
:1059A000FEF957E71FB500200090019002900346D2
:1059B0004FF480720BA103900D4803F036FA0020DB
:1059C00000900190029003464FF4807209A1039069
:1059D0000B4803F02AFA03F041FE002004B010BD8A
:1059E0004C0500207461736B4D61696E000000000E
:1059F000B55700087461736B4779726F000000003F
:105A00005F5700080CB500200190009072480068B4
:105A100040F480307049086000BF6F48006800F4AF
:105A2000003000900198401C0190009818B901982E
:105A3000B0F5A06FF1D16848006800F4003010B1F3
:105A40000120009001E0002000900098012846D13C
:105A500061484030006840F080505F494031086044
:105A60005E48006840F480405C4908605A4808304D
:105A700000685949083108600846006840F4004051
:105A800008600846006840F4A05008605448091FA8
:105A90000860081F006840F08070091F086000BFA0
:105AA0004D48006800F000700028F9D040F2056011
:105AB0004C49086048480830006820F00300464917
:105AC000083108600846006840F00200086000BF26
:105AD00041480830006800F00C000828F8D10CBDDF
:105AE00010B53D48006840F001003B4908600020C7
:105AF000394908310860384800683B490840364950
:105B000008603A48091D0860081F006820F48020DA
:105B1000091F0860002030490C310860FFF772FF50
:105B20004FF000603249086010BD70B500200022BF
:105B3000022300240221284D08352D6805F00C00B1
:105B400020B1042806D0082834D107E0294D2A4E78
:105B5000356033E0294D284E35602FE01E4D2D1D58
:105B60002D68C5F380541C4D2D1D2D6805F03F0197
:105B700054B1224DB5FBF1F5174E361D3668C6F30C
:105B8000881605FB06F209E01A4DB5FBF1F5124E39
:105B9000361D3668C6F3881605FB06F20E4D2D1D20
:105BA0002D68C5F301456D1C6B00B2FBF3F5124E79
:105BB000356003E00F4D104E356000BF00BF064D4D
:105BC00008352D68C5F303150D4E705D0A4D2D681F
:105BD000C540094E356070BD00380240007000407D
:105BE00008544007003C0240FFFFF6FE103000243E
:105BF00008ED00E00024F400A402002000127A0066
:105C0000A80200200648804706480047FEE7FEE756
:105C1000FEE7FEE7FEE7FEE7FEE7FEE7FEE7FEE75C
:105C2000E15A00088901000832490143324A1160F3
:105C3000704770B5002100230F22C4781CB32E4C8E
:105C4000246804F4E064C4F5E064C4F30721C1F1FE
:105C50000404E3B20A4144789C40E1B284781440E1
:105C600021430C07210E254C05786155047804F07A
:105C70001F050124AC4005786D11AD0005F1E0254C
:105C8000C5F8004109E0047804F01F050124AC4088
:105C90001B4D0678761145F8264070BD194A0A401A
:105CA0000243154B1B1F1A60704739B1124A121D6F
:105CB00012680243104B1B1D1A6006E00E4A121DAB
:105CC000126882430C4B1B1D1A607047042808D1D0
:105CD0004FF0E021096941F004014FF0E022116129
:105CE00007E04FF0E021096921F004014FF0E022C4
:105CF000116170470000FA050CED00E000E400E0DF
:105D000080E100E080FFFF1F10B504468C4884420C
:105D100008D10121084600F000FB0021012000F01D
:105D2000FCFA5EE08748844208D10121022000F09D
:105D3000F4FA0021022000F0F0FA52E08248844296
:105D400008D10121042000F0E8FA0021042000F02D
:105D5000E4FA46E07D48844208D10121082000F0A1
:105D6000DCFA0021082000F0D8FA3AE078488442B2
:105D700008D10121102000F0D0FA0021102000F0FD
:105D8000CCFA2EE07348844208D10121202000F093
:105D9000C4FA0021202000F0C0FA22E06E488442BC
:105DA00008D10121402000F0B8FA0021402000F085
:105DB000B4FA16E06948844208D10121802000F03D
:105DC000ACFA0021802000F0A8FA0AE0644884427E
:105DD00007D10121801500F0A0FA0021A01500F0E4
:105DE0009CFA10BDF0B50A4600210023002400BF34
:105DF0003DE0012505FA01F3156805EA03049C421C
:105E000034D105684F000326BE40B54305601579BF
:105E10004E00B5400668354305601579012D02D066
:105E20001579022D16D185684F000326BE40B54373
:105E3000856055794E00B540866835438560456874
:105E400001268E40B5434560456896798E40B6B2CE
:105E500035434560C5684F000326BE40B543C56065
:105E6000D5794E00B540C6683543C560491C102938
:105E7000BFD3F0BD4FF6FF71016000210171417188
:105E80008171C171704708B54FF480320092009A59
:105E90000A430092009AC261C161009AC261C2695C
:105EA0000092C269009208BD0246002013690B40AF
:105EB0000BB1012000E0002070470146086980B264
:105EC00070470246002053690B400BB1012000E0EF
:105ED000002070470146486980B2704701837047CF
:105EE000418370470AB1018300E0418370474161FB
:105EF000704742694A4042617047F0B50023002470
:105F00004D07ED0E02FA05F3CE1000F1200555F80D
:105F100026504E07F70E0F26BE40B543CF1000F1B6
:105F2000200646F82750CE1000F1200555F82650DF
:105F300045EA0304CE1000F1200545F82640F0BDE7
:105F4000000002400004024000080240000C024031
:105F5000001002400014024000180240001C0240E1
:105F600000200240FA48006840F00100F84908604B
:105F70000020F74908310860F5480068F5490840F5
:105F8000F3490860F448091D0860081F006820F400
:105F90008020091F08600020ED490C31086070471F
:105FA0000021EB4A921C117011460870704710B521
:105FB00001460022002300204A11012A02D1E44CAC
:105FC000236808E0022A03D1E14C7034236802E020
:105FD000DF4C7434236801F01F02012494401C40FC
:105FE0000CB1012000E0002010BD38B50020009069
:105FF0000024002500BF3120FFF7D9FF0546009897
:10600000401C00900098B0F5A06F01D0002DF2D098
:106010003120FFF7CCFF08B1012400E00024204626
:1060200038BD01460020CA4A106820F0F80040EA56
:10603000C10010607047C949086070470021C44A18
:10604000703211701170012802D004280AD104E0C6
:106050000121BF4A7032117005E00521BC4A70323F
:10606000117000E000BF00BF7047BD490860704775
:1060700070B5049C41EA82150126C6EB530645EA39
:106080000645054345EA0465B14E361D356070BDD1
:10609000B24908667047820142EA0172AC4B843310
:1060A0001A607047AD4988667047AC49C86470474C
:1060B00002460020A64B0833186820F0EC6042EA44
:1060C00001031843A24B08331860704702460020B2
:1060D0009F4B0833186820F0784042EA01031843C8
:1060E0009B4B08331860704701460020984A0832DD
:1060F000106820F00300084310607047944808308F
:10610000006800F00C00704701460020904A0832F9
:10611000106820F0F000084310607047014600202E
:106120008B4A0832106820F4E05008431060704732
:1061300001460020864A0832106820F4604040EA98
:10614000C10010607047F0B5002100220024022534
:10615000002602237E4F08373F6807F00C0121B16B
:10616000042905D0082937D105E07E4F076036E0C5
:106170007D4F076033E0764F3F1D3F68C7F3805681
:10618000734F3F1D3F6807F03F036EB1764FB7FB7B
:10619000F3F7DFF8BCC10CF1040CDCF800C0CCF361
:1061A000881C07FB0CF40CE06E4FB7FBF3F7DFF82D
:1061B000A0C10CF1040CDCF800C0CCF3881C07FB78
:1061C0000CF4634F3F1D3F68C7F301477F1C7D0000
:1061D000B4FBF5F7076002E0624F076000BF00BF45
:1061E0005B4F08373F6807F0F00109095F4F7A5CA1
:1061F0000768D7404760564F08373F6807F4E051BB
:10620000890A5A4F7A5C4768D7408760504F0837F1
:106210003F6807F46041490B544F7A5C4768D740A8
:10622000C760F0BD002100F44072B2F5407F0AD192
:10623000474A0832116821F4F8114D4A02401143CF
:10624000434A08321160424A70321268C0F30B03AD
:106250001A433F4B70331A60704741494439086014
:1062600070473F49403908607047424908607047AD
:1062700039B1374A303212680243354B30331A6035
:1062800006E0334A303212688243314B30331A60B1
:10629000704739B12E4A3432126802432C4B3433E2
:1062A0001A6006E02A4A343212688243284B34339B
:1062B0001A60704739B1264A383212680243244BBB
:1062C00038331A6006E0224A383212688243204B83
:1062D00038331A60704739B11D4A403212680243A0
:1062E0001B4B40331A6006E0194A40321268824361
:1062F000174B40331A60704739B1154A443212685F
:106300000243134B44331A6006E0114A44321268C8
:1063100082430F4B44331A60704739B10C4A103234
:10632000126802430A4B10331A6006E0084A103222
:1063300012688243064B10331A607047E1B1044A79
:10634000143212680243024B14331A6019E0000041
:1063500000380240FFFFF6FE1030002400004742E4
:10636000800E47420024F40000127A00B802002098
:10637000FFFCFF0F5C0147425B4A126882435A4BA5
:106380001A60704739B1584A121D12680243564BC1
:106390001B1D1A6006E0544A121D12688243524BBC
:1063A0001B1D1A60704739B14F4A0C321268024304
:1063B0004D4B0C331A6006E04B4A0C321268824394
:1063C000494B0C331A60704739B1474A1032126892
:1063D0000243454B10331A6006E0434A10321268FC
:1063E0008243414B10331A60704739B13E4A3C3208
:1063F000126802433C4B3C331A6006E03A4A3C3296
:1064000012688243384B3C331A60704739B1364AC0
:10641000403212680243344B40331A6006E0324A7D
:10642000403212688243304B40331A60704739B1B2
:106430002D4A4432126802432B4B44331A6006E063
:10644000294A443212688243274B44331A6070470A
:1064500039B1254A4C3212680243234B4C331A603F
:1064600006E0214A4C32126882431F4B4C331A60BB
:10647000704739B11C4A5032126802431A4B5033EC
:106480001A6006E0184A503212688243164B5033A5
:106490001A60704739B1144AD21F12780243124B66
:1064A000DB1F1A7006E0104AD21F127882430E4B8F
:1064B000DB1F1A7070470C486030006840F0807035
:1064C000094960310860704701460020064A083AD1
:1064D00012680A400AB1012000E00020704702491A
:1064E000891F0870704700001438024010B5012160
:1064F0000802FFF769FF00214FF48070FFF764FF87
:1065000010BD30B50246002000235068F84C2040F2
:106510000D790C6844EA0524204350609068F54CDE
:106520002040D1E903542C438D682C434D7944EA33
:10653000450420439060D06A20F470000C7D641EF6
:10654000E4B2234340EA0350D06230BD0021016031
:10655000017141718160C160016101210175704764
:106560000021E54A1168E54A1140D0E900231A43A9
:1065700083681A43C3681A431143E14AC2F80413FB
:1065800070470021016041608160C160704721B1A6
:10659000826842F00102826003E0826822F0010218
:1065A000826070470A4600214168D64B194011436A
:1065B000416070474162826270470A46002141682B
:1065C00021F01F0111434160704738B1CA49096881
:1065D00041F40001CA4AC2F8041306E0C64909683A
:1065E00021F40001C64AC2F80413704738B1C24909
:1065F000096841F48001C24AC2F8041306E0BE49AA
:10660000096821F48001BE4AC2F804137047F0B54E
:1066100004460D4600200021092D11DDE068A5F19A
:106620000A0606EB4607072606FA07F18843A5F196
:106630000A0606EB460603FA06F10843E0600CE0A2
:10664000206905EB4507072606FA07F1884305EBA5
:10665000450603FA06F108432061072A0FDA606B4A
:10666000561E06EB86071F2606FA07F18843561EBC
:1066700006EB860605FA06F10843606322E00D2A60
:106680000FDA206BD61F06EB86071F2606FA07F1E6
:106690008843D61F06EB860605FA06F108432063F9
:1066A00010E0E06AA2F10D0606EB86071F2606FA47
:1066B00007F18843A2F10D0606EB860605FA06F1FE
:1066C0000843E062F0BD816841F08041816070471D
:1066D000014600208A6802F480020AB1012000E02D
:1066E0000020704721B1826842F48062826003E03A
:1066F000826822F480628260704721B1826842F031
:106700000202826003E0826822F002028260704727
:1067100010B50A4600210023416821F46041531E50
:1067200041EA4331416010BD21B1426842F4006248
:10673000426003E0426822F4006242607047014612
:10674000C86C80B270476C48001D0068704721B16A
:10675000826842F48072826003E0826822F4807270
:106760008260704721B1826842F40072826003E067
:10677000826822F400728260704738B15E4909680D
:1067800041F400515E4AC2F8041306E05A49096810
:1067900021F400515A4AC2F804137047F0B5044678
:1067A0001546002000220026092911DDE068A1F12C
:1067B0000A0707EB470C072707FA0CF29043A1F1F1
:1067C0000A0707EB470703FA07F21043E0600CE003
:1067D000206901EB410C072707FA0CF2904301EB0B
:1067E000410703FA07F210432061A06BC0F3015682
:1067F000EF1C06F1010CA7EB0C0707EB870C1F271A
:1068000007FA0CF29043EF1C06F1010CA7EB0C0702
:1068100007EB870701FA07F21043A063F0BD10B53C
:106820000A4600210023816B21F44011531E41EAE6
:106830000351816310BD08B5002300930090009BB5
:106840000B440093009B1A6008BD0A460021816832
:1068500021F470211143816070470A46002181684C
:1068600021F44011114381607047816841F4800137
:1068700081607047014600208A6802F480020AB1F4
:10688000012000E00020704721B1426842F480629C
:10689000426003E0426822F480624260704721B1A6
:1068A000426842F48052426003E0426822F480521F
:1068B0004260704708B5024600200090009201F146
:1068C0002800009B184400900098006880B208BD22
:1068D00010B50B460021D9B2012404FA01F11AB116
:1068E00044680C43446002E044688C43446010BD3B
:1068F000FFFEFFFCFDF7FFC004230140E030FCFF7A
:1069000000200140FFFD3FFF0246002013680B40BE
:106910000BB1012000E000207047CA4302607047BD
:1069200070B502460020002300240B125568012692
:106930008E4005EA060415681D4015B10CB1012012
:1069400000E0002070BD00220A12D34303607047AC
:10695000016821F001010160002101604160816056
:10696000C160016121214161DB49884204D13D219F
:10697000D94A103A91608CE0D7491831884205D144
:106980004FF47461D44A103A916082E0D2493031B8
:10699000884205D14FF47411CF4A103A916078E0E3
:1069A000CD494831884205D14FF07461CA4A103A46
:1069B00091606EE0C8496031884204D1C749C64A37
:1069C000103AD16065E0C4497831884204D1C449A5
:1069D000C14A103AD1605CE0BF499031884204D18D
:1069E000C049BD4A103AD16053E0BB49A831884242
:1069F00005D14FF03D51B84A103AD16049E0BA494B
:106A0000884204D13D21B84A083A116041E0B649B4
:106A10001831884205D14FF47461B34A083A1160C5
:106A200037E0B1493031884205D14FF47411AE4A94
:106A3000083A11602DE0AC494831884205D14FF049
:106A40007461A94A083A116023E0A749603188427D
:106A500004D1A249A44A121F11601AE0A249783158
:106A6000884204D19E49A04A121F116011E09E493C
:106A70009031884204D19B499B4A121F116008E063
:106A80009949A831884204D14FF03D51964A121FCE
:106A90001160704710B500220268944B1A40CC6810
:106AA0000B6823434C6923438C692343CC692343FC
:106AB0000C6A23434C6A23438C6A23434C6B234365
:106AC0008C6B23431A430260426922F00702D1E92A
:106AD0000B3423431A4342610B6943604B68836064
:106AE0008B68C36010BD0021016041608160C1609E
:106AF000016141618161C161016241628162C16282
:106B0000016341638163704721B1026842F0010271
:106B1000026003E0026822F001020260704721B1C6
:106B2000026842F40042026003E0026822F400427C
:106B30000260704721B1026842F02002026003E067
:106B4000026822F0200202607047416070470146EF
:106B5000486880B2704722B1036843F400230360A1
:106B600003E0036823F4002303600161704721B14F
:106B7000026842F48022026003E0026822F480226C
:106B8000026070470AB1016100E0C16070470146D0
:106B900000200A6802F400220AB1012000E000206F
:106BA0007047014600200A6802F001020AB1012084
:106BB00000E000207047014600204A6902F03800DA
:106BC000704730B503460A4600200024464DAB42CC
:106BD00002D24149103901E04349103902F0005511
:106BE0000DB14C6800E00C68414D2C4004EA0205F0
:106BF0000DB1012000E0002030BD02463A4B9A4220
:106C000002D23548103801E03748103801F00053FF
:106C10001BB1374B0B40C36002E0354B0B40836028
:106C2000704710B501F080034BB122B1436943F0C6
:106C30008003436103E0436923F0800343618029BB
:106C40000BD02AB1036801F01E042343036004E063
:106C5000036801F01E04A343036010BD70B5024633
:106C6000002000240025204EB24202D21A4B103BD5
:106C700001E01D4B103B1F4E0E4036B11E2606EAAA
:106C8000D124166806EA040502E0566906F080057C
:106C900001F000560EB15C6800E01C68144E3440F0
:106CA00004EA010616B10DB1012000E0002070BD1C
:106CB00002460D4B9A4202D20748103801E00A48BA
:106CC000103801F000531BB1094B0B40C36002E0C8
:106CD000074B0B4083607047106002403D0000206E
:106CE000400F002000003D20106402403F801CF057
:106CF0007D0F7D0F3C0F3C0F002044490860091DAB
:106D00000860091D0860091D086041483F491431A9
:106D10000860704700213D498279002A3AD00A462E
:106D2000126803689A430B461A600A1D12680368CA
:106D30009A430B1D1A60027911440A6803681A43CA
:106D40000A60324A0832126803689A432F4B0833AC
:106D50001A601A1D126803689A432C4B0C331A6090
:106D60004279102A0ED11A1F126803681A43274B62
:106D700008331A601A1D126803681A43234B0C3338
:106D80001A600DE02149427911440A6803681A43E8
:106D90000A6005E0027911440A6803689A430A60B0
:106DA00070470021016001710C2141710021817146
:106DB00070471649103109680143144A10321160B6
:106DC000704701460020114A143212680A400AB185
:106DD000012000E0002070470C4914310860704722
:106DE000014600200022094B1B6803EA0102074B01
:106DF00014331B680B4013B10AB1012000E00020DE
:106E0000704702491431086070470000003C01409F
:106E1000FFFF7F0010B50446FE48844208D10121DF
:106E20000846FFF7D1FA00210120FFF7CDFA9DE0D7
:106E3000B4F1804F08D101210846FFF7B4FA0021D0
:106E40000120FFF7B0FA91E0F348844208D1012114
:106E50000220FFF7A8FA00210220FFF7A4FA85E03C
:106E6000EE48844208D101210420FFF79CFA00215A
:106E70000420FFF798FA79E0E948844208D101211B
:106E80000820FFF790FA00210820FFF78CFA6DE048
:106E9000E448844208D101211020FFF784FA002140
:106EA0001020FFF780FA61E0DF48844208D1012119
:106EB0002020FFF778FA00212020FFF774FA55E030
:106EC000DA48844208D101210220FFF77DFA00212F
:106ED0000220FFF779FA49E0D548844209D101211F
:106EE0000804FFF771FA00214FF48030FFF76CFAC5
:106EF0003CE0D048844209D101214804FFF764FAFC
:106F000000214FF40030FFF75FFA2FE0CA488442B7
:106F100009D101218804FFF757FA00214FF480209E
:106F2000FFF752FA22E0C548844208D101214020EF
:106F3000FFF739FA00214020FFF735FA16E0C04884
:106F4000844208D101218020FFF72DFA0021802002
:106F5000FFF729FA0AE0BB48844207D101218015D6
:106F6000FFF721FA0021A015FFF71DFA10BD00223E
:106F70000288A84B98420ED0AC4B98420BD0B0F18F
:106F8000804F08D0A44B984205D0A44B984202D021
:106F9000A34B984204D14FF68F731A404B881A4383
:106FA000A04B984207D0A04B984204D04FF6FF4325
:106FB0001A400B891A4302804B68C3620B88038511
:106FC000944B984202D0994B984201D18B7A038618
:106FD0000123838270474FF0FF314160002101801F
:106FE00001814180817270470185828270470A4623
:106FF000002101884FF68F731940114301807047BB
:1070000041627047C16270470146486A7047014655
:10701000088D704721B1028842F00202028004E02C
:1070200002884FF6FD731A400280704721B1028832
:1070300042F00402028004E002884FF6FB731A401B
:107040000280704721B1028842F08002028004E091
:1070500002884FF67F731A400280704702884FF60D
:10706000F7731A40028002880A4302807047028840
:107070004FF6FF431A40028002880A43028070479D
:1070800021B1028842F00102028004E002884FF63A
:10709000FE731A400280704770B50024002200235E
:1070A000058C4FF6FE7635400584028C8388048B70
:1070B0004FF68F752C40B51E2C400D882C43751E45
:1070C0002A408D892A434D882A43524DA84202D036
:1070D000564DA84213D14FF6F7752A40CD892A4361
:1070E0004FF6FB752A408D882A434FF6FF652B40EB
:1070F0004FF6FF552B400D8A2B434D8A2B4383803F
:1071000004838D684563028470BD70B5002400223D
:107110000023058C4FF6EF7635400584028C83887A
:10712000048B48F6FF752C404FF6FF452C400D8828
:107130004FF6FF7606EA05252C434FF6DF752A4009
:107140008D8906EA05152A434D8806EA05152A4366
:10715000304DA84202D0354DA8421DD14FF67F7563
:107160002A40CD894FF6FF7606EA05152A434FF6E9
:10717000BF752A408D8806EA05152A434FF6FF356C
:107180002B404FF2FF752B400D8A06EA85052B43F5
:107190004D8A06EA85052B43838004838D688563C9
:1071A000028470BD70B5002400220023058C4FF6C8
:1071B000FF6635400584028C8388848B4FF68F757B
:1071C0002C404FF6FC752C400D882C434FF6FF5594
:1071D0002A408D894FF6FF7606EA05252A434D8819
:1071E00006EA05252A430B4DA84202D00F4DA842BE
:1071F00038D14FF2FF752A40CD894FF6FF7606EA67
:1072000005252A434FF6FF352A408D8806EA0525D5
:107210002A4319E00000014000040040000800403B
:10722000000C004000100040001400400004014029
:107230000040014000440140004801400018004067
:10724000001C0040002000404EF6FF752B404DF61C
:10725000FF752B400D8A06EA05152B434D8A06EA79
:1072600005152B43838084838D68C563028470BDBC
:1072700070B5002200230024058C4EF6FF763540C1
:107280000584038C8488828B48F6FF752A404FF66C
:10729000FF452A400D884FF6FF7606EA05252A436A
:1072A0004DF6FF752B408D8906EA05352B434D8839
:1072B00006EA05352B43FE4DA84202D0FD4DA842FB
:1072C00008D14BF6FF752C400D8A4FF6FF7606EA83
:1072D00085152C43848082838D680564038470BD8A
:1072E000002101804180818081608181C181018292
:1072F0004182704770B503460020002418461830BC
:1073000001258D40ACB21D8CA5431D8409B108290F
:107310000AD100EB610005684FF68F7635400560B5
:107320000568154305600FE00D1FC5F34E052844A1
:10733000056848F6FF763540056005684FF6FF762C
:1073400006EA02263543056070BD416370478163DC
:107350007047C1637047016470470A460021018B82
:107360004FF68F7319401143018370470A4600217D
:10737000018B48F6FF7319404FF6FF7303EA0223AF
:107380001943018370470A460021818B4FF68F73A2
:1073900019401143818370470A460021818B48F6CA
:1073A000FF7319404FF6FF7303EA022319438183E9
:1073B00070470A460021018B4FF6F77319401143BD
:1073C000018370470A460021018B4FF2FF73194079
:1073D0004FF6FF7303EA02231943018370470A46FD
:1073E0000021818B4FF6F773194011438183704759
:1073F0000A460021818B4FF2FF7319404FF6FF734D
:1074000003EA02231943818370470A460021018B56
:107410004FF6FB7319401143018370470A46002160
:10742000018B4FF6FF3319404FF6FF7303EA022337
:107430001943018370470A460021818B4FF6FB7385
:1074400019401143818370470A460021818B4FF612
:10745000FF3319404FF6FF7303EA02231943818378
:1074600070470A460021018B4FF67F731940114384
:10747000018370470A460021018BC1F30E014FF6CC
:10748000FF7303EA02231943018370470A46002170
:10749000818B4FF67F7319401143818370470A46F1
:1074A0000021818BC1F30E014FF6FF7303EA022323
:1074B0001943818370470A460021018C4FF6FD7302
:1074C00019401143018470470A460021018C4FF690
:1074D000F77319401143018470470A460021018C5B
:1074E0004FF6DF7319404FF6FF7303EA0213194397
:1074F000018470470A460021018C4FF67F731940C2
:107500004FF6FF7303EA02131943018470470A46DA
:107510000021018C4FF6FF5319404FF6FF7303EA29
:1075200002231943018470470A460021018C4FF25F
:10753000FF7319404FF6FF7303EA022319430184D6
:1075400070470A460021018C4DF6FF7319404FF633
:10755000FF7303EA023319430184704730B50023F7
:1075600001248C40A3B2048C9C430484048C02FA52
:1075700001F5ADB22C43048430BD30B500230424A2
:107580008C40A3B2048C9C430484048C02FA01F561
:10759000ADB22C43048430BD828B4FF2FF331A40CE
:1075A0008283828B4FF6FF7303EA01231A4382839F
:1075B0007047F0B50C461546002100220026078CC6
:1075C0004EF6FF7C07EA0C070784818B028C4FF68E
:1075D000FF7707EA043640F6FF4739404FF6FF775A
:1075E00007EA052739434FF6FF7707EA03373943A0
:1075F00045F6FF773A4046F480573A438183028448
:10760000F0BD828B4FF6F3731A408283828B0A435C
:1076100082837047F0B50C461546002100220026F3
:10762000078C4FF6FF6C07EA0C070784818B028CEE
:107630004FF6FF7707EA04264FF60C7739404FF6EE
:10764000FF7707EA03172F4339434FF2FF573A40BA
:1076500046F480773A4381830284F0BD028B4FF277
:10766000FF331A400283028B4FF6FF7303EA0123B4
:107670001A4302837047F0B50C46154600210022DC
:107680000026078C4FF6EF7C07EA0C070784018B76
:10769000028C4FF6FF7707EA041640F6FF473940A1
:1076A0004FF6FF7707EA033739434FF6FF7703E0DA
:1076B000000001400004014007EA052739434FF666
:1076C0005F773A4046F010073A4301830284F0BDE9
:1076D000028B4FF6F3731A400283028B0A43028334
:1076E0007047F0B50C46154600210022068C4FF677
:1076F000FE773E400684018B028C4FF60C763140BB
:107700007E1C06EA03162E4331434FF6F5763240CF
:1077100044F00106324301830284F0BD70B5054692
:107720000C46208850B92389A28861882846FFF733
:10773000D8FFE1882846FFF7CBFF25E02088042802
:107740000AD12389A28861882846FFF794FFE1883F
:107750002846FFF783FF17E0208808280AD12389ED
:10776000A28861882846FFF755FFE1882846FFF781
:1077700048FF09E02389A28861882846FFF719FF9E
:10778000E1882846FFF708FF70BD00210180418095
:10779000012181800021C180018170472DE9F041E4
:1077A00005460C4600260127608808B9022600E03D
:1077B0000026A088012801D1022700E001272088A7
:1077C000A0B92389A28861882846FFF78AFFE1884B
:1077D0002846FFF77DFF23893A4631462846FFF7C2
:1077E0004AFFE1882846FFF739FF13E02389A28882
:1077F00061882846FFF73FFFE1882846FFF72EFF04
:1078000023893A4631462846FFF76BFFE188284630
:10781000FFF75EFFBDE8F0810146486B7047014607
:10782000886B70470146C86B70470146086C70470B
:107830000A884B881A438B881A43CB881A430B89D2
:107840001A434B891A438B891A43A0F84420704786
:107850000021018041808180C1800181418181813D
:10786000704731B1B0F8442042F40042A0F84420FF
:1078700005E0B0F84420C2F30E02A0F8442070479F
:1078800021B1828842F00402828004E082884FF6AF
:10789000FB731A408280704721B1828842F0010256
:1078A000828004E082884FF6FE731A40828070471F
:1078B0001AB183890B43838102E083898B438381DF
:1078C00070478182704702460020138A0B400BB13B
:1078D000012000E000207047CA430282704730B5A3
:1078E0000246002000230024158A05EA0103958939
:1078F00005EA010413B10CB1012000E0002030BD05
:10790000CA430282704741EA0203A0F84830704738
:107910001AB183890B43838102E083898B4383817E
:10792000704721B1828842F00802828004E0828898
:107930004FF6F7731A408280704701894FF6F8724C
:107940001140018170470A46002101894FF68F736B
:10795000194011430181704730B504460D46294650
:107960002046FFF7F0FF208940F00700208130BD5E
:107970002DE9F04104460D4616461F46602D06D1FE
:107980003B46012231462046FFF775FE05E03B46A7
:10799000012231462046FFF7A4FE29462046FFF784
:1079A000D2FF208940F007002081BDE8F08130B58A
:1079B0000C4600210189C9B24FF6FF7505EA03257F
:1079C000154325432943018130BD2DE9F04105468A
:1079D0000E4617469846002443463A463146284606
:1079E000FFF7E5FF2C894FF6F870044044F00704D8
:1079F0004FF68F70044044F070042C81BDE8F08194
:107A0000F0B504460D4616461F463B46324629460B
:107A10002046FFF7CCFF208940F480402081F0BD54
:107A200082884FF68F731A40828082880A43828050
:107A3000704702894FF6F8731A40028102890A439F
:107A40000281704702894FF67F731A4002810289D2
:107A50000A4302817047F0B50C4615461E460021C8
:107A6000002200230189028B038C4FF6F8773940FE
:107A700021434FF6FC473A4040F201173A434FF694
:107A8000DD773B404FF6FF7707EA06172F433B436E
:107A9000018102830384F0BD21B1828842F080021B
:107AA000828004E082884FF67F731A40828070479C
:107AB000A0F850107047000010B50446F748844203
:107AC00008D101211020FEF77FFC00211020FEF7D5
:107AD0007BFC3EE0F248844209D101214804FEF7D4
:107AE00062FC00214FF40030FEF75DFC31E0ED4810
:107AF000844209D101218804FEF755FC00214FF48E
:107B00008020FEF750FC24E0E748844209D101219F
:107B1000C804FEF748FC00214FF40020FEF743FCA8
:107B200017E0E248844209D101210805FEF73BFC39
:107B300000214FF48010FEF736FC0AE0DC48844256
:107B400007D101212020FEF73FFC00212020FEF775
:107B50003BFC10BD2DE9FF4705460E460024A1461B
:107B600000BFA046B08900B100BF2C8A24F4405465
:107B7000F08804432C82AC8941F20C608443B088C5
:107B800031890843718908430443AC81AC8A24F4E9
:107B90004074B0890443AC826846FEF7D4FABF480B
:107BA000854202D0C248854202D1DDF80C9001E046
:107BB000DDF80890A88900F4004040B109EBC90045
:107BC00000EB091031684900B0FBF1F707E009EB61
:107BD000C90000EB091031688900B0FBF1F764209F
:107BE000B7FBF0F004012009642101FB1078A8899B
:107BF00000F4004040B1322000EBC800B0FBF1F0CF
:107C000000F00700044308E0322000EB0810642174
:107C1000B0FBF1F000F00F0004432C81BDE8FF87BA
:107C20004FF41651016000218180C18001810C2137
:107C3000418100218181704710B502460020108AE1
:107C400020F470600B884C8823438C882343CC88B5
:107C500023431843108210BD0021018041808180A0
:107C6000C180704721B1828942F40052828104E0D0
:107C700082894DF6FF731A4082817047028B02F4AD
:107C80007F420283028B0A430283704721B18289BB
:107C900042F40042828103E08289C2F30E028281B3
:107CA000704721B1828A42F40062828204E0828AB3
:107CB0004FF2FF731A4082827047C1F3080282803C
:107CC000704701468888C0F308007047028A4FF663
:107CD000F0731A400282028A0A430282704721B17D
:107CE000828942F00202828104E082894FF6FD73AC
:107CF0001A408281704782894FF2FF731A40828155
:107D000082890A4382817047028A4FF6DF731A40E4
:107D10000282028A0A430282704721B1028A42F437
:107D20008042028204E0028A4BF6FF731A4002820C
:107D30007047818941F001018181704721B1828AB8
:107D400042F00802828204E0828A4FF6F7731A40FA
:107D500082827047028BD2B20283028B42EA0122F6
:107D60000283704721B1828A42F02002828204E0BD
:107D7000828A4FF6DF731A408282704721B1828A6D
:107D800042F01002828204E0828A4FF6EF731A40BA
:107D900082827047828A4FF6FB731A408282828AFF
:107DA0000A438282704721B1828A42F002028282B3
:107DB00004E0828A4FF6FD731A40828270471AB13E
:107DC000838A0B43838202E0838A8B4383827047DA
:107DD000F0B50346002400260025002040F66A176F
:107DE000B94200D100BF1846C1F3421401F01F068A
:107DF000012707FA06F5012C01D10C3004E0022C12
:107E000001D1103000E014301AB107682F43076029
:107E100002E00768AF430760F0BD02460020B1F5FD
:107E2000007F00D100BF13880B400BB1012000E0A0
:107E30000020704701F40072B2F5007F00D100BF4E
:107E4000CA430280704770B5024600240023002513
:107E5000002040F66A16B14200D100BFC1F34215BE
:107E600001F01F03012606FA03F3012D02D19689C2
:107E7000334006E0022D02D1168A334001E0968A93
:107E800033400C12012606FA04F41688344013B16C
:107E90000CB1012000E0002070BD00000010014086
:107EA0000044004000480040004C004000500040AA
:107EB0000014014010B50022002340F66A14A142CC
:107EC00000D100BF0A1201249440A3B2DC43048015
:107ED00010BD000010B501218803FEF775FA0021DE
:107EE0004FF48040FEF770FA10BD1A4908607047E1
:107EF00030B500228B071C0F0F2303FA04F2154B39
:107F000008338C1053F824309343124C08348D10EE
:107F100044F8253023468C1053F824308C07240F66
:107F200000FA04F423430B4C08348D1044F8253038
:107F300030BD094908607047084908607047002053
:107F400004492031096801F4807109B1012000E081
:107F50000020704700380140DC002742000427421F
:107F600000F1080141604FF0FF31816000F108012C
:107F7000C16001610021016070470021016170470B
:107F8000426853684B6043688B60536899605160E6
:107F90004160086103685B1C0360704710B50246CE
:107FA0000B685C1C0CB9106907E002F1080000E0E6
:107FB0004068446824689C42FAD944684C604C6824
:107FC000A160886041600A611468641C146010BD7F
:107FD0000146D1E901309860D1E9010358600A698E
:107FE0005068884201D1886850600020086110689C
:107FF000401E10601068704770B504460D461CB9ED
:10800000F8F718F900BFFEE700F0F3FDD4E90F120E
:10801000206801FB020060600020A0632068A0606F
:10802000E06B401E226C216800FB0210E0604FF004
:10803000FF306064A06475B9206908B9012000E0D0
:10804000002080B904F1100001F02AFC01280AD1B7
:1080500000F0C9FD07E004F11000FFF781FF04F113
:108060002400FFF77DFF00F0CDFD012070BD2DE95C
:10807000F04705460E4617464FF00009DDB1502087
:1080800000F0E4FD0446B4B105FB06F000F1010880
:10809000404600F0DBFD2060206848B1E5632664BF
:1080A00001212046FFF7A8FF84F84D70A14602E0A9
:1080B000204600F02CFEB9F1000F03D1F8F7BAF812
:1080C00000BFFEE74846BDE8F08710B5044600F063
:1080D00090FD11E0606A08B9012000E0002050B96D
:1080E00004F1240001F0DCFB08B101F054FCA06CA9
:1080F000401EA06400E002E0A06C0028EADC00BFA3
:108100004FF0FF30A06400F07DFD00F072FD11E043
:10811000206908B9012000E0002050B904F11000E6
:1081200001F0BEFB08B101F036FC606C401E6064DB
:1081300000E002E0606C0028EADC00BF4FF0FF3096
:10814000606400F05FFD10BD70B5044600F051FDA5
:10815000A06BE16B884201D1012000E000200546C0
:1081600000F050FD284670BD70B504460E46154619
:10817000206C38B9206838BB606801F09BFC002097
:10818000606021E07DB93146226CA06801F0BCFC42
:10819000216CA0680844A060D4E90110884213D380
:1081A0002068A06010E03146226CE06801F0ACFC71
:1081B000216CE068401AE0602168E068884203D2E0
:1081C000216C6068401AE060A06B401CA06370BD29
:1081D000FFB583B004460D461E4600271CB9F8F7CC
:1081E00029F800BFFEE70DB9206C08B9012000E0B6
:1081F000002018B9F8F71EF800BFFEE700BF00F036
:10820000F8FCA06BE16B884217D232462946204623
:10821000FFF7AAFF606A08B9012000E0002038B922
:1082200004F1240001F03CFB012801D100F0DBFC4B
:1082300000F0E8FC012007B0F0BD059818B900F087
:10824000E1FC0020F7E71FB901A801F05EFB012760
:1082500000F0D8FC00F0DEFF00F0CBFC606C401CAE
:1082600008B900206064A06C401C08B90020A0641C
:1082700000F0C8FC05A901A801F055FBC0B92046D3
:10828000FFF762FF70B104F11000059901F0CBFA1D
:108290002046FFF71AFF00F00DFF0028AFD100F0D5
:1082A000A2FCACE72046FFF710FF00F003FFA6E7B3
:1082B0002046FFF70AFF00F0FDFE0020BBE770B587
:1082C0000546502000F0C2FC0446E4B10020606086
:1082D0002060A060E060A0630120E06300202064D3
:1082E000401E6064A06484F84D5004F11000FFF754
:1082F00037FE04F12400FFF733FE00231A46194627
:108300002046FFF765FF1CB9F7F794FF00BFFEE7B3
:10831000204670BD70B504461CB9F7F78BFF00BF4F
:10832000FEE701F047FB616888420CD1E068401E1F
:10833000E060E06828B900231A4619462046FFF796
:1083400047FF012500E00025284670BD70B50446B2
:1083500000F04FFCA06B08B9012000E000200546AA
:1083600000F050FC284670BD70B504460D462068EC
:1083700070B1216CE0680844E0606168E0688842A0
:1083800001D32068E0602846226CE16801F0BCFB64
:1083900070BD2DE9FF4182B004460D461E464FF0E8
:1083A00000081CB9F7F746FF00BFFEE70DB9206CC7
:1083B00008B9012000E0002018B9F7F73BFF00BF23
:1083C000FEE700BF00F015FCA06B80B3E76829460C
:1083D0002046FFF7C9FFB6B9A06B401EA063206816
:1083E00010B901F0E7FA6060206908B9012000E0E7
:1083F0000020B0B904F1100001F052FA012810D1A8
:1084000000F0F1FB0DE0E760606A08B9012000E0D0
:10841000002030B904F1240001F042FA08B100F064
:10842000E2FB00F0EFFB012006B0BDE8F081FFE7C2
:10843000049818B900F0E6FB0020F5E7B8F1000F4A
:1084400004D1684601F061FA4FF0010800F0DAFB50
:1084500000F0E0FE00F0CDFB606C401C08B900208D
:108460006064A06C401C08B90020A06400F0CAFB46
:1084700004A9684601F057FA08BB2046FFF766FFDB
:10848000B8B1206830B900F0B4FB606801F0A1FA1F
:1084900000F0B8FB04F12400049901F0C4F920466F
:1084A000FFF713FE00F006FE00288BD100F09BFBC7
:1084B00088E72046FFF709FE00F0FCFD82E7204632
:1084C000FFF703FE00F0F6FD0020ADE770B50446AF
:1084D0000E461CB9F7F7AEFE00BFFEE701F06AFAE0
:1084E0006168884204D1E068401CE06001250BE02F
:1084F0000023324619462046FFF74BFF0546012D63
:1085000002D1E068401CE060284670BD70B50646A8
:108510000D46022200213046FFF7A9FD044604B1B2
:10852000A5631CB9F7F786FE00BFFEE7204670BDC5
:108530002DE9F04704460F46154698461CB9F7F753
:1085400079FE00BFFEE70FB9206C08B9012000E0FA
:10855000002018B9F7F76EFE00BFFEE7F7F76AFED6
:108560008146A06BE16B88421BD2424639462046C9
:10857000FFF7FAFDA06C401C70B9606A08B90120D1
:1085800000E0002058B904F1240001F089F930B16D
:108590002DB10120286002E0A06C401CA0640126DF
:1085A00000E000264846F7F74CFE3046BDE8F0876D
:1085B0002DE9F04104460F4615461CB9F7F73AFE7F
:1085C00000BFFEE70FB9206C08B9012000E00020D1
:1085D00018B9F7F72FFE00BFFEE7F7F72BFE80462E
:1085E000A06BE8B139462046FFF7BEFEA06B401EE7
:1085F000A063606C401C70B9206908B9012000E0DC
:10860000002058B904F1100001F04AF930B12DB141
:108610000120286002E0606C401C6064012600E0DC
:1086200000264046F7F70DFE3046BDE8F08170B5F4
:1086300004461CB9F7F7FEFD00BFFEE700F0D9FACB
:10864000A56B00F0DFFA284670BD70B504461CB972
:10865000F7F7F0FD00BFFEE7A56B284670BD0146A9
:1086600000200BE03D4A02EBC00252688A4204D16E
:1086700000223A4B43F8302002E0401C0828F1D396
:1086800000BF704710B504461CB9F7F7D3FD00BF13
:10869000FEE72046FFF7E3FF206800F038FB2046A6
:1086A00000F035FB10BD014691F84C00704780F892
:1086B0004C107047014691F84D00704770B5044664
:1086C0001CB9F7F7B7FD00BFFEE7A06B08B90120A2
:1086D00000E000200546284670BD70B504461CB970
:1086E000F7F7A8FD00BFFEE7A06BE16B884201D160
:1086F000012000E000200546284670BD024600200B
:108700000BE0164B53F8303033B9144B43F83010AC
:1087100003EBC0035A6002E0401C0828F1D300BFFD
:10872000704770B504460D4600F063FA606C401C5B
:1087300008B900206064A06C401C08B90020A06447
:1087400000F060FAA06B20B9294604F1240001F082
:108750008DF82046FFF7B9FC70BD000068050020C9
:108760002DE9F04104460D4616461F464FF000081D
:1087700065602461B5420CD8F01BA169884202D320
:108780004FF0010811E0211DF0480068FFF706FCDA
:108790000BE0BE4204D2BD4202D34FF0010804E018
:1087A000211DEB480068FFF7F9FB4046BDE8F0816A
:1087B0002DE9FE4305460E4617461C46DDF8288087
:1087C0004FF00009E348006808B30096019702954E
:1087D000ACB901F0F2F8012808D1002342466946FD
:1087E000DC480068FFF7F4FC814610E000231A46DD
:1087F0006946D8480068FFF7EBFC814607E0002394
:1088000022466946D3480068FFF792FE81464846F3
:10881000BDE8FE832DE9F84381462BE0CC48006893
:10882000C0680568CA480068C068C468201DFFF7B2
:10883000CFFB2046616A8847E06901281AD1A06908
:108840004619AE4207D966602461211DC048006800
:10885000FFF7A4FB0EE0002003462A4601460090E5
:108860002046FFF7A5FF07461FB9F7F7E3FC00BF57
:10887000FEE700BFB6480068006808B9012000E0C4
:1088800000200028CAD0B248D0F80080AF48006865
:10889000AF490860AD48C0F80080BDE8F88370B506
:1088A000044600F009FF0546AB480068854206D241
:1088B000A9480068FFF7AEFF0120206001E000201A
:1088C0002060A5480560284670BD70B586B002A836
:1088D000FFF7E5FF064650E0059C44B1606908B922
:1088E000012000E0002010B9201DFFF771FB039864
:1088F00030B1012826D0022825D003283BD136E00C
:108900000498A2698118034632462046FFF728FFE3
:10891000012816D12046616A8847E069012810D1F4
:10892000002000900498A1694218002319462046AF
:10893000FFF73EFF05461DB9F7F77CFC00BFFEE7D9
:1089400000BF19E018E00498A061A06908B10120F7
:1089500000E0002018B9F7F76DFC00BFFEE7A06942
:108960008119334632462046FFF7FAFE04E02046DE
:1089700000F0CDF900E000BF00BF00231A4603A9B4
:1089800074480068FFF705FD0028A5D106B070BD4A
:10899000F8B505460F466E480068C068C468201DDB
:1089A000FFF716FBE069012817D1A06941192B4692
:1089B0003A462046FFF7D4FE01280ED10020034698
:1089C0002A46014600902046FFF7F2FE06461EB9F1
:1089D000F7F730FC00BFFEE700BF2046616A88471A
:1089E000F8BDF8B504460E4600F014FC6846FFF7E3
:1089F00056FF05460098A0B946B9AC4206D800F02B
:108A000059FB29462046FFF7C3FF0CE0611B514884
:108A10000068FFF786FE00F04DFB20B900F0E3F898
:108A200001E000F047FBF8BD0146494A12681268B0
:108A30000AB9012200E000220A600A6822B9444A09
:108A40001268D268106800E00020704708B500BFC7
:108A50006846FFF7E9FF044620460099FFF7C1FF8B
:108A6000FFF733FFF4E710B500F0C3F839480068AA
:108A700090B93A48FFF774FA3948FFF771FA374866
:108A80003349086036483149086000220C210A2029
:108A9000FFF7EDFA2F49086000F0B4F810BD1FB5DC
:108AA0000024FFF7E0FF2B48006868B10020022394
:108AB000CDE90030029003464FF4007229A10390E3
:108AC0002A4800F0B2F904461CB9F7F7B3FB00BF1F
:108AD000FEE7204604B010BD2DE9F04706460D46DE
:108AE00017469846DDF820904DB900240DB10120BD
:108AF00000E00020A0B9F7F79DFB00BFFEE72820AB
:108B000000F0A4F804465CB1FFF7ADFF2660A56154
:108B1000E761C4F82080C4F82490201DFFF72DFAE7
:108B20002046BDE8F08770B50446264600F061F89F
:108B3000706908B1012000E00020054600F062F8ED
:108B4000284670BD01460A46106A7047CC020020D4
:108B5000C8020020D0020020D4020020A805002076
:108B6000BC050020546D7220537663004D8A0008C6
:108B7000001F4FF080730360001F0160001F00237F
:108B8000036014380260001FDB1E0360203870474A
:108B90002A48006842F21071B0FBF1F0401E4FF01D
:108BA000E021486107200861704710B5244800683B
:108BB00040F47C00224908600846006840F07C4090
:108BC0000860FFF7E5FF00201E490860F7F700FB8B
:108BD0001D48006840F040401B490860F7F7EEFA76
:108BE000002010BD70474FF0805015491C390860B7
:108BF000704710B5F7F71EFB12480068401C11497A
:108C0000086010BD10B50F480068401E0D4908608F
:108C10000846006810B90020F7F713FB10BD10B527
:108C20004FF0805006491C390860F7F703FB00F04D
:108C3000C2F90020F7F705FB10BD0000A4020020D8
:108C400020ED00E0D802002034EF00E02DE9F041F3
:108C500004464FF0000800F0DDFA3D48006898B97E
:108C60003C493D4A1160002151604FF420513B4A7C
:108C700051600021116037484FF420514160114686
:108C8000016001203249086044B1103404F007004B
:108C900020B104F00700C0F108000444002C31D0DA
:108CA000B4F5205F2ED22C4F3846056801E02F46E0
:108CB0002D686868A04202D228680028F7D12748AA
:108CC00085421FD0386800F110082868386068684D
:108CD000001B202810D92E196868001B70606C607A
:108CE00071681D4800E00068026852688A42FAD341
:108CF00002683260066000BF194968680968081A8E
:108D00001749086000F0D6F94046BDE8F08170B51B
:108D100006463546B6B1103D2C4600F07BFA616838
:108D20000D4800E00068026852688A42FAD302687F
:108D3000226004600A4960680968084408490860BC
:108D400000F0B8F970BD0648006870477047000031
:108D5000F0020020D0050020DC020020E402002008
:108D6000EC02002010B5002407E004EB8401FE4A69
:108D700002EB8100FFF7F4F8641C052CF5D3FB48E7
:108D8000FFF7EEF8FA48FFF7EBF8FA48FFF7E8F8D4
:108D9000F948FFF7E5F8F948FFF7E2F8F348F84932
:108DA0000860F348F749086010BD2DE9F04104461A
:108DB0000E4615469846069F0A22314604F13400B5
:108DC00000F0D2FE00213D200155052D00D30425E1
:108DD000E562A564201DFFF7D0F804F11800FFF745
:108DE000CCF82461C5F10500A0616462BDE8F081A2
:108DF00070B505460E464C20FFF728FF044694B197
:108E00001EB9A800FFF722FF00E030462063206B68
:108E100020B92046FFF77BFF002404E0A900A5222B
:108E2000206B00F083FE204670BD2DE9FF4F81B01E
:108E3000804616469A46DDE90E5BB8F1000F03D175
:108E4000F7F7F8F900BFFEE7052D01D2012000E099
:108E5000002018B9F7F7EEF900BFFEE73046109989
:108E6000FFF7C6FF0446002C64D0701E216B01EB97
:108E7000800929F0070909F0070008B9012000E07E
:108E8000002018B9F7F7D6F900BFFEE700962A468A
:108E90002046119B0299FFF788FF524641464846FB
:108EA000FFF766FE2060BBF1000F01D0CBF8004059
:108EB000FFF79FFEB4480068401CB3490860B34800
:108EC000006840B9B14804600846006801280CD128
:108ED000FFF748FF09E0AE48006830B9AB480068CA
:108EE000C06AA84201D8A9480460AA49E06A096892
:108EF000884202D9A749E06A0860A7480068206450
:108F0000A5480068401CA4490860A449E06A0968B3
:108F1000884202D9A149E06A0860E16A01EB810157
:108F2000914A02EB8100211DFFF72AF80127FFF784
:108F300069FE01E04FF0FF37012F09D19448006826
:108F400030B192480068C06AA84201D2FFF74BFED8
:108F5000384605B0BDE8F08F70B50446FFF749FE0E
:108F60008A480068844200D1002414B98748006808
:108F700000E020460546281DFFF72AF8A86A18B128
:108F800005F11800FFF724F8291D7B48FEF7F8FFCC
:108F900083480068401C824908607F480068401C84
:108FA0007D490860FFF72EFE7948006810B10CB9C2
:108FB000FFF719FE70BD70B57A480068002873D1BC
:108FC00079480068401C784908600846006868BB1A
:108FD0006B480068006808B9012000E0002018B95B
:108FE000F7F728F900BFFEE765480568654800689F
:108FF00063490860634805606C480068401C6B4921
:1090000008605F480068006808B9012000E000209F
:1090100020B14FF0FF306649086006E0584800680C
:10902000C068C46862496068086000BF5E48006844
:109030005F490968884236D300BF5148006800681C
:1090400008B9012000E0002020B14FF0FF3058495E
:10905000086027E04A480068C068C46865685248EC
:109060000068A84202D2524805601BE0201DFEF7AE
:10907000AFFFA06A18B104F11800FEF7A9FF474935
:10908000E06A0968884202D94449E06A0860E16AF6
:1090900001EB8101344A02EB8100211DFEF770FFD4
:1090A000CBE701E000BF04E042480068401C4149B2
:1090B000086070BD70B500253A48006818B9F7F728
:1090C000B9F800BFFEE7FFF794FD36480068401E80
:1090D0003449086008460068002878D12A480068AA
:1090E000002874D0002621E02248C068C46804F13A
:1090F0001800FEF76DFF201DFEF76AFF2749E06AA2
:109100000968884202D92549E06A0860E16A01EBF2
:109110008101154A02EB8100211DFEF731FF1B4939
:10912000E06A0968C96A884200D3012611480068CC
:1091300008B9012000E000200028D5D01D480068B3
:1091400060B106E0FFF737FF1A480068401E194972
:109150000860184800680028F4D10126012E2FD09D
:109160001548006801282AE0D02D0020342E002068
:10917000482E00205C2E0020702E0020842E00201F
:10918000F8020020FC02002004030020F40200206A
:10919000140300200C0300202803002010030020EB
:1091A00000030020180300200803002024030020EF
:1091B0002C0300201C0300202003002007E005D121
:1091C00001250020F9490860FFF70DFD00BFFFF7FA
:1091D00019FD284670BD10B50446F5480068446086
:1091E000F4480068844207D2F1480168091DF2483A
:1091F0000068FEF7D3FE0CE0ED480168091DEF485A
:109200000068FEF7CBFEEE480068844201D2EC48CD
:10921000046010BDEB480068401CEA4908607047D4
:109220002DE9F04104460E464FF000081CB9F7F74F
:1092300001F800BFFEE70EB1012000E0002018B9E0
:10924000F6F7F8FF00BFFEE7FFF7E4FF2068851997
:10925000D84920680968884209D92068A8420FD9EE
:10926000D448006885420BD94FF0010808E0206817
:10927000A84203D8CF480068854201D94FF00108C1
:109280002560B8F1000F07D0C9480068001DFEF73F
:109290009FFE2846FFF79FFFFFF70CFF07460FB919
:1092A000FFF7A1FCBDE8F08170B5044600267CB153
:1092B000FFF7B0FFBF4800680519BD480068001DF2
:1092C000FEF786FE2846FFF786FFFFF7F3FE064609
:1092D0000EB9FFF788FC70BD70B50446FFF789FC36
:1092E00014B9B348006800E020460646F56AFFF767
:1092F00089FC284670BD2DE9F04706460D464FF023
:109300000009052D01D2012000E0002018B9F6F770
:1093100091FF00BFFEE7052D00D30425FFF769FC90
:10932000A3480068864200D1002616B9A04800680C
:1093300000E030460446A76CAF4234D0BD4203D9AA
:109340002EB14FF0010902E00EB94FF00109D4F837
:109350002C80E16AA06C884200D1E562A564C5F169
:109360000500A06107EB8701974A02EB8101606964
:10937000884213D1201DFEF72BFE9449E06A09684C
:10938000884202D99149E06A0860E16A01EB8101F3
:109390008D4A02EB8100211DFEF7F2FDB9F1010FAC
:1093A00001D1FFF720FCFFF72DFCBDE8F08710B5D9
:1093B0008448006818B101207C4908602CE00BE06B
:1093C0008248006818B9F6F735FF00BFFEE77F480E
:1093D0000068401E7D4908607C48006800EB800002
:1093E000794951F820000028EAD07849096801EB52
:1093F0008101754A02EB810041684968416000F1D2
:10940000080142688A4202D1416849684160416866
:10941000C968674A116000BF10BD70B50446FFF708
:10942000E8FB63480068844200D1002414B9604816
:10943000006800E020460546281DFEF7C9FDA86A21
:1094400018B105F11800FEF7C3FD291D6048FEF7AD
:1094500097FDFFF7D7FB8CB95E48006810B1FFF7A6
:10946000C2FB0BE05A4800685B490968884203D197
:1094700000204F49086001E0FFF799FF70BD70B50B
:10948000054600262C461DB9F6F7D4FE00BFFEE7C0
:109490004F496069884201D1012000E0002080B17D
:1094A0004E49A06A884201D1012000E00020012835
:1094B00007D0A06A08B9012000E00020012800D1EF
:1094C0000126304670BD70B505461DB9F6F7B2FEEF
:1094D00000BFFEE72C4644B335480068844224D0E0
:1094E000FFF787FB2046FFF7CAFF01281BD1201D8D
:1094F000FEF76EFD3549E06A0968884202D93349B2
:10950000E06A0860E16A01EB81012F4A02EB810009
:10951000211DFEF735FD2649E06A0968C96A8842BF
:1095200001D3FFF760FBFFF76DFB70BD2DE9F04144
:10953000054600261DB9F6F77DFE00BFFEE72C4666
:10954000F6F778FE07462046FFF799FF012826D157
:109550001C480068F0B91649E06A0968C96A88427F
:1095600001D3012000E000200646201DFEF730FD5B
:109570001649E06A0968884202D91449E06A08601D
:10958000E16A01EB8101104A02EB8100211DFEF727
:10959000F7FC04E004F118011048FEF7F1FC38462E
:1095A000F6F74FFE3046BDE8F081000020030020B2
:1095B000F402002008030020FC020020F802002032
:1095C0002C03002018030020D02D002010030020C1
:1095D000842E002014030020040300205C2E0020B1
:1095E00010B50446206BFFF792FB2046FFF78FFB78
:1095F00010BD70B523E0FFF70DFEFD48006808B907
:10960000012000E000200546FFF754FDBDB9FFF73B
:10961000F0FAF748C068C468201DFEF7D9FCF54889
:109620000068401EF3490860F3480068401EF24994
:109630000860FFF7E7FA2046FFF7D2FF00BFEE48C9
:1096400000680028D7D170BD00BFFFF7D2FFEB48FC
:1096500000680128F9D9FFF7C6FAF6E71FB5002020
:1096600000900190029003464FF48072E4A10390B1
:10967000E548FFF7DAFB0446012C02D1FFF70FFAA9
:109680000446012C09D1F6F7D5FD0120DF49086019
:109690000020DF490860FFF788FA1CB9F6F7CAFD19
:1096A00000BFFEE71FBD10B5F6F7C4FD0020D74987
:1096B0000860FFF797FA10BD10B5FFF79AFAD44883
:1096C0000468FFF79FFA204610BD70B5F6F7B2FDAB
:1096D0000546CF4804682846F6F7B3FD204670BD1E
:1096E000C448006870470146002002E0491C421C43
:1096F00090B20A78A52AF9D0800870472DE9FE4378
:1097000081460C461646204641684968416000F192
:10971000080142688A4202D1416849684160416853
:10972000CF6800BF204641684968416000F10801E8
:1097300042688A4202D14168496841604168CD6807
:10974000286BFFF7D0FF8046286CE96A334605F1A5
:109750003402CDE900180290AEA1B34800F0E4FD58
:10976000B149484600F0F4F9BD42DBD1BDE8FE83C3
:1097700070B50546FFF74EFD00202870ABA12846C6
:1097800000F0E6F9AA480068441C00BF641E04EB20
:1097900084009A4951F8200008B9012000E0002017
:1097A00040B904EB8400954A02EB8001522228461E
:1097B000FFF7A4FF002CE9D19E480068006808B9B3
:1097C000012000E0002028B942229A48016828467A
:1097D000FFF794FF98480068006808B9012000E08E
:1097E000002028B94222944801682846FFF786FFE6
:1097F0007F48006808B9012000E0002020B9442219
:109800007B492846FFF77AFF8C48006808B9012099
:1098100000E0002020B9532288492846FFF76EFF58
:10982000FFF748FC70BD70B505460C461DB9F6F74C
:1098300001FD00BFFEE78248016818312846FEF7A7
:10984000ADFB7F480068001DFEF7C2FB601C30B90D
:109850007B480168091D7948FEF792FB05E06C48DA
:10986000006806193046FFF7B6FC70BD70B50446B7
:109870000D461CB9F6F7DEFC00BFFEE77048016834
:1098800018312046FEF77CFB6D480068001DFEF78E
:109890009FFB5F48006846193046FFF79CFC70BD8F
:1098A00070B50646F068C4681CB9F6F7C3FC00BF83
:1098B000FEE704F11800FEF78BFB62480068A0B9D0
:1098C000201DFEF785FB6049E06A0968884202D9DD
:1098D0005D49E06A0860E16A01EB8101474A02EBF9
:1098E0008100211DFEF74CFB04E004F118015748EC
:1098F000FEF746FB5249E06A0968C96A884201D30B
:10990000012500E00025284670BD10B504461CB9AD
:10991000F6F790FC00BFFEE74D48006820603C4829
:109920000068606010BD70B504460D461CB9F6F7BE
:1099300081FC00BFFEE71DB9F6F77CFC00BFFEE727
:10994000FFF757F92868401C08B900261FE0404976
:1099500020680968884206D02D49606809688842F5
:1099600001D8012613E02A4960680968081A2968A5
:1099700088420BD22868264A61681268511A401A38
:1099800028602046FFF7C1FF002600E00126FFF710
:1099900039F9304670BD01202E49086070470146F4
:1099A00011B10A46506C00E00020704708B1024631
:1099B000516470472249086870471449096809B919
:1099C000002005E01F49096809B9012000E00220D4
:1099D000704770B505462C464DB11949E06A0968D3
:1099E000C96A884265D216480068C06A34E060E0FF
:1099F000702E00200403002000030020D02D002042
:109A000049444C450000000049960008140300201A
:109A100008030020257309092563092575092575A3
:109A20000925750D0A000000982E00200D0A00007F
:109A30000C030020F8020020FC020020842E0020ED
:109A4000F402002018030020100300205C2E0020E8
:109A50002403002020030020C0F10500A061E16A7A
:109A600001EB8101254A02EB81016069884201D145
:109A7000012000E00020C0B1201DFEF7A9FA204817
:109A80000068C06AE0621F49E06A0968884202D93A
:109A90001C49E06A0860E16A01EB8101174A02EBA8
:109AA0008100211DFEF76CFA03E015480068C06ACA
:109AB000E06270BD70B505462C46EDB1A16CE06A60
:109AC000884219D0201DFEF783FAA06CE062E06A9C
:109AD000C0F10500A0610B49E06A0968884202D91B
:109AE0000849E06A0860E16A01EB8101034A02EB80
:109AF0008100211DFEF744FA70BD0000D02D00202A
:109B0000F40200201003002040EA01039B0703D069
:109B100009E008C9121F08C0042AFAD203E011F8AC
:109B2000013B00F8013B521EF9D27047D2B201E06E
:109B300000F8012B491EFBD270470022F6E710B552
:109B400013460A4604461946FFF7F0FF204610BDAB
:109B5000421E12F8013F002BFBD111F8013B02F825
:109B6000013B002BF9D1704710B5044604E00B7897
:109B700000F8013B03B1491C521EF8D2204610BD2B
:109B8000421C10F8011B0029FBD1801A704710B548
:109B9000002200E0521C835C8C5CA34201D1002BAC
:109BA000F8D1D8B2E1B2401A10BD2DE9FE4F80467F
:109BB00081EA0300C00F0C46009021F0004123F021
:109BC0000045B8EB0200A94105D240462146904627
:109BD0001C460B46024623F00040104347D0270D99
:109BE000C7F30A00C3F30A510290401A01904028BB
:109BF0006BDAC3F3130040F4801B0098924620B147
:109C00000023D2EB030A63EB0B0B01985946C0F11A
:109C10004002504600F0A7F906460D465046594608
:109C2000019A00F0AFF910EB08006141002487EAC7
:109C3000115284EAE7731A4340D0009A62B3019A42
:109C4000012A4FEA075215DC001B61EB02014FF0BD
:109C5000004202EA0752CDE90042001C41F58011A2
:109C600032462B4600F0E6F903B0BDE8F08F4046DF
:109C70002146F9E7001B61EB0201001C41F580134E
:109C800000185B412018A2F5001747EB030140EADA
:109C9000D570B6196D4111E06D084FEA360645EAF8
:109CA000C0754FEA0752001B61EB0201001C41F531
:109CB000801149084FEA30000019514132462B46C5
:109CC00003B0BDE8F04F00F0A6B9009801224000B3
:109CD0000023D0EB020263EBE073009821464FEAC9
:109CE000E074B8EB000061EB0401E9E783F00043A6
:109CF0005BE781F0004158E72DE9FE4F81EA03045C
:109D000004F0004421F0004100944FF0000B23F0D8
:109D1000004350EA01045ED052EA03045BD0C3F36F
:109D20000A54C1F30A552C44A4F2F3340194A0FB65
:109D30000254C1F3130141F48011C3F3130343F43C
:109D4000801301FB024400FB034E840A970A44EA95
:109D5000815447EA8357A4FB076802958D0A05FBE7
:109D600007854FEA932C04FB0C542705029D4FEA0C
:109D7000065847EA1637B5EB08056EEB070C870E59
:109D8000920E47EA811742EA8312A7FB0201B6EB63
:109D90000B0164EB00042B0D43EA0C335E1844EB1B
:109DA0001C50DA465146E7FB0201C5F313044FEAA3
:109DB0000B3343EA14534FEA0432019C43EA06038F
:109DC000A4F10C040294009CCDE900B400F032F937
:109DD00003B0BDE8F08F00200146F9E72DE9F04D12
:109DE00081EA030404F0004B21F0004514464FF0D3
:109DF000000A23F0004150EA050220D054EA010293
:109E00001DD0C5F30A570246C5F31303C1F313006F
:109E1000C1F30A5640F4801543F48013A7EB0608FB
:109E2000101BD64608F2FD3873EB050002D308F18B
:109E3000010801E092185B41B8F1000F03DA00203D
:109E40000146BDE8F08D00204FF48011064684469F
:109E50000EE0171B73EB050705D3121B63EB05031D
:109E600006434CEA010C49084FEA300092185B4166
:109E700050EA0107EDD152EA030012D082EA040051
:109E800083EA0501084305D0101BAB4106D201222D
:109E9000002306E000224FF0004302E06FF00102D1
:109EA00053101AEB06004CEB085110EB0A0041EB83
:109EB0000B01BDE8F04D00F0AEB80EB5C10F80EA61
:109EC000E0700844CA07002140F233438DE80E00D9
:109ED0000A460B4600F0AEF803B000BD00F00042A9
:109EE00030F000400AD0C10D01F56071C0F31600DA
:109EF00042EA0151C2084007114370470020014661
:109F0000704701F0004330B421F0004150EA0102F3
:109F100006D00A0DA2F56072C1F31301002A02DC1B
:109F200030BC00207047440F44EAC104C100E0186F
:109F300030BC00EBC25000F037B830B50B460146DC
:109F400000202022012409E021FA02F59D4205D3D8
:109F500003FA02F5491B04FA02F52844151EA2F182
:109F60000102F1DC30BD202A04DB203A00FA02F1C4
:109F7000002070479140C2F1200320FA03F31943F7
:109F800090407047202A06DBCB17203A41FA02F0B6
:109F900043EAE07306E041FA02F3D040C2F1200246
:109FA00091400843194670470029A8BF7047401CDC
:109FB000490008BF20F00100704710B4B0FA80FCDF
:109FC00000FA0CF050EA010404BF10BC704749B11C
:109FD000CCF1200421FA04F411FA0CF118BF01218C
:109FE00021430843A3EB0C01CB1D4FEA00614FEA6C
:109FF000102042BF002010BC704700EBC35010443B
:10A000000029A4BF10BC7047401C490008BF20F0C5
:10A01000010010BC704710B5141E73F1000408DA7B
:10A02000401C41F1000192185B411A4301D120F01C
:10A03000010010BD2DE9F04D92469B4611B1B1FAD9
:10A0400081F202E0B0FA80F220329046FFF78BFFF7
:10A0500004460F4640EA0A0041EA0B0153465A46BD
:10A06000084313D0114653EA010019D0C8F1400249
:10A07000504600F0F7F805460E465046594642460F
:10A08000FFF771FF084305D0012004E02046394660
:10A09000BDE8F08D0020054346EAE0762C433743C7
:10A0A0000A986305E40AA0EB08000022FD0A44EACE
:10A0B00047540A3002D500200146E9E7010510198E
:10A0C0006941DDE9084500196941BDE8F04DA2E7A5
:10A0D00070B521F0004303430CD0C1F30A550024AE
:10A0E000D5EB040564EB0403D617AD1AB34102DBCC
:10A0F0000020014670BD201841EB025170BD2DE9D2
:10A10000F04D00231A461B1A8A4103DB002001464A
:10A11000BDE8F08DC1F30A52C1F3130141F480157B
:10A120004FF0000BD10702D100186D41521E0027DD
:10A13000044640F2FF11384601EB620A3E46804673
:10A14000024600204FF4801100F08CF8C2197141D2
:10A15000BB1846EB0100B4EB030C75EB000C04D309
:10A16000E41A65EB000517460E46241908F10100B4
:10A170006D4180463428E3DDF91946EB0600091BE2
:10A18000A84103D24FF0FF32134601E000221346EC
:10A190001BEB070046EB0A51BDE8F04DFFF73BBF54
:10A1A00070B5C1F30A5201F000450024C1F3130158
:10A1B00040F2FF3341F480119A4201DA002070BD71
:10A1C00040F233439A42A2F2334203DC524200F09F
:10A1D00049F800E090402C43F1D0404270BD0000AF
:10A1E00030B5041E71F1000404DB4FF0004440421E
:10A1F00064EB0101141E73F1000405DB1C464FF0F3
:10A200000043524263EB04038B4208BF824230BDDD
:10A2100030B5041E71F1000404DB4FF000444042ED
:10A2200064EB0101141E73F1000405DB1C464FF0C2
:10A230000043524263EB0403994208BF904230BD91
:10A24000064C074D06E0E06840F0010394E8070083
:10A2500098471034AC42F6D3F5F79AFF80C4000853
:10A26000A0C40008202A04DB203A21FA02F00021D1
:10A27000704721FA02F3D040C2F120029140084316
:10A28000194670470EB540F2334102910021CDE9E5
:10A2900000110A460B46FFF7CDFE03B000BD70B5B6
:10A2A0008C1810F8015B15F0070301D110F8013B81
:10A2B0002A1106D110F8012B03E010F8016B01F808
:10A2C000016B5B1EF9D12B0705D40023521E0DD460
:10A2D00001F8013BFAE710F8013BCB1A921C03E0AE
:10A2E00013F8015B01F8015B521EF9D5A142D8D3E6
:10A2F000002070BD0FB47CB50C0009AD01D0611E0B
:10A3000000E00021CDE90001064B6A462946089885
:10A3100001F080FE002C02D0009A002111707CBC5C
:10A320005DF814FBCDC100080FB4084B10B504A9AB
:10A3300002AA039801F06EFE044602A9002001F073
:10A3400050FF204610BC5DF814FB0000E3C100087C
:10A3500003B401984100009850EAC12018BF0420BE
:10A360004A0D18BF40F0010040F2FF72B2EB515F9E
:10A3700008BF40F00200012808BF052002B0704766
:10A380004100080218BF04200A0E18BF40F0010067
:10A390004FF07F4232EA010108BF40F0020001287D
:10A3A00008BF05207047000070B54FF068422DEDE2
:10A3B000048BF0EE408A18EE900AB0EE608A18EE38
:10A3C000101A02EB4003B3F1654F3CBF02EB4102B0
:10A3D000B2F1654F7DD200BFC0F3C753C1F3C7527E
:10A3E0009A1A1B2A09DD10F0004F14BF9FED830A53
:10A3F0009FED830ABDEC048B70BD12F11A0F36DAA3
:10A4000011F0004F09D010F0004F0CBF9FED7D0AF6
:10A410009FED7D0ABDEC048B70BD88EE889A19EE25
:10A42000100AFFF7ADFF042808BF01F0D5FD18EEB4
:10A43000900AFFF7A5FF054618EE100AFFF7A0FFE8
:10A44000044619EE100AFFF79BFF042D18BF052DD7
:10A4500008D1042C18BF052C04D1002804BF022009
:10A4600001F0D2FDB0EE490ABDEC048B70BD420094
:10A47000B2EB410F3AD910F0004F19BFDFED630A7C
:10A480009FED630ADFED630A9FED630AB0EE481AA1
:10A490000A46B1EE688A80F00041F0EE418A10462B
:10A4A0000A1A5200B2F1807F34D2484010F0004FB7
:10A4B000DFED5A1A9FED5A2A1DBFBEEE001A70EE4C
:10A4C000E10A30EE420AB6EE001A08BF70EEA10AA9
:10A4D00000E040E008BF30EE020AB0EE682A01EE6C
:10A4E000482A08EE818AC2EE081A15E011F0004FE2
:10A4F00004BF9FED4C0AF0EE400AD1D010F0004F9F
:10A5000019BFDFED490A9FED490ADFED490A9FEDCA
:10A51000490AC5E7C8EE881A21EEA11A9FED462A1E
:10A52000DFED462A41EE022A9FED452A01EE222A5E
:10A53000DFED442A41EE022A9FED432ABDEC048B55
:10A5400001EE222A21EE811A01EE020A30EE210AE2
:10A5500030EE200A70BD4FF07F42B2EB400F28BFB3
:10A56000B2EB410F09D2F0EE480AB0EE680ABDEC3A
:10A57000048BBDE8704001F02BBD40EA01035B0095
:10A5800008BF41F0FF410BD0B2EB400F08BFB2EB68
:10A59000410F08D120F0804008EE900A21F0804160
:10A5A00008EE101A18E7B2EB400F12BF5FEA410342
:10A5B00040F0FF4001F000413FF40EAFB2EB410F1D
:10A5C00012BF5FEA400200F0004041F0FF413FF45B
:10A5D00003AF4A0092EA40033FF5FEAE002AACBF4B
:10A5E0009FED1A0A9FED1A0A68EE808A28EE008A0B
:10A5F00018EE900A18EE101AEEE60000DB0FC9BF45
:10A60000DB0FC93FDB0F4940DB0F49C00000C9BF6A
:10A6100022AAFDB90000C93F22AAFD390060ED3E23
:10A62000C30ACE3700000000000049C022AA7DBA4C
:10A630000000494022AA7D3A2DAD65BD8FB8D53DB9
:10A640000FB511BE61C84C3EA8AAAABE0000804F3B
:10A650000000802F0000000070B52DED020B2DEDE5
:10A660000A8B82B00D98C40F20F00045AE48854299
:10A6700048D3AE48854219D30C99C5F3130008435B
:10A6800009D09DED0C0B02B0BDEC0A8B02B0BDE809
:10A69000704001F059BC002C14BF9FEDA50B9DED3F
:10A6A0000C0B02B0BDEC0A8B02B070BD9FEDA20B8B
:10A6B00053EC102B9DED0C0B51EC100BFFF7A8FD8C
:10A6C0000AD2022001F0A0FC02B0BDEC0A8B02B05D
:10A6D000BDE8704001F05CBC9FED990B53EC102B72
:10A6E0009DED0C0B51EC100BFFF77AFD0AD2022006
:10A6F00001F08AFC02B0BDEC0A8B02B0BDE87040EC
:10A7000001F056BC90489FED92BBA8425CD29248A3
:10A71000854219D29148784400EBC40090ED000BBB
:10A7200053EC102B9DED0C0B51EC100BFFF7DEFAE8
:10A7300041EC1A0B8A48784400EBC40090ED009B72
:10A74000C4F10100041B36E09FED870B53EC102B86
:10A750009DED0C0B51EC100BFFF7CEFA41EC100BFA
:10A760008348784400EBC40090ED001B51EC100BC3
:10A7700053EC112BFFF719FAFFF712FD0446FFF710
:10A780009CFB41EC180B9FED7C0B53EC102BFFF75F
:10A79000B3FA9DED0C1B53EC112BFFF7AAFA41EC19
:10A7A0001A0B9FED770B51EC180B53EC102BFFF7A6
:10A7B000A3FA41EC190B51EC1A0B53EC192BFFF7D0
:10A7C00095FACDE90C011BE06F48854217D29FED49
:10A7D000700B53EC102B9DED0C0B51EC100BFFF795
:10A7E000E4F953EC1B2BFFF713FD08D29DED0C0B86
:10A7F00053EC1B2B51EC100BFFF7D7F96EE0002444
:10A800009DED0C0B53EC102B51EC100BFFF774FA71
:10A8100041EC180B60480521B0EE480AF0EE680ADA
:10A82000784401F065FA53EC182B51EC100BFFF74C
:10A8300063FA9DED0C1B53EC112BFFF75AFA41EC18
:10A84000180B9FED570B5CB353EC182B51EC100B0E
:10A85000FFF74CFA9DED0C0B41EC1C0B53EC182B45
:10A8600051EC100BFFF748FA53EC1C2BFFF7B6FA2C
:10A8700053EC192BFFF73DFA53EC1A2BFFF736FA7E
:10A8800053EC1B2BFFF735FACDE900016FF47F7015
:10A89000844226DB01EB045001909DED000B00E7A4
:10A8A00053EC102B51EC180BFFF720FA9DED0C0B1D
:10A8B00041EC190B53EC182B51EC100BFFF71CFA61
:10A8C00053EC192BFFF78AFA9DED0C1B53EC112B5F
:10A8D000FFF70CFA53EC1B2BFFF70BFA41EC100BB4
:10A8E000DFE608464FF07A5101EB04519FED2E0B45
:10A8F000084453EC102B01909DED000B51EC100B14
:10A90000FFF7FAF90D4645EC100B044651EC100B1D
:10A91000FFF71EFD042808BF01F04AFB45EC104B71
:10A92000BFE6000000000000422E86400000F07FDD
:10A930000000000000000000EF39FAFE422E8640C1
:10A9400051302DD5104987C0422ED63F000000005F
:10A95000000000000000F03FB2A2F03F6E1B0000BC
:10A960005E1B000000000000FE822B654715F73FCC
:10A97000121B0000000000000000E0FE422EE63F37
:10A98000763C7935EF39EA3D0000303E00000000AA
:10A990009C7500883CE4377E841A000000000000AB
:10A9A00000000000000000400000000000007001F6
:10A9B0002DE9F04D2DED040B2DED0E8B96B0DDE95C
:10A9C0002550279CDDF890A025F0004624F0004893
:10A9D000BAF1000F14BF0121002101EB4502FC492F
:10A9E00053184A1093422AD3002814BF012300238E
:10A9F00003EB44030B44F7498B4220D358EA000190
:10AA00009FEDF59B76D0DFF8D8B35D4503D1BAF161
:10AA1000000F05D188E0BAF1000F08BF002100D077
:10AA2000012101EB450111F5001F08D8002814BFD2
:10AA30000121002101EB440111F5001F0BD99DED0F
:10AA4000261B9DED240B16B0BDEC0E8B04B0BDE8AB
:10AA5000F04D01F083BA0027002DBCBFE1498845C5
:10AA600021DAE1498845A8BF02271CDAC3451ADC70
:10AA7000DE4901EB2851142908DDC1F1340220FA26
:10AA800002F101FA02F282420DD108E058B9C1F197
:10AA9000140228FA02F101FA02F2424503D101F050
:10AAA0000101C1F1020756EA0A0124D1002C22DA81
:10AAB000002D18BF022F01D0012F0AD0022001F073
:10AAC000A3FA16B0BDEC0E8B04B0BDE8F04D01F05A
:10AAD00023BA022001F098FA01F01EFA51EC100B93
:10AAE00081F0004141EC100B16B0BDEC0E8B04B0B0
:10AAF000BDE8F08D18E09FEDBEAB9FEDBF8B002849
:10AB000071D1B848804522D105F1804010F5801000
:10AB100008BFBAF1000F07D0B3450ADC002CA8BF6C
:10AB20009DED260BE0DA0DE0B0EE490AF0EE690A81
:10AB3000DAE7002C06DA9DED260B51EC100B81F0C4
:10AB400000416FE0AE48784490ED000BCCE7D8456B
:10AB50004DD1002C48DA2EB186423AD1BAF1000F1D
:10AB600042D126E0BAF1000F13D0022001F04CFAD6
:10AB700001F00EFA8DED020B9DED240B8DED000B17
:10AB800010EE900A039961F31E0003909DED020BF5
:10AB9000AAE78DED02AB9DED240B1AEE901A10EE94
:10ABA000900A8DED000B61F31E0003909DED020BEA
:10ABB0009AE78DED028B9DED240B18EE901A10EEA6
:10ABC000900A8DED000B61F31E0003909DED020BCA
:10ABD0008AE709DA9DED240B51EC190B53EC102B8D
:10ABE000FFF7FCF81EE020E09DED240B7CE7864299
:10ABF0001BDAB4F1804F0DD0A4F10050B0F1FF503A
:10AC000013D1002D11DB9DED240B51EC100B01F045
:10AC1000F9FA07E09DED240B53EC102B51EC100BCF
:10AC200000F0C2BC41EC100B5EE79DED240B51EC33
:10AC3000100B01F0DBFABAF1000FCDE90E0142D1A1
:10AC40009FED710B46B3A6F1E040B0F17F600CD0F0
:10AC50005E4538D1002D00DAA7B3022F0CBF0120CA
:10AC60004FF0FF30FFF729F9DCE7002D01DD002C64
:10AC70000DDA002D01DD002C1FDB002D16DA002C73
:10AC800014DB012F08BF9FED620B3FF42DAFB0EE38
:10AC90004A0AF0EE6A0A27E7022F18BF002D0CD0EF
:10ACA000012F0AD1002DFFF61FAF06E0002DB8BF1F
:10ACB000002C08DA012F3FF417AFB0EE480AF0EE8F
:10ACC000680A11E71BE0012000EBE57050EA07017C
:10ACD00015D0791EB0EE498AF0EE698A084308BFA4
:10ACE0009FED4D8B4E480025804570DD4D494E4807
:10ACF000884514DDB0420DDB002C19DB2FE001206C
:10AD000001F082F916B0BDEC0E8B04B0BDE8F04D39
:10AD100001F02EB9B34502DC002C09DC1FE08642AD
:10AD200002DA002C1BDA03E05E452BDD002C16DD79
:10AD3000022001F069F901F02BF98DED020B53ECC3
:10AD40001A2B51EC180BFEF7D7FFCDE90001039940
:10AD5000019861F31E0003909DED020BC4E60220F2
:10AD600001F052F901F024F910EE901A18EE900A51
:10AD70008DED020B8DED008B61F31E0003909DEDB8
:10AD8000020BB1E69DED0E0B53EC192B51EC100BA1
:10AD9000FEF7ACFF9FED260BCDE9080153EC102B1D
:10ADA0009DED080B51EC100BFEF7A6FF9FED221B4B
:10ADB00053EC112BFEF79DFF9DED081B53EC112B5F
:10ADC000FEF79AFF9FED1E1B53EC112B3CE08CE02D
:10ADD000FFFF1F00FFFF0F00000000000000F03F1A
:10ADE0000000F03F0000F07F0000404301FCFFFF47
:10ADF000000000000000F07F0000000000000000E4
:10AE00003E1800000000000000000000000000806C
:10AE1000000000000000F0FF000000000000F0BF94
:10AE20000000E0410000F043FFFFEF3F00000000A2
:10AE3000000000000000D03F555555555555D53FF1
:10AE4000000000000000E03FFEF753FF9DED080BFF
:10AE500041EC1A0B53EC102B51EC100BFEF74CFF8E
:10AE600053EC1A2BFEF748FF41EC1A0B9FEDFE0B3B
:10AE700053EC102B9DED080B51EC100BFEF73CFF33
:10AE800041EC1B0B9FEDFA0B51EC1A0B53EC102B02
:10AE9000FEF732FF41EC1A0B9FEDF70B53EC102B32
:10AEA0009DED080B51EC100BFEF726FF53EC1A2B0F
:10AEB000FEF71CFF41EC1A0B51EC1B0B53EC1A2B49
:10AEC000FEF773FE0690CDE906519DED060B53EC9F
:10AED0001B2B51EC100BFEF709FF53EC1A2BFEF75E
:10AEE00008FF41EC100B00F0A1B90020B6F5801F5F
:10AEF0000EDA9FEDE30B53EC102B9DED0E0B51EC96
:10AF0000100BFEF7F9FECDE90E016FF034000E468E
:10AF100000EB2650A0F2FF37C6F31300DA4940F0E9
:10AF20007F6646F040568842D8BF002408DDD749E6
:10AF30008142C8BF012403DC0024A6F580167F1CD3
:10AF4000D348784400EBC4000F9690ED00CB9DED04
:10AF50000E0B53EC1C2B51EC100BFEF7C7FE9DEDB6
:10AF60000E0B41EC1B0B53EC1C2B51EC100BFEF7A2
:10AF70001CFE41EC100B51EC190B53EC102BFEF79F
:10AF80002DFF41EC1D0B51EC1B0B53EC1D2BFEF761
:10AF9000B3FE41EC1A0BBF488DED10AB7844109511
:10AFA00090ED000B4FF0005040EA660000EB84404B
:10AFB0008DED080B00F5002009909DED080B53EC7A
:10AFC0001C2B51EC100BFEF791FE9DED0E1B53EC6C
:10AFD000112BFEF78EFE41EC100B53EC102B9DED68
:10AFE000100B51EC100BFEF787FE9DED080B41ECAA
:10AFF0001C0B53EC102B9DED100B51EC100BFEF7BE
:10B000007BFE53EC1B2BFEF774FE53EC1C2BFEF760
:10B010006DFE53EC1D2BFEF76FFE41EC1C0B53EC49
:10B020001A2B51EC1A0BFEF767FE41EC1B0B9A48EA
:10B030000621B0EE4B0AF0EE6B0A784400F058FEA1
:10B04000B0EE401AF0EE601AB0EE41DAF0EE61DADE
:10B0500053EC1B2B51EC1B0BFEF74EFE53EC1D2B40
:10B06000FEF74AFE9DED100B41EC1B0B53EC1A2B27
:10B0700051EC100BFEF799FD53EC1C2BFEF73CFE38
:10B0800053EC1B2BFEF791FD9DED100B41EC1B0BC0
:10B0900053EC102B51EC100BFEF72EFE41EC1D0B68
:10B0A0009FED7FEB53EC1E2BFEF77FFD53EC1B2B2C
:10B0B000FEF77BFD0890CDE908519DED080B53ECA0
:10B0C0001E2B51EC100BFEF711FE53EC1D2BFEF75F
:10B0D0000DFE53EC1B2BFEF70CFE9DED080B41EC17
:10B0E0001D0B53EC102B9DED100B51EC100BFEF7CC
:10B0F00003FE41EC1B0B53EC1A2B51EC1D0BFEF71E
:10B10000FBFD9DED080B41EC1A0B53EC102B51ECA1
:10B110001C0BFEF7F1FD53EC1A2BFEF746FD41EC3C
:10B120001A0B51EC1B0B53EC1A2BFEF73EFD0C9047
:10B13000CDE90C519DED0C0B53EC1B2B51EC100B7E
:10B14000FEF7D4FD53EC1A2BFEF7D3FD41EC1B0B9D
:10B150009FED550B53EC102B9DED0C0B51EC100B90
:10B16000FEF7CAFD41EC1A0B9FED510B51EC1B0B86
:10B1700053EC102BFEF7C0FD41EC1B0B9FED4E0B6B
:10B1800053EC102B9DED0C0B51EC100BFEF7B4FDA6
:10B1900053EC1B2BFEF709FD41EC100B484878449B
:10B1A00000EBC40090ED001B51EC100B53EC112B85
:10B1B000FEF7FBFC41EC1B0B3846FEF77EFECDE9AB
:10B1C000080153EC1B2B51EC1A0BFEF7EEFC41EC83
:10B1D000100B3C48784400EBC40090ED00CB51ECE0
:10B1E000100B53EC1C2BFEF7E0FC9DED081B53EC01
:10B1F000112BFEF7DAFC0690CDE906519DED080B08
:10B2000053EC102B9DED060B51EC100BFEF76EFD71
:10B2100053EC1C2BFEF76AFD53EC1A2BFEF766FD70
:10B2200053EC1B2BFEF765FD41EC100B9DED261B2F
:10B2300053EC102B8DED001B00959DED260B51EC72
:10B24000100BFEF759FD9DED000B41EC1A0B53EC72
:10B25000102B9DED260B51EC100BFEF747FD9DEDDD
:10B26000061B53EC112B2FE0000000604715F73F41
:10B27000FE822B654715F73F44DF5DF80BAE543E69
:10B2800000000000000040438E9803007AB60B00D7
:10B290008A130000E8130000C21200000000000042
:10B2A0000000000000000840000000E009C7EE3F79
:10B2B000FD033ADC09C7EE3FF5015B14E02F3EBE0B
:10B2C0004E11000008110000FEF716FD53EC1A2B7A
:10B2D000FEF76BFC9DED060B41EC1A0B53EC102BAB
:10B2E0009DED000B51EC100BFEF706FDCDE90C01B6
:10B2F0009DED0C0B51EC1A0B53EC102BFEF755FC8B
:10B30000CDE902010C46AA498C422FDB611A0843A1
:10B3100018D19DED0C0B53EC102B9DED020B51EC55
:10B32000100BFEF7E3FC41EC1B0B9FEDA30B51EC64
:10B330001A0B53EC102BFEF738FC53EC1B2BFEF7CB
:10B3400067FF2DD2022000F05FFE00F021FE10EE1C
:10B35000901A18EE900A8DED020B8DED008B61F3C3
:10B360001E0003909DED020BFFF7BEBB944A24F034
:10B370000041914214D39349214408437FF4EFAC38
:10B380009DED0C0B53EC102B9DED020B51EC100BB3
:10B39000FEF7ACFC53EC1A2BFEF73AFF7FF6DFAC5E
:10B3A00024F000408849894A002601EB205182425E
:10B3B0002BDA481C4FF4801121FA00F02044844A13
:10B3C000C0F30A517A44A1F2FF3192ED000B814A99
:10B3D0008DED080BCA4020EA0202C0F3130040F4CE
:10B3E0008010C1F1140120FA01F60992002CB8BFB7
:10B3F00076429DED080B53EC102B9DED0C0B51ECA0
:10B40000100BFEF773FCCDE90C019DED0C0B51EC1C
:10B410001A0B53EC102BFEF7C8FB9FED6F0B089037
:10B42000CDE9085153EC102B9DED080B51EC100B9E
:10B43000FEF762FC41EC1B0B9FED690B53EC102BEC
:10B440009DED080B51EC100BFEF756FC9DED0C0B1F
:10B4500041EC1C0B53EC102B9DED080B51EC100B29
:10B46000FEF744FC53EC1A2BFEF743FC9FED5E1BEA
:10B4700053EC112BFEF740FC53EC1C2BFEF795FB15
:10B4800041EC1A0B51EC1B0B53EC1A2BFEF78DFB06
:10B49000CDE902019DED020B53EC1B2B51EC100B7F
:10B4A000FEF724FC53EC1A2BFEF723FC9DED020B58
:10B4B00041EC1A0B53EC102B51EC100BFEF71CFC5B
:10B4C000CDE908014A489DED080B0521784400F0BC
:10B4D0000FFC9DED081B51EC100B53EC112BFEF7EC
:10B4E0000BFC9DED021B53EC112BFEF702FCCDE98A
:10B4F00006019DED020B53EC1A2B51EC100BFEF7DD
:10B50000FBFB53EC1A2BFEF750FB9FED3B0B41EC82
:10B510001A0B53EC102B9DED060B51EC100BFEF7A4
:10B52000E5FB9DED060B41EC1B0B53EC102B9DED49
:10B53000020B51EC100BFEF7DFFB53EC1B2BFEF75D
:10B540004DFC53EC1A2BFEF7D1FB9DED021B53EC87
:10B55000112BFEF7CBFB53EC192BFEF7CAFBCDE901
:10B56000020101EB065001150029C8BF039015DC4C
:10B570009DED020B324651EC100BFEF7A9FDFEF7D4
:10B58000E7FE042808BF00F013FD32469DED020BD4
:10B5900051EC100BFEF79CFDCDE902019DED020B75
:10B5A00051EC180B53EC102BFEF7A6FBFFF73ABB40
:10B5B0000000904000000000FE822B654715973C7C
:10B5C00000CC904000346F3F01FCFFFF0000E03FE3
:10B5D000C00F0000FFFF0F0000000000432EE63FF9
:10B5E000396CA80C615C20BEEF39FAFE422EE63FB2
:10B5F000600E00000000000000000000000000409D
:10B6000010B52F499FED2C1B2DED020B84B0059832
:10B6100020F000408842DCBF00209DED040B32DDAD
:10B620002849884209D1049840B94FF0010000F040
:10B63000EBFC00F09DFC06B010BD05DB9DED040B9E
:10B6400000F082FC06B010BD68469DED040B00F0D2
:10B650007BF810F0030011D0012818D09DED021BDB
:10B660009DED000B02281AD000F08AFA51EC100B65
:10B6700081F0004106B041EC100B10BD9DED021BA6
:10B680009DED000B012000F0AFFB06B010BD9DED5D
:10B69000021B9DED000B00F073FA06B010BD0120F7
:10B6A00000F0A2FB51EC100B81F0004106B041EC20
:10B6B000100B10BD000000000000000000000000A2
:10B6C000FB21E93F0000F07F00B52DED048BB0EECB
:10B6D000409AF0EE609A83B051EC190BFEF70FFD23
:10B6E00041EC180B18EE100A18EE901A8DED008B35
:10B6F000002818BF0120084320F00040C0F17F60FF
:10B7000000F1E040C00F14D019EE101A19EE900AA3
:10B710008DED009B002918BF0121084320F0004057
:10B72000C0F17F6000F1E040C00F04BF012000F0D5
:10B730006BFCB0EE480A03B0F0EE680ABDEC048B77
:10B7400000BD0000000000002DE9F14F04462DED82
:10B75000020B2DED088B8AB09FEDE70B80ED020BFD
:10B76000139EE74826F0004585420ADC9DED120B4A
:10B77000002084ED000B0AB0BDEC088B03B0BDE8DF
:10B78000F08FE0489FEDE0AB9FEDE1BBA84247DDC5
:10B79000E14F9FEDE39B9FEDE48B9DED120B53EC8E
:10B7A0001A2B51EC100B002E1CDDFEF79FFA41EC1A
:10B7B000100BBD4208D053EC1B2B51EC100BFEF7C5
:10B7C00095FAC4E900010BE053EC192B51EC100B76
:10B7D000FEF78CFA53EC182BFEF788FAC4E9000147
:10B7E0000120C8E7FEF7E1F941EC100BBD4208D09B
:10B7F00053EC1B2B51EC100BFEF7D7F9C4E90001F9
:10B800000BE053EC192B51EC100BFEF7CEF953EC77
:10B81000182BFEF7CAF9C4E900014FF0FF30AAE780
:10B82000C348A84279DB9DED120B51EC100B00F0E0
:10B83000DDFC41EC180B9FEDC00B53EC102BFEF719
:10B840005BFA9FEDBF1B53EC112BFEF7AEF9FEF731
:10B85000A7FC0746FEF731FB41EC190B53EC1A2B02
:10B86000FEF74AFA53EC182BFEF743FA41EC180B9B
:10B8700053EC1B2B51EC190BFEF73EFADFF8C8A274
:10B8800041EC100B4FEA15580125FA4453EC102BEC
:10B8900051EC180BFEF72AFA032DC4E900013DD044
:10B8A000C1F30A5005EB4511A8EB000011398142A4
:10B8B00034DA0AEB051BB0EE48AA9BED000BF0EE64
:10B8C00068AA53EC102B51EC190BFEF715FA41EC5A
:10B8D0001B0B51EC1A0B53EC1B2BFEF707FA41EC38
:10B8E000180B51EC1A0B53EC182BFEF7FFF953EC25
:10B8F0001B2BFEF7FBF99BED020B41EC1A0B53ECF3
:10B90000102B51EC190BFEF7F7F953EC1A2BFEF73D
:10B91000EDF941EC100B6D1CB8E70EE0002EA8BF4E
:10B920003846BFF628AF94ED000B51EC100B81F0B8
:10B930000041C4E9000178421DE7C6F3130040F45A
:10B94000801EC6F30A50A0F2F530471100F01F0523
:10B95000C5F12000DDF848B008900020069007905F
:10B960000520EC467949002D07EB0002794408BF19
:10B9700051F8221009D051F8223001EB8201AB407E
:10B980004A68089922FA01F11943A1FB0E26A1FB8E
:10B990000B131A449A4234BF0123002303EB060819
:10B9A0000CEB8003D3E901A60E448E4234BF012183
:10B9B000002192448A4411B1924502D903E0924594
:10B9C00001D2012100E00021C3E901A641444CF865
:10B9D0002010011EA0F10100C4DC029800F100500B
:10B9E000850F0298DDE903678000DDF81480FEF71B
:10B9F00064FA41EC1A0B3046FEF744FC9FED541BF1
:10BA000053EC112BFEF778F941EC1B0B3846FEF78F
:10BA100039FC9FED511B53EC112BFEF76DF941ECF6
:10BA2000180B4046FEF72EFC9FED4D1B53EC112BDF
:10BA3000FEF762F941EC190B51EC180B53EC192B82
:10BA4000FEF7B3F853EC1B2BFEF7AFF853EC1A2BB1
:10BA5000FEF7ABF8CDE90801002008909DED080B3A
:10BA600053EC1A2B51EC100BFEF740F953EC1B2B47
:10BA7000FEF73CF953EC182BFEF738F953EC192B71
:10BA8000FEF737F99FED381B53EC112BFEF734F915
:10BA90009FED370B41EC180B53EC102B9DED080B71
:10BAA00051EC100BFEF728F953EC182BFEF77DF83C
:10BAB0009FED310B41EC180B53EC102B9DED080B57
:10BAC00051EC100BFEF718F953EC182BFEF76DF83C
:10BAD00041EC100B139810F0004F06D06D4251EC62
:10BAE000100B81F0004141EC100B284684ED000B57
:10BAF00041E600000000000000000000000000001F
:10BB0000FB21E93F7CD9024000004054FB21F93F72
:10BB10003163621A61B4D03DFB21F93F000000009F
:10BB20000000601A61B4D03D7370032E8A19A33BE4
:10BB3000FB2139410000000083C8C96D305FE43F3C
:10BB4000000000000000E03F020B0000500A00006F
:10BB5000000000000000103E000000000000103C4B
:10BB6000000000000000103A182D4454FB21F93D5C
:10BB70003326A611460B113C00000054FB21F93D71
:10BB800010B52DED040B2DED088B82B0B0EE419A6F
:10BB9000F0EE619A0B9820F000449FED4BABB4F1AE
:10BBA000795F11DA9DED0A0B51EC100BFEF7F8FAF4
:10BBB000002801BFB0EE4A0AF0EE6A0A02B0BDECFE
:10BBC000088B04BF04B010BD9DED0A0B53EC102B85
:10BBD00051EC100BFEF790F841EC180B3C48062195
:10BBE000B0EE480AF0EE680A784400F081F853ECB1
:10BBF000182B51EC100BFEF77FF89DED0A0B41EC72
:10BC00001B0B53EC192B51EC100BFEF775F841ECA4
:10BC1000190B53EC1B2B51EC180BFEF76DF853EC82
:10BC2000192BFEF763F89FED2C0B41EC190B53EC2D
:10BC3000102B51EC180BFEF75FF841EC100B284865
:10BC4000844210DA53EC192B51EC100BFEF74EF82E
:10BC500053EC1A2BFEF74DF841EC100B02B0BDEC83
:10BC6000088B04B010BD1F48A042BCBF9FED1E1B37
:10BC70008DED001B06DBA4F5001001900020009064
:10BC80009DED001B51EC100B53EC112BFEF72EF821
:10BC90009DED000B41EC180B53EC102B51EC1A0BE3
:10BCA000FEF724F841EC1A0B53EC192B51EC180B4E
:10BCB000FEF71CF853EC1A2BFEF71BF841EC100BA7
:10BCC000CCE7000000000000000000000000F03F92
:10BCD0006C07000000000000000000000000E03FD2
:10BCE0003333D33F0000E93F000000000000D23FA3
:10BCF00070B504462DED028B4D1E00EBC500B0EE75
:10BD0000408AF0EE608A90ED000B35F0060017D007
:10BD100053EC182B51EC100BFDF7EEFF41EC100B20
:10BD20006D1E04EBC50090ED001B51EC100B53ECA5
:10BD3000112BFDF73AFF41EC100B35F00600E7D16F
:10BD4000022D36D0042D1CD0062D1CBFBDEC028B5D
:10BD500070BD53EC182B51EC100BFDF7CDFF94ED9B
:10BD60000A1B53EC112BFDF720FF53EC182BFDF7AA
:10BD7000C3FF94ED081B53EC112BFDF716FF41ECAC
:10BD8000100B53EC182B51EC100BFDF7B5FF94ED95
:10BD9000061B53EC112BFDF708FF53EC182BFDF796
:10BDA000ABFF94ED040B53EC102BFDF7FEFE41ECC2
:10BDB000100B53EC182B51EC100BFDF79DFF94ED7D
:10BDC000021B53EC112BFDF7F0FE53EC182BFDF783
:10BDD00093FF94ED001B53EC112BFDF7E6FEBDEC39
:10BDE000028B41EC100B70BD31B504462DED040BF8
:10BDF0002DED0A8BB0EE41BAF0EE61BA0B989DEDD5
:10BE00000A0B20F00040B0F1795F0DDA51EC100B15
:10BE1000FEF79EFA042808BF00F0CAF89DED0A0B51
:10BE2000BDEC0A8B05B030BD53EC102B51EC100B60
:10BE3000FDF762FF41EC180B9DED0A0B53EC182B3C
:10BE400051EC100BFDF758FF41EC190B2C48B0EEEC
:10BE5000480AF0EE680A05217844FFF749FF9FED94
:10BE60002ACBB0EE40AAF0EE60AA9CB353EC1C2B98
:10BE700051EC190BFDF740FF41EC1C0B53EC1A2B56
:10BE800051EC190BFDF738FF9FED210B41EC190B1D
:10BE900053EC102B51EC1B0BFDF72EFF53EC192B21
:10BEA000FDF724FF53EC182BFDF726FF53EC1B2B5B
:10BEB000FDF71CFF53EC1C2BFDF718FF9DED0A1B33
:10BEC00053EC112BFDF715FFBDEC0A8B05B041ECCF
:10BED000100B30BDFFE753EC1A2B51EC180BFDF79C
:10BEE0000BFF53EC1C2BFDF760FE53EC192BFDF7F9
:10BEF00003FF9DED0A1B53EC112BFDF756FEE3E704
:10BF0000FC05000000000000495555555555C5BFBA
:10BF1000000000000000E03F9FED070B10B553EC60
:10BF2000102B9FED070B51EC100BFDF757FF41EC69
:10BF3000100B10BD00000000000000000000000019
:10BF4000000000000000F03F10B553EC102B51EC46
:10BF5000100BFDF72AFE41EC100B10BD10B553EC91
:10BF6000112B51EC100BFDF720FE41EC100B10BD16
:10BF70009FED050B10B553EC102B51EC100BFDF79A
:10BF80002DFF41EC100B10BD000000000000000070
:10BF90009FED050B10B553EC102B51EC100BFDF77A
:10BFA000ABFE41EC100B10BD000000000000007063
:10BFB0009FED050B10B553EC102B51EC100BFDF75A
:10BFC0009BFE41EC100B10BD0000000000000010B3
:10BFD00030EE200A704700009FED020A20EE000AB2
:10BFE000704700000000001002E008C8121F08C1DE
:10BFF000002AFAD170477047002001E001C1121FEA
:10C00000002AFBD17047000001490860704700001A
:10C01000300300202DE9FF4F8BB09A460F460546AE
:10C02000002606E025280BD052460D9990476D1C3E
:10C03000761C28780028F5D10FB03046BDE8F08F87
:10C040000024A0460122604900E0044315F8013FA6
:10C05000203B02FA03F00842F7D128782E2817D1A6
:10C0600015F8010F44F004042A280ED06FF02F02B7
:10C070002878A0F1300109290AD808EB880102EBE1
:10C08000410100EB01086D1CF2E757F8048B6D1CB1
:10C09000287869283ED006DC0028CDD063280BD054
:10C0A000642804D136E0732810D075284BD052464E
:10C0B0000D999047761C85E017F8040B8DF8000069
:10C0C00000208DF80100E946012003E057F8049BA9
:10C0D0004FF0FF3061074FF0000401D40AE0641C08
:10C0E00044450DDA8442FADB19F804100029F6D130
:10C0F00006E0641C8442FCDB19F804100029F8D126
:10C10000264404E019F8010B52460D999047641E2D
:10C11000F8D257E001CF4FF00A0B002802DA404274
:10C120002D2102E0210504D52B218DF824100121B9
:10C1300003E0E10705D02021F7E70DF12009089180
:10C140000CE00021F9E701CF4FF00A0BF9E759465F
:10C15000FDF7F3FE01F1300209F8012D0028F6D1B8
:10C16000ADEB090000F1200B600701D44FF001088E
:10C17000D84502DDA8EB0B0000E00020804600243B
:10C1800006E009A85246005D0D999047641C761C94
:10C1900008988442F5DB04E0302052460D99904720
:10C1A000761CB8F10001A8F10108F5DC05E019F8EA
:10C1B000010B52460D999047761CBBF10001ABF183
:10C1C000010BF4DC6D1C34E7092801004A68002AE1
:10C1D00006D00A68531C0B6010704868401E486007
:10C1E00070470A68531C0B601070704782B0CDE92D
:10C1F000000121F0004001909DED000B02B051ECD8
:10C20000100B704700B52DED048B83B041EC190B7A
:10C21000FDF775FF41EC180B18EE100A18EE901A96
:10C220008DED008B002818BF0120084320F000404E
:10C23000C0F17F6000F1E040C00F14D019EE101A79
:10C2400019EE900A8DED009B002918BF01210843CB
:10C2500020F00040C0F17F6000F1E040C00F04BF5B
:10C260000120FFF7D1FE51EC180B03B0BDEC048B9D
:10C2700000BD000000000000000000000000E03FE2
:10C28000000000000000E0BF0000E0FE422EE63F9C
:10C290000000E0FE422EE6BF763C7935EF39EA3DFC
:10C2A000763C7935EF39EABD3E5555555555C53F74
:10C2B00093BDBE166CC166BF2CDE25AF6A56113F1A
:10C2C000F16BD2C541BDBBBED0A4BE726937663E1C
:10C2D000000000000000F03F000000000000F83FF8
:10C2E00000000000000000000000004003B8E23F32
:10C2F000000000000000000006D0CF43EBFD4C3EE4
:10C30000033333333333E33FFFAB6FDBB66DDB3FD8
:10C310004D268F515555D53F01411DA96074D13F20
:10C3200065DBC9934A86CD3FEF4E454A287ECA3F1A
:10C330003E5555555555C53F93BDBE166CC166BF9C
:10C340002CDE25AF6A56113FF16BD2C541BDBBBE95
:10C35000D0A4BE726937663E4C5555555555A53F1C
:10C360007751C1166CC156BF9015CB19A001FA3E8A
:10C37000AD529C804F7E92BEC4B1B4BD9EEE213EB4
:10C38000D43888BEE9FAA8BD000000000000000013
:10C3900000004054FB21F93F3163621A61B4D03D83
:10C3A0000000601A61B4D03D7370032E8A19A33B5C
:10C3B0000000002E8A19A33BC14920259A837B39AE
:10C3C00000000000000000006E83F9A22915444E11
:10C3D000D15727FCC0DD34F5999562DB4190433C91
:10C3E000AB6351FE61C5BBDE3A6E24B7E0D24D426D
:10C3F000EA2E49061C92D1091CEB1DFE3EA729B16D
:10C40000F53582E88444BB2E26709CE9417E5FB4FA
:10C4100039D69139F43953838B5F849C3B28F9BD1D
:10C42000FF97F81F0F9805DE8B112FEF1F6D0A5A2B
:10C43000CF7E366DB709CB27663F464F2DEA5F9E0C
:10C44000C7BA27757BF1E5EBF739073DEA92528AC7
:10C45000B15FFB6B085D8D1FA6F810111111813FB4
:10C46000D561C119A0012ABF7DFEB157E31DC73EAA
:10C47000EB9C2B8AE6E55ABE7CD5CF5A3AD9E53DEE
:10C48000A0C4000800000020340300009EA20008A1
:10C490007CC50008340300208C2F0000F8BF000882
:10C4A000411BFF01041A02041A03041A04041A05AA
:10C4B000041A06041A07041A08041A09041A0A04BA
:10C4C0001A0B041A0C041A0D0402B20E1A8AE41A8A
:10C4D000C2EC29081AB8081ADA081ACB041AD60CC2
:10C4E0001A1C081AB3081A0E041A18041AA4041AFB
:10C4F0001214C132FE35CDCCCC3D223F1A8004113E
:10C500001A400819041AA0041AC0041B20410C196F
:10C51000041AF0041B70420819043434436452C8EE
:10C520001A8C10430243295B14A08601180835FABF
:10C530008E3CDB0F493C011A4B30750409161C81F7
:10C540000227141A42DC726929F81A2C10323C7244
:10C550000A89B0013E32070244056B7A039B1168D9
:10C560000901020304060708090CA910C11AAA014F
:0CC570000111023E281AFF0141000000EA
:040000050800018965
:00000001FF
