:020000040800F2
:10000000103400202564000845020008470200085B
:100010004B0200084F0200085302000800000000D5
:100020000000000000000000000000009D0100082A
:100030005702000800000000E10100083F9400089A
:100040003F6400083F6400083F6400083F64000804
:100050003F6400083F6400083F6400083F640008F4
:10006000A5040008E90400083F640008190300081B
:10007000FB020008570300083F64000875020008EF
:100080003F640008810200083F6400083F640008E4
:100090003F6400083F6400083F6400083F640008B4
:1000A0003F640008C1030008ED0300083F64000836
:1000B000EF0300081D040008490400083F6400081D
:1000C0003F6400083F6400083F640008A104000882
:1000D0003F6400085D0200083F6400083F640008B8
:1000E0003F6400083F6400083F6400083F64000864
:1000F0003F6400083F6400083F64000833030008C1
:100100003F6400083F64000875040008A304000869
:100110003F6400083F640008930300089F03000841
:100120003F6400089B020008CD0200083F640008FD
:100130003F6400083F6400083F6400083F64000813
:100140003F6400083F6400083F6400083F64000803
:10015000ED0200083F6400083F6400083F640008A7
:100160003F6400083F6400083F6400083F640008E3
:100170003F6400083F6400083F6400083F640008D3
:100180003F6400083F640008DFF80CD00AF0BCFCB4
:10019000004800474161000810340020234B1968D3
:1001A0000868B0E8F04F80F309884FF0000080F352
:1001B000118870470000000003480068006880F361
:1001C000088862B600DF00BF08ED00E0DFF80C0031
:1001D000016841F470010160704700BF88ED00E0E4
:1001E000EFF30980114B1A681EF0100F08BF20EDC5
:1001F000108A20E9F04F106008B54FF0140080F32A
:10020000118809F0E4FC4FF0000080F31188BDE88C
:10021000084019680868B0E8F04F1EF0100F08BFDA
:10022000B0EC108A80F30988704700BF4C040020AE
:10023000EFF311804FF0140181F31188704780F3C0
:1002400011887047704700BFFEE700BFFEE700BFA0
:10025000FEE700BFFEE770477047704710B540F2F9
:100260002551A24808F0FFF918B120219F4808F055
:10027000F1F910BD10B59E499E4807F029F910BD4F
:1002800010B59D499B48303007F0F8F820B19A49E5
:100290009848303007F01CF910BD10B597499848C0
:1002A00007F0ECF888B19549954807F011F901F08D
:1002B000BFFD0021924807F037F80421904807F06D
:1002C00054F801218E4807F02FF810BD10B58D4964
:1002D0008B48183007F0FCF88B4840788A49097839
:1002E00040EA012000B28949088010BD10B5884954
:1002F0008348603007F0ECF810BD10B57F497D48A9
:10030000483807F0BBF830B17C497A48483807F0E4
:10031000DFF800F0B7FA10BD10B57E4975486038B7
:1003200007F0ACF820B17B497248603807F0D0F88C
:1003300010BD10B578496F48483007F09FF848B1B4
:1003400000216C48483006F0EFFF73496948483097
:1003500007F0BEF810BD10B56A496648303807F09E
:100360008DF8A8B167496348303807F0B1F801F05B
:1003700020FC00215F48303806F0D6FF04215D489C
:10038000303806F0F2FF01215A48303806F0CCFF31
:1003900010BD10B50121614807F0C2FE10BD10B5B7
:1003A00001215F4807F0BCFE7A2050498880012176
:1003B0005C4808F067F801215B4808F063F810BD5D
:1003C00010B50121594807F0ABFE5848008800F0ED
:1003D000100028B156480068401E5549086004E0E6
:1003E00053480068401C5249086010BD704710B562
:1003F0000121880707F094FE4FF08040008800F04C
:10040000100028B14B480068401E4A49086004E0CB
:1004100048480068401C4749086010BD10B50121DC
:10042000454807F07DFE4448008800F0100028B1E0
:1004300042480068401E4149086004E03F480068A7
:10044000401C3E49086010BD10B501213C4807F032
:1004500067FE3B48008800F0100028B1394800686A
:10046000401E3849086004E036480068401C3549A1
:10047000086010BD10B50121334807F051FE324825
:10048000008800F0100028B130480068401E2F4955
:10049000086004E02D480068401C2C49086010BD2D
:1004A0007047704710B5042007F0AAF8D8B1202192
:1004B000274806F02EF90421264806F005F9012800
:1004C00004D10021164807F0ABF909E004212148C6
:1004D00006F0FAF820B9124807F0A6F91E4908609C
:1004E00004201E49086010BD704700000010014044
:1004F00020800020706002400080202000880010D2
:100500002864024000802010680600208C00002033
:10051000008800202080001000800028001000408B
:100520000014004000480040001401400000014059
:100530006C000020700000200004004074000020C7
:100540000008004088000020000C004078000020D7
:1005500000000240000C024068000020143C0140F2
:1005600070B50446204609F01BFF05462146FE48AB
:1005700009F01DFFA0B195222146FB4809F004FFB8
:100580000021FA4806F0D0FEF748F8490C3108601F
:10059000F648B838C0F8BC500121F44806F0C4FE53
:1005A00070BD70B50446002510E0605D68B1615D06
:1005B000EF4807F092FF00BF8021ED4808F03DF8BA
:1005C0000028F9D0681CC5B200E070BDEDE770B539
:1005D000044600250FE05CB12146E54807F07DFFA9
:1005E00000BF8021E24808F028F80028F9D000E098
:1005F00070BD681CC5B2032DEDDB00BFF8E713B575
:100600000C460020FFF7E3FFDAA0FFF7CAFF2346FE
:10061000D9A29621D9480AF0C1FAD848FFF7C1FFFC
:10062000D7A0FFF7BEFFD4A29621D448009B0AF0C2
:10063000B5FAD248FFF7B5FFD3A0FFF7B2FFFF200E
:10064000FFF7C5FFFF20FFF7C2FFFF20FFF7BFFF47
:100650001CBD70B505460C46C6A0FFF7A2FF22469A
:10066000C5A1C6480AF0B2FAC448FFF79AFFC4A071
:10067000FFF797FF2846FFF794FFC3A0FFF791FF0E
:10068000FF20FFF7A4FF70BD77B585B00546FF26B4
:10069000BBA103C9CDE90301BBA000680290B5A0CE
:1006A0000068019000240AE00020B8490855B849C4
:1006B0000855B2490855AC490855601CC4B21E2CF7
:1006C000F2DB0A20AD490870FF2048708870C870BE
:1006D000A9A1AF48079A0AF079FAAD4901A809F033
:1006E00047FE01A9A54809F043FE03A9A34809F064
:1006F0003FFE2946A14809F03BFE9FA1A448069A67
:100700000AF064FAA2499D4809F032FE02A99B480A
:1007100009F02EFEFF209D490870487088709748A8
:1007200009F026FE9548FFF71BFF08B070BDF7B52E
:1007300084B005460E46FF2791A103C9CDE9020109
:1007400091A0006801908BA000680090002408E050
:1007500000208E4908558E49085588490855601C67
:10076000C4B20A2CF4DB0A2084490870FF204870C8
:100770008870C87080A18648069A0AF027FA8449D2
:10078000684609F0F5FD69467C4809F0F1FD02A9CB
:100790007A4809F0EDFD2946784809F0E9FD31462F
:1007A000764809F0E5FD01A9744809F0E1FDFF2054
:1007B00076490870487088700020C87008716F48CA
:1007C00009F0D6FD6D48FFF7CBFE07B0F0BD01B5CF
:1007D0008EB070A2322101A80E9B0AF0DFF901A8A9
:1007E000FFF7BEFE0FB000BD73B584B00546FF260F
:1007F00063A103C9CDE9020163A0006801905DA077
:100800000068009000240AE0002060490855604913
:1008100008555A49085554490855601CC4B21E2C45
:10082000F2DB0A2055490870FF2048708870C870B4
:1008300051A15748059A0AF0C9F95549684609F087
:1008400097FD69464D4809F093FD02A94B4809F010
:100850008FFD2946494809F08BFD4D49474809F06D
:1008600087FD01A9454809F083FDFF20474908702D
:1008700048708870414809F07BFD4048FFF770FEE2
:1008800006B070BD1CB54648007845494978084413
:100890004349897808444249C9780844404909795C
:1008A00008443F49497908443D49897908443C490D
:1008B000C97908443A49097A0844C0B201903848D5
:1008C000007A00F00F0000909DF800000D2803D082
:1008D0000021344807F0D6FD1CBD3148007A00F0F5
:1008E0000F000D2806D12E48007800F0010008B155
:1008F0000D2070470020FCE72948007800F0020036
:1009000008B1012070470020FCE730B52DED048BC5
:1009100083B0254806F088FF2449096840EA01456C
:10092000284609F0DAFE41EC190B9FED210B53EC40
:10093000102B09F063FE41EC180B09F0DFFE01906B
:1009400000244DE0184806F06FFF1849096840EA96
:100950000145284609F0C1FE41EC190B9FED140B2F
:1009600053EC102B28E00000C2050020B8600240C4
:100970000050004074000000256400008C0400203A
:100980002E7478743D2200002200000072050020C1
:100990004A0500206A302E76616C3D256400000017
:1009A000A40600200048004000040040740000201D
:1009B0006666666666A64E4009F020FE41EC180B9E
:1009C00009F09CFE0290DDE90121881A002801DB74
:1009D000014600E04142052900DA641C02980190BA
:1009E000022CAFDB0298404203B0BDEC048B30BD5B
:1009F00030B52DED048B83B0FE4806F015FFFE499F
:100A0000096840EA0145284609F067FE41EC190BE8
:100A10001FED190B53EC102B09F0F0FD41EC180BF6
:100A200009F06CFE0190002423E0F24806F0FCFE81
:100A3000F149096840EA0145284609F04EFE41ECBB
:100A4000190B1FED250B53EC102B09F0D7FD41ECD2
:100A5000180B09F053FE0290DDE90121881A0028E5
:100A600001DB014600E04142052900DA641C0298DE
:100A70000190022CD9DB029803B0BDEC048B30BD91
:100A800030B52DED048B83B04FF0804006F0CCFEE6
:100A9000DA49096840EA0145284609F01EFE41ECA2
:100AA000190B1FED3D0B53EC102B09F0A7FD41EC8A
:100AB000180B09F023FE0190002424E04FF0804041
:100AC00006F0B2FECD49096840EA0145284609F022
:100AD00004FE41EC190B1FED4A0B53EC102B09F0EF
:100AE0008DFD41EC180B09F009FE0290DDE90121B2
:100AF000881A002801DB014600E04142052900DA9E
:100B0000641C02980190022CD8DB0298404203B08A
:100B1000BDEC048B30BD1CB5B94806F085FEB94963
:100B2000096840EA0140322190FBF1F00090002476
:100B300017E0B34806F078FEB249096840EA014080
:100B4000322190FBF1F00190DDE90021881A0028A4
:100B500001DB014600E04142322900DA641C0198C1
:100B60000090022CE5DB0199002901DB08461CBD41
:100B70004842FCE701B581B000200090019800EBED
:100B8000C0004000009002E00098401E00900098D5
:100B90000028F9D10CBD01B581B00020009044F2CD
:100BA000506101984843009002E00098401E009078
:100BB00000980028F9D10CBD1CB501211F2005F0BB
:100BC00067FF4FF6FF70009001208DF804000020B1
:100BD0008DF8060001208DF8070003208DF8050030
:100BE0006946894805F00EFD4FF6FF700090012020
:100BF0008DF8040000208DF8060001208DF8070014
:100C000003208DF805006946804805F0FBFC4FF68F
:100C1000FF70009001208DF8040000208DF8060080
:100C200001208DF8070003208DF8050069467848FB
:100C300005F0E8FC1CBD1CB501217E2005F028FF55
:100C4000C020009000208DF8040001208DF80700DE
:100C500002208DF8050069466E4805F0D3FC062099
:100C6000009000208DF8040001208DF8070002207C
:100C70008DF805006946644805F0C4FC0420009026
:100C800000208DF8040001208DF8070002208DF867
:100C9000050069465D4805F0B5FC1CBD1FB54FF465
:100CA000E06005F0D1FB36208DF8000000208DF8C3
:100CB00001008DF8020001208DF80300684605F060
:100CC000C8FB0121102005F016FF3220ADF804000A
:100CD00040F2E73002900020ADF80C00ADF80600BD
:100CE00001A94D4806F053FD01214B4807F018FAC1
:100CF00001221146484807F0EBF90021464806F06A
:100D00008FFD0121444806F0CBFD1FBD1FB54FF4F8
:100D1000E06005F099FB37208DF8000000208DF889
:100D200001008DF8020001208DF80300684605F0EF
:100D300090FB0121202005F0DEFE3220ADF80400FA
:100D400040F2E73002900020ADF80C00ADF806004C
:100D500001A9324806F01BFD0121304807F0E0F9F7
:100D6000012211462D4807F0B3F900212B4806F067
:100D700057FD0121294806F093FD1FBD00B58BB03A
:100D80000121022005F0C8FE01210C2005F080FEA3
:100D9000032206211D4805F0C0FC032207211B4841
:100DA00005F0BBFC03220821184805F0B6FC03221D
:100DB0000921164805F0B1FC4FF47070069002202E
:100DC0008DF81C0003208DF81D0000208DF81E00FA
:100DD00001208DF81F0006A90C4805F013FCA42083
:100DE000ADF8200040F6B83009904FF48070ADF8AF
:100DF000280015E0000C0040780000207000002062
:100E00000008004088000020000402400008024062
:100E1000000C02400000024000100040001400409E
:100E20000020ADF8220008A9FE4806F0B0FC6020C2
:100E3000ADF804000120ADF8060000200390ADF8E5
:100E400010000121F74806F02BFD0021F54806F0BF
:100E5000E7FC01A9F34806F02FFD01A9F14806F0CF
:100E600064FD01A9EF4806F0ADFD01A9ED4806F0CB
:100E70000FFE0121EB4807F004F90BB000BD00B5EF
:100E80008BB00121082005F036FE0121084605F04F
:100E9000FFFD02220021E44805F03FFC022201216F
:100EA000E14805F03AFC02221146DF4805F035FC26
:100EB00002220321DC4805F030FC0F2006900220BE
:100EC0008DF81C0003208DF81D0000208DF81E00F9
:100ED00001208DF81F0006A9D34805F093FBBA2026
:100EE000ADF8200042F2107009900020ADF8280003
:100EF000ADF8220008A9CD4806F049FC6020ADF805
:100F000004000120ADF8060000200390ADF81000A9
:100F10000121C64806F0C4FC0021C44806F080FC4C
:100F200001A9C24806F0C8FC01A9C04806F0FDFCB2
:100F300001A9BE4806F046FD01A9BC4806F0A8FD7F
:100F40000121BA4807F09DF80BB000BD00B58BB089
:100F50000121042005F0CFFD01210D2005F098FDB1
:100F600002220C21B24805F0D8FB02220D21B04824
:100F700005F0D3FB02220E21AD4805F0CEFB022284
:100F80000F21AB4805F0C9FB4FF4704006900220DA
:100F90008DF81C0003208DF81D0000208DF81E0028
:100FA00001208DF81F0006A9A14805F02BFBA42005
:100FB000ADF8200040F6B83009904FF48070ADF8DD
:100FC00028000020ADF8220008A99A4806F0DFFBAF
:100FD0006020ADF804000120ADF806000020039069
:100FE000ADF810000121934806F05AFC0021914809
:100FF00006F016FC01A98F4806F05EFC01A98D4899
:1010000006F093FC01A98B4806F0DCFC01A9894895
:1010100006F03EFD0BB000BD00B589B0012108040B
:1010200005F07AFD0121084605F032FD0322114644
:101030007D4805F072FB032202217B4805F06DFB21
:101040000C20019002208DF8080003208DF8090083
:1010500000208DF80A0001208DF80B0001A97248CC
:1010600005F0D0FA0020ADF818004FF6FF70079099
:101070000020ADF82000ADF81A0006A96E4806F071
:1010800086FB0420ADF80C000020ADF80E00C8204F
:10109000ADF814000120ADF8100003A9664806F071
:1010A0004DFF00231A460321644807F0E4F80121AC
:1010B000624807F035F801221146604807F008F849
:1010C00001215D4806F0ECFB00215C4806F0A8FB1E
:1010D00009B000BD00B589B00121084605F00BFD3F
:1010E0000121022005F007FD0121032005F0D0FCBD
:1010F00001220F214C4805F010FB0122032150482A
:1011000005F00BFB022204214D4805F006FB0222EC
:1011100005214B4805F001FB3820019002208DF895
:10112000080003208DF8090000208DF80A00012036
:101130008DF80B0001A9424805F064FA4FF4004015
:10114000019002208DF8080003208DF8090000208E
:101150008DF80A0001208DF80B0001A9324805F036
:1011600051FA0020ADF818004FF6FF7007900020EC
:10117000ADF82000ADF81A0006A94FF0804006F047
:1011800006FB06A92F4806F002FB0420ADF80C0070
:101190000220ADF80E001420ADF814000120ADF8C7
:1011A000100003A9800706F0C9FE03A9254806F030
:1011B000C5FE02231A460321580707F05CF80223F4
:1011C0001A4603211F4807F056F80121880706F048
:1011D000A7FF01211B4806F0A3FF0122114690073B
:1011E00006F076FF01221146164806F071FF012134
:1011F000880706F055FB0121124806F051FB00213B
:101200004FF0804006F00CFB00210E4806F008FB72
:101210004FF4C06005F018F91D208DF80000032080
:1012200012E000000004014000000240000C0040F9
:10123000000C024000080040000001400040014056
:1012400000040240000400408DF8010000208DF8E9
:10125000020001208DF80300684605F0FAF81C2012
:101260008DF8000004208DF8010000208DF80200A8
:1012700001208DF80300684605F0EBF809B000BDC9
:1012800000B589B00121084605F046FC0121102077
:1012900005F0FEFB4FF42060019002208DF808005D
:1012A00003208DF8090000208DF80A0001208DF838
:1012B0000B0001A9FE4805F0A5F901220921FC480F
:1012C00005F02BFA01220B21F94805F026FA00203F
:1012D000ADF818004FF6FF7007900020ADF8200021
:1012E000ADF81A0006A9F34806F051FA0420ADF84B
:1012F0000C000020ADF80E000A20ADF8140001200B
:10130000ADF8100003A9EB4806F018FE00231A46BA
:101310000321E84806F0AFFF0121E64806F000FF90
:1013200001221146E34806F0D3FE0121E14806F010
:10133000F7FE01221146DF4806F0CAFE0121DD4812
:1013400006F0AEFA0021DB4806F06AFA4FF4C060FE
:1013500005F07AF819208DF8000001208DF80100C1
:1013600000208DF8020001208DF80300684605F08A
:1013700070F809B000BD00B589B00121042005F066
:10138000BAFB0121082005F083FB4FF44050019087
:1013900002208DF8080003208DF8090000208DF848
:1013A0000A0001208DF80B0001A9C34805F02AF9B5
:1013B0000020ADF818004FF6FF7007900020ADF840
:1013C0002000ADF81A0006A9BC4806F0E0F9022298
:1013D0000C21B94805F0A1F902220D21B64805F00B
:1013E0009CF90420ADF80C000220ADF80E00C820D6
:1013F000ADF814000120ADF8100003A9AF4806F0C5
:101400009DFD02231A460321AC4806F034FF01215A
:10141000AA4806F085FE01221146A84806F058FEAB
:101420000121A64806F03CFA0021A44806F0F8F98C
:101430000020A249143108800120A04908804FF4FF
:10144000C06005F001F81E208DF8000004208DF822
:10145000010000208DF8020001208DF8030068468D
:1014600004F0F7FF09B000BD00B589B001210820E4
:1014700005F041FB0121084605F00AFB032001901D
:1014800002208DF8080003208DF8090000208DF857
:101490000A0001208DF80B0001A9894805F0B2F877
:1014A0000020ADF818004FF6FF7007900020ADF84F
:1014B0002000ADF81A0006A9824806F068F9022259
:1014C00000217F4805F029F9022201217C4805F01E
:1014D00024F90420ADF80C000220ADF80E00C8205D
:1014E000ADF814000120ADF8100003A9754806F00E
:1014F00025FD02231A460321724806F0BCFE012195
:10150000704806F00DFE012211466E4806F0E0FD1F
:1015100001216C4806F0C4F900216A4806F080F900
:1015200000206849143108800120664908804FF482
:10153000C06004F089FF32208DF8000004208DF88F
:10154000010000208DF8020001208DF8030068469C
:1015500004F07FFF09B000BD00B59BB001215A48DF
:1015600005F096FA0121080205F0D6FA0020029053
:101570005648039056480490002005900820069095
:10158000002007904FF48060089040000990800090
:101590000A9040110B9040020C9000200D90012009
:1015A0000E9000200F90109002A94A4805F082FE8C
:1015B0000121484805F0B8FE3C20009003208DF83A
:1015C000040000208DF8070069463D4805F01AF830
:1015D0003C20009003208DF8040000208DF80700C7
:1015E00069463D4805F00EF80020119012901390C6
:1015F000149011A805F0C4FB4FF0807015900120E5
:101600008DF858008DF85900002017901890199007
:1016100008208DF8680015A92C484C3805F081FB8E
:1016200000230122022129484C3805F000FC002348
:101630000222032125484C3805F0F9FB0023032240
:10164000042122484C3805F0F2FB00230422052136
:101650001E484C3805F0EBFB002305220C211B48EB
:101660004C3805F0E4FB002306220D2117484C38C6
:1016700005F0DDFB002307220E2114484C3805F04D
:10168000D6FB002308220F2110484C3805F0CFFB71
:1016900001210E484C3805F075FC01210B484C38EF
:1016A00005F065FC012109484C3805F080FB15E088
:1016B0000010024000000140000C02400008004001
:1016C00000000240000C0040050040004C2001409A
:1016D000580600201064024000080240FE484C38C2
:1016E00005F001FC1BB000BD08B54FF4E06004F04C
:1016F000ABFE25208DF8000000208DF801008DF84C
:10170000020001208DF80300684604F0A2FE08BD27
:1017100010B596B004460121102005F0FDF9012115
:10172000084605F0B5F90121880505F0B1F94FF437
:10173000C060009002208DF8040000208DF80600A3
:101740008DF8070002208DF805006946E34804F093
:1017500059FF07220921E14804F0DFFF07220A218F
:10176000DE4804F0DAFF02940020ADF80C00ADF87A
:101770000E00ADF81000ADF814000C20ADF812000A
:1017800002A9D74806F0F6FD0121D54806F07AFEF9
:101790004FF4A06004F058FE3A208DF818000020A5
:1017A0008DF819008DF81A0001208DF81B0006A88D
:1017B00004F04FFECB4805F0DBFC4FF000600790D3
:1017C00000200A90C84809900A200B90C448001DC8
:1017D000089000200C904FF480600D9000200E9037
:1017E0000F904FF4807010904002119004201290DE
:1017F0000320139000201490159007A9B94805F014
:1018000059FD01224021B64806F0E9FE01221021CF
:10181000B44805F016FE0121B24805F085FD16B06A
:1018200010BD10B596B004460121480505F030F909
:101830000121480405F05FF90121082005F028F98D
:101840006020009002208DF8040000208DF8060032
:101850008DF8070002208DF805006946A34804F0C2
:10186000D1FE07220521A14804F057FF07220621D7
:101870009E4804F052FF02940020ADF80C00ADF831
:101880000E00ADF81000ADF814000C20ADF81200F9
:1018900002A9974806F06EFD0121954806F0F2FD79
:1018A0004FF4A06004F0D0FD11208DF81800002046
:1018B0008DF819008DF81A0001208DF81B0006A87C
:1018C00004F0C7FD8B4805F053FC4FF00060079013
:1018D00040200A908848099050200B908448001DB1
:1018E000089000200C904FF480600D9000200E9026
:1018F0000F904FF4807010904002119004201290CD
:101900000320139000201490159007A9794805F042
:10191000D1FC01228021764806F061FE012280215F
:10192000734806F05CFE01221021724805F089FD23
:101930000121704805F0F8FC16B010BD10B596B046
:1019400004460121880405F0D6F80121082005F09D
:101950009FF80121480505F09BF84FF44070009076
:1019600002208DF8040000208DF806008DF8070095
:1019700002208DF8050069465C4804F043FE07220A
:1019800008215A4804F0C9FE07220921574804F0EB
:10199000C4FE02940020ADF80C00ADF80E00ADF8C6
:1019A0001000ADF814000C20ADF8120002A9534845
:1019B00006F0E0FC0121514806F064FD4FF4A06000
:1019C00004F042FD0C208DF8180000208DF819005D
:1019D0008DF81A0001208DF81B0006A804F039FDCF
:1019E0004448783805F0C4FB4FF0006007900020B1
:1019F0000A90434809900A200B904048001D089027
:101A000000200C904FF480600D9000200E900F90FD
:101A10004FF4807010904002119004201290032027
:101A2000139000201490159007A93248783805F0DB
:101A300041FC01224021314806F0D1FD0122402124
:101A40002E4806F0CCFD012210212A48783805F0F6
:101A5000F8FC01212748783805F066FC16B010BD67
:101A600010B596B004460121C80405F044F80121E0
:101A7000042005F00DF80121480505F009F84FF4A0
:101A80004060009002208DF8040000208DF80600D0
:101A90008DF8070003208DF805006946194804F009
:101AA000B1FD08220A21174804F037FE08220B2155
:101AB000144804F032FE02940020ADF80C00ADF89A
:101AC0000E00ADF81000ADF814000C20ADF81200B7
:101AD00002A90D481AE000004C200140000002401D
:101AE000001001404064024068060020000C0240E3
:101AF00000440040A0600240040000200048004074
:101B0000A406002000080240004C004006F032FC11
:101B10000121FC4806F0B6FC4FF4A06004F094FCF0
:101B20000D208DF8180003208DF8190001208DF884
:101B30001A008DF81B0006A804F08BFCF24805F093
:101B400017FB4FF00060079000200A90EF480990C3
:101B500004200B90EB48001D089000200C904FF4DF
:101B600080600D9000200E900F9010904FF4003088
:101B700011900020129003201390002014901590D3
:101B800007A9E14805F096FB01224021DD4806F057
:101B900026FD01228021DB4806F021FD01221021D3
:101BA000D94805F04EFC0121D74805F0BDFB16B021
:101BB00010BD08B500200090D448007811280FD13E
:101BC000D248C07812280BD1D0484078CF498978C4
:101BD00040EA01200090BDF80000CD49088002E0F5
:101BE0000420CB49088008BD10B596B004460121F9
:101BF000480504F04DFF0121080504F07CFF012198
:101C00000C2004F045FF0420009002208DF8040011
:101C100000208DF806008DF8070002208DF80500E1
:101C20006946BC4804F0EEFC4FF48050009002205E
:101C30008DF8040000208DF806008DF807000220C2
:101C40008DF805006946B44804F0DCFC0822022146
:101C5000B04804F062FD08220C21AF4804F05DFD9D
:101C60004FF4A06004F0F0FB2F208DF81800052041
:101C70008DF819008DF81A0001208DF81B0006A8B8
:101C800004F0E7FB02940020ADF80C00ADF80E0064
:101C9000ADF81000ADF814000C20ADF8120002A948
:101CA0009E4806F067FB01219C4806F0EBFB964836
:101CB000783005F05DFA4FF00060079040200A9000
:101CC0009748099096200B909448001D089000209A
:101CD0000C904FF480600D9000200E900F901090AB
:101CE0004FF4003011900020129003201390002038
:101CF0001490159007A98448783005F0DBFA01228A
:101D00008021864806F06BFC012210217E48783045
:101D100005F097FB01217C48783005F005FB16B0F3
:101D200010BD10B596B004460121202004F0F4FE49
:101D30000121042004F0ACFE0121880504F0A8FE76
:101D4000C020009002208DF8040000208DF80600CD
:101D50008DF8070003208DF8050069466E4804F0F1
:101D600051FC082206216C4804F0D7FC0822072108
:101D7000694804F0D2FC02940020ADF80C00ADF8E4
:101D80000E00ADF81000ADF814000C20ADF81200F4
:101D900002A9644806F0EEFA0121624806F072FBDF
:101DA0004FF4A06004F050FB39208DF81800032098
:101DB0008DF8190001208DF81A008DF81B0006A877
:101DC00004F047FB584805F0D3F94FF02060079026
:101DD00000200A905548099004200B905148001D9E
:101DE000089000200C904FF480600D9000200E9021
:101DF0000F9010904FF400301190002012900320AB
:101E0000139000201490159007A9474805F052FA46
:101E100001224021434806F0E2FB01221021424802
:101E200005F00FFB0121404805F07EFA16B010BD09
:101E30000CB50020019000903C480078022812D197
:101E40003A48407801903948C0783849897840EA62
:101E5000012000909DF8040035490870BDF800008D
:101E60003449088004E00420314908703149088071
:101E70000CBD00B585B00121082004F009FE012148
:101E8000880304F049FE00208DF8100001208DF831
:101E900013000C20039003A91E4804F0B3FB022199
:101EA000032006F035FC0420009000208DF804008B
:101EB00010208DF8050001208DF80600684605F019
:101EC00039FB08208DF8080000208DF809008DF8F6
:101ED0000A0001208DF80B0002A804F0BAFA05B040
:101EE00000BD70B504460D46012C27D12946124885
:101EF00006F0F3FA00BF40210F4806F09EFB0028D1
:101F0000F9D044E0004C0040406002407F010020D6
:101F100084010020000C02400008024000500040F4
:101F2000C205002000140140286402408601002000
:101F30008A0100208C01002000100140032C0BD1ED
:101F40002946FE4806F0C9FA00BF4021FB4806F0CA
:101F500074FB0028F9D01AE0042C0BD12946F8486C
:101F600006F0BBFA00BF4021F54806F066FB0028EA
:101F7000F9D00CE0052C0AD12946F24806F0ADFA5A
:101F800000BF4021EF4806F058FB0028F9D070BD93
:101F90000020ED490860ED49086070470020EC49D9
:101FA0004862EC4908604FF080414862EA490860A5
:101FB000EA490860EA490860E3490860E3490860C3
:101FC000E8490860E8490860704700204FF0804108
:101FD0004862E149086070470020E0490860E04934
:101FE0000860704710B50020E0490870002407E041
:101FF00061210120FFF775FF3220FEF7CCFD641C44
:10200000022CF5D30120D94908707A20D8490870EC
:1020100010BD10B50020D7490870002407E06121E9
:102020000320FFF75EFF3220FEF7B5FD641C022C93
:10203000F5D30120CF4908707A20CF49087010BD30
:1020400010B502210420FFF74CFF6420FEF7A3FD2A
:10205000CA480088CA49086010BD2DE9F14FAEB0EA
:10206000C8A02D9000202C908DF888008DF860007D
:102070002E98122831D2DFE800F009313A41484F5A
:10208000565F68717A868D949BA2A9FD0221C6488D
:1020900004F01AFB88B100224FF40041C34804F059
:1020A00031FB4FF40041C14804F01BFB0446002201
:1020B0002146BFA0FEF7E8FA0FE00122D103BB489A
:1020C00004F020FB4FF40041B84804F00AFB04463A
:1020D00000222146BEA0FEF7D7FA52E20122C448F0
:1020E000B0F900004142C3A0FEF7CEFA49E2022255
:1020F000C2480168C2A0FEF7C7FA42E20322C34801
:102100000168C3A0FEF7C0FA3BE20422C44801689C
:10211000C4A0FEF7B9FA34E20522C5480168C5A09B
:10212000FEF7B2FA2DE2FEF7F0FB04460622214646
:10213000C3A0FEF7A9FA24E2FEF75AFC04460722E0
:102140002146C2A0FEF7A0FA1BE2FEF799FC044666
:1021500008222146C0A0FEF797FA12E2FEF7DBFC48
:10216000044609222146BFA0FEF78EFA09E20A22A0
:10217000BF4890ED000ABDEEC00A10EE101ABDA0D7
:10218000FEF782FAFDE10B22BB480168BBA0FEF717
:102190007BFAF6E10C22BD480168BDA0FEF774FA97
:1021A000EFE10D2276480168BCA0FEF76DFAE8E188
:1021B0000E22BD480168BDA0FEF766FAE1E10F22DC
:1021C000BD480168BDA0FEF75FFADAE10121BE4813
:1021D00004F07AFA4FF400511790744804F074FA3E
:1021E00004460221B84804F06FFA05464FF48041D6
:1021F0006E4804F069FA06460421B34804F064FA14
:102200004FF400411690B04804F05EFA07460821EA
:10221000AD4804F059FA80464FF48041AA4804F0D2
:1022200053FA81461021A84804F04EFA4FF40051A9
:102230001590A54804F048FA82460821A34804F006
:1022400043FA4FF4805114909F4804F03DFA102156
:1022500013909E4804F038FA4FF4806112909A4827
:1022600004F032FA83468021974804F02DFA4FF4A7
:10227000807100E026E01190934804F025FA109058
:102280001798CDE90B65CDE90D401698CDE9079873
:10229000CDE90970DDE914211398CDE9042A0691EE
:1022A0000390DDE91110CDE9001B029088A22821DE
:1022B00022A8109B08F072FC102222A98DA0FEF724
:1022C00036FA5EE18021384804F00BFA0446012119
:1022D000354804F006FA05464021334804F001FA77
:1022E00006464FF40041794804F0FBF907464FF4E5
:1022F0008051814804F0F5F980464FF480612A4806
:1023000004F0EFF981464FF400617B4804F0E9F9ED
:102310004FF400611790244804F0E3F982464FF42B
:1023200080616A4804F0DDF983464FF480511E480D
:1023300004F0D7F94FF400611690DFE00048004048
:10234000004C00400050004024080040880000205D
:10235000000001406C0000207000002024040040B8
:1023600074000020240C0040780000209100002020
:1023700090000020930000209200002084010020A3
:102380009001002031313131313131313131313150
:10239000313131313131313131313031313131312E
:1023A00031313131000000000004024000080240D9
:1023B000524F424F5420322044414E47204348411F
:1023C000592053414E2058414E483A2020200000C9
:1023D000524F424F5420322044414E4720434841FF
:1023E000592053414E20444F3A2020200000000045
:1023F0008C000020494D553A00000000B00000203C
:1024000042545F4E414E475F48413A00340300203A
:10241000204C55435F63687579656E203A00000073
:10242000240300204C75632042616E3A20000000B6
:102430009C0000204C415A45525F42414E20000012
:10244000454E434F4445525F30482000454E434F70
:102450004445525F34482000454E434F4445525F47
:1024600038482000454E434F4445525F52522000A9
:102470004C01002044433A00400300204348555992
:10248000454E5F4C415A4552203A00002C03002033
:10249000666F7263655F4C3A000000006469737494
:1024A000616E6365203A0000A40000204C415A454B
:1024B000525F504841493A00A00000204C415A4523
:1024C000525F545241493A0000100240000C024051
:1024D00025642564256425642564256425642564B4
:1024E00025642564256425642564256425642564A4
:1024F00000000000493A000000000240F84804F0E3
:10250000F0F84FF400511590F64804F0EAF84FF453
:1025100080411490F24804F0E4F84FF480411390A5
:10252000F04804F0DEF84FF480711290EE4804F0A9
:10253000D8F84FF400411190EA4804F0D2F8CDE900
:102540000B76CDE90D5410901798CDE907A0CDE991
:10255000099814A807C803ABA3E80708DDE911121E
:102560001398CDE900120290AFF29C02282122A814
:10257000109B08F013FB112222A9DCA0FEF7D7F86C
:1025800000BF00BF2FB0BDE8F08F10B50121D948C2
:1025900004F0CAFE10BD01B5D74800680099884212
:1025A00003DD0020D449086004E0D3480068401CE3
:1025B000D1490860D0480068FFF74FFD08BD10B54D
:1025C000FEF7A3F9CD490860FEF712FACC4908607E
:1025D000FEF756FACB49086010BD2DE9F0412DED0C
:1025E000088B06460F46304608F077F841EC190B89
:1025F0009FEDC51BB0EE490AF0EE690A08F0F6FE41
:10260000B0EE408AF0EE608A51EC180B08F076F8D4
:102610000446002C02DBA4F5E16401E004F5E1646A
:10262000384608F05AF841EC1B0B9FEDB71BB0EE93
:102630004B0AF0EE6B0A08F0D9FEB0EE409AF0EECD
:10264000609A304608F049F841EC1B0B9FEDAE1B39
:10265000B0EE4B0AF0EE6B0A08F0C8FEB0EE40AAEE
:10266000F0EE60AA53EC192B51EC1A0B07F04EFF59
:1026700041EC180B08F042F805462846211E01DB04
:102680000A4600E04A42002801DB034600E04342DC
:102690009A4205DA25464FF0FF309D49086003E075
:1026A000354601209A4908602846BDEC088BBDE8F4
:1026B000F0810146FA2901DDFA2102E0032900DC5C
:1026C0000221C8B2704710B504460B4624B99148A0
:1026D00000789149C87116E0904890ED000AB5EE77
:1026E000C00AF1EE10FA07DD2046FFF7E2FF8A4943
:1026F000C8710120887106E06042FFF7DAFF864961
:10270000C8710020887123B9824800788249C87551
:1027100016E0834890ED000AB5EEC00AF1EE10FA1B
:1027200007DD1846FFF7C5FF7B49C875002088758F
:1027300006E05842FFF7BDFF7749C875012088754C
:1027400022B9744800787449C87316E0754890ED52
:10275000000AB5EEC00AF1EE10FA07DD1046FFF7E9
:10276000A8FF6D49C8730020887306E05042FFF748
:10277000A0FF6949C8730120887310BD6A4B1860B7
:102780006A4B19606A4B1A607047634AD071D07502
:10279000D07370476048C079032809DA5E48C07D6D
:1027A000032805DA5C48C07B032801DA0120704762
:1027B0000020FCE701205F49086070475E48006820
:1027C00047F23051884201D0012070470020FCE7D9
:1027D00010B5FFF707FC10BD5848B0F900004042A3
:1027E0007047B5EEC00AF1EE10FA09D25448D0EDA8
:1027F000000A70EE600AFDEEE00A10EE900A7047E3
:102800004F48D0ED000A70EE200AFDEEE00A10EE0F
:10281000900AF4E710B52DED0A8B044624B99FED1C
:10282000490ABDEC0A8B10BD002C25DA4648006829
:1028300007F053FF41EC190B204607F04EFF41EC27
:102840001C0B9FED420B53EC102B07F065FE41EC87
:102850001B0B9FED400B53EC102B07F057FE41EC88
:102860001A0B53EC192B07F0C9FE41EC180B07F0BB
:1028700077FF00EE100AD4E73348006807F02DFF19
:1028800041EC190B204607F028FF41EC1C0B9FED93
:102890002F0B53EC102B07F03FFE41EC1B0B9FED71
:1028A0002D0B53EC102B07F090FD41EC1A0B53EC61
:1028B000192B07F0A3FE41EC180B07F051FF00EEB7
:1028C000100AAEE7F0EE400AF5EEC00AF1EE10FA9B
:1028D00002DBB0EE600A7047B1EE600AFBE7000071
:1028E000000C024000040240000002404F55543AE0
:1028F00000000000A060024084000020AC03002023
:10290000B0030020B4030020000000000020AC4011
:1029100080020020DC01002004000020440200208E
:10292000480200204C020020680200206C020020B7
:1029300070020020BC020020080200208C00002051
:102940009C01002000000000F401002000000000B5
:1029500000000440000000000000E03F01460029A4
:1029600001DB084670474842FCE70146FE48D0EDCF
:10297000000AF1EE600AFD48D0ED001A80EEA11ABF
:1029800000EE901AF8EEE01AF748D0ED000A41EE9A
:10299000210AB0EE600AFDEEC00A10EE900A704700
:1029A000F0EE401A9FEDF22AB0EE420AF5EEC01AA0
:1029B000F1EE10FA03D2B1EE612AF0EE421AF5EE12
:1029C000C00AF1EE10FA03D2B1EE602AF0EE420A2C
:1029D000B5EEC01AF1EE10FA03D2B1EE412AB0EE14
:1029E000421AF4EEC01AF1EE10FA01DDB0EE610AFF
:1029F000F4EEC00AF1EE10FA01DDB0EE600AB4EEBA
:102A0000C01AF1EE10FA01DDB0EE410A7047D94864
:102A100000687047D8480068704710B52DED0A8BE4
:102A2000F0EE408A18EE900A07F087FE41EC1C0B8E
:102A30001FED4B1BB0EE4C0AF0EE6C0A08F0D6FC12
:102A4000B0EE40BAF0EE60BA1FED510B53EC102B14
:102A500051EC1B0B07F0B9FC41EC1A0B1FED561B98
:102A6000B0EE4A0AF0EE6A0A08F0C0FCB0EE409AF6
:102A7000F0EE609A51EC190B07F072FE08EE100AA6
:102A80009FEDBE0AB4EEC08AF1EE10FA06DD9FEDAE
:102A9000BC0AB4EEC08AF1EE10FA0BD3B5EEC08AD0
:102AA000F1EE10FA0ADB9FEDB70AB4EEC08AF1EE40
:102AB00010FA03D80120BDEC0A8B10BD9FEDB20ABD
:102AC000B4EEC08AF1EE10FA01D80220F3E79FEDD0
:102AD000AF0AB4EEC08AF1EE10FA01D80320EAE79B
:102AE0000420E8E710B52DED108B8AB0B0EE408AD7
:102AF000F0EE608AB0EE419AA54890ED000A28EE0B
:102B0000000ADFEDA40A80EE201A11EE104A2046DA
:102B100007F013FECDE908019DED080B08F04CFA13
:102B2000B0EE40FAF0EE60FA18EE900A07F005FEFB
:102B300041EC1E0B53EC1F2B07F0EEFC41EC1C0B81
:102B400007F00EFE0AEE900A19EE100A07F0F5FDE6
:102B5000CDE906018E4890ED000A28EE000ADFED6F
:102B60008D0A80EE201A11EE104A204607F0E5FD8E
:102B700041EC1E0BB0EE4E0AF0EE6E0A09F0F8FFC3
:102B80008DED040B18EE900A07F0D7FD41EC1C0BFD
:102B90009DED040B53EC102B07F0BEFC41EC1F0B1A
:102BA0009DED060B53EC102B07F00FFCCDE908014F
:102BB0009DED080B51EC100B07F0D2FD0BEE100A47
:102BC0009FED750A38EE400A7148D0ED000A20EEFC
:102BD000200ADFED700A80EE201A11EE104A20461E
:102BE00007F0ABFDCDE908019DED080B08F0E4F915
:102BF000B0EE40FAF0EE60FA18EE900A07F09DFD94
:102C000041EC1E0B53EC1F2B07F086FC41EC1C0B18
:102C100007F0A6FD0BEE900A19EE100A07F08DFDE5
:102C200041EC1F0B9FED5C0A38EE400A5848D0ED8E
:102C3000000A20EE200ADFED570A80EE201A11EE7E
:102C4000104A204607F079FD41EC1E0BB0EE4E0A0B
:102C5000F0EE6E0A09F08CFF8DED040B18EE900A71
:102C600007F06BFD41EC1C0B9DED040B53EC102B9E
:102C700007F052FC53EC1F2BCDE906019DED060B2E
:102C800051EC100B07F0A1FBCDE908019DED080BFD
:102C900051EC100B07F064FD0DEE100A9FED3F0A9A
:102CA00038EE400A3A48D0ED000A20EE200ADFED67
:102CB000390A80EE201A11EE104A204607F03DFD39
:102CC00041EC1E0BB0EE4E0AF0EE6E0A08F074F9FD
:102CD000B0EE40FAF0EE60FA18EE900A07F02DFD23
:102CE00041EC1C0B53EC1F2B07F016FCCDE908013F
:102CF0009DED080B51EC100B07F032FD09EE900A28
:102D000019EE100A07F019FD9FED240A38EE400A6B
:102D1000CDE906011E48D0ED000A20EE200ADFEDC5
:102D20001D0A80EE201A11EE104A204607F005FD1C
:102D300041EC1E0BB0EE4E0AF0EE6E0A09F018FFE1
:102D4000B0EE40CAF0EE60CA18EE900A07F0F5FC4B
:102D500041EC1F0B53EC1C2B07F0DEFBCDE904010B
:102D60009DED060B1CE00000D4010020D8010020DE
:102D70006F12833AF40100202402002000E0444551
:102D8000000061450000E14300C0A84400A00C45DC
:102D9000E80100200000E1440000964400001645D0
:102DA00053EC102B9DED040B51EC100B07F00DFBB9
:102DB000CDE908019DED080B51EC100B07F0D0FC9C
:102DC0000AEE100AF0EE6A0AB0EE4B0A07F0CAFFEC
:102DD0005FED100A20EE200AF848D0ED000A80EEE0
:102DE000201AF74880ED001AF6480168F44890ED83
:102DF000000ABDEEC00A10EE100AFFF7EEFB00EE6F
:102E0000100AB8EEC00AEE4880ED000AEE4890EDD8
:102E1000000AB8EEC00AED4880ED000AEA480068F2
:102E200007F05BFCCDE906011BEE100A07F085FCFC
:102E300041EC1E0B9FEDE61BB0EE4E0AF0EE6E0A63
:102E400008F03AFDB0EE40FAF0EE60FA1AEE900AA1
:102E500007F073FC41EC1E0B9FEDDD1BB0EE4E0A3C
:102E6000F0EE6E0A08F028FD8DED000B53EC1F2BE1
:102E70009DED000B51EC100B07F0A7FACDE9020114
:102E80009DED020B09F0D8FEB0EE40CAF0EE60CA2C
:102E90009FEDD10B53EC102B51EC1C0B07F0AEFB4C
:102EA000CDE904019DED060B53EC102B9DED040BB9
:102EB00051EC100B07F030FBCDE908019DED080B3C
:102EC00051EC100B07F04CFCC5490860F0EE6B0AA2
:102ED000B0EE4D0A07F046FF5FED520A20EE200AE1
:102EE000B648D0ED000A80EE201ABE4880ED001AE8
:102EF000BD480168BB4890ED000ABDEEC00A10EE67
:102F0000100AFFF76AFB00EE100AB8EEC00AB548D7
:102F100080ED000AAC4890ED000AB8EEC00AB34854
:102F200080ED000AA848006807F0D7FBCDE906014C
:102F30001DEE100A07F001FC41EC1E0B9FEDA41BD7
:102F4000B0EE4E0AF0EE6E0A08F0B6FC8DED020B04
:102F50001BEE900A07F0F1FB41EC1E0B9FED9C1B52
:102F6000B0EE4E0AF0EE6E0A08F0A6FC8DED000BF6
:102F70009DED020B53EC102B9DED000B51EC100B53
:102F800007F023FA41EC1C0BB0EE4C0AF0EE6C0A91
:102F900009F052FEB0EE40FAF0EE60FA9FED8E0BB3
:102FA00053EC102B51EC1F0B07F028FBCDE904016B
:102FB0009DED060B53EC102B9DED040B51EC100B0B
:102FC00007F0AAFACDE908019DED080B51EC100BB2
:102FD00007F0C6FB86490860F0EE690AB0EE4A0ABF
:102FE00007F0C0FE5FED950A20EE200A7348D0ED91
:102FF000000A80EE201A7F4880ED001A7E480168A2
:103000007C4890ED000ABDEEC00A10EE100AFFF7F2
:10301000E4FA00EE100AB8EEC00A764880ED000A25
:10302000694890ED000AB8EEC00A744880ED000AC5
:103030006548006807F051FB41EC1F0B1AEE100ABF
:1030400007F07BFB41EC1E0B9FED611BB0EE4E0ABF
:10305000F0EE6E0A08F030FC8DED000B19EE900AD0
:1030600007F06BFB41EC1E0B9FED591BB0EE4E0AB7
:10307000F0EE6E0A08F020FCB0EE40CAF0EE60CA36
:103080009DED000B53EC102B51EC1C0B07F09DF940
:10309000CDE902019DED020B09F0CEFD8DED040B93
:1030A0009FED4D0B53EC102B9DED040B51EC100BD1
:1030B00007F0A4FA53EC1F2BCDE906019DED060B9A
:1030C00051EC100B07F028FACDE908019DED080B33
:1030D00051EC100B07F044FB494908601AEE100A46
:1030E00007F02BFB41EC1F0B9FED391BB0EE4F0A95
:1030F000F0EE6F0A08F0E0FB8DED080B19EE900A78
:1031000007F01BFB41EC1F0B9FED311BB0EE4F0A8C
:10311000F0EE6F0A08F0D0FB8DED060B9DED080B6D
:1031200053EC102B9DED060B51EC100B07F04DF9F5
:1031300041EC1C0BB0EE4C0AF0EE6C0A09F07CFD81
:10314000B0EE40EAF0EE60EA51EC1E0B07F0D6FA62
:103150002C490860264890ED000ABDEEC00A2A48B6
:1031600080ED000A294890ED000AB8EEC00AFFF78A
:1031700054FC274908600AB0BDEC108B10BDF0EE7E
:10318000400AB0EE600ABAEE0E1AF4EEC10AF1EE91
:1031900010FA04D2BAEE0E1AB0EE410A0DE0184849
:1031A00090ED001AF2EE0E1AB4EEE11AF1EE10FAFA
:1031B00003DDB2EE0E1AB0EE410A7047E8010020BE
:1031C00050020020AC0300208002002044020020B6
:1031D000000000000000004000000000000034403B
:1031E0003802002054020020B003002048020020D2
:1031F0003C02002058020020B40300204C020020B2
:10320000400200205C020020600200200802002032
:1032100064020020F848D0ED000AF5EEC00AF1EE95
:1032200010FA06DDD0ED000A70EEC00AC0ED000A0B
:1032300006E0F148D0ED000A70EE800AC0ED000A09
:10324000ED48D0ED000ABAEE0E1AF4EEC10AF1EE26
:1032500010FA04D2FAEE0E0AC0ED000A0DE0E648BC
:10326000D0ED000AB2EE0E1AF4EEC10AF1EE10FA39
:1032700003DDF2EE0E0AC0ED000A7047DE48D0ED25
:10328000000AF5EEC00AF1EE10FA06DDD0ED000AF4
:1032900070EE800AC0ED000A06E0D748D0ED000AC3
:1032A00070EEC00AC0ED000AD348D0ED000ABAEEB5
:1032B0000E1AF4EEC10AF1EE10FA04D2FAEE0E0A7A
:1032C000C0ED000A0DE0CC48D0ED000AB2EE0E1AB7
:1032D000F4EEC10AF1EE10FA03DDF2EE0E0AC0EDD3
:1032E000000A7047C548D0ED000AF5EEC00AF1EEBD
:1032F00010FA06DDD0ED000A70EEC00AC0ED000A3B
:1033000006E0BE48D0ED000A70EE800AC0ED000A6B
:10331000BA48D0ED000ABAEE0E1AF4EEC10AF1EE88
:1033200010FA04D2FAEE0E0AC0ED000A0DE0B3481E
:10333000D0ED000AB2EE0E1AF4EEC10AF1EE10FA68
:1033400003DDF2EE0E0AC0ED000A7047AB48D0ED87
:10335000000AF5EEC00AF1EE10FA06DDD0ED000A23
:1033600070EE800AC0ED000A06E0A448D0ED000A25
:1033700070EEC00AC0ED000AA048D0ED000ABAEE17
:103380000E1AF4EEC10AF1EE10FA04D2FAEE0E0AA9
:10339000C0ED000A0DE09948D0ED000AB2EE0E1A19
:1033A000F4EEC10AF1EE10FA03DDF2EE0E0AC0ED02
:1033B000000A70479248D0ED000AF5EEC00AF1EE1F
:1033C00010FA06DDD0ED000A70EEC00AC0ED000A6A
:1033D00006E08B48D0ED000A70EE800AC0ED000ACE
:1033E0008748D0ED000ABAEE0E1AF4EEC10AF1EEEB
:1033F00010FA04D2FAEE0E0AC0ED000A0DE0804881
:10340000D0ED000AB2EE0E1AF4EEC10AF1EE10FA97
:1034100003DDF2EE0E0AC0ED000A70477848D0EDE9
:10342000000AF5EEC00AF1EE10FA06DDD0ED000A52
:1034300070EE800AC0ED000A06E07148D0ED000A87
:1034400070EEC00AC0ED000A6D48D0ED000ABAEE79
:103450000E1AF4EEC10AF1EE10FA04D2FAEE0E0AD8
:10346000C0ED000A0DE06648D0ED000AB2EE0E1A7B
:10347000F4EEC10AF1EE10FA03DDF2EE0E0AC0ED31
:10348000000A704710B52DED068BB0EE408A18EE9D
:10349000100A07F052F941EC1A0B9FED5A0B53EC4E
:1034A000102B07F039F841EC190B07F059F908EE29
:1034B000900A5648006847F2305188420FD1B2EE68
:1034C000040A28EE000A524880ED000A90ED001A26
:1034D000DFED500A9FED4F0AFFF704FB24E04E4852
:1034E00000684E490968401A48490968081A00EE00
:1034F000100AB8EEC00A4A4880ED000A494890ED2B
:10350000000AF2EE080A20EE200A414880ED000A87
:1035100090ED001A444890ED000AF8EEC00A4048C9
:1035200090ED000AFFF7DEFAB5EEC08AF1EE10FA70
:103530003AD03648006847F23051884234D0334898
:1035400090ED000AB8EEC00AFFF767FA012806D02E
:1035500002280DD0032814D0042824D11AE0B0EE9C
:10356000680AFFF7BFFEB0EE680AFFF787FE1AE0B1
:10357000B0EE680AFFF752FFB0EE680AFFF7B2FE3E
:1035800011E0B0EE680AFFF7E1FEB0EE680AFFF75F
:1035900041FE08E0B0EE680AFFF70CFFB0EE680AE3
:1035A000FFF76CFE00BF00BF134890ED001A1348F0
:1035B000D0ED000A124890ED000AFFF7F1F91B4820
:1035C000D0ED000AF8EEE00A80EE801ABDEEC10AE6
:1035D000174880ED000A17480068154909688842B5
:1035E00003DD134800681349086001201249086090
:1035F000BDEC068B10BD0000400200203C02002004
:10360000380200207B14AE47E17AB43F0802002064
:10361000A4020020000000002C0200201402002060
:10362000940100201C020020F801002098010020D5
:10363000FC010020F4010020EC01002010B504463C
:103640000020FE490860FE480460FCB90020FD49E6
:1036500008601FED100AFC4880ED000A47F2305068
:10366000FA490860FA4908601FED160AF94880ED2A
:10367000000A0020F8490860F8490860F849086025
:10368000F84908601FED1D0AFFF7FCFE10BD10B5DC
:10369000F04890ED000AB5EEC00AF1EE10FA05D13F
:1036A000ED48006810B9ED48006890B11FED270A99
:1036B000E84880ED000A0020E7490860E749086013
:1036C000E9480068E9490860E24890ED000AFFF720
:1036D000D9FE10BDE648C0ED000AE64880ED000ABC
:1036E000704770B52DED028B05460C46B0EE408A52
:1036F000D6480068A8420BD1D0480068A04207D144
:10370000D14890ED000AB4EE480AF1EE10FA18D054
:10371000CA480460CB48006810B90520C949086050
:10372000D1480068D1490860C74880ED008AC74881
:1037300005600020D0490860C64890ED000AFFF7F8
:10374000A1FEBDEC028B70BD70B52DED028B044661
:10375000B0EE408A0D46C1480068A0420BD1BD487A
:1037600090ED000AB4EE480AF1EE10FA03D1BA481F
:103770000068A84237D0B548006847F23051884207
:1037800022D13220AD4908600A20AE49086047F2D4
:103790003050844218DA0120B1490860B5EEC08A81
:1037A000F1EE10FA03DDB0480068A04208DCB5EE87
:1037B000C08AF1EE10FA07D2AB480068A04203DAE3
:1037C000B1EE480AB0EE408AA4480460A248056001
:1037D000A04880ED008A0020A74908609D4890ED30
:1037E000000AFFF74FFEBDEC028B70BD10B52DED4A
:1037F000028BB0EE408A04462146B0EE480A47F2FA
:103800003050FFF7A1FFBDEC028B10BD70B5044630
:103810000D461FED800A29462046FFF762FF70BD66
:1038200010B52DED088BF0EE408A0446B0EE608AAC
:10383000B0EE419A864890ED000AB8EEC00AB4EEA8
:10384000680AF1EE10FA0DD17C480068A04209D157
:10385000824890ED000AB8EEC00AB4EE480AF1EED4
:1038600010FA5ED0BDEEE80A794880ED000A7E4984
:1038700091ED000AB8EEC00A38EEC00ABDEEC00AEB
:1038800010EE100A1FED9D0A2146FFF72AFF764829
:10389000D0ED000AF8EEE00A78EE600AB0EE600AB9
:1038A000FFF710F8DFED750AB4EEE00AF1EE10FA5A
:1038B00014DD6D4890ED000AB8EEC00AB4EEC08A7F
:1038C000F1EE10FA02DDB0EE490A01E0B1EE490A6C
:1038D00010EE101A084606F030FF13E0624890ED33
:1038E000000AB8EEC00A38EE400A10EE101A084678
:1038F00006F023FF41EC1B0B9FED610B53EC102BEB
:1039000006F00AFE41EC1A0B06F02AFF09EE900AB7
:103910000021B0EE690AFDEEC80A10EE900AFFF72A
:1039200013FFBDEC088B10BD10B54D480068012891
:103930003DDD4A4909684C4A1268881AFFF70EF8BB
:1039400005280CDA464801680068401C444A1060AB
:10395000B1F5FA7F2BDD0020FFF770FE10BD404867
:103960000068FA2808DD05203449086035490860F8
:10397000FB203B49086004E00520304908603149DC
:1039800008603948006835490968884205DDBFEE9E
:10399000000A304880ED000A04E0B7EE000A2D4826
:1039A00080ED000A2B4890ED000AFFF76BFD00BF89
:1039B000D4E710B52DED028B234890ED000AB5EE4B
:1039C000C00AF1EE10FA08D11E48006828B1234859
:1039D000006847F23051884202DBBDEC028B10BD1B
:1039E00022490968204A1268881AFEF713FFB0EED0
:1039F000408AFFF747FD00BFEFE700B518480068B1
:103A0000022815DA1FEDFD0A0F4880ED000A9FED30
:103A10001E0A104880ED000A00200F49086047F296
:103A200030500A4908600A49086000200B490860C4
:103A300011480068401C1049086027E0F801002088
:103A400000020020F40100202002002008020020D3
:103A50000C0200201C020020F001002010020020B7
:103A600024020020BC0200202C02002014020020AE
:103A7000D4010020D80100200402002000004842A8
:103A8000FCA9F1D24D62403F00000000FE490968E8
:103A9000884204DAFD480068FEF777FE0EE0FA4837
:103AA0000068FB490860FB48006820B1F7480068DF
:103AB000FEF76BFE02E00020FEF767FE00BDF44A51
:103AC0001268521CF24B1A60824207DDF24A1268F9
:103AD0000A44F14B1A600022ED4B1A60704770B532
:103AE000FEF77AFEED490860FFF71EFFEC4800681C
:103AF000002821DDE8480068E9490968884229D0A2
:103B0000E5480068E649096888420EDAE24800683C
:103B1000E449096888421DDADF480068FEF725FF9E
:103B200004460121FFF7CBFF14E04FF0FF31DE48E0
:103B30000068FFF7C4FF0DE0D7480068002806DDE5
:103B40004FF0FF31D9480068FFF7B9FF02E0FFF7F7
:103B500054FF70BDD6480068D0490968884205D036
:103B6000FFF727FFCD480068D1490860D1480068B9
:103B7000E8B3C948D0ED000AF8EEE00ACE4890ED6F
:103B8000001A60EE810AB0EE600AFEF72AFE0446D3
:103B9000C148D0ED000AF8EEE00AC84890ED001ADE
:103BA00060EE810AB0EE600AFEF71BFE0546BA48D9
:103BB000D0ED000AF8EEE00AC14890ED001A60EE80
:103BC000810AB0EE600AFEF70CFE06462246294640
:103BD000FEF779FDBB4890ED000ABDEEC00A10EE7D
:103BE000102AB94890ED000ABDEEC00A00E00AE0D4
:103BF00010EE101AB54890ED000ABDEEC00A10EEA6
:103C0000100AFEF7BBFD00BFA3E710B52DED0E8B2C
:103C1000F0EE408A1FED640AB0EE408AAC480068BE
:103C200006F08BFD41EC1C0B9FEDAA0B53EC102B07
:103C300006F072FC41EC1A0B18EE900A06F07DFDBE
:103C400041EC1C0B9FEDA50B53EC102B06F064FC14
:103C500041EC1B0B53EC1A2B06F0B7FB41EC190B94
:103C600006F07EFD9A490860084690ED000A20EEB5
:103C7000000A10EE101A084606F05FFD41EC1A0B20
:103C8000B0EE4A0AF0EE6A0A08F0D6FFB0EE409AAB
:103C9000F0EE609A51EC190B06F062FD04462046E6
:103CA00006F04BFD41EC1C0B9FED8E0B07F020FC4A
:103CB000B0EE40EAF0EE60EA9FED8C0B53EC102B77
:103CC00051EC1E0B06F09AFC41EC1D0B53EC1C2B27
:103CD00006F022FC41EC1B0BB0EE4B0AF0EE6B0A37
:103CE00007F0CEF9B0EE40AAF0EE60AA9FED810B8E
:103CF00053EC102B51EC1A0B06F00EFC41EC190B97
:103D000006F02EFD08EE100A9FED7C0AB4EEC08A84
:103D1000F1EE10FA04DD9FED790AB0EE408A0AE078
:103D2000B3EE040AB4EEC08AF1EE10FA03D2B3EE99
:103D3000040AB0EE408ABDEEC80A714880ED000A60
:103D4000BDEC0E8B10BD10B52DED028BB0EE408A90
:103D50006C488079C0B1322005F0B6FE69488079A0
:103D600090B169480068401C6749086008460068CF
:103D7000022801DD0020086002E0012005F0A4FE19
:103D8000604880790028F8D15F48006801280CD18C
:103D90005E4890ED000AB8EEC00A5D4880ED000A6A
:103DA00059480068401C5849086057480068022874
:103DB0000AD1564890ED000AB8EEC00A554880ED89
:103DC000000A002050490860BDEC028B10BD10B500
:103DD0002DED088BF0EE408AB0EE608AB0EE000A5E
:103DE00028EE800A20EE280AF0EE000A68EE200A8B
:103DF00000EE880ADFED480A30EE600AF5EE000AB0
:103E000020EE200AB0EE409A9FED430AF0EE409A71
:103E1000F0EE000A68EEA00A60EEA80AB0EE001A02
:103E200028EE011A41EE080A9FED3B1A70EEC10A16
:103E3000B0EE600A08F03DFFB0EE40AA68EEA80AB6
:103E400048EE480AB0EE600AF0EE000A08F05CFBAB
:103E5000F0EE000A68EEA00A60EEA80AB0EE001AC2
:103E600028EE011A41EE080A9FED2B1A70EEC10AE6
:103E70009FED291A20EE811AC0EE010AB7EE000A62
:103E800030EE600A4AE00000E0010020DC01002082
:103E900004020020BC020020F40100202C020020BB
:103EA000F8010020FC010020340200200002002064
:103EB00030020020EC010020400200203C020020E3
:103EC0003802002058020020540200205002002036
:103ED0007C030020CDCCCCCCCCCCEC3F9A999999EA
:103EE0009999B93F000000A09999FD3F000000009A
:103EF00000C06940000000000000344000007A4328
:103F000040030020A4060020700300209C00002035
:103F1000680300206C03002000209944F0EE40AAC2
:103F2000B0EE6A0A08F0C5FEDFEDF60A6AEE200A76
:103F300020EE200AB0EE40BA79EE290A70EECB0AE4
:103F4000B0EE600A08F0B5FEF0EE40BAB0EE6B0AD3
:103F5000BDEC088B10BD10B52DED088BB0EE409A6E
:103F6000F0EE609AB0EE418A29EE090A08EE080ADE
:103F700009EEE90AB0EE40BAB0EE000A29EE000AF6
:103F800020EE080AB0EE40AAB5EEC0AAF1EE10FA93
:103F900004D19FEDDD0ABDEC088B10BDCBEE0A8A83
:103FA000B7EE000AF4EEC08AF1EE10FA03DDB7EEC8
:103FB000000AF0EE408ABFEE000AF4EEC08AF1EE8D
:103FC00010FA03D2BFEE000AF0EE408AB0EE680AA3
:103FD00006F03CFECD48D0ED000A9FEDCD1AC1EEB3
:103FE000201A20EE210AF2EE040AC0EE20AAB0EE5A
:103FF0006A0AD0E710B50221C64802F065FBA0B9F5
:10400000C5480068C5490860C5480078C54981F8B9
:104010002F0081F82B0081F82700012081F826006D
:10402000002081F82A0081F82E0010BD10B5022171
:10403000B84802F049FBA8B9B7480068401FB74923
:104040000860B7480078B74981F82F0081F82B0045
:1040500081F82700012081F82600002081F82A003D
:1040600081F82E0010BD10B50221AA4802F02CFBE9
:10407000A8B9A94800680A38A8490860A848007883
:10408000A84981F82F0081F82B0081F82700012032
:1040900081F82600002081F82A0081F82E0010BD4A
:1040A00010B502219B4802F00FFBA8B99A4800689E
:1040B0000F389A4908609A4800789A4981F82F0089
:1040C00081F82B0081F82700012081F826000020CC
:1040D00081F82A0081F82E0010BD10B59248407872
:1040E00000F0010098BB9048007800F0800070B3A9
:1040F0008C4890F84F0040F001008A4981F84F0049
:1041000042F2107005F0E0FC0020864981F82F0093
:1041100081F82B0081F8270084490860814890F8D5
:104120004F0000F0FD007F4981F84F0041F28830D8
:1041300005F0CAFC7B4890F84F0000F0FE0079497A
:1041400081F84F00002081F833007949086010BDE4
:104150007548407800F0020070B97348407800F06C
:10416000400048B97048407800F0010020B96E481E
:10417000407800F0200038BB6B48407800F0010028
:1041800020B16948407800F02000E8B966484078DE
:1041900000F0010020B16448407800F0100098B9A8
:1041A0006148407800F0010020B15F48407800F09D
:1041B000040048B95C48407800F00100F8B15A4862
:1041C000407800F00800D0B100205A490860012072
:1041D0005949086000205949086059480068594900
:1041E000086000204F4981F82F0081F82B0081F8EA
:1041F00027005549086032204A4981F833004A486F
:10420000407800F0020098BB4748407800F040003A
:1042100070BB4548407800F0010048B34248407800
:1042200000F0200020BB4048407800F01000F8B9B2
:104230003D48407800F00400D0B93B48407800F099
:104240000800A8B900203B49086001203A490860ED
:1042500000203A4908603A4800683C303949086013
:1042600000203949086032202E4981F8330013E0DC
:10427000FFE73648016832480068C01C81420BDC09
:10428000304800682E490968884205D129480068ED
:1042900010B90120254908602348407800F0020049
:1042A000C8B92148407800F04000A0B91E484078C5
:1042B00000F0010078B91C48407800F0040050B1CB
:1042C000234800681F49086001201A49086000203F
:1042D0001649086015E01948006890B91948006847
:1042E0001B49096888420CD1194800680A381749E7
:1042F0000968884205DA00200F49086001200F494B
:104300000860704700000C42000000001403002009
:1043100000003443001002409C0000207403002081
:104320002403002004000020A406002044030020F1
:104330005803002050030020480300204C030020B5
:104340003C010020380100205C030020B000002068
:104350004001002010B5FE488079C0B1322005F040
:10436000B3FBFB48807990B1FA480068401CF949DA
:10437000086008460068022801DD0020086002E0AD
:10438000012005F0A1FBF24880790028F8D1F1481E
:10439000006801281BD10221EF4802F095F9B0B95D
:1043A00040F6B83005F090FB0F20EC4981F827006B
:1043B000E62081F82B000F2081F82F00012081F8E2
:1043C0002600002081F82A0081F82E0066E0E148EE
:1043D0000068022862D1E14890F84F0040F00100E7
:1043E000DE4981F84F004FF4FA5005F06DFB0020D4
:1043F000DA4981F82F0081F82B0081F82700084660
:1044000090F84F0000F0FE0081F84F0042F210706B
:1044100005F05AFB3220D14981F833000A2081F897
:104420002F0081F82B0081F82700002081F826005A
:10443000012081F82A0081F82E000020C849086078
:1044400013E006E0FCF758FA00B108E0012005F09F
:104450003BFB0221C04802F037F90128F2D000BF2F
:10446000BF480068401CBE490860BD480068642819
:10447000E7DB40F6B83005F027FBB84890F84F006E
:1044800040F00200B54981F84F00002081F82F006C
:1044900081F82B0081F82700AE49086010BD00218B
:1044A00000EE900AF8EEE00A70EE600AFDEEE00A17
:1044B00010EE901AAB4A1160704710B50221A64861
:1044C00002F002F9A0B9A8480068A8490860A84805
:1044D0000078A24981F82F0081F82B0081F827008D
:1044E000012081F82600002081F82A0081F82E00A2
:1044F00010BD10B50221984802F0E6F8A0B99A481C
:1045000000689A4908609A480078944981F82F0019
:1045100081F82B0081F82700012081F82600002077
:1045200081F82A0081F82E0010BD10B502218A48BA
:1045300002F0CAF8A0B98C4800688C4908608C4821
:104540000078864981F82F0081F82B0081F8270038
:10455000012081F82600002081F82A0081F82E0031
:1045600010BD10B502217C4802F0AEF8A0B97E481B
:1045700000687E4908607E480078784981F82F00FD
:1045800081F82B0081F82700012081F82600002007
:1045900081F82A0081F82E0010BD2DE9F0412DEDA3
:1045A0000E8B05462C461FEDA80A10EE106A304609
:1045B00006F0C3F841EC1C0B9FED6E0B53EC102B77
:1045C00005F0AAFF41EC1A0B204606F086F841ECF4
:1045D0001C0B9FED680B53EC102B05F09DFF41EC7D
:1045E0001B0B53EC1A2B05F0F0FE41EC190B06F0F7
:1045F000B7F80646304606F0A0F841EC1A0BB0EECC
:104600004A0AF0EE6A0A06F0E7FEB0EE409AF0EED3
:10461000609A51EC190B06F0A3F80746384606F0ED
:104620008CF841EC1C0B9FED550B06F061FFB0EED2
:1046300040EAF0EE60EA9FED530B53EC102B51EC87
:104640001E0B05F0DBFF41EC1D0B53EC1C2B05F0A2
:1046500063FF41EC1B0BB0EE4B0AF0EE6B0A06F069
:104660000FFDB0EE40AAF0EE60AA9FED480B53ECB0
:10467000102B51EC1A0B05F04FFF41EC190B06F013
:104680006FF808EE100AB4F5FA6F16DD40F6FC007C
:10469000844212DA18EE100A06F04FF841EC1A0BB9
:1046A0009FED3C0B53EC102B05F036FF41EC190B42
:1046B00006F056F808EE100ACFE040F6FC008442FF
:1046C00016DD40F68C20844212DA18EE100A06F04D
:1046D00034F841EC1A0B9FED310B53EC102B05F025
:1046E0001BFF41EC190B06F03BF808EE100AB4E092
:1046F00040F68C20844216DD40F6B830844212DA4F
:1047000018EE100A06F019F841EC1A0B9FED250B74
:1047100053EC102B05F000FF41EC190B06F020F8CC
:1047200008EE100A99E040F6B830844249DD40F6C0
:104730001650844245DA18EE100A05F0FEFF41ECEF
:104740001A0B9FED1A0B53EC102B05F0E5FE31E030
:10475000A40600205C03002000100240040000209A
:10476000F0020020800300209C000020780300203D
:1047700040030020000000000000E03F00000000B7
:10478000000008400000000000408F4000000000D2
:1047900000003940666666666666EE3FCDCCCCCCDE
:1047A000CCCCEC3F333333333333EB3F3D0AD7A329
:1047B000703DEA3F41EC190B05F0D2FF08EE100AFC
:1047C0004BE040F61650844215DDB4F5616F12DA05
:1047D00018EE100A05F0B1FF41EC1A0B9FEDFE0B2D
:1047E00053EC102B05F098FE41EC190B05F0B8FFC7
:1047F00008EE100A31E0B4F5616F15DDB4F57A6F9B
:1048000012DA18EE100A05F098FF41EC1A0B9FED32
:10481000F40B53EC102B05F07FFE41EC190B05F067
:104820009FFF08EE100A18E0B4F57A6F15DD42F22A
:104830001070844211DA18EE100A05F07EFF41EC88
:104840001A0B9FEDE90B53EC102B05F065FE41ECC4
:10485000190B05F085FF08EE100A9FEDE50AB4EE8E
:10486000C08AF1EE10FA04DD9FEDE10AB0EE408A55
:104870000AE0B3EE040AB4EEC08AF1EE10FA03D2F5
:10488000B3EE040AB0EE408ABDEEC80AD94880ED06
:10489000000A0068D8490860BDEC0E8BBDE8F081C5
:1048A00010B52DED028BD548C07801EE100AB8EE98
:1048B000411ADFEDD31A31EE611AF0EE410ACF480A
:1048C000807801EE100AB8EE411ADFEDCD1A31EE14
:1048D000611AB0EE410A06F045FAF0EE408AC94886
:1048E000D0ED000A9FEDC81A81EE200A20EE280ABA
:1048F000B0EE408AB5EEC08AF1EE10FA05D29FED17
:10490000C30A38EE000AB0EE408ABC48C0787E2860
:1049100007D1BA4880787F2803D19FEDBD0AB0EE59
:10492000408A9FEDB90AB4EEC08AF1EE10FA06D8BB
:10493000B2EE040A28EE000AB0EE408A09E09FEDCC
:10494000B30A38EE400AF2EE040A20EE200AB0EE76
:10495000408A9FEDB00A38EE400AAF4880ED000A69
:10496000BDEC028B10BD10B5A448C07900284CD016
:10497000A248007800F08000002846D1142005F0FD
:10498000A3F89E48C07900283FD09C48007800F0EA
:104990008000002839D1A1480078401C9F49087048
:1049A00008460078022801DD0120087000BF934806
:1049B000C0790028FBD199480078012809D1FDF77A
:1049C0003FFB142005F080F895480068FFF7E5FDEF
:1049D0001BE092480078022817D14FF47A7005F056
:1049E00073F801208F490860824800788E4981F869
:1049F0002F0081F82B0081F82700012081F8260084
:104A0000002081F82A0081F82E0010BD10B52DED90
:104A1000028BB0EE408A0221844801F055FEA0B915
:104A20008348006883490860834800787E4981F89C
:104A30002F0081F82B0081F82700012081F8260043
:104A4000002081F82A0081F82E00BDEC028B10BDF9
:104A500070B5044625466948407800F001000028FA
:104A60004BD06648007800F08000002845D1142023
:104A700005F02AF86148407800F0010000283CD099
:104A80005E48007800F08000002836D100BF5B4807
:104A9000407800F001000028F9D104F16400674972
:104AA0000860322005F010F8FDF792FE322005F084
:104AB0000BF804E00020B0EE080AFEF797FE5F480E
:104AC00000688542F6DB00205D49086011E006E0E1
:104AD000FBF712FF00B106E0012004F0F5FF574894
:104AE00000688542F4DC00BF55480068401C54490A
:104AF0000860534800686428E9DB70BD10B53F4882
:104B0000407800F08000002833D00A20464981F820
:104B10002F0081F82B0081F82700002081F8260063
:104B2000012081F82A0081F82E0000240FE006E021
:104B3000FBF7E2FE00B108E0012004F0C5FF02210E
:104B40003A4801F0C1FD0128F2D000BF641C642C7A
:104B5000EDDB40F6B83004F0B7FF3220324981F87F
:104B60003300002081F82F0081F82B0081F8270006
:104B700000BF10BD10B52148407800F0800000282B
:104B800071D00A20284981F82F0081F82B0081F884
:104B90002700002081F82600012081F82A0081F8F2
:104BA0002E0000240FE006E0FBF7A6FE00B108E0AF
:104BB000012004F089FF02211C4801F085FD012835
:104BC000F2D000BF641C642CEDDB40F6B83004F07A
:104BD0007BFF3220144935E048E17A14AE47E93FC3
:104BE00052B81E85EB51E83F5C8FC2F5285CE73F69
:104BF00000007A433803002034030020A40600207C
:104C00000000FF4214030020000034430000B443BE
:104C100000409C460000E143CC000020BC03002083
:104C200090010020440300200400002000100240F6
:104C30009C00002078030020400300208403002013
:104C4000F002002081F83300002081F82F0081F865
:104C50002B0081F82700084690F84F0040F0020032
:104C600081F84F0000BF10BDF748007800F0020047
:104C700090B10020F54981F82F0081F82B0081F8D0
:104C80002700F3490860F14981F83300F1490860D1
:104C9000F1490860F14908607047F14800687047C1
:104CA00038B51E200090FFF7F8FF04460821ED48B4
:104CB00001F00AFDA0B94FF40051EA4801F004FDEB
:104CC00070B91021E74801F0FFFC48B91920FEF740
:104CD000B5FC0020E4490860E4490860009038BD54
:104CE0004FF40051DF4801F0EFFC28B10020DE490D
:104CF0000860DE490860F2E70821DA4801F0E4FCC8
:104D0000E8B91021D74801F0DFFCC0B1D6480068EF
:104D100008B9D5480460D4480068251A0A2000EB79
:104D20005500D349086008460068322801DD32206A
:104D300008609DF80010CF48FEF768FD28E01021BC
:104D4000C84801F0C1FCF0B90821C64801F0BCFC1C
:104D5000C8B1C648006808B9C4480460C3480068C0
:104D6000251A0A2000EB5500C14908600846006872
:104D7000142801DD142008609DF800104FF46170C4
:104D8000FEF744FD04E00020B7490860B749086019
:104D900000BFA4E72DE9F04140F6B83440F6AC5529
:104DA000002601270821AF4801F08EFC01280BD115
:104DB0004103AC4801F088FC20B11021A94801F062
:104DC00083FC08B94FF0FF377FE1FBF795FD00B199
:104DD0007EE10821A34801F077FC012842D141037C
:104DE000A04801F071FC01283CD110219D4801F040
:104DF0006BFC012836D1FDF7CBF89FED9F1ADFED54
:104E00009E0A3C209FED9C0AFEF70AFD00209B496C
:104E1000086018E00DE04FF40051924801F054FC96
:104E200000B90AE0FBF768FD00B106E0012004F0DC
:104E30004BFEFBF770FEA842EDDB00BF8F48006819
:104E4000401C8E4908608D4800686428E2DBFBF74F
:104E500062FE06440020FEF7F1FB02274FF47A7051
:104E600004F032FE022F01D0AE4200DD30E1012F0E
:104E700077D10020FEF7E2FBFDF78AF89FED7E1A5E
:104E8000DFED7D0A3C209FED7E0AFEF7C9FC002085
:104E90007A49086024E019E00821724801F014FC06
:104EA00001280CD141036F4801F00EFC012806D106
:104EB00010216C4801F008FC012800D10AE0FBF742
:104EC0001BFD00B106E0012004F0FEFDFBF723FE10
:104ED000A042E1DB00BF69480068401C67490860E8
:104EE000664800686428D6DBFBF715FEA04239DA75
:104EF00008215C4801F0E8FB012833D141035948FF
:104F000001F0E2FB01282DD11021564801F0DCFB15
:104F1000012827D1FDF73CF89FED571ADFED560A1F
:104F20003C201FEDC40AFEF77BFC002053490860BB
:104F300012E006E0FBF7E0FC00B107E0012004F01E
:104F4000C3FDFBF7E8FDB0F5FA6FF3DB00BF4B489C
:104F50000068401C49490860484800686428E8DB4C
:104F600002270BE04FF0FF371420FEF767FB4FF4EA
:104F70007A6004F0A9FD0020FEF760FB781C002891
:104F800061D1FDF705F89FED3C1ADFED3B0A3C20AF
:104F90009FED3C0AFEF744FC00203849086024E0FD
:104FA00019E008212F4801F08FFB01280CD14103A3
:104FB0002C4801F089FB012806D11021294801F075
:104FC00083FB012800D10AE0FBF796FC00B106E064
:104FD000012004F079FDFBF79EFDA042E1DB00BF5C
:104FE00026480068401C2549086024480068642859
:104FF000D6DBFBF790FDA0425CDA0821194801F0EE
:1050000063FB012856D14103164801F05DFB0128DE
:1050100050D11021134801F057FB01284AD1FCF769
:10502000B7FF9FED151ADFED140A3C209FED160A1D
:10503000FEF7F6FB00201149086035E029E0FBF798
:105040005BFC18B32AE040E0A40600200400002026
:1050500064030020600300205C030020580300204C
:1050600088030020001002408C03002090030020E1
:10507000C00300207CFCFFFF00000000F0020020C5
:1050800000006144000061C40000E1C3012004F09D
:105090001BFDFBF740FDB0F5FA6FD0DB00BFFC480D
:1050A0000068401CFA490860F94800686428C5DBBC
:1050B00002270AE001271420FEF7C0FA4FF47A60B5
:1050C00004F002FD0020FEF7B9FAAE42FFF67DAE15
:1050D00000BF0020FEF7B2FA4FF47A7004F0F4FC3F
:1050E000BDE8F08110B50A20EA4981F82F0081F867
:1050F0002B0081F82700002081F82600012081F88C
:105100002A0081F82E0000240FE006E0FBF7F4FBF4
:1051100000B108E0012004F0D7FC0221DE4801F0D4
:10512000D3FA0128F2D000BF641C642CEDDB40F6FA
:10513000B83004F0C9FC3220D64981F83300002091
:1051400081F82F0081F82B0081F82700FCF720FF61
:105150001FED371A5FED380A46201FED390AFEF7BA
:105160005FFB00240FE006E0FBF7C6FB00B108E0A0
:10517000012004F0A9FCFBF7CEFC41F6583188422F
:10518000F2DB00BF641C642CEDDBFCF701FF1FEDBC
:10519000461A5FED470A3C209FEDC00AFEF740FB30
:1051A00000240EE006E0FBF7A7FB00B107E00120BA
:1051B00004F08AFCFBF7AFFCB0F57A6FF3DB00BFBD
:1051C000641C642CEEDB0020FEF738FA4FF47A7092
:1051D00004F07AFC10BDB24801680068401CB04A77
:1051E0001060642907D2AF484089AF490968084474
:1051F000AD4908600BE0AC4800686421B0FBF1F0F9
:10520000AA4908600020A6490860A7490860A84884
:1052100001680068401CA64A1060642907D2A148B2
:105220000089A44909680844A24908600BE0A14824
:1052300000686421B0FBF1F09F49086000209C49A0
:1052400008609C4908609D4801680068401C9B4AB2
:105250001060642907D293488089994909680844F5
:10526000974908600BE0964800686421B0FBF1F0B4
:10527000944908600020914908609149086092486B
:1052800001680068401C904A1060782907D2854860
:10529000C0898E49096808448C4908600BE08B4836
:1052A00000687821B0FBF1F0894908600020864948
:1052B000086086490860874801680068401C854A84
:1052C00010600A2907D27748C088834909680844D2
:1052D000814908600BE0804800680A21B0FBF1F0CA
:1052E0007E49086000207B4908607B4908607C4853
:1052F00001680068401C7A4A1060322907D2694868
:105300004088784909680844764908600BE0754888
:1053100000683221B0FBF1F0734908600020704949
:10532000086070490860714801680068401C6F4A55
:105330001060322907D25B4800886D49096808442B
:105340006B4908600BE06A4800683221B0FBF1F05D
:105350006849086000206549086065490860704731
:105360006548006865490968884203DA634800684F
:10537000614908606048006861490968884203DD46
:105380005F4800685C4908605A4909685A4A1268CF
:10539000881A002801DB014600E04142032928DD8C
:1053A0005448006854490968884204DD002039499E
:1053B00081F8220003E00120364981F822004D499E
:1053C00009684D4A1268881A002801DB014600E08E
:1053D000414249004B4A116010460068FA2802DD3C
:1053E000FA2011460860474800782A4981F82300CE
:1053F00003E00520274981F823004348006818B9D5
:105400000020244981F82300704710B53F48C07937
:10541000A0B13E48407800F0040078B136480068FA
:1054200037490968884209DA33480068401C324924
:1054300008604FF4967004F047FB16E03348C079DB
:1054400098B13248407800F0200070B12A480068D6
:105450002A490968884208DD27480068401E264915
:1054600008604FF4C87004F02FFB10BD73B52DED2C
:10547000028B14259FED260AB0EE408A234800795E
:10548000322847DB21480079C82843DC012042E06C
:10549000F002002004000020001002400000E14360
:1054A000C403002058060020C803002098000020F4
:1054B000CC030020D00300209C000020D403002057
:1054C000D8030020A4000020DC030020E00300201B
:1054D000A0000020E4030020E8030020B400002026
:1054E000EC030020F0030020AC000020F4030020B7
:1054F000F8030020B0000020380100203C0100200B
:10550000400100209803002048030020A40600204A
:105510000000000000200446FC48007800F008006D
:10552000D0B9FA48007800F01000A8B9F748007820
:1055300000F0200080B9F548007800F0400058B92C
:1055400054B1F248407800F0010028B90020FEF77D
:1055500075F8BDEC028B7CBDEC48407800F0020091
:1055600030B19DF80C509FEDEA0AB0EE408A05E09C
:105570009DF808509FEDE70AB0EE408AE3480078B6
:1055800000F00800A0B1E148007800F0100078B900
:10559000DE48007800F0200050B9DC48007800F0C8
:1055A000400028B929464FF4E160FEF72FF9B0E03A
:1055B000D648007800F0080098B9D448007800F088
:1055C000100070B1D148007800F0200048B9CF48F1
:1055D000007800F0400020B929460020FEF716F9B7
:1055E00097E0CA48007800F0080098B9C7480078EA
:1055F00000F0100070B9C548007800F0200048B1F4
:10560000C248007800F0400020B92946C248FEF7A1
:10561000FDF87EE0BD48007800F00800A0B9BB4866
:10562000007800F0100078B9B848007800F0200049
:1056300050B9B648007800F0400028B129464FF430
:105640006170FEF7E3F864E0B048007800F008000D
:1056500098B1AE48007800F0100070B9AB480078FF
:1056600000F0200048B1A948007800F0400020B9BF
:105670002946AA48FEF7CAF84BE0A448007800F093
:105680000800A0B1A148007800F0100078B99F4848
:10569000007800F0200050B99C48007800F04000ED
:1056A00028B1294640F24650FEF7B0F831E097485D
:1056B000007800F0080098B99448007800F01000D5
:1056C00070B19248007800F0200048B18F4800780F
:1056D00000F0400020B929469148FEF797F818E0FD
:1056E0008A48007800F0080098B98848007800F0EF
:1056F000100070B18548007800F0200048B9834858
:10570000007800F0400020B129464FF4E170FEF728
:105710007DF87E48007800F00800D0B97B4800781A
:1057200000F01000A8B97948007800F0200080B996
:105730007648007800F0400058B954B1FDF73EF8C3
:1057400038B17248407800F0010010B90020FDF730
:1057500075FF14B1FDF79BFF27E06C4800793228F4
:105760000EDAFDF72BF828B10020B1EE480AFEF75B
:105770003DF81AE00020B1EE480AFEF737F814E0D1
:1057800062480079C8280EDDFDF718F828B100201E
:10579000B0EE480AFEF72AF807E00020B0EE480A0B
:1057A000FEF724F801E0FDF772FF00BFD1E610B567
:1057B00001205C49887004215B4800F085FF0128C6
:1057C00004D102205749C870012010BD96205549C8
:1057D000C8700020F9E710B50421534800F074FFA9
:1057E00001280BD15148007840B996204D49C87026
:1057F00000204F4908604F49086010BDFBF785F84D
:10580000041E01DB204600E060424B4909688842E3
:1058100008DD46480078012804D102204149C870BB
:105820000120EAE71E203F49C87001203F49087067
:105830000020E2E710B500203A49887401213A4877
:1058400000F042FF012804D102203649C87401202B
:1058500010BD64203349C8740020F9E710B5012158
:10586000314800F031FF01280BD13448007840B9AD
:1058700064202C49C874002031490860314908600F
:1058800010BDFBF7B5F8041E01DB204600E06042C6
:105890002D490968884208DD28480078012804D18C
:1058A00002202049C8740120EAE71E201D49C8745F
:1058B0000120224908700020E2E710B501201949B3
:1058C00088728103184800F0FFFE012804D10220ED
:1058D0001449C872012010BD64201249C87200200A
:1058E000F9E710B54FF480410F4800F0EDFE0128B4
:1058F00031D11648007868BB64200A49C87200207C
:105900004FF0804148621249086010BDA406002093
:10591000CDCC6C403333333F7CFCFFFFBAFAFFFF42
:105920003EFEFFFF04000020001002409403002010
:105930002404004074000020A003002095030020F0
:10594000240C004078000020A403002097030020CE
:1059500070000020FFE7FBF793F8041E01DB2046F0
:1059600000E06042FE490968884208DDFD48007891
:10597000012804D10220FC49C872012010BD1E205C
:10598000F949C8720120F74908700020F6E710B500
:105990002DED048BFAF7B9FFF4490968441A002C7D
:1059A00001DB204600E06042002839DDFAF7ADFF58
:1059B000EE490968884203DD0020EB49887002E067
:1059C0000120E9498870FAF7A0FFE8490968441AFC
:1059D000002C01DB214600E06142084604F07DFE18
:1059E00041EC190B9FEDE20B53EC102B04F094FDEE
:1059F00041EC180B04F082FEDF490860084600689D
:105A0000FA2801DDFA200860DB4800680A2802DA7B
:105A10000A20D9490860D8480078D349C87002E004
:105A20000220D149C870BDEC048B10BD10B52DED1E
:105A3000048BFAF7DDFFD1490968441A002C01DB19
:105A4000204600E06042002839DDFAF7D1FFCB495B
:105A50000968884203DD0120C349887402E0002000
:105A6000C1498874FAF7C4FFC4490968441A002C74
:105A700001DB214600E06142084604F02EFE41ECC5
:105A8000190B9FEDBB0B53EC102B04F045FD41ECC3
:105A9000180B04F033FEB849086008460068FA287D
:105AA00001DDFA200860B44800680A2802DA0A20FA
:105AB000B1490860B0480078AB49C87402E00220E0
:105AC000A949C874BDEC048B10BD10B52DED048B35
:105AD000FAF7D6FFAA490968441A002C01DB2046D0
:105AE00000E06042002839DDFAF7CAFFA4490968DE
:105AF000884203DD00209C49887202E001209A4917
:105B00008872FAF7BDFF9E490968441A002C01DB30
:105B1000214600E06142084604F0DFFD41EC190B2C
:105B20009FED930B53EC102B04F0F6FC41EC180B9B
:105B300004F0E4FD9049086008460068FA2801DD99
:105B4000FA2008608C4800680A2802DA0A208A498C
:105B50000860894800788449C87202E002208249BE
:105B6000C872BDEC048B10BD70B52DED108BF0EE3E
:105B7000408A04469FED830AB0EE40FA9FED810A09
:105B8000B0EE408A8048006804F0D7FD41EC1C0B61
:105B90009FED7E0B53EC102B04F0BEFC41EC1A0B76
:105BA00000EE104AB8EEC00A38EEC00A10EE101A25
:105BB000084604F0C2FD41EC1C0B9FED760B53EC44
:105BC000102B04F0A9FC41EC1B0B53EC1A2B04F036
:105BD000FCFB41EC190B04F0C3FD6B49086008465F
:105BE00090ED000A20EE000A10EE101A084604F0AC
:105BF000A4FD41EC1A0BB0EE4A0AF0EE6A0A07F077
:105C00001BF8B0EE409AF0EE609A51EC190B04F0DC
:105C1000A7FD0546284604F090FD41EC1C0B9FEDC6
:105C20005F0B05F065FCB0EE40EAF0EE60EA9FED38
:105C30005D0B53EC102B51EC1E0B04F0DFFC41EC20
:105C40001D0B53EC1C2B04F067FC41EC1B0BB0EE5E
:105C50004B0AF0EE6B0A05F013FAB0EE40AAF0EE34
:105C600060AA9FED520B53EC102B51EC1A0B04F071
:105C700053FC41EC190B04F073FD08EE100A9FED84
:105C80004D0AB4EEC08AF1EE10FA04DD9FED490A28
:105C9000B0EE408A0AE0B3EE040AB4EEC08AF1EE38
:105CA00010FA03D2B3EE040AB0EE408ABDEEC80A81
:105CB000414880ED000A006840490860BDEC108B47
:105CC00070BD70B52DED108BF0EE408A04469FED4F
:105CD0002D0AB0EE40FA9FED2B0AB0EE408A2A481A
:105CE000006804F02AFD41EC1C0B9FED280B53ECDF
:105CF000102B04F011FC41EC1A0B00EE104AB8EE28
:105D0000C00A38EEC00A10EE101A084604F015FD5D
:105D100041EC1C0B9FED1F0B53EC102B04F0FCFB14
:105D200041EC1B0B53EC1A2B04F04FFB41EC190B0D
:105D300004F016FD14490860084690ED000A20EEB4
:105D4000000A10EE101A084604F0F7FC41EC1A0B9A
:105D5000B0EE4A0AF0EE6A0A06F06EFF30E000008C
:105D6000A803002097030020040000206802002000
:105D70009A9999999999E93F980300206C0200201B
:105D80007002002000000000B8030020CDCCCCCC75
:105D9000CCCCEC3F9A9999999999B93F0000008031
:105DA000D39BFE3F000000000000644000000000A4
:105DB0000000374000007A432C0300202403002019
:105DC000B0EE409AF0EE609A51EC190B04F0C8FC6A
:105DD0000546284604F0B1FC41EC1C0B9FEDE70B97
:105DE00005F086FBB0EE40EAF0EE60EA1FED130B23
:105DF00053EC102B51EC1E0B04F000FC41EC1D0B7E
:105E000053EC1C2B04F088FB41EC1B0BB0EE4B0A4F
:105E1000F0EE6B0A05F034F9B0EE40AAF0EE60AA9D
:105E20001FED1E0B53EC102B51EC1A0B04F074FBFE
:105E300041EC190B04F094FC08EE100A1FED230A44
:105E4000B4EEC08AF1EE10FA04DD1FED260AB0EEC2
:105E5000408A0AE0B3EE040AB4EEC08AF1EE10FA0A
:105E600003D2B3EE040AB0EE408ABDEEC80AC548BC
:105E700080ED000A0068C4490860BDEC108B70BD5D
:105E800009E01120FCF787FB0121C04802F0FAFA73
:105E90000F2003F019FEF4E70CE0BD48006810B9CC
:105EA000FFF75EFA03E00520BA4981F823000320DA
:105EB00003F00AFEF1E715E0B748007800F00100B2
:105EC00020B14B211E20FFF7D1FA02E01420FDF78C
:105ED000B5FBFFF75CFDFFF7A9FDFFF7F6FD03201B
:105EE00003F0F2FDE8E708E0FFF775F9FCF767FB60
:105EF000FDF7F5FD042003F0E7FDF5E71FB5FAF720
:105F00005BFEFAF798FEFBF7E5F8FBF7B9F9FBF74C
:105F1000ABFAFBF730FAFBF71FFBFAF7F7FE4FF48B
:105F2000E130FBF7F5FB4FF4E130FBF77AFC4FF47F
:105F3000E130FBF703FD4FF4E130FBF791FD4FF447
:105F40006120FBF751FE4FF4E130FBF7EAFE002041
:105F5000904981F84F00FCF73BFC00208F49086016
:105F6000FCF71CF8002000900190029003464FF4CB
:105F700080728BA103908F4803F067FB0020009094
:105F80000190029003464FF480728BA103908F48DA
:105F900003F05BFB002000900190029003464FF459
:105FA00080728BA103908F4803F04FFB00208E4935
:105FB0000860C4E0FCF744F8B7E07748407800F0A8
:105FC000400008B1FFF78EF8FEF74EFEFEF7CBFC5F
:105FD0000221864800F078FB48B985480078854959
:105FE00091ED000AB8EEC00AFFF76BFE08E08048AA
:105FF0000078804991ED000AB8EEC00AFFF7B4FDC1
:106000007D480068C82876DCFEF7B4FDFEF7ABFCDF
:106010006148407800F0010058B15F48007800F016
:10602000800030B1754890ED000AB8EEC00AFEF766
:10603000EDFC5948407800F0010030B156484078F6
:1060400000F0200008B1FEF738FA5348407800F01D
:10605000010030B15048407800F0100008B1FEF760
:1060600048FA4D48407800F0010030B14A48407885
:1060700000F0040008B1FEF758FA4748407800F0F5
:10608000010030B14448407800F0080008B1FEF744
:1060900068FA4148407800F0020030B13E4840784C
:1060A00000F0200008B1FDF7A5FF3B48407800F064
:1060B000020030B13848407800F0100008B1FDF718
:1060C000B5FF3548407800F0020030B132484078E2
:1060D00000F0040008B1FDF7C6FF2F48407800F03B
:1060E0000200E0B12C48407800F00800B8B1FDF79C
:1060F000D7FF14E0FFE74048006840F2663188426D
:106100000DDB2548807908B1FEF724F93C4890ED75
:10611000000AB8EEC00AFDF716FEFEF7EFFCFDF729
:10612000DCFFFEF715F8FEF7E9FC1B48007800F0ED
:10613000010000287FF441AF0A20FDF77FFA39E71C
:106140001FB5002000900190029003464FF480722A
:106150002CA103902E4803F078FA002000900190C3
:10616000029003464FF480722AA103902C4803F05A
:106170006CFA03F083FE002004B010BD0000004064
:10618000BDE9FD3F2C03002024030020004800400F
:106190004403002004000020A4060020D0000020BA
:1061A0007461736B526F626F74416E616C79746964
:1061B00063730000E75E00087461736B4469657582
:1061C0004B6869656E436F4361750000B75E0008F8
:1061D0007461736B446965754B6869656E436F43A1
:1061E00061753100995E00084803002000040240F8
:1061F0008A01002074030020B000002078030020F2
:106200009C0000207461736B4D61696E000000009A
:10621000FD5E00087461736B4779726F00000000C7
:10622000815E00080CB50020019000907248006863
:1062300040F480307049086000BF6F48006800F487
:10624000003000900198401C0190009818B9019806
:10625000B0F5A06FF1D16848006800F4003010B1CB
:106260000120009001E0002000900098012846D114
:1062700061484030006840F080505F49403108601C
:106280005E48006840F480405C4908605A48083025
:1062900000685949083108600846006840F4004029
:1062A00008600846006840F4A05008605448091F80
:1062B0000860081F006840F08070091F086000BF78
:1062C0004D48006800F000700028F9D040F20560E9
:1062D0004C49086048480830006820F003004649EF
:1062E000083108600846006840F00200086000BFFE
:1062F00041480830006800F00C000828F8D10CBDB7
:1063000010B53D48006840F001003B49086000209E
:10631000394908310860384800683B490840364927
:1063200008603A48091D0860081F006820F48020B2
:10633000091F0860002030490C310860FFF772FF28
:106340004FF000603249086010BD70B50020002297
:10635000022300240221284D08352D6805F00C0089
:1063600020B1042806D0082834D107E0294D2A4E50
:10637000356033E0294D284E35602FE01E4D2D1D30
:106380002D68C5F380541C4D2D1D2D6805F03F016F
:1063900054B1224DB5FBF1F5174E361D3668C6F3E4
:1063A000881605FB06F209E01A4DB5FBF1F5124E11
:1063B000361D3668C6F3881605FB06F20E4D2D1DF8
:1063C0002D68C5F301456D1C6B00B2FBF3F5124E51
:1063D000356003E00F4D104E356000BF00BF064D25
:1063E00008352D68C5F303150D4E705D0A4D2D68F7
:1063F000C540094E356070BD003802400070004055
:1064000008544007003C0240FFFFF6FE1030002415
:1064100008ED00E00024F400FC03002000127A00E4
:10642000000400200648804706480047FEE7FEE7D4
:10643000FEE7FEE7FEE7FEE7FEE7FEE7FEE7FEE734
:10644000016300088901000832490143324A1160A2
:10645000704770B5002100230F22C4781CB32E4C66
:10646000246804F4E064C4F5E064C4F30721C1F1D6
:106470000404E3B20A4144789C40E1B284781440B9
:1064800021430C07210E254C05786155047804F052
:106490001F050124AC4005786D11AD0005F1E02524
:1064A000C5F8004109E0047804F01F050124AC4060
:1064B0001B4D0678761145F8264070BD194A0A40F2
:1064C0000243154B1B1F1A60704739B1124A121D47
:1064D00012680243104B1B1D1A6006E00E4A121D83
:1064E000126882430C4B1B1D1A607047042808D1A8
:1064F0004FF0E021096941F004014FF0E022116101
:1065000007E04FF0E021096921F004014FF0E0229B
:10651000116170470000FA050CED00E000E400E0B6
:1065200080E100E080FFFF1F10B504468C488442E4
:1065300008D10121084600F000FB0021012000F0F5
:10654000FCFA5EE08748844208D10121022000F075
:10655000F4FA0021022000F0F0FA52E0824884426E
:1065600008D10121042000F0E8FA0021042000F005
:10657000E4FA46E07D48844208D10121082000F079
:10658000DCFA0021082000F0D8FA3AE0784884428A
:1065900008D10121102000F0D0FA0021102000F0D5
:1065A000CCFA2EE07348844208D10121202000F06B
:1065B000C4FA0021202000F0C0FA22E06E48844294
:1065C00008D10121402000F0B8FA0021402000F05D
:1065D000B4FA16E06948844208D10121802000F015
:1065E000ACFA0021802000F0A8FA0AE06448844256
:1065F00007D10121801500F0A0FA0021A01500F0BC
:106600009CFA10BDF0B50A4600210023002400BF0B
:106610003DE0012505FA01F3156805EA03049C42F3
:1066200034D105684F000326BE40B5430560157997
:106630004E00B5400668354305601579012D02D03E
:106640001579022D16D185684F000326BE40B5434B
:10665000856055794E00B54086683543856045684C
:1066600001268E40B5434560456896798E40B6B2A6
:1066700035434560C5684F000326BE40B543C5603D
:10668000D5794E00B540C6683543C560491C102910
:10669000BFD3F0BD4FF6FF71016000210171417160
:1066A0008171C171704708B54FF480320092009A31
:1066B0000A430092009AC261C161009AC261C26934
:1066C0000092C269009208BD0246002013690B4087
:1066D0000BB1012000E0002070470146086980B23C
:1066E00070470246002053690B400BB1012000E0C7
:1066F000002070470146486980B2704701837047A7
:10670000418370470AB1018300E0418370474161D2
:10671000704742694A4042617047F0B50023002447
:106720004D07ED0E02FA05F3CE1000F1200555F8E5
:1067300026504E07F70E0F26BE40B543CF1000F18E
:10674000200646F82750CE1000F1200555F82650B7
:1067500045EA0304CE1000F1200545F82640F0BDBF
:10676000000002400004024000080240000C024009
:10677000001002400014024000180240001C0240B9
:1067800000200240FA48006840F00100F849086023
:106790000020F74908310860F5480068F5490840CD
:1067A000F3490860F448091D0860081F006820F4D8
:1067B0008020091F08600020ED490C3108607047F7
:1067C0000021EB4A921C117011460870704710B5F9
:1067D00001460022002300204A11012A02D1E44C84
:1067E000236808E0022A03D1E14C7034236802E0F8
:1067F000DF4C7434236801F01F02012494401C40D4
:106800000CB1012000E0002010BD38B50020009040
:106810000024002500BF3120FFF7D9FF054600986E
:10682000401C00900098B0F5A06F01D0002DF2D070
:106830003120FFF7CCFF08B1012400E000242046FE
:1068400038BD01460020CA4A106820F0F80040EA2E
:10685000C10010607047C949086070470021C44AF0
:10686000703211701170012802D004280AD104E09E
:106870000121BF4A7032117005E00521BC4A703217
:10688000117000E000BF00BF7047BD49086070474D
:1068900070B5049C41EA82150126C6EB530645EA11
:1068A0000645054345EA0465B14E361D356070BDA9
:1068B000B24908667047820142EA0172AC4B8433E8
:1068C0001A607047AD4988667047AC49C864704724
:1068D00002460020A64B0833186820F0EC6042EA1C
:1068E00001031843A24B083318607047024600208A
:1068F0009F4B0833186820F0784042EA01031843A0
:106900009B4B08331860704701460020984A0832B4
:10691000106820F003000843106070479448083066
:10692000006800F00C00704701460020904A0832D1
:10693000106820F0F0000843106070470146002006
:106940008B4A0832106820F4E0500843106070470A
:1069500001460020864A0832106820F4604040EA70
:10696000C10010607047F0B500210022002402250C
:10697000002602237E4F08373F6807F00C0121B143
:10698000042905D0082937D105E07E4F076036E09D
:106990007D4F076033E0764F3F1D3F68C7F3805659
:1069A000734F3F1D3F6807F03F036EB1764FB7FB53
:1069B000F3F7DFF8BCC10CF1040CDCF800C0CCF339
:1069C000881C07FB0CF40CE06E4FB7FBF3F7DFF805
:1069D000A0C10CF1040CDCF800C0CCF3881C07FB50
:1069E0000CF4634F3F1D3F68C7F301477F1C7D00D8
:1069F000B4FBF5F7076002E0624F076000BF00BF1D
:106A00005B4F08373F6807F0F00109095F4F7A5C78
:106A10000768D7404760564F08373F6807F4E05192
:106A2000890A5A4F7A5C4768D7408760504F0837C9
:106A30003F6807F46041490B544F7A5C4768D74080
:106A4000C760F0BD002100F44072B2F5407F0AD16A
:106A5000474A0832116821F4F8114D4A02401143A7
:106A6000434A08321160424A70321268C0F30B0385
:106A70001A433F4B70331A607047414944390860EC
:106A800070473F4940390860704742490860704785
:106A900039B1374A303212680243354B30331A600D
:106AA00006E0334A303212688243314B30331A6089
:106AB000704739B12E4A3432126802432C4B3433BA
:106AC0001A6006E02A4A343212688243284B343373
:106AD0001A60704739B1264A383212680243244B93
:106AE00038331A6006E0224A383212688243204B5B
:106AF00038331A60704739B11D4A40321268024378
:106B00001B4B40331A6006E0194A40321268824338
:106B1000174B40331A60704739B1154A4432126836
:106B20000243134B44331A6006E0114A44321268A0
:106B300082430F4B44331A60704739B10C4A10320C
:106B4000126802430A4B10331A6006E0084A1032FA
:106B500012688243064B10331A607047E1B1044A51
:106B6000143212680243024B14331A6019E0000019
:106B700000380240FFFFF6FE1030002400004742BC
:106B8000800E47420024F40000127A001004002016
:106B9000FFFCFF0F5C0147425B4A126882435A4B7D
:106BA0001A60704739B1584A121D12680243564B99
:106BB0001B1D1A6006E0544A121D12688243524B94
:106BC0001B1D1A60704739B14F4A0C3212680243DC
:106BD0004D4B0C331A6006E04B4A0C32126882436C
:106BE000494B0C331A60704739B1474A103212686A
:106BF0000243454B10331A6006E0434A10321268D4
:106C00008243414B10331A60704739B13E4A3C32DF
:106C1000126802433C4B3C331A6006E03A4A3C326D
:106C200012688243384B3C331A60704739B1364A98
:106C3000403212680243344B40331A6006E0324A55
:106C4000403212688243304B40331A60704739B18A
:106C50002D4A4432126802432B4B44331A6006E03B
:106C6000294A443212688243274B44331A607047E2
:106C700039B1254A4C3212680243234B4C331A6017
:106C800006E0214A4C32126882431F4B4C331A6093
:106C9000704739B11C4A5032126802431A4B5033C4
:106CA0001A6006E0184A503212688243164B50337D
:106CB0001A60704739B1144AD21F12780243124B3E
:106CC000DB1F1A7006E0104AD21F127882430E4B67
:106CD000DB1F1A7070470C486030006840F080700D
:106CE000094960310860704701460020064A083AA9
:106CF00012680A400AB1012000E0002070470249F2
:106D0000891F0870704700001438024010B5012137
:106D10000802FFF769FF00214FF48070FFF764FF5E
:106D200010BD30B50246002000235068F84C2040CA
:106D30000D790C6844EA0524204350609068F54CB6
:106D40002040D1E903542C438D682C434D7944EA0B
:106D5000450420439060D06A20F470000C7D641ECE
:106D6000E4B2234340EA0350D06230BD0021016009
:106D7000017141718160C16001610121017570473C
:106D80000021E54A1168E54A1140D0E900231A4381
:106D900083681A43C3681A431143E14AC2F80413D3
:106DA00070470021016041608160C160704721B17E
:106DB000826842F00102826003E0826822F00102F0
:106DC000826070470A4600214168D64B1940114342
:106DD000416070474162826270470A460021416803
:106DE00021F01F0111434160704738B1CA49096859
:106DF00041F40001CA4AC2F8041306E0C649096812
:106E000021F40001C64AC2F80413704738B1C249E0
:106E1000096841F48001C24AC2F8041306E0BE4981
:106E2000096821F48001BE4AC2F804137047F0B526
:106E300004460D4600200021092D11DDE068A5F172
:106E40000A0606EB4607072606FA07F18843A5F16E
:106E50000A0606EB460603FA06F10843E0600CE07A
:106E6000206905EB4507072606FA07F1884305EB7D
:106E7000450603FA06F108432061072A0FDA606B22
:106E8000561E06EB86071F2606FA07F18843561E94
:106E900006EB860605FA06F10843606322E00D2A38
:106EA0000FDA206BD61F06EB86071F2606FA07F1BE
:106EB0008843D61F06EB860605FA06F108432063D1
:106EC00010E0E06AA2F10D0606EB86071F2606FA1F
:106ED00007F18843A2F10D0606EB860605FA06F1D6
:106EE0000843E062F0BD816841F0804181607047F5
:106EF000014600208A6802F480020AB1012000E005
:106F00000020704721B1826842F48062826003E011
:106F1000826822F480628260704721B1826842F008
:106F20000202826003E0826822F0020282607047FF
:106F300010B50A4600210023416821F46041531E28
:106F400041EA4331416010BD21B1426842F4006220
:106F5000426003E0426822F40062426070470146EA
:106F6000C86C80B270476C48001D0068704721B142
:106F7000826842F48072826003E0826822F4807248
:106F80008260704721B1826842F40072826003E03F
:106F9000826822F400728260704738B15E490968E5
:106FA00041F400515E4AC2F8041306E05A490968E8
:106FB00021F400515A4AC2F804137047F0B5044650
:106FC0001546002000220026092911DDE068A1F104
:106FD0000A0707EB470C072707FA0CF29043A1F1C9
:106FE0000A0707EB470703FA07F21043E0600CE0DB
:106FF000206901EB410C072707FA0CF2904301EBE3
:10700000410703FA07F210432061A06BC0F3015659
:10701000EF1C06F1010CA7EB0C0707EB870C1F27F1
:1070200007FA0CF29043EF1C06F1010CA7EB0C07DA
:1070300007EB870701FA07F21043A063F0BD10B514
:107040000A4600210023816B21F44011531E41EABE
:107050000351816310BD08B5002300930090009B8D
:107060000B440093009B1A6008BD0A46002181680A
:1070700021F470211143816070470A460021816824
:1070800021F44011114381607047816841F480010F
:1070900081607047014600208A6802F480020AB1CC
:1070A000012000E00020704721B1426842F4806274
:1070B000426003E0426822F480624260704721B17E
:1070C000426842F48052426003E0426822F48052F7
:1070D0004260704708B5024600200090009201F11E
:1070E0002800009B184400900098006880B208BDFA
:1070F00010B50B460021D9B2012404FA01F11AB1EE
:1071000044680C43446002E044688C43446010BD12
:10711000FFFEFFFCFDF7FFC004230140E030FCFF51
:1071200000200140FFFD3FFF0246002013680B4096
:107130000BB1012000E000207047CA430260704795
:1071400070B502460020002300240B12556801266A
:107150008E4005EA060415681D4015B10CB10120EA
:1071600000E0002070BD00220A12D3430360704784
:10717000016821F00101016000210160416081602E
:10718000C160016121214161DB49884204D13D2177
:10719000D94A103A91608CE0D7491831884205D11C
:1071A0004FF47461D44A103A916082E0D249303190
:1071B000884205D14FF47411CF4A103A916078E0BB
:1071C000CD494831884205D14FF07461CA4A103A1E
:1071D00091606EE0C8496031884204D1C749C64A0F
:1071E000103AD16065E0C4497831884204D1C4497D
:1071F000C14A103AD1605CE0BF499031884204D165
:10720000C049BD4A103AD16053E0BB49A831884219
:1072100005D14FF03D51B84A103AD16049E0BA4922
:10722000884204D13D21B84A083A116041E0B6498C
:107230001831884205D14FF47461B34A083A11609D
:1072400037E0B1493031884205D14FF47411AE4A6C
:10725000083A11602DE0AC494831884205D14FF021
:107260007461A94A083A116023E0A7496031884255
:1072700004D1A249A44A121F11601AE0A249783130
:10728000884204D19E49A04A121F116011E09E4914
:107290009031884204D19B499B4A121F116008E03B
:1072A0009949A831884204D14FF03D51964A121FA6
:1072B0001160704710B500220268944B1A40CC68E8
:1072C0000B6823434C6923438C692343CC692343D4
:1072D0000C6A23434C6A23438C6A23434C6B23433D
:1072E0008C6B23431A430260426922F00702D1E902
:1072F0000B3423431A4342610B6943604B6883603C
:107300008B68C36010BD0021016041608160C16075
:10731000016141618161C161016241628162C16259
:10732000016341638163704721B1026842F0010249
:10733000026003E0026822F001020260704721B19E
:10734000026842F40042026003E0026822F4004254
:107350000260704721B1026842F02002026003E03F
:10736000026822F0200202607047416070470146C7
:10737000486880B2704722B1036843F40023036079
:1073800003E0036823F4002303600161704721B127
:10739000026842F48022026003E0026822F4802244
:1073A000026070470AB1016100E0C16070470146A8
:1073B00000200A6802F400220AB1012000E0002047
:1073C0007047014600200A6802F001020AB101205C
:1073D00000E000207047014600204A6902F03800B2
:1073E000704730B503460A4600200024464DAB42A4
:1073F00002D24149103901E04349103902F00055E9
:107400000DB14C6800E00C68414D2C4004EA0205C7
:107410000DB1012000E0002030BD02463A4B9A42F7
:1074200002D23548103801E03748103801F00053D7
:107430001BB1374B0B40C36002E0354B0B40836000
:10744000704710B501F080034BB122B1436943F09E
:107450008003436103E0436923F080034361802993
:107460000BD02AB1036801F01E042343036004E03B
:10747000036801F01E04A343036010BD70B502460B
:10748000002000240025204EB24202D21A4B103BAD
:1074900001E01D4B103B1F4E0E4036B11E2606EA82
:1074A000D124166806EA040502E0566906F0800554
:1074B00001F000560EB15C6800E01C68144E3440C8
:1074C00004EA010616B10DB1012000E0002070BDF4
:1074D00002460D4B9A4202D20748103801E00A4892
:1074E000103801F000531BB1094B0B40C36002E0A0
:1074F000074B0B4083607047106002403D00002046
:10750000400F002000003D20106402403F801CF02E
:107510007D0F7D0F3C0F3C0F002044490860091D82
:107520000860091D0860091D086041483F49143181
:107530000860704700213D498279002A3AD00A4606
:10754000126803689A430B461A600A1D12680368A2
:107550009A430B1D1A60027911440A6803681A43A2
:107560000A60324A0832126803689A432F4B083384
:107570001A601A1D126803689A432C4B0C331A6068
:107580004279102A0ED11A1F126803681A43274B3A
:1075900008331A601A1D126803681A43234B0C3310
:1075A0001A600DE02149427911440A6803681A43C0
:1075B0000A6005E0027911440A6803689A430A6088
:1075C00070470021016001710C214171002181711E
:1075D00070471649103109680143144A103211608E
:1075E000704701460020114A143212680A400AB15D
:1075F000012000E0002070470C49143108607047FA
:10760000014600200022094B1B6803EA0102074BD8
:1076100014331B680B4013B10AB1012000E00020B5
:10762000704702491431086070470000003C014077
:10763000FFFF7F0010B50446FE48844208D10121B7
:107640000846FFF7D1FA00210120FFF7CDFA9DE0AF
:10765000B4F1804F08D101210846FFF7B4FA0021A8
:107660000120FFF7B0FA91E0F348844208D10121EC
:107670000220FFF7A8FA00210220FFF7A4FA85E014
:10768000EE48844208D101210420FFF79CFA002132
:107690000420FFF798FA79E0E948844208D10121F3
:1076A0000820FFF790FA00210820FFF78CFA6DE020
:1076B000E448844208D101211020FFF784FA002118
:1076C0001020FFF780FA61E0DF48844208D10121F1
:1076D0002020FFF778FA00212020FFF774FA55E008
:1076E000DA48844208D101210220FFF77DFA002107
:1076F0000220FFF779FA49E0D548844209D10121F7
:107700000804FFF771FA00214FF48030FFF76CFA9C
:107710003CE0D048844209D101214804FFF764FAD3
:1077200000214FF40030FFF75FFA2FE0CA4884428F
:1077300009D101218804FFF757FA00214FF4802076
:10774000FFF752FA22E0C548844208D101214020C7
:10775000FFF739FA00214020FFF735FA16E0C0485C
:10776000844208D101218020FFF72DFA00218020DA
:10777000FFF729FA0AE0BB48844207D101218015AE
:10778000FFF721FA0021A015FFF71DFA10BD002216
:107790000288A84B98420ED0AC4B98420BD0B0F167
:1077A000804F08D0A44B984205D0A44B984202D0F9
:1077B000A34B984204D14FF68F731A404B881A435B
:1077C000A04B984207D0A04B984204D04FF6FF43FD
:1077D0001A400B891A4302804B68C3620B880385E9
:1077E000944B984202D0994B984201D18B7A0386F0
:1077F0000123838270474FF0FF31416000210180F7
:1078000001814180817270470185828270470A46FA
:10781000002101884FF68F73194011430180704792
:1078200041627047C16270470146486A704701462D
:10783000088D704721B1028842F00202028004E004
:1078400002884FF6FD731A400280704721B102880A
:1078500042F00402028004E002884FF6FB731A40F3
:107860000280704721B1028842F08002028004E069
:1078700002884FF67F731A400280704702884FF6E5
:10788000F7731A40028002880A4302807047028818
:107890004FF6FF431A40028002880A430280704775
:1078A00021B1028842F00102028004E002884FF612
:1078B000FE731A400280704770B500240022002336
:1078C000058C4FF6FE7635400584028C8388048B48
:1078D0004FF68F752C40B51E2C400D882C43751E1D
:1078E0002A408D892A434D882A43524DA84202D00E
:1078F000564DA84213D14FF6F7752A40CD892A4339
:107900004FF6FB752A408D882A434FF6FF652B40C2
:107910004FF6FF552B400D8A2B434D8A2B43838016
:1079200004838D684563028470BD70B50024002215
:107930000023058C4FF6EF7635400584028C838852
:10794000048B48F6FF752C404FF6FF452C400D8800
:107950004FF6FF7606EA05252C434FF6DF752A40E1
:107960008D8906EA05152A434D8806EA05152A433E
:10797000304DA84202D0354DA8421DD14FF67F753B
:107980002A40CD894FF6FF7606EA05152A434FF6C1
:10799000BF752A408D8806EA05152A434FF6FF3544
:1079A0002B404FF2FF752B400D8A06EA85052B43CD
:1079B0004D8A06EA85052B43838004838D688563A1
:1079C000028470BD70B5002400220023058C4FF6A0
:1079D000FF6635400584028C8388848B4FF68F7553
:1079E0002C404FF6FC752C400D882C434FF6FF556C
:1079F0002A408D894FF6FF7606EA05252A434D88F1
:107A000006EA05252A430B4DA84202D00F4DA84295
:107A100038D14FF2FF752A40CD894FF6FF7606EA3E
:107A200005252A434FF6FF352A408D8806EA0525AD
:107A30002A4319E000000140000400400008004013
:107A4000000C004000100040001400400004014001
:107A5000004001400044014000480140001800403F
:107A6000001C0040002000404EF6FF752B404DF6F4
:107A7000FF752B400D8A06EA05152B434D8A06EA51
:107A800005152B43838084838D68C563028470BD94
:107A900070B5002200230024058C4EF6FF76354099
:107AA0000584038C8488828B48F6FF752A404FF644
:107AB000FF452A400D884FF6FF7606EA05252A4342
:107AC0004DF6FF752B408D8906EA05352B434D8811
:107AD00006EA05352B43FE4DA84202D0FD4DA842D3
:107AE00008D14BF6FF752C400D8A4FF6FF7606EA5B
:107AF00085152C43848082838D680564038470BD62
:107B0000002101804180818081608181C181018269
:107B10004182704770B50346002000241846183093
:107B200001258D40ACB21D8CA5431D8409B10829E7
:107B30000AD100EB610005684FF68F76354005608D
:107B40000568154305600FE00D1FC5F34E05284479
:107B5000056848F6FF763540056005684FF6FF7604
:107B600006EA02263543056070BD416370478163B4
:107B70007047C1637047016470470A460021018B5A
:107B80004FF68F7319401143018370470A46002155
:107B9000018B48F6FF7319404FF6FF7303EA022387
:107BA0001943018370470A460021818B4FF68F737A
:107BB00019401143818370470A460021818B48F6A2
:107BC000FF7319404FF6FF7303EA022319438183C1
:107BD00070470A460021018B4FF6F7731940114395
:107BE000018370470A460021018B4FF2FF73194051
:107BF0004FF6FF7303EA02231943018370470A46D5
:107C00000021818B4FF6F773194011438183704730
:107C10000A460021818B4FF2FF7319404FF6FF7324
:107C200003EA02231943818370470A460021018B2E
:107C30004FF6FB7319401143018370470A46002138
:107C4000018B4FF6FF3319404FF6FF7303EA02230F
:107C50001943018370470A460021818B4FF6FB735D
:107C600019401143818370470A460021818B4FF6EA
:107C7000FF3319404FF6FF7303EA02231943818350
:107C800070470A460021018B4FF67F73194011435C
:107C9000018370470A460021018BC1F30E014FF6A4
:107CA000FF7303EA02231943018370470A46002148
:107CB000818B4FF67F7319401143818370470A46C9
:107CC0000021818BC1F30E014FF6FF7303EA0223FB
:107CD0001943818370470A460021018C4FF6FD73DA
:107CE00019401143018470470A460021018C4FF668
:107CF000F77319401143018470470A460021018C33
:107D00004FF6DF7319404FF6FF7303EA021319436E
:107D1000018470470A460021018C4FF67F73194099
:107D20004FF6FF7303EA02131943018470470A46B2
:107D30000021018C4FF6FF5319404FF6FF7303EA01
:107D400002231943018470470A460021018C4FF237
:107D5000FF7319404FF6FF7303EA022319430184AE
:107D600070470A460021018C4DF6FF7319404FF60B
:107D7000FF7303EA023319430184704730B50023CF
:107D800001248C40A3B2048C9C430484048C02FA2A
:107D900001F5ADB22C43048430BD30B5002304247A
:107DA0008C40A3B2048C9C430484048C02FA01F539
:107DB000ADB22C43048430BD828B4FF2FF331A40A6
:107DC0008283828B4FF6FF7303EA01231A43828377
:107DD0007047F0B50C461546002100220026078C9E
:107DE0004EF6FF7C07EA0C070784818B028C4FF666
:107DF000FF7707EA043640F6FF4739404FF6FF7732
:107E000007EA052739434FF6FF7707EA0337394377
:107E100045F6FF773A4046F480573A43818302841F
:107E2000F0BD828B4FF6F3731A408283828B0A4334
:107E300082837047F0B50C461546002100220026CB
:107E4000078C4FF6FF6C07EA0C070784818B028CC6
:107E50004FF6FF7707EA04264FF60C7739404FF6C6
:107E6000FF7707EA03172F4339434FF2FF573A4092
:107E700046F480773A4381830284F0BD028B4FF24F
:107E8000FF331A400283028B4FF6FF7303EA01238C
:107E90001A4302837047F0B50C46154600210022B4
:107EA0000026078C4FF6EF7C07EA0C070784018B4E
:107EB000028C4FF6FF7707EA041640F6FF47394079
:107EC0004FF6FF7707EA033739434FF6FF7703E0B2
:107ED000000001400004014007EA052739434FF63E
:107EE0005F773A4046F010073A4301830284F0BDC1
:107EF000028B4FF6F3731A400283028B0A4302830C
:107F00007047F0B50C46154600210022068C4FF64E
:107F1000FE773E400684018B028C4FF60C76314092
:107F20007E1C06EA03162E4331434FF6F5763240A7
:107F300044F00106324301830284F0BD70B505466A
:107F40000C46208850B92389A28861882846FFF70B
:107F5000D8FFE1882846FFF7CBFF25E020880428DA
:107F60000AD12389A28861882846FFF794FFE18817
:107F70002846FFF783FF17E0208808280AD12389C5
:107F8000A28861882846FFF755FFE1882846FFF759
:107F900048FF09E02389A28861882846FFF719FF76
:107FA000E1882846FFF708FF70BD0021018041806D
:107FB000012181800021C180018170472DE9F041BC
:107FC00005460C4600260127608808B9022600E015
:107FD0000026A088012801D1022700E0012720887F
:107FE000A0B92389A28861882846FFF78AFFE18823
:107FF0002846FFF77DFF23893A4631462846FFF79A
:108000004AFFE1882846FFF739FF13E02389A28859
:1080100061882846FFF73FFFE1882846FFF72EFFDB
:1080200023893A4631462846FFF76BFFE188284608
:10803000FFF75EFFBDE8F0810146486B70470146DF
:10804000886B70470146C86B70470146086C7047E3
:108050000A884B881A438B881A43CB881A430B89AA
:108060001A434B891A438B891A43A0F8442070475E
:108070000021018041808180C18001814181818115
:10808000704731B1B0F8442042F40042A0F84420D7
:1080900005E0B0F84420C2F30E02A0F84420704777
:1080A00021B1828842F00402828004E082884FF687
:1080B000FB731A408280704721B1828842F001022E
:1080C000828004E082884FF6FE731A4082807047F7
:1080D0001AB183890B43838102E083898B438381B7
:1080E00070478182704702460020138A0B400BB113
:1080F000012000E000207047CA430282704730B57B
:108100000246002000230024158A05EA0103958910
:1081100005EA010413B10CB1012000E0002030BDDC
:10812000CA430282704741EA0203A0F84830704710
:108130001AB183890B43838102E083898B43838156
:10814000704721B1828842F00802828004E0828870
:108150004FF6F7731A408280704701894FF6F87224
:108160001140018170470A46002101894FF68F7343
:10817000194011430181704730B504460D46294628
:108180002046FFF7F0FF208940F00700208130BD36
:108190002DE9F04104460D4616461F46602D06D1D6
:1081A0003B46012231462046FFF775FE05E03B467F
:1081B000012231462046FFF7A4FE29462046FFF75C
:1081C000D2FF208940F007002081BDE8F08130B562
:1081D0000C4600210189C9B24FF6FF7505EA032557
:1081E000154325432943018130BD2DE9F041054662
:1081F0000E4617469846002443463A4631462846DE
:10820000FFF7E5FF2C894FF6F870044044F00704AF
:108210004FF68F70044044F070042C81BDE8F0816B
:10822000F0B504460D4616461F463B4632462946E3
:108230002046FFF7CCFF208940F480402081F0BD2C
:1082400082884FF68F731A40828082880A43828028
:10825000704702894FF6F8731A40028102890A4377
:108260000281704702894FF67F731A4002810289AA
:108270000A4302817047F0B50C4615461E460021A0
:10828000002200230189028B038C4FF6F8773940D6
:1082900021434FF6FC473A4040F201173A434FF66C
:1082A000DD773B404FF6FF7707EA06172F433B4346
:1082B000018102830384F0BD21B1828842F08002F3
:1082C000828004E082884FF67F731A408280704774
:1082D000A0F850107047000010B50446F7488442DB
:1082E00008D101211020FEF77FFC00211020FEF7AD
:1082F0007BFC3EE0F248844209D101214804FEF7AC
:1083000062FC00214FF40030FEF75DFC31E0ED48E7
:10831000844209D101218804FEF755FC00214FF465
:108320008020FEF750FC24E0E748844209D1012177
:10833000C804FEF748FC00214FF40020FEF743FC80
:1083400017E0E248844209D101210805FEF73BFC11
:1083500000214FF48010FEF736FC0AE0DC4884422E
:1083600007D101212020FEF73FFC00212020FEF74D
:108370003BFC10BD2DE9FF4705460E460024A146F3
:1083800000BFA046B08900B100BF2C8A24F440543D
:10839000F08804432C82AC8941F20C608443B0889D
:1083A00031890843718908430443AC81AC8A24F4C1
:1083B0004074B0890443AC826846FEF7D4FABF48E3
:1083C000854202D0C248854202D1DDF80C9001E01E
:1083D000DDF80890A88900F4004040B109EBC9001D
:1083E00000EB091031684900B0FBF1F707E009EB39
:1083F000C90000EB091031688900B0FBF1F7642077
:10840000B7FBF0F004012009642101FB1078A88972
:1084100000F4004040B1322000EBC800B0FBF1F0A6
:1084200000F00700044308E0322000EB081064214C
:10843000B0FBF1F000F00F0004432C81BDE8FF8792
:108440004FF41651016000218180C18001810C210F
:10845000418100218181704710B502460020108AB9
:1084600020F470600B884C8823438C882343CC888D
:1084700023431843108210BD002101804180818078
:10848000C180704721B1828942F40052828104E0A8
:1084900082894DF6FF731A4082817047028B02F485
:1084A0007F420283028B0A430283704721B1828993
:1084B00042F40042828103E08289C2F30E0282818B
:1084C000704721B1828A42F40062828204E0828A8B
:1084D0004FF2FF731A4082827047C1F30802828014
:1084E000704701468888C0F308007047028A4FF63B
:1084F000F0731A400282028A0A430282704721B155
:10850000828942F00202828104E082894FF6FD7383
:108510001A408281704782894FF2FF731A4082812C
:1085200082890A4382817047028A4FF6DF731A40BC
:108530000282028A0A430282704721B1028A42F40F
:108540008042028204E0028A4BF6FF731A400282E4
:108550007047818941F001018181704721B1828A90
:1085600042F00802828204E0828A4FF6F7731A40D2
:1085700082827047028BD2B20283028B42EA0122CE
:108580000283704721B1828A42F02002828204E095
:10859000828A4FF6DF731A408282704721B1828A45
:1085A00042F01002828204E0828A4FF6EF731A4092
:1085B00082827047828A4FF6FB731A408282828AD7
:1085C0000A438282704721B1828A42F0020282828B
:1085D00004E0828A4FF6FD731A40828270471AB116
:1085E000838A0B43838202E0838A8B4383827047B2
:1085F000F0B50346002400260025002040F66A1747
:10860000B94200D100BF1846C1F3421401F01F0661
:10861000012707FA06F5012C01D10C3004E0022CE9
:1086200001D1103000E014301AB107682F43076001
:1086300002E00768AF430760F0BD02460020B1F5D5
:10864000007F00D100BF13880B400BB1012000E078
:108650000020704701F40072B2F5007F00D100BF26
:10866000CA430280704770B50246002400230025EB
:10867000002040F66A16B14200D100BFC1F3421596
:1086800001F01F03012606FA03F3012D02D196899A
:10869000334006E0022D02D1168A334001E0968A6B
:1086A00033400C12012606FA04F41688344013B144
:1086B0000CB1012000E0002070BD0000001001405E
:1086C0000044004000480040004C00400050004082
:1086D0000014014010B50022002340F66A14A142A4
:1086E00000D100BF0A1201249440A3B2DC430480ED
:1086F00010BD000010B501218803FEF775FA0021B6
:108700004FF48040FEF770FA10BD1A4908607047B8
:1087100030B500228B071C0F0F2303FA04F2154B10
:1087200008338C1053F824309343124C08348D10C6
:1087300044F8253023468C1053F824308C07240F3E
:1087400000FA04F423430B4C08348D1044F8253010
:1087500030BD09490860704708490860704700202B
:1087600004492031096801F4807109B1012000E059
:108770000020704700380140DC00274200042742F7
:1087800000F1080141604FF0FF31816000F1080104
:10879000C1600161002101607047002101617047E3
:1087A000426853684B6043688B60536899605160BE
:1087B0004160086103685B1C0360704710B50246A6
:1087C0000B685C1C0CB9106907E002F1080000E0BE
:1087D0004068446824689C42FAD944684C604C68FC
:1087E000A160886041600A611468641C146010BD57
:1087F0000146D1E901309860D1E9010358600A6966
:108800005068884201D18868506000200861106873
:10881000401E10601068704770B504460D461CB9C4
:10882000F7F706FD00BFFEE700F0F3FDD4E90F12F5
:10883000206801FB020060600020A0632068A06047
:10884000E06B401E226C216800FB0210E0604FF0DC
:10885000FF306064A06475B9206908B9012000E0A8
:10886000002080B904F1100001F02AFC01280AD18F
:1088700000F0C9FD07E004F11000FFF781FF04F1EB
:108880002400FFF77DFF00F0CDFD012070BD2DE934
:10889000F04705460E4617464FF00009DDB150205F
:1088A00000F0E4FD0446B4B105FB06F000F1010858
:1088B000404600F0DBFD2060206848B1E563266497
:1088C00001212046FFF7A8FF84F84D70A14602E081
:1088D000204600F02CFEB9F1000F03D1F7F7A8FCF9
:1088E00000BFFEE74846BDE8F08710B5044600F03B
:1088F00090FD11E0606A08B9012000E0002050B945
:1089000004F1240001F0DCFB08B101F054FCA06C80
:10891000401EA06400E002E0A06C0028EADC00BF7A
:108920004FF0FF30A06400F07DFD00F072FD11E01B
:10893000206908B9012000E0002050B904F11000BE
:1089400001F0BEFB08B101F036FC606C401E6064B3
:1089500000E002E0606C0028EADC00BF4FF0FF306E
:10896000606400F05FFD10BD70B5044600F051FD7D
:10897000A06BE16B884201D1012000E00020054698
:1089800000F050FD284670BD70B504460E461546F1
:10899000206C38B9206838BB606801F09BFC00206F
:1089A000606021E07DB93146226CA06801F0BCFC1A
:1089B000216CA0680844A060D4E90110884213D358
:1089C0002068A06010E03146226CE06801F0ACFC49
:1089D000216CE068401AE0602168E068884203D2B8
:1089E000216C6068401AE060A06B401CA06370BD01
:1089F000FFB583B004460D461E4600271CB9F7F7A5
:108A000017FC00BFFEE70DB9206C08B9012000E09B
:108A1000002018B9F7F70CFC00BFFEE700BF00F01C
:108A2000F8FCA06BE16B884217D2324629462046FB
:108A3000FFF7AAFF606A08B9012000E0002038B9FA
:108A400004F1240001F03CFB012801D100F0DBFC23
:108A500000F0E8FC012007B0F0BD059818B900F05F
:108A6000E1FC0020F7E71FB901A801F05EFB012738
:108A700000F0D8FC00F0DEFF00F0CBFC606C401C86
:108A800008B900206064A06C401C08B90020A064F4
:108A900000F0C8FC05A901A801F055FBC0B92046AB
:108AA000FFF762FF70B104F11000059901F0CBFAF5
:108AB0002046FFF71AFF00F00DFF0028AFD100F0AD
:108AC000A2FCACE72046FFF710FF00F003FFA6E78B
:108AD0002046FFF70AFF00F0FDFE0020BBE770B55F
:108AE0000546502000F0C2FC0446E4B1002060605E
:108AF0002060A060E060A0630120E06300202064AB
:108B0000401E6064A06484F84D5004F11000FFF72B
:108B100037FE04F12400FFF733FE00231A461946FE
:108B20002046FFF765FF1CB9F7F782FB00BFFEE7A1
:108B3000204670BD70B504461CB9F7F779FB00BF3D
:108B4000FEE701F047FB616888420CD1E068401EF7
:108B5000E060E06828B900231A4619462046FFF76E
:108B600047FF012500E00025284670BD70B504468A
:108B700000F04FFCA06B08B9012000E00020054682
:108B800000F050FC284670BD70B504460D462068C4
:108B900070B1216CE0680844E0606168E068884278
:108BA00001D32068E0602846226CE16801F0BCFB3C
:108BB00070BD2DE9FF4182B004460D461E464FF0C0
:108BC00000081CB9F7F734FB00BFFEE70DB9206CB5
:108BD00008B9012000E0002018B9F7F729FB00BF11
:108BE000FEE700BF00F015FCA06B80B3E7682946E4
:108BF0002046FFF7C9FFB6B9A06B401EA0632068EE
:108C000010B901F0E7FA6060206908B9012000E0BE
:108C10000020B0B904F1100001F052FA012810D17F
:108C200000F0F1FB0DE0E760606A08B9012000E0A8
:108C3000002030B904F1240001F042FA08B100F03C
:108C4000E2FB00F0EFFB012006B0BDE8F081FFE79A
:108C5000049818B900F0E6FB0020F5E7B8F1000F22
:108C600004D1684601F061FA4FF0010800F0DAFB28
:108C700000F0E0FE00F0CDFB606C401C08B9002065
:108C80006064A06C401C08B90020A06400F0CAFB1E
:108C900004A9684601F057FA08BB2046FFF766FFB3
:108CA000B8B1206830B900F0B4FB606801F0A1FAF7
:108CB00000F0B8FB04F12400049901F0C4F9204647
:108CC000FFF713FE00F006FE00288BD100F09BFB9F
:108CD00088E72046FFF709FE00F0FCFD82E720460A
:108CE000FFF703FE00F0F6FD0020ADE770B5044687
:108CF0000E461CB9F7F79CFA00BFFEE701F06AFACE
:108D00006168884204D1E068401CE06001250BE006
:108D10000023324619462046FFF74BFF0546012D3A
:108D200002D1E068401CE060284670BD70B5064680
:108D30000D46022200213046FFF7A9FD044604B18A
:108D4000A5631CB9F7F774FA00BFFEE7204670BDB3
:108D50002DE9F04704460F46154698461CB9F7F72B
:108D600067FA00BFFEE70FB9206C08B9012000E0E8
:108D7000002018B9F7F75CFA00BFFEE7F7F758FADA
:108D80008146A06BE16B88421BD2424639462046A1
:108D9000FFF7FAFDA06C401C70B9606A08B90120A9
:108DA00000E0002058B904F1240001F089F930B145
:108DB0002DB10120286002E0A06C401CA0640126B7
:108DC00000E000264846F7F73AFA3046BDE8F0875B
:108DD0002DE9F04104460F4615461CB9F7F728FA6D
:108DE00000BFFEE70FB9206C08B9012000E00020A9
:108DF00018B9F7F71DFA00BFFEE7F7F719FA804632
:108E0000A06BE8B139462046FFF7BEFEA06B401EBE
:108E1000A063606C401C70B9206908B9012000E0B3
:108E2000002058B904F1100001F04AF930B12DB119
:108E30000120286002E0606C401C6064012600E0B4
:108E400000264046F7F7FBF93046BDE8F08170B5E3
:108E500004461CB9F7F7ECF900BFFEE700F0D9FAB9
:108E6000A56B00F0DFFA284670BD70B504461CB94A
:108E7000F7F7DEF900BFFEE7A56B284670BD014697
:108E800000200BE03D4A02EBC00252688A4204D146
:108E900000223A4B43F8302002E0401C0828F1D36E
:108EA00000BF704710B504461CB9F7F7C1F900BF01
:108EB000FEE72046FFF7E3FF206800F038FB20467E
:108EC00000F035FB10BD014691F84C00704780F86A
:108ED0004C107047014691F84D00704770B504463C
:108EE0001CB9F7F7A5F900BFFEE7A06B08B9012090
:108EF00000E000200546284670BD70B504461CB948
:108F0000F7F796F900BFFEE7A06BE16B884201D14D
:108F1000012000E000200546284670BD02460020E2
:108F20000BE0164B53F8303033B9144B43F8301084
:108F300003EBC0035A6002E0401C0828F1D300BFD5
:108F4000704770B504460D4600F063FA606C401C33
:108F500008B900206064A06C401C08B90020A0641F
:108F600000F060FAA06B20B9294604F1240001F05A
:108F70008DF82046FFF7B9FC70BD0000B406002054
:108F80002DE9F04104460D4616461F464FF00008F5
:108F900065602461B5420CD8F01BA169884202D3F8
:108FA0004FF0010811E0211DF0480068FFF706FCB2
:108FB0000BE0BE4204D2BD4202D34FF0010804E0F0
:108FC000211DEB480068FFF7F9FB4046BDE8F08142
:108FD0002DE9FE4305460E4617461C46DDF828805F
:108FE0004FF00009E348006808B300960197029526
:108FF000ACB901F0F2F8012808D1002342466946D5
:10900000DC480068FFF7F4FC814610E000231A46B4
:109010006946D8480068FFF7EBFC814607E000236B
:1090200022466946D3480068FFF792FE81464846CB
:10903000BDE8FE832DE9F84381462BE0CC4800686B
:10904000C0680568CA480068C068C468201DFFF78A
:10905000CFFB2046616A8847E06901281AD1A069E0
:109060004619AE4207D966602461211DC0480068D8
:10907000FFF7A4FB0EE0002003462A4601460090BD
:109080002046FFF7A5FF07461FB9F7F7D1F800BF45
:10909000FEE700BFB6480068006808B9012000E09C
:1090A00000200028CAD0B248D0F80080AF4800683D
:1090B000AF490860AD48C0F80080BDE8F88370B5DE
:1090C000044600F009FF0546AB480068854206D219
:1090D000A9480068FFF7AEFF0120206001E00020F2
:1090E0002060A5480560284670BD70B586B002A80E
:1090F000FFF7E5FF064650E0059C44B1606908B9FA
:10910000012000E0002010B9201DFFF771FB03983B
:1091100030B1012826D0022825D003283BD136E0E3
:109120000498A2698118034632462046FFF728FFBB
:10913000012816D12046616A8847E069012810D1CC
:10914000002000900498A169421800231946204687
:10915000FFF73EFF05461DB9F7F76AF800BFFEE7C7
:1091600000BF19E018E00498A061A06908B10120CF
:1091700000E0002018B9F7F75BF800BFFEE7A06930
:109180008119334632462046FFF7FAFE04E02046B6
:1091900000F0CDF900E000BF00BF00231A4603A98C
:1091A00074480068FFF705FD0028A5D106B070BD22
:1091B000F8B505460F466E480068C068C468201DB3
:1091C000FFF716FBE069012817D1A06941192B466A
:1091D0003A462046FFF7D4FE01280ED10020034670
:1091E0002A46014600902046FFF7F2FE06461EB9C9
:1091F000F7F71EF800BFFEE700BF2046616A884708
:10920000F8BDF8B504460E4600F014FC6846FFF7BA
:1092100056FF05460098A0B946B9AC4206D800F002
:1092200059FB29462046FFF7C3FF0CE0611B51485C
:109230000068FFF786FE00F04DFB20B900F0E3F870
:1092400001E000F047FBF8BD0146494A1268126888
:109250000AB9012200E000220A600A6822B9444AE1
:109260001268D268106800E00020704708B500BF9F
:109270006846FFF7E9FF044620460099FFF7C1FF63
:10928000FFF733FFF4E710B500F0C3F83948006882
:1092900090B93A48FFF774FA3948FFF771FA37483E
:1092A0003349086036483149086000220C210A2001
:1092B000FFF7EDFA2F49086000F0B4F810BD1FB5B4
:1092C0000024FFF7E0FF2B48006868B1002002236C
:1092D000CDE90030029003464FF4007229A10390BB
:1092E0002A4800F0B2F904461CB9F6F7A1FF00BF06
:1092F000FEE7204604B010BD2DE9F04706460D46B6
:1093000017469846DDF820904DB900240DB1012094
:1093100000E00020A0B9F6F78BFF00BFFEE7282091
:1093200000F0A4F804465CB1FFF7ADFF2660A5612C
:10933000E761C4F82080C4F82490201DFFF72DFABF
:109340002046BDE8F08770B50446264600F061F877
:10935000706908B1012000E00020054600F062F8C5
:10936000284670BD01460A46106A70472404002052
:1093700020040020280400202C040020F4060020F3
:1093800008070020546D7220537663006D92000828
:10939000001F4FF080730360001F0160001F002357
:1093A000036014380260001FDB1E03602038704722
:1093B0002A48006842F21071B0FBF1F0401E4FF0F5
:1093C000E021486107200861704710B52448006813
:1093D00040F47C00224908600846006840F07C4068
:1093E0000860FFF7E5FF00201E490860F6F7EEFE73
:1093F0001D48006840F040401B490860F6F7DCFE5D
:10940000002010BD70474FF0805015491C3908608E
:10941000704710B5F6F70CFF12480068401C114960
:10942000086010BD10B50F480068401E0D49086067
:109430000846006810B90020F6F701FF10BD10B50E
:109440004FF0805006491C390860F6F7F1FE00F035
:10945000C2F90020F6F7F3FE10BD0000FC03002067
:1094600020ED00E03004002034EF00E02DE9F04171
:1094700004464FF0000800F0DDFA3D48006898B956
:109480003C493D4A1160002151604FF420513B4A54
:1094900051600021116037484FF42051416011465E
:1094A000016001203249086044B1103404F0070023
:1094B00020B104F00700C0F108000444002C31D0B2
:1094C000B4F5205F2ED22C4F3846056801E02F46B8
:1094D0002D686868A04202D228680028F7D1274882
:1094E00085421FD0386800F1100828683860686825
:1094F000001B202810D92E196868001B70606C6052
:1095000071681D4800E00068026852688A42FAD318
:1095100002683260066000BF194968680968081A65
:109520001749086000F0D6F94046BDE8F08170B5F3
:1095300006463546B6B1103D2C4600F07BFA616810
:109540000D4800E00068026852688A42FAD3026857
:10955000226004600A496068096808440849086094
:1095600000F0B8F970BD0648006870477047000009
:109570004804002020070020340400203C04002080
:109580004404002010B5002407E004EB8401FE4AE7
:1095900002EB8100FFF7F4F8641C052CF5D3FB48BF
:1095A000FFF7EEF8FA48FFF7EBF8FA48FFF7E8F8AC
:1095B000F948FFF7E5F8F948FFF7E2F8F348F8490A
:1095C0000860F348F749086010BD2DE9F0410446F2
:1095D0000E4615469846069F0A22314604F134008D
:1095E00000F0D2FE00213D200155052D00D30425B9
:1095F000E562A564201DFFF7D0F804F11800FFF71D
:10960000CCF82461C5F10500A0616462BDE8F08179
:1096100070B505460E464C20FFF728FF044694B16E
:109620001EB9A800FFF722FF00E030462063206B40
:1096300020B92046FFF77BFF002404E0A900A52203
:10964000206B00F083FE204670BD2DE9FF4F81B0F6
:10965000804616469A46DDE90E5BB8F1000F03D14D
:10966000F6F7E6FD00BFFEE7052D01D2012000E080
:10967000002018B9F6F7DCFD00BFFEE73046109970
:10968000FFF7C6FF0446002C64D0701E216B01EB6F
:10969000800929F0070909F0070008B9012000E056
:1096A000002018B9F6F7C4FD00BFFEE700962A4671
:1096B0002046119B0299FFF788FF524641464846D3
:1096C000FFF766FE2060BBF1000F01D0CBF8004031
:1096D000FFF79FFEB4480068401CB3490860B348D8
:1096E000006840B9B14804600846006801280CD100
:1096F000FFF748FF09E0AE48006830B9AB480068A2
:10970000C06AA84201D8A9480460AA49E06A096869
:10971000884202D9A749E06A0860A7480068206427
:10972000A5480068401CA4490860A449E06A09688B
:10973000884202D9A149E06A0860E16A01EB81012F
:10974000914A02EB8100211DFFF72AF80127FFF75C
:1097500069FE01E04FF0FF37012F09D194480068FE
:1097600030B192480068C06AA84201D2FFF74BFEB0
:10977000384605B0BDE8F08F70B50446FFF749FEE6
:109780008A480068844200D1002414B987480068E0
:1097900000E020460546281DFFF72AF8A86A18B100
:1097A00005F11800FFF724F8291D7B48FEF7F8FFA4
:1097B00083480068401C824908607F480068401C5C
:1097C0007D490860FFF72EFE7948006810B10CB99A
:1097D000FFF719FE70BD70B57A480068002873D194
:1097E00079480068401C784908600846006868BBF2
:1097F0006B480068006808B9012000E0002018B933
:10980000F6F716FD00BFFEE7654805686548006885
:1098100063490860634805606C480068401C6B49F8
:1098200008605F480068006808B9012000E0002077
:1098300020B14FF0FF306649086006E058480068E4
:10984000C068C46862496068086000BF5E4800681C
:109850005F490968884236D300BF514800680068F4
:1098600008B9012000E0002020B14FF0FF30584936
:10987000086027E04A480068C068C46865685248C4
:109880000068A84202D2524805601BE0201DFEF786
:10989000AFFFA06A18B104F11800FEF7A9FF47490D
:1098A000E06A0968884202D94449E06A0860E16ACE
:1098B00001EB8101344A02EB8100211DFEF770FFAC
:1098C000CBE701E000BF04E042480068401C41498A
:1098D000086070BD70B500253A48006818B9F6F701
:1098E000A7FC00BFFEE7FFF794FD36480068401E66
:1098F0003449086008460068002878D12A48006882
:10990000002874D0002621E02248C068C46804F111
:109910001800FEF76DFF201DFEF76AFF2749E06A79
:109920000968884202D92549E06A0860E16A01EBCA
:109930008101154A02EB8100211DFEF731FF1B4911
:10994000E06A0968C96A884200D3012611480068A4
:1099500008B9012000E000200028D5D01D4800688B
:1099600060B106E0FFF737FF1A480068401E19494A
:109970000860184800680028F4D10126012E2FD075
:109980001548006801282AE0202F0020842F00209D
:10999000982F0020AC2F0020C02F0020D42F0020B3
:1099A00050040020540400205C0400204C040020DB
:1099B0006C0400206404002080040020680400205F
:1099C0005804002070040020600400207C04002063
:1099D00084040020740400207804002007E005D1EE
:1099E00001250020F9490860FFF70DFD00BFFFF7D2
:1099F00019FD284670BD10B50446F548006844605E
:109A0000F4480068844207D2F1480168091DF24811
:109A10000068FEF7D3FE0CE0ED480168091DEF4831
:109A20000068FEF7CBFEEE480068844201D2EC48A5
:109A3000046010BDEB480068401CEA4908607047AC
:109A40002DE9F04104460E464FF000081CB9F6F728
:109A5000EFFB00BFFEE70EB1012000E0002018B9C7
:109A6000F6F7E6FB00BFFEE7FFF7E4FF2068851985
:109A7000D84920680968884209D92068A8420FD9C6
:109A8000D448006885420BD94FF0010808E02068EF
:109A9000A84203D8CF480068854201D94FF0010899
:109AA0002560B8F1000F07D0C9480068001DFEF717
:109AB0009FFE2846FFF79FFFFFF70CFF07460FB9F1
:109AC000FFF7A1FCBDE8F08170B5044600267CB12B
:109AD000FFF7B0FFBF4800680519BD480068001DCA
:109AE000FEF786FE2846FFF786FFFFF7F3FE0646E1
:109AF0000EB9FFF788FC70BD70B50446FFF789FC0E
:109B000014B9B348006800E020460646F56AFFF73E
:109B100089FC284670BD2DE9F04706460D464FF0FA
:109B20000009052D01D2012000E0002018B9F6F748
:109B30007FFB00BFFEE7052D00D30425FFF769FC7E
:109B4000A3480068864200D1002616B9A0480068E4
:109B500000E030460446A76CAF4234D0BD4203D982
:109B60002EB14FF0010902E00EB94FF00109D4F80F
:109B70002C80E16AA06C884200D1E562A564C5F141
:109B80000500A06107EB8701974A02EB810160693C
:109B9000884213D1201DFEF72BFE9449E06A096824
:109BA000884202D99149E06A0860E16A01EB8101CB
:109BB0008D4A02EB8100211DFEF7F2FDB9F1010F84
:109BC00001D1FFF720FCFFF72DFCBDE8F08710B5B1
:109BD0008448006818B101207C4908602CE00BE043
:109BE0008248006818B9F6F723FB00BFFEE77F48FC
:109BF0000068401E7D4908607C48006800EB8000DA
:109C0000794951F820000028EAD07849096801EB29
:109C10008101754A02EB810041684968416000F1A9
:109C2000080142688A4202D141684968416041683E
:109C3000C968674A116000BF10BD70B50446FFF7E0
:109C4000E8FB63480068844200D1002414B96048EE
:109C5000006800E020460546281DFEF7C9FDA86AF9
:109C600018B105F11800FEF7C3FD291D6048FEF785
:109C700097FDFFF7D7FB8CB95E48006810B1FFF77E
:109C8000C2FB0BE05A4800685B490968884203D16F
:109C900000204F49086001E0FFF799FF70BD70B5E3
:109CA000054600262C461DB9F6F7C2FA00BFFEE7AE
:109CB0004F496069884201D1012000E0002080B155
:109CC0004E49A06A884201D1012000E0002001280D
:109CD00007D0A06A08B9012000E00020012800D1C7
:109CE0000126304670BD70B505461DB9F6F7A0FADD
:109CF00000BFFEE72C4644B335480068844224D0B8
:109D0000FFF787FB2046FFF7CAFF01281BD1201D64
:109D1000FEF76EFD3549E06A0968884202D9334989
:109D2000E06A0860E16A01EB81012F4A02EB8100E1
:109D3000211DFEF735FD2649E06A0968C96A884297
:109D400001D3FFF760FBFFF76DFB70BD2DE9F0411C
:109D5000054600261DB9F6F76BFA00BFFEE72C4654
:109D6000F6F766FA07462046FFF799FF012826D145
:109D70001C480068F0B91649E06A0968C96A884257
:109D800001D3012000E000200646201DFEF730FD33
:109D90001649E06A0968884202D91449E06A0860F5
:109DA000E16A01EB8101104A02EB8100211DFEF7FF
:109DB000F7FC04E004F118011048FEF7F1FC384606
:109DC000F6F73DFA3046BDE8F08100007804002047
:109DD0004C040020600400205404002050040020A3
:109DE0008404002070040020202F0020680400203C
:109DF000D42F00206C0400205C040020AC2F002035
:109E000010B50446206BFFF792FB2046FFF78FFB4F
:109E100010BD70B523E0FFF70DFEFD48006808B9DE
:109E2000012000E000200546FFF754FDBDB9FFF713
:109E3000F0FAF748C068C468201DFEF7D9FCF54861
:109E40000068401EF3490860F3480068401EF2496C
:109E50000860FFF7E7FA2046FFF7D2FF00BFEE48A1
:109E600000680028D7D170BD00BFFFF7D2FFEB48D4
:109E700000680128F9D9FFF7C6FAF6E71FB50020F8
:109E800000900190029003464FF48072E4A1039089
:109E9000E548FFF7DAFB0446012C02D1FFF70FFA81
:109EA0000446012C09D1F6F7C3F90120DF49086007
:109EB0000020DF490860FFF788FA1CB9F6F7B8F907
:109EC00000BFFEE71FBD10B5F6F7B2F90020D74975
:109ED0000860FFF797FA10BD10B5FFF79AFAD4485B
:109EE0000468FFF79FFA204610BD70B5F6F7A0F999
:109EF0000546CF4804682846F6F7A1F9204670BD0C
:109F0000C448006870470146002002E0491C421C1A
:109F100090B20A78A52AF9D0800870472DE9FE434F
:109F200081460C461646204641684968416000F16A
:109F3000080142688A4202D141684968416041682B
:109F4000CF6800BF204641684968416000F10801C0
:109F500042688A4202D14168496841604168CD68DF
:109F6000286BFFF7D0FF8046286CE96A334605F17D
:109F70003402CDE900180290AEA1B34800F026FEED
:109F8000B149484600F0F4F9BD42DBD1BDE8FE839B
:109F900070B50546FFF74EFD00202870ABA128469E
:109FA00000F0E6F9AA480068441C00BF641E04EBF8
:109FB00084009A4951F8200008B9012000E00020EF
:109FC00040B904EB8400954A02EB800152222846F6
:109FD000FFF7A4FF002CE9D19E480068006808B98B
:109FE000012000E0002028B942229A480168284652
:109FF000FFF794FF98480068006808B9012000E066
:10A00000002028B94222944801682846FFF786FFBD
:10A010007F48006808B9012000E0002020B94422F0
:10A020007B492846FFF77AFF8C48006808B9012071
:10A0300000E0002020B9532288492846FFF76EFF30
:10A04000FFF748FC70BD70B505460C461DB9F6F724
:10A05000EFF800BFFEE78248016818312846FEF796
:10A06000ADFB7F480068001DFEF7C2FB601C30B9E5
:10A070007B480168091D7948FEF792FB05E06C48B2
:10A08000006806193046FFF7B6FC70BD70B504468F
:10A090000D461CB9F6F7CCF800BFFEE77048016822
:10A0A00018312046FEF77CFB6D480068001DFEF766
:10A0B0009FFB5F48006846193046FFF79CFC70BD67
:10A0C00070B50646F068C4681CB9F6F7B1F800BF71
:10A0D000FEE704F11800FEF78BFB62480068A0B9A8
:10A0E000201DFEF785FB6049E06A0968884202D9B5
:10A0F0005D49E06A0860E16A01EB8101474A02EBD1
:10A100008100211DFEF74CFB04E004F118015748C3
:10A11000FEF746FB5249E06A0968C96A884201D3E2
:10A12000012500E00025284670BD10B504461CB985
:10A13000F6F77EF800BFFEE74D48006820603C4817
:10A140000068606010BD70B504460D461CB9F6F796
:10A150006FF800BFFEE71DB9F6F76AF800BFFEE72B
:10A16000FFF757F92868401C08B900261FE040494E
:10A1700020680968884206D02D49606809688842CD
:10A1800001D8012613E02A4960680968081A29687D
:10A1900088420BD22868264A61681268511A401A10
:10A1A00028602046FFF7C1FF002600E00126FFF7E8
:10A1B00039F9304670BD01202E49086070470146CC
:10A1C00011B10A46506C00E00020704708B1024609
:10A1D000516470472249086870471449096809B9F1
:10A1E000002005E01F49096809B9012000E00220AC
:10A1F000704770B505462C464DB11949E06A0968AB
:10A20000C96A884265D216480068C06A34E060E0D6
:10A21000C02F00205C04002058040020202F0020C4
:10A2200049444C4500000000699E00086C04002071
:10A230006004002025730909256309257509257522
:10A240000925750D0A000000E82F00200D0A000006
:10A25000640400205004002054040020D42F002067
:10A260004C0400207004002068040020AC2F002063
:10A270007C04002078040020C0F10500A061E16AA0
:10A2800001EB8101254A02EB81016069884201D11D
:10A29000012000E00020C0B1201DFEF7A9FA2048EF
:10A2A0000068C06AE0621F49E06A0968884202D912
:10A2B0001C49E06A0860E16A01EB8101174A02EB80
:10A2C0008100211DFEF76CFA03E015480068C06AA2
:10A2D000E06270BD70B505462C46EDB1A16CE06A38
:10A2E000884219D0201DFEF783FAA06CE062E06A74
:10A2F000C0F10500A0610B49E06A0968884202D9F3
:10A300000849E06A0860E16A01EB8101034A02EB57
:10A310008100211DFEF744FA70BD0000202F0020AF
:10A320004C0400206804002040EA01039B0703D08E
:10A3300009E008C9121F08C0042AFAD203E011F884
:10A34000013B00F8013B521EF9D27047D2B201E046
:10A3500000F8012B491EFBD270470022F6E710B52A
:10A3600013460A4604461946FFF7F0FF204610BD83
:10A37000421E12F8013F002BFBD111F8013B02F8FD
:10A38000013B002BF9D1704710B5044604E00B786F
:10A3900000F8013B03B1491C521EF8D2204610BD03
:10A3A000421C10F8011B0029FBD1801A704710B520
:10A3B000002200E0521C835C8C5CA34201D1002B84
:10A3C000F8D1D8B2E1B2401A10BD2DE9FE4F804657
:10A3D00081EA0300C00F0C46009021F0004123F0F9
:10A3E0000045B8EB0200A94105D2404621469046FF
:10A3F0001C460B46024623F00040104347D0270D71
:10A40000C7F30A00C3F30A510290401A0190402892
:10A410006BDAC3F3130040F4801B0098924620B11E
:10A420000023D2EB030A63EB0B0B01985946C0F1F2
:10A430004002504600F0C6F906460D4650465946C1
:10A44000019A00F0DEF910EB08006141002487EA70
:10A45000115284EAE7731A4340D0009A62B3019A1A
:10A46000012A4FEA075215DC001B61EB02014FF095
:10A47000004202EA0752CDE90042001C41F580117A
:10A4800032462B4600F015FA03B0BDE8F08F404687
:10A490002146F9E7001B61EB0201001C41F5801326
:10A4A00000185B412018A2F5001747EB030140EAB2
:10A4B000D570B6196D4111E06D084FEA360645EAD0
:10A4C000C0754FEA0752001B61EB0201001C41F509
:10A4D000801149084FEA30000019514132462B469D
:10A4E00003B0BDE8F04F00F0D5B90098012240005C
:10A4F0000023D0EB020263EBE073009821464FEAA1
:10A50000E074B8EB000061EB0401E9E783F000437D
:10A510005BE781F0004158E72DE9FE4F81EA030433
:10A5200004F0004421F0004100944FF0000B23F0B0
:10A53000004350EA01045ED052EA03045BD0C3F347
:10A540000A54C1F30A552C44A4F2F3340194A0FB3D
:10A550000254C1F3130141F48011C3F3130343F414
:10A56000801301FB024400FB034E840A970A44EA6D
:10A57000815447EA8357A4FB076802958D0A05FBBF
:10A5800007854FEA932C04FB0C542705029D4FEAE4
:10A59000065847EA1637B5EB08056EEB070C870E31
:10A5A000920E47EA811742EA8312A7FB0201B6EB3B
:10A5B0000B0164EB00042B0D43EA0C335E1844EBF3
:10A5C0001C50DA465146E7FB0201C5F313044FEA7B
:10A5D0000B3343EA14534FEA0432019C43EA060367
:10A5E000A4F10C040294009CCDE900B400F061F9E0
:10A5F00003B0BDE8F08F00200146F9E72DE9F04DEA
:10A6000081EA030404F0004B21F0004514464FF0AA
:10A61000000A23F0004150EA050220D054EA01026A
:10A620001DD0C5F30A570246C5F31303C1F3130047
:10A63000C1F30A5640F4801543F48013A7EB0608D3
:10A64000101BD64608F2FD3873EB050002D308F163
:10A65000010801E092185B41B8F1000F03DA002015
:10A660000146BDE8F08D00204FF480110646844677
:10A670000EE0171B73EB050705D3121B63EB0503F5
:10A6800006434CEA010C49084FEA300092185B413E
:10A6900050EA0107EDD152EA030012D082EA040029
:10A6A00083EA0501084305D0101BAB4106D2012205
:10A6B000002306E000224FF0004302E06FF00102A9
:10A6C00053101AEB06004CEB085110EB0A0041EB5B
:10A6D0000B01BDE8F04D00F0DDB80EB5C10F80EA0A
:10A6E000E0700844CA07002140F233438DE80E00B1
:10A6F0000A460B4600F0DDF803B000BD70B5C1F3AB
:10A700000A5201F000450024C1F3130140F2FF3367
:10A7100041F480119A4201DA002070BD40F23343C7
:10A720009A42A2F2334203DC524200F05AF800E0AF
:10A7300090402C43F1D0404270BD00F0004230F018
:10A7400000400AD0C10D01F56071C0F3160042EA65
:10A750000151C2084007114370470020014670476D
:10A7600001F0004330B421F0004150EA010206D06C
:10A770000A0DA2F56072C1F31301002A02DC30BC9D
:10A7800000207047440F44EAC104C100E01830BC07
:10A7900000EBC25000F047B830B50B460146002030
:10A7A0002022012409E021FA02F59D4205D303FA93
:10A7B00002F5491B04FA02F52844151EA2F1010214
:10A7C000F1DC30BD202A04DB203A00FA02F100203F
:10A7D00070479140C2F1200320FA03F319439040DF
:10A7E0007047202A04DB203A21FA02F0002170474A
:10A7F00021FA02F3D040C2F12002914008431946E9
:10A800007047202A06DBCB17203A41FA02F043EAD0
:10A81000E07306E041FA02F3D040C2F12002914019
:10A820000843194670470029A8BF7047401C4900DB
:10A8300008BF20F00100704710B4B0FA80FC00FAA5
:10A840000CF050EA010404BF10BC704749B1CCF1D0
:10A85000200421FA04F411FA0CF118BF012121435C
:10A860000843A3EB0C01CB1D4FEA00614FEA102017
:10A8700042BF002010BC704700EBC35010440029B9
:10A88000A4BF10BC7047401C490008BF20F0010065
:10A8900010BC704710B5141E73F1000408DA401C98
:10A8A00041F1000192185B411A4301D120F00100EF
:10A8B00010BD2DE9F04D92469B4611B1B1FA81F2DF
:10A8C00002E0B0FA80F220329046FFF77BFF0446A8
:10A8D0000F4640EA0A0041EA0B0153465A46084334
:10A8E00013D0114653EA010019D0C8F14002504676
:10A8F000FFF777FF05460E46504659464246FFF79A
:10A9000061FF084305D0012004E020463946BDE838
:10A91000F08D0020054346EAE0762C4337430A9841
:10A920006305E40AA0EB08000022FD0A44EA47544C
:10A930000A3002D500200146E9E7010510196941F6
:10A94000DDE9084500196941BDE8F04DA2E770B5A1
:10A9500021F0004303430CD0C1F30A550024D5EB8A
:10A96000040564EB0403D617AD1AB34102DB0020E3
:10A97000014670BD201841EB025170BD2DE9F04D2C
:10A9800000231A461B1A8A4103DB00200146BDE85A
:10A99000F08DC1F30A52C1F3130141F480154FF059
:10A9A000000BD10702D100186D41521E002704464A
:10A9B00040F2FF11384601EB620A3E4680460246ED
:10A9C00000204FF48011FFF70CFFC2197141BB1832
:10A9D00046EB0100B4EB030C75EB000C04D3E41A56
:10A9E00065EB000517460E46241908F101006D417C
:10A9F00080463428E3DDF91946EB0600091BA8411F
:10AA000003D24FF0FF32134601E0002213461BEB46
:10AA1000070046EB0A51BDE8F04DFFF73BBF2DE9BB
:10AA2000FE4FC3F30A5701F000450024C1F30A5654
:10AA3000C3F31303C1F3130143F4801312EB020AAF
:10AA4000A64641F48011009543EB030CA7F1010BDE
:10AA500016E0B0EB0A0061EB0C01071E71F1000774
:10AA600007DA4FF00008D0EB080085F0004568EBEE
:10AA70000101171A73EB0107EBD3761E0018494149
:10AA80005E45F6DA50EA010209D0CDE900E5002280
:10AA900013460296FFF70DFF03B0BDE8F08F204686
:10AAA0000099F9E730B5041E71F1000404DB4FF0A2
:10AAB0000044404264EB0101141E73F1000405DB05
:10AAC0001C464FF00043524263EB04038B4208BF25
:10AAD000824230BD30B5041E71F1000404DB4FF03A
:10AAE0000044404264EB0101141E73F1000405DBD5
:10AAF0001C464FF00043524263EB0403994208BFE7
:10AB0000904230BD00207047064C074D06E0E068DB
:10AB100040F0010394E8070098471034AC42F6D3A4
:10AB2000F5F736FB10DC000830DC00080EB540F20B
:10AB3000334102910021CDE900110A460B46FFF78F
:10AB4000B8FE03B000BD70B58C1810F8015B15F0AD
:10AB5000070301D110F8013B2A1106D110F8012B8F
:10AB600003E010F8016B01F8016B5B1EF9D12B07B4
:10AB700005D40023521E0DD401F8013BFAE710F86A
:10AB8000013BCB1A921C03E013F8015B01F8015B57
:10AB9000521EF9D5A142D8D3002070BD0FB41CB508
:10ABA0000246002007AC00290BD0491ECDE9002148
:10ABB000054B6A462146069802F01CFD009A0021CA
:10ABC00011701CBC5DF814FBADD700080FB4084B26
:10ABD00010B504A902AA039802F00CFD044602A9CC
:10ABE000002002F0EEFD204610BC5DF814FB0000D2
:10ABF000C3D7000803B401984100009850EAC1206F
:10AC000018BF04204A0D18BF40F0010040F2FF7247
:10AC1000B2EB515F08BF40F00200012808BF0520D9
:10AC200002B070474100080218BF04200A0E18BF86
:10AC300040F001004FF07F4232EA010108BF40F0CE
:10AC40000200012808BF05207047000010B510EE73
:10AC5000104A4FF01A402DED028B00EB4400B0F18A
:10AC6000C85F4AD84FF0FC40B0EB440F22D2B0EEA0
:10AC7000C00AF7EE000A30EEC00AF6EE000A20EE37
:10AC8000208A18EE100A02F0E4FD00EE100A14F01B
:10AC9000004F1DBF9FED281ADFED280AB1EE400AD4
:10ACA0009FED271A08BFF0EE410AF8EE001A20EED9
:10ACB000210A05E020EE008A9FED221ADFED220A2C
:10ACC000DFED221A9FED222A70EEC00A20EE080A5C
:10ACD00008EE212ADFED1F1A48EE021A9FED1E2A08
:10ACE00008EE212ADFED1D1A48EE021ABDEC028B98
:10ACF00040EE610A30EE810A10BD4FF0CC40B0EB5F
:10AD0000440F82BF9FED160ABDEC028B10BD4FF0C1
:10AD10007F40B0EB440F05D2BDEC028BBDE8104084
:10AD200002F034BC012002F05FFCBDEC028BBDE8F8
:10AD3000104002F031BC00000000494022AA7D3AD8
:10AD4000000000000000C93F22AAFD3924FE1C3D7E
:10AD5000C78AD83C1E67383D1B93993DAFAA2A3E4F
:10AD6000DB0FC93F10EE100A10B510EE901A4FF02D
:10AD7000684202EB40032DED028BB3F1654F3CBFFF
:10AD800002EB4102B2F1654F7CD200BFC0F3C75362
:10AD9000C1F3C7529A1A1B2A09DD10F0004F14BFE5
:10ADA0009FED6E0A9FED6E0ABDEC028B10BD12F195
:10ADB0001A0F1BDA11F0004F09D010F0004F0CBF32
:10ADC0009FED680A9FED680ABDEC028B10BD80EE16
:10ADD000208A18EE100AFFF725FF042808BF02F0AA
:10ADE000EBFBB0EE480ABDEC028B10BD4200B2EBAB
:10ADF000410F37D910F0004F19BFDFED5C1A9FEDFE
:10AE00005C1ADFED5C1A9FED5C1AB0EE602A0A4610
:10AE1000F1EE400A80F00041B0EE420A10460A1AF4
:10AE20005200B2F1807F34D2484010F0004FDFED85
:10AE3000532A9FED533A1DBFBEEE002A71EEE21A6F
:10AE400031EE431AB6EE002A04BF71EEA21A31EEBB
:10AE5000031AF0EE402A42EE602A40EE020A82EE29
:10AE6000A02A18E011F0004F04BF9FED461AF0EE43
:10AE7000411AD4D010F0004F1CBFDFED431A9FEDF4
:10AE8000431A00E026E004BFDFED411A9FED411AAE
:10AE9000C5E780EE202A22EE020ADFED3F0ADFED51
:10AEA0003F2ABDEC028B40EE202ADFED3D0A40EE4A
:10AEB000220ADFED3C2A40EE202ADFED3B0A40EE7D
:10AEC000220A22EE000A00EE201A31EE020A30EECB
:10AED000210A10BD4FF07F42B2EB400F28BFB2EB0A
:10AEE000410F05D2BDEC028BBDE8104002F051BB12
:10AEF00040EA01035B0008BF41F0FF410BD0B2EB19
:10AF0000400F08BFB2EB410F08D120F0804000EEA7
:10AF1000100A21F0804100EE901A37E7B2EB400FA3
:10AF200012BF5FEA410240F0FF4001F000413FF4F0
:10AF30002DAF4A0092EA40033FF528AF002AACBF8C
:10AF40009FED1A1A9FED1A1A20EE010A60EE810A8F
:10AF500010EE100A10EE901A18E70000DB0FC9BFC0
:10AF6000DB0FC93FDB0F4940DB0F49C00000C9BF01
:10AF700022AAFDB90000C93F22AAFD390060ED3EBA
:10AF8000C30ACE3700000000000049C022AA7DBAE3
:10AF90000000494022AA7D3A2DAD65BD8FB8D53D50
:10AFA0000FB511BE61C84C3EA8AAAABE0000804FD2
:10AFB0000000802F0000000010B52F499FED2C1BD2
:10AFC0002DED020B84B0059820F000408842D8BFD8
:10AFD0009DED040B2DDD2949884209D1049840B923
:10AFE0004FF0010002F000FB02F096FA06B010BD2F
:10AFF00005DB9DED040B02F07BFA06B010BD684640
:10B000009DED040B01F074FE10F0030004BF9DEDF4
:10B01000021B9DED000B0CD001280ED09DED021BF4
:10B020009DED000B022817D0012002F0B1F906B007
:10B0300010BD02F079F806B010BD9DED021B9DED2C
:10B04000000B012002F0A4F951EC100B81F000413B
:10B0500006B041EC100B10BD02F066F851EC100B7D
:10B0600081F0004106B041EC100B10BD0000000063
:10B070000000000000000000FB21E93F0000F07F1D
:10B0800070B52DED020B2DED0A8B82B00D98C40F1B
:10B0900020F00045AE48854248D3AE48854219D3DA
:10B0A0000C99C5F31300084309D09DED0C0B02B0B9
:10B0B000BDEC0A8B02B0BDE8704002F019BA002C5A
:10B0C00014BF9FEDA50B9DED0C0B02B0BDEC0A8BE0
:10B0D00002B070BD9FEDA20B53EC102B9DED0C0B3D
:10B0E00051EC100BFFF7F6FC0AD2022002F07CFABA
:10B0F00002B0BDEC0A8B02B0BDE8704002F01CBA91
:10B100009FED990B53EC102B9DED0C0B51EC100B9C
:10B11000FFF7C8FC0AD2022002F066FA02B0BDECCA
:10B120000A8B02B0BDE8704002F016BA90489FED5D
:10B1300092BBA8425CD29248854219D29148784489
:10B1400000EBC40090ED000B53EC102B9DED0C0BAD
:10B1500051EC100BFFF7DAF941EC1A0B8A487844EE
:10B1600000EBC40090ED009BC4F10100041B36E02D
:10B170009FED870B53EC102B9DED0C0B51EC100B3E
:10B18000FFF7CAF941EC100B8348784400EBC40088
:10B1900090ED001B51EC100B53EC112BFFF715F940
:10B1A000FFF7ACFA0446FFF798FA41EC180B9FED55
:10B1B0007C0B53EC102BFFF7AFF99DED0C1B53EC00
:10B1C000112BFFF7A6F941EC1A0B9FED770B51EC11
:10B1D000180B53EC102BFFF79FF941EC190B51ECB6
:10B1E0001A0B53EC192BFFF791F9CDE90C011BE079
:10B1F0006F48854217D29FED700B53EC102B9DEDDD
:10B200000C0B51EC100BFFF7E0F853EC1B2BFFF786
:10B2100061FC08D29DED0C0B53EC1B2B51EC100B79
:10B22000FFF7D3F86EE000249DED0C0B53EC102BD0
:10B2300051EC100BFFF770F941EC180B6048052139
:10B24000B0EE480AF0EE680A784402F025F853ECB4
:10B25000182B51EC100BFFF75FF99DED0C1B53EC15
:10B26000112BFFF756F941EC180B9FED570B5CB310
:10B2700053EC182B51EC100BFFF748F99DED0C0B1C
:10B2800041EC1C0B53EC182B51EC100BFFF744F95D
:10B2900053EC1C2BFFF7B2F953EC192BFFF739F9DC
:10B2A00053EC1A2BFFF732F953EC1B2BFFF731F954
:10B2B000CDE900016FF47F70844226DB01EB04507E
:10B2C00001909DED000B00E753EC102B51EC180B97
:10B2D000FFF71CF99DED0C0B41EC190B53EC182BEF
:10B2E00051EC100BFFF718F953EC192BFFF786F907
:10B2F0009DED0C1B53EC112BFFF708F953EC1B2BA6
:10B30000FFF707F941EC100BDFE608464FF07A51E2
:10B3100001EB04519FED2E0B084453EC102B0190D0
:10B320009DED000B51EC100BFFF7F6F80D4645ECC8
:10B33000100B044651EC100BFFF75CFC042808BF0F
:10B3400002F00AF945EC104BBFE6000000000000D7
:10B35000422E86400000F07F000000000000000048
:10B36000EF39FAFE422E864051302DD5104987C064
:10B37000422ED63F00000000000000000000F03F19
:10B38000B2A2F03F5E2700004E2700000000000040
:10B39000FE822B654715F73F0227000000000000E2
:10B3A0000000E0FE422EE63F763C7935EF39EA3D7B
:10B3B0000000303E000000009C7500883CE4377EB1
:10B3C00074260000000000000000000000000040A3
:10B3D00000000000000070012DED020B019820F02C
:10B3E000004001909DED000B02B0704710B52DEDAF
:10B3F000040B86B09DED060B10EE100A10EE901AAD
:10B400008DED000B002818BF0120084320F00040FC
:10B41000C0F17F6000F1E040C00F21D19DED080B2D
:10B4200010EE101A10EE900A8DED000B002918BFD7
:10B430000121084320F00040C0F17F6000F1E040AE
:10B44000C00F0DD129490798B1EB400F04BF0698F2
:10B45000002842D00998400004BF089800283CD03A
:10B460009DED080B53EC102B9DED060B51EC100BD2
:10B47000FFF7D5FACDE902019DED020B40F2FF7115
:10B4800010EE900A8DED000B31EA105021D0079894
:10B49000039900F0004001F00041884219D09DED71
:10B4A000080B8DED040B9DED020B8DED000B10EEE6
:10B4B000900A059961F31E0005909DED041B9DED1A
:10B4C000020B51EC110B53EC102BFFF722F8CDE9D6
:10B4D00002019DED020B0AB010BD012002F084F8BC
:10B4E0000AB0BDE8104002F017B800000000E0FF0D
:10B4F00070B5D94B00242DED020B2DED108BDDE93D
:10B500001010984205DA20F000429A4201D809D181
:10B5100041B19DED100BBDEC108B02B0BDE8704049
:10B5200001F0E6BFB0F5801F26DA11430BD00028EA
:10B5300013DA012002F058F8BDEC108B02B0BDE820
:10B54000704001F0E9BF022002F04EF801F0B8FFB0
:10B5500051EC100B81F000419EE06FF035049FED3F
:10B56000C00B53EC102B9DED100B51EC100BFEF7A4
:10B57000D3FFCDE91001084604EB2051C0F31304BA
:10B58000B948A1F2FF31204400F4801080F07F62BE
:10B5900082F04052224301EB20559FEDB50B1192F2
:10B5A00053EC102B9DED100B51EC100BFEF7AEFF82
:10B5B00041EC180BA01CC0F313009FEDAFDB9FED17
:10B5C000B0EBB14E7E4403286CD296ED000B51ECEB
:10B5D000180B53EC102BFFF765FA1DD1002D01BF9E
:10B5E00096ED000BBDEC108B02B070BD2846FFF746
:10B5F00074F841EC180B53EC1D2BFEF78DFF41EC5A
:10B60000190B53EC1E2B51EC180BFEF785FF53EC76
:10B61000192BFEF7DAFE3FE09FED9D0B51EC180B66
:10B6200053EC102BFEF778FF9FED9B1B53EC112B77
:10B63000FEF76FFF41EC190B53EC182B51EC180B74
:10B64000FEF76AFF53EC192BFEF766FF41EC190B6E
:10B65000002D04BF53EC192B51EC180B1AD02846BF
:10B66000FFF73BF841EC1A0B53EC1D2BFEF754FF90
:10B6700053EC192BFEF74DFF53EC182BFEF746FF4A
:10B6800041EC180B53EC1E2B51EC1A0BFEF744FF48
:10B6900053EC182BFEF73AFFBDEC108B02B041ECD7
:10B6A000100B70BD9FED7E0B51EC180B53EC102B63
:10B6B000FEF78BFE41EC100B51EC180B53EC102BEA
:10B6C000FEF79CFF41EC190B2846FFF706F841EC0A
:10B6D0001B0B53EC192B51EC190BFEF71DFF41EC22
:10B6E0001A0B714853EC1A2B261851EC1A0BFEF763
:10B6F00013FF41EC1F0B6D48C4F1510404F5D7242E
:10B70000B0EE4F0AF0EE6F0A0321784401F0C4FD59
:10B7100053EC1F2B51EC100BFEF7FEFE41EC1C0B03
:10B720006348B0EE4F0AF0EE6F0A0421784401F04E
:10B73000B3FD53EC1A2B51EC100BFEF7EDFE344326
:10B7400053EC1C2BFEF741FE41EC1C0B002C4CDD96
:10B750009FED510B51EC180B53EC102BFEF7DCFE58
:10B7600053EC182BFEF7D8FE41EC1A0B55B353ECF3
:10B770001D2B51EC1B0BFEF7CFFE41EC1D0B53ECC8
:10B780001C2B51EC1A0BFEF720FE53EC192BFEF785
:10B79000C3FE53EC1D2BFEF718FE53EC1A2BFEF7DD
:10B7A000B8FE53EC182BFEF7B1FE41EC180B53EC2E
:10B7B0001E2B51EC1B0BFEF7AFFE53EC182BFEF7C4
:10B7C000A5FE69E753EC1C2B51EC1A0BFEF7FDFDAF
:10B7D00053EC192BFEF7A0FE53EC1A2BFEF799FE43
:10B7E00053EC182BFEF795FE56E735B353EC1D2BA3
:10B7F00051EC1B0BFEF790FE41EC1A0B53EC1C2B8B
:10B8000051EC180BFEF782FE53EC192BFEF784FE69
:10B8100053EC1A2BFEF77AFE53EC182BFEF776FE4C
:10B8200041EC180B53EC1E2B51EC1B0BFEF774FE76
:10B8300053EC182BFEF76AFE2EE753EC1C2B51EC51
:10B84000180BFEF763FE53EC192BFEF765FE53EC65
:10B85000182BFEF75EFE1FE70000F07F00000000DF
:10B860000000000000005043645F09000000000079
:10B87000000000000000F03F763C7935EF39EA3DEA
:10B880000000E0FE422EE63F5025000000000000D0
:10B89000555555555555D53F000000000000E03F77
:10B8A000000000000000004086EBF9FFDA210000F4
:10B8B000D0210000000000002DE9F04D2DED040B1B
:10B8C0002DED0E8B96B0DDE92550279CDDF890A07C
:10B8D00025F0004624F00048BAF1000F14BF012102
:10B8E000002101EB4502FC4953184A1093422AD328
:10B8F000002814BF0123002303EB44030B44F74942
:10B900008B4220D358EA00019FEDF59B76D0DFF8FB
:10B91000D8B35D4503D1BAF1000F05D188E0BAF183
:10B92000000F08BF002100D0012101EB450111F5F6
:10B93000001F08D8002814BF0121002101EB440199
:10B9400011F5001F0BD99DED261B9DED240B16B0A4
:10B95000BDEC0E8B04B0BDE8F04D01F0D3BD002767
:10B96000002DBCBFE149884521DAE1498845A8BFDF
:10B9700002271CDAC3451ADCDE4901EB28511429E1
:10B9800008DDC1F1340220FA02F101FA02F282422A
:10B990000DD108E058B9C1F1140228FA02F101FAF8
:10B9A00002F2424503D101F00101C1F1020756EA5A
:10B9B0000A0124D1002C22DA002D18BF022F01D059
:10B9C000012F0AD0022001F00FFE16B0BDEC0E8B45
:10B9D00004B0BDE8F04D01F073BD022001F004FE9B
:10B9E00001F06EFD51EC100B81F0004141EC100BA9
:10B9F00016B0BDEC0E8B04B0BDE8F08D18E09FEDE5
:10BA0000BEAB9FEDBF8B002871D1B848804522D1D5
:10BA100005F1804010F5801008BFBAF1000F07D083
:10BA2000B3450ADC002CA8BF9DED260BE0DA0DE043
:10BA3000B0EE490AF0EE690ADAE7002C06DA9DED6D
:10BA4000260B51EC100B81F000416FE0AE487844BA
:10BA500090ED000BCCE7D8454DD1002C48DA2EB143
:10BA600086423AD1BAF1000F42D126E0BAF1000F76
:10BA700013D0022001F0B8FD01F05EFD8DED020B48
:10BA80009DED240B8DED000B10EE900A039961F3F0
:10BA90001E0003909DED020BAAE78DED02AB9DED1C
:10BAA000240B1AEE901A10EE900A8DED000B61F344
:10BAB0001E0003909DED020B9AE78DED028B9DED2C
:10BAC000240B18EE901A10EE900A8DED000B61F326
:10BAD0001E0003909DED020B8AE709DA9DED240B11
:10BAE00051EC190B53EC102BFEF788FD1EE020E003
:10BAF0009DED240B7CE786421BDAB4F1804F0DD01C
:10BB0000A4F10050B0F1FF5013D1002D11DB9DEDD9
:10BB1000240B51EC100B01F065FE07E09DED240BAA
:10BB200053EC102B51EC100B00F0C2BC41EC100B8D
:10BB30005EE79DED240B51EC100B01F047FEBAF1CE
:10BB4000000FCDE90E0142D19FED710B46B3A6F176
:10BB5000E040B0F17F600CD05E4538D1002D00DAB6
:10BB6000A7B3022F0CBF01204FF0FF30FEF7B5FD49
:10BB7000DCE7002D01DD002C0DDA002D01DD002CAD
:10BB80001FDB002D16DA002C14DB012F08BF9FED00
:10BB9000620B3FF42DAFB0EE4A0AF0EE6A0A27E7D7
:10BBA000022F18BF002D0CD0012F0AD1002DFFF657
:10BBB0001FAF06E0002DB8BF002C08DA012F3FF4BC
:10BBC00017AFB0EE480AF0EE680A11E71BE001205B
:10BBD00000EBE57050EA070115D0791EB0EE498AF6
:10BBE000F0EE698A084308BF9FED4D8B4E48002553
:10BBF000804570DD4D494E48884514DDB0420DDB6F
:10BC0000002C19DB2FE0012001F0EEFC16B0BDEC9A
:10BC10000E8B04B0BDE8F04D01F07EBCB34502DCF4
:10BC2000002C09DC1FE0864202DA002C1BDA03E05C
:10BC30005E452BDD002C16DD022001F0D5FC01F065
:10BC40007BFC8DED020B53EC1A2B51EC180BFEF71D
:10BC500063FCCDE900010399019861F31E00039094
:10BC60009DED020BC4E6022001F0BEFC01F074FC65
:10BC700010EE901A18EE900A8DED020B8DED008BF0
:10BC800061F31E0003909DED020BB1E69DED0E0BDE
:10BC900053EC192B51EC100BFEF738FC9FED260BE3
:10BCA000CDE9080153EC102B9DED080B51EC100B66
:10BCB000FEF732FC9FED221B53EC112BFEF729FC03
:10BCC0009DED081B53EC112BFEF726FC9FED1E1B70
:10BCD00053EC112B3CE08CE0FFFF1F00FFFF0F0037
:10BCE000000000000000F03F0000F03F0000F07F87
:10BCF0000000404301FCFFFF000000000000F07F57
:10BD00000000000000000000C6200000000000004D
:10BD10000000000000000080000000000000F0FFB4
:10BD2000000000000000F0BF0000E0410000F04310
:10BD3000FFFFEF3F00000000000000000000D03FC8
:10BD4000555555555555D53F000000000000E03FC2
:10BD5000FEF7DFFB9DED080B41EC1A0B53EC102BAB
:10BD600051EC100BFEF7D8FB53EC1A2BFEF7D4FB6B
:10BD700041EC1A0B9FEDFE0B53EC102B9DED080BC5
:10BD800051EC100BFEF7C8FB41EC1B0B9FEDFA0BBF
:10BD900051EC1A0B53EC102BFEF7BEFB41EC1A0BC7
:10BDA0009FEDF70B53EC102B9DED080B51EC100B96
:10BDB000FEF7B2FB53EC1A2BFEF7A8FB41EC1A0B73
:10BDC00051EC1B0B53EC1A2BFEF7FFFA0690CDE952
:10BDD00006519DED060B53EC1B2B51EC100BFEF79F
:10BDE00095FB53EC1A2BFEF794FB41EC100B00F083
:10BDF000A1B90020B6F5801F0EDA9FEDE30B53ECDE
:10BE0000102B9DED0E0B51EC100BFEF785FBCDE9D1
:10BE10000E016FF034000E4600EB2650A0F2FF3703
:10BE2000C6F31300DA4940F07F6646F04056884278
:10BE3000D8BF002408DDD7498142C8BF012403DCF4
:10BE40000024A6F580167F1CD348784400EBC4007C
:10BE50000F9690ED00CB9DED0E0B53EC1C2B51EC8F
:10BE6000100BFEF753FB9DED0E0B41EC1B0B53EC3F
:10BE70001C2B51EC100BFEF7A8FA41EC100B51EC07
:10BE8000190B53EC102BFEF7B9FB41EC1D0B51ECD9
:10BE90001B0B53EC1D2BFEF73FFB41EC1A0BBF486D
:10BEA0008DED10AB7844109590ED000B4FF00050E5
:10BEB00040EA660000EB84408DED080B00F50020A1
:10BEC00009909DED080B53EC1C2B51EC100BFEF769
:10BED0001DFB9DED0E1B53EC112BFEF71AFB41ECE5
:10BEE000100B53EC102B9DED100B51EC100BFEF7CB
:10BEF00013FB9DED080B41EC1C0B53EC102B9DED3F
:10BF0000100B51EC100BFEF707FB53EC1B2BFEF74D
:10BF100000FB53EC1C2BFEF7F9FA53EC1D2BFEF73C
:10BF2000FBFA41EC1C0B53EC1A2B51EC1A0BFEF7ED
:10BF3000F3FA41EC1B0B9A480621B0EE4B0AF0EEE7
:10BF40006B0A784401F0A8F9B0EE401AF0EE601ADE
:10BF5000B0EE41DAF0EE61DA53EC1B2B51EC1B0B27
:10BF6000FEF7DAFA53EC1D2BFEF7D6FA9DED100B17
:10BF700041EC1B0B53EC1A2B51EC100BFEF725FA7E
:10BF800053EC1C2BFEF7C8FA53EC1B2BFEF71DFAE3
:10BF90009DED100B41EC1B0B53EC102B51EC100BD7
:10BFA000FEF7BAFA41EC1D0B9FED7FEB53EC1E2B15
:10BFB000FEF70BFA53EC1B2BFEF707FA0890CDE9BE
:10BFC00008519DED080B53EC1E2B51EC100BFEF7A6
:10BFD0009DFA53EC1D2BFEF799FA53EC1B2BFEF741
:10BFE00098FA9DED080B41EC1D0B53EC102B9DEDC9
:10BFF000100B51EC100BFEF78FFA41EC1B0B53ECBE
:10C000001A2B51EC1D0BFEF787FA9DED080B41EC46
:10C010001A0B53EC102B51EC1C0BFEF77DFA53EC72
:10C020001A2BFEF7D2F941EC1A0B51EC1B0B53EC17
:10C030001A2BFEF7CAF90C90CDE90C519DED0C0BB3
:10C0400053EC1B2B51EC100BFEF760FA53EC1A2B40
:10C05000FEF75FFA41EC1B0B9FED550B53EC102BD9
:10C060009DED0C0B51EC100BFEF756FA41EC1A0B40
:10C070009FED510B51EC1B0B53EC102BFEF74CFAC0
:10C0800041EC1B0B9FED4E0B53EC102B9DED0C0B5D
:10C0900051EC100BFEF740FA53EC1B2BFEF795F911
:10C0A00041EC100B4848784400EBC40090ED001BB5
:10C0B00051EC100B53EC112BFEF787F941EC1B0BE5
:10C0C0003846FEF70AFBCDE9080153EC1B2B51EC77
:10C0D0001A0BFEF77AF941EC100B3C48784400EB60
:10C0E000C40090ED00CB51EC100B53EC1C2BFEF771
:10C0F0006CF99DED081B53EC112BFEF766F90690C9
:10C10000CDE906519DED080B53EC102B9DED060B70
:10C1100051EC100BFEF7FAF953EC1C2BFEF7F6F975
:10C1200053EC1A2BFEF7F2F953EC1B2BFEF7F1F947
:10C1300041EC100B9DED261B53EC102B8DED001BDD
:10C1400000959DED260B51EC100BFEF7E5F99DEDEA
:10C15000000B41EC1A0B53EC102B9DED260B51EC10
:10C16000100BFEF7D3F99DED061B53EC112B2FE0BE
:10C17000000000604715F73FFE822B654715F73F2B
:10C1800044DF5DF80BAE543E000000000000404369
:10C190008E9803007AB60B00D21A0000701C0000C3
:10C1A0000A1A000000000000000000000000084023
:10C1B000000000E009C7EE3FFD033ADC09C7EE3F8F
:10C1C000F5015B14E02F3EBE9618000050180000E9
:10C1D000FEF7A2F953EC1A2BFEF7F7F89DED060BCC
:10C1E00041EC1A0B53EC102B9DED000B51EC100B96
:10C1F000FEF792F9CDE90C019DED0C0B51EC1A0BF9
:10C2000053EC102BFEF7E1F8CDE902010C46AA49E8
:10C210008C422FDB611A084318D19DED0C0B53ECB7
:10C22000102B9DED020B51EC100BFEF76FF941EC5A
:10C230001B0B9FEDA30B51EC1A0B53EC102BFEF7CD
:10C24000C4F853EC1B2BFEF745FC2DD2022001F065
:10C25000CBF901F071F910EE901A18EE900A8DEDFD
:10C26000020B8DED008B61F31E0003909DED020B20
:10C27000FFF7BEBB944A24F00041914214D3934986
:10C28000214408437FF4EFAC9DED0C0B53EC102BD5
:10C290009DED020B51EC100BFEF738F953EC1A2B05
:10C2A000FEF718FC7FF6DFAC24F000408849894A8D
:10C2B000002601EB205182422BDA481C4FF48011FA
:10C2C00021FA00F02044844AC0F30A517A44A1F2D2
:10C2D000FF3192ED000B814A8DED080BCA4020EA38
:10C2E0000202C0F3130040F48010C1F1140120FADF
:10C2F00001F60992002CB8BF76429DED080B53EC75
:10C30000102B9DED0C0B51EC100BFEF7FFF8CDE957
:10C310000C019DED0C0B51EC1A0B53EC102BFEF79E
:10C3200054F89FED6F0B0890CDE9085153EC102B9A
:10C330009DED080B51EC100BFEF7EEF841EC1B0BDA
:10C340009FED690B53EC102B9DED080B51EC100B7E
:10C35000FEF7E2F89DED0C0B41EC1C0B53EC102B9F
:10C360009DED080B51EC100BFEF7D0F853EC1A2B97
:10C37000FEF7CFF89FED5E1B53EC112BFEF7CCF8C8
:10C3800053EC1C2BFEF721F841EC1A0B51EC1B0B64
:10C3900053EC1A2BFEF719F8CDE902019DED020BC3
:10C3A00053EC1B2B51EC100BFEF7B0F853EC1A2B8F
:10C3B000FEF7AFF89DED020B41EC1A0B53EC102B7E
:10C3C00051EC100BFEF7A8F8CDE908014A489DEDA5
:10C3D000080B0521784400F05FFF9DED081B51EC30
:10C3E000100B53EC112BFEF797F89DED021B53EC4D
:10C3F000112BFEF78EF8CDE906019DED020B53ECF3
:10C400001A2B51EC100BFEF787F853EC1A2BFDF7A3
:10C41000DCFF9FED3B0B41EC1A0B53EC102B9DED19
:10C42000060B51EC100BFEF771F89DED060B41EC7D
:10C430001B0B53EC102B9DED020B51EC100BFEF778
:10C440006BF853EC1B2BFEF7D9F853EC1A2BFEF7C5
:10C450005DF89DED021B53EC112BFEF757F853ECE2
:10C46000192BFEF756F8CDE9020101EB0650011534
:10C470000029C8BF039015DC9DED020B324651EC3C
:10C48000100BFEF764FAFEF7B5FB042808BF01F0B5
:10C4900063F832469DED020B51EC100BFEF757FA94
:10C4A000CDE902019DED020B51EC180B53EC102B62
:10C4B000FEF732F8FFF73ABB0000904000000000A2
:10C4C000FE822B654715973C00CC904000346F3FAF
:10C4D00001FCFFFF0000E03F48180000FFFF0F00D5
:10C4E00000000000432EE63F396CA80C615C20BEC2
:10C4F000EF39FAFE422EE63FA815000000000000CA
:10C50000000000000000004010B510EE100A2DEDF4
:10C51000068BB7EE001A10EE901AB0EE418A002298
:10C52000A0F5000CDFEDFE9A4FF00073BCF1FE4F5A
:10C530004FF07F4403EB410C80F0B481BCF1804F9D
:10C54000C0F02082F74901449FEDF73AB1F5005F52
:10C5500040F2D48200F58021CB0C03F00F0101EEF4
:10C56000901AC3F307137F3BA0EBC350B8EEE12A48
:10C5700000EE100A1A44DFEDED2AF0EE411A42EE09
:10C58000221AF0EE613A70EE232A30EE632A12EEA0
:10C59000900A00F500606FF30B0001EE900A73EE55
:10C5A000E13A33EE804AC1EE223A22EE230A10EE3F
:10C5B000100A00F500606FF30B0000EE100A00EEA9
:10C5C000612A00EE442A62EE232A70EE221A21EE3E
:10C5D000A12ADFEDD73A02EE233A23EE023A20EE0B
:10C5E000012A22EE811A03EE211A32EE010A10EE20
:10C5F000100A00F500606FF30B0000EE100A72EEF7
:10C60000401A31EE812A9FEDCB1A60EE011A9FEDA0
:10C61000CA1A20EE011A9FEDC90A02EE001A31EE85
:10C62000810A10EE100A00F500606FF30B0000EEB7
:10C63000100AC34871EEC01A31EE812A784400EB2B
:10C64000C10090ED003AD0ED011A100101EE100A80
:10C65000F8EEC12A32EE211A31EE001A31EE031A39
:10C6600031EE221A11EE100A00F500606FF30B0094
:10C6700009EE100A39EE621A31EE431A31EE400A21
:10C6800030EE610A32EE40AA10EE900A002100F569
:10C6900000606FF30B0008EE900A084670EEE8AAFF
:10C6A000FEF730FA29EE280A00F00C01F0EEC00A7D
:10C6B00010EE900AB0F18B4F0DDD10EE900AB4EB46
:10C6C000400F08D310EE100A4FF08B4262F31E00A9
:10C6D00008EE900A13E069EE2A0A38EEAA1A4AEE2A
:10C6E000010A30EE201A11EE100A00F500606FF317
:10C6F0000B0008EE900A30EE680A70EE209A0C20CB
:10C70000FEF700FA38EEA90AB5EEC00AF1EE10FA0B
:10C7100034BFFEEE000AF6EE000A30EE800ABDEEEF
:10C72000C00A10EE100A011100EE101AF8EEC00A4D
:10C7300000EE100AB8EEC00A38EEC00A30EE290A40
:10C74000DFED801A9FED801A00EE211ADFED7F1ACF
:10C750007F4900F00F0040EE011A21EE800A794473
:10C7600001EB800191ED001A7A49794401EB8001D7
:10C77000D1ED001A784901EE801A794401EB80006E
:10C78000764990ED000A31EE001AB0EEE00A10EEA4
:10C79000100A884215DA10EE100AB4EB400F10D3DD
:10C7A0009FED6F0A30EE800ADFED6E0A20EE200A60
:10C7B00068EE010ABDEC068BBCEEC00A20EE200A32
:10C7C00010BD10EE100A6849884243DA10EE100AD4
:10C7D000B4EB400F3ED3BDEEE00A68EE010A10EE66
:10C7E000100A00EBD0725110C90501F17E5100EE24
:10C7F000101AA0EB6200C00560EE200A00F17E5026
:10C8000000EE100A60EE808A18EE900AB4EB400F3A
:10C810000FD1022000F0E8FE00F0C6FE10EE101A64
:10C8200018EE100ABDEC068B61F31E0000EE100A34
:10C8300010BD18EE900A400011D018EE900AFEF7D5
:10C84000F1F9042808BF00F0B7FEB0EE680ABDECAD
:10C85000068B10BDF5EEC00AF1EE10FA0FD20220E1
:10C8600000F0C2FE00F0A8FE10EE101A18EE100A3A
:10C87000BDEC068B61F31E0000EE100A10BD022015
:10C8800000F0B2FE00F090FE10EE101AB0EE480A72
:10C8900010EE100ABDEC068B61F31E0000EE100ACC
:10C8A00010BD00BFBCF1804F6CD300BF00F1FF434F
:10C8B000B3F1FE4F24D200BFB0EEC00A10EE100A52
:10C8C000C1F3C7537F2B0DDB972BBFF63BAEC3F1F4
:10C8D00096034FF0010C0CFA03F3A3F1010C1CEAD0
:10C8E000010F08D0012000F07FFEBDEC068BBDE8F3
:10C8F000104000F051BE0B4218BFBFEE008A21E687
:10C9000043001CBF4FF08073B3EB400F34D96FF07E
:10C910001A02DFED161A20EE210A10EE100A27E0A7
:10C9200000000000001080C0ABAAAA3E0000803DBD
:10C930007EE24C3E00B03842D49AB8BB3BAA3842A3
:10C9400068130000FC596337C9FF753A1872313D0E
:10C95000061300003A130000AA1200000000FC4277
:10C960000000FE420000004B000040430000004D6C
:10C9700010F0004FA0D1E5E5A0F50003B3F1FE4FA4
:10C9800021D2DFE503EB4103B3F1007F11D3F5EED4
:10C99000C00AF1EE10FA05D1430018BFB4EB400F06
:10C9A00076D883E701F0004141F0FC5100EE901A87
:10C9B0007CE7B3F1807F06D210EE903AA3F5000336
:10C9C00000EE903A72E720F000426FF0FF4C604CAE
:10C9D00002EB0C03A34210D321F000439C44A44576
:10C9E0000BD3B0F17E5F18BF5FEA410C50D0B2F1BB
:10C9F000FF4F98BFB3F1FF4F05D9BDEC068BBDE8E3
:10CA0000104000F0C6BDB0F1FF4F0FD0C1F3C752C8
:10CA10007F2A09DB972A11DAC2F19602012303FA71
:10CA200002F2531E0B4205D0002208E011F0004F25
:10CA300055D128E00A4218BF012200D1022210F588
:10CA4000000F13D028B3B0F1004F26D010F1814F62
:10CA50004FD04FF0FE42B2EB400F94BF01200020B8
:10CA6000012202EBE171884239D10CE011F0004F54
:10CA700002D0012A38D032E0012A02BF9FED350AE8
:10CA8000BDEC068B10BD9FED340ABDEC068B10BDCE
:10CA90002FE011F0004F0CD121E0B1F1FF4F1ED07B
:10CAA00011F5000F05D011F0004F15D00AB1012A81
:10CAB00008D0022000F098FDBDEC068BBDE81040C8
:10CAC00000F05ABD022000F08FFD00F055FDBDECD6
:10CAD000068BB1EE400A10BD0AB1012A04D0B0EEB7
:10CAE000690ABDEC068B10BDBDEC068B9FED1B0AE1
:10CAF00010BDBDEC068BB7EE000A10BD30EE410A4A
:10CB0000B5EE001A9FED172A00EE413AB6EE001A74
:10CB100060EE001A00EE431A61EEC11A9FED101A82
:10CB200020EE011A20EE020A9FED0F2A01EE820A82
:10CB300071EE001A11EE900A00F500606FF30B0021
:10CB400009EE100A31EE491A31EE00AA9CE5000008
:10CB5000FFFF3F00000080FF0000807F000000809A
:10CB600000B0B841D49A38BB3BAAB84100000000DD
:10CB700010B52F499FED2C1B2DED020B84B00598AD
:10CB800020F000408842DCBF00209DED040B32DD28
:10CB90002849884209D1049840B94FF0010000F0BB
:10CBA00023FD00F0B9FC06B010BD05DB9DED040BC4
:10CBB00000F09EFC06B010BD68469DED040B00F031
:10CBC00097F810F0030011D0012818D09DED021B3A
:10CBD0009DED000B02281AD000F0A6FA51EC100BC4
:10CBE00081F0004106B041EC100B10BD9DED021B21
:10CBF0009DED000B012000F0CBFB06B010BD9DEDBC
:10CC0000021B9DED000B00F08FFA06B010BD012055
:10CC100000F0BEFB51EC100B81F0004106B041EC7E
:10CC2000100B10BD0000000000000000000000001C
:10CC3000FB21E93F0000F07F00B52DED048BB0EE45
:10CC4000409AF0EE609A83B051EC190BFDF796FE16
:10CC500041EC180B18EE100A18EE901A8DED008BAF
:10CC6000002818BF0120084320F00040C0F17F6079
:10CC700000F1E040C00F14D019EE101A19EE900A1E
:10CC80008DED009B002918BF0121084320F00040D2
:10CC9000C0F17F6000F1E040C00F04BF012000F050
:10CCA000A3FCB0EE480A03B0F0EE680ABDEC048BBA
:10CCB00000BD10B52DED028BB1EEC08A18EE100A42
:10CCC00020F00040C0F1FF40C00F0AD010EE100A63
:10CCD00020F00040C0F1FF40C00F04BF012000F071
:10CCE00083FCB0EE480ABDEC028B10BD00000000D2
:10CCF0002DE9F14F04462DED020B2DED088B8AB086
:10CD00009FEDE70B80ED020B139EE74826F00045F0
:10CD100085420ADC9DED120B002084ED000B0AB069
:10CD2000BDEC088B03B0BDE8F08FE0489FEDE0ABB1
:10CD30009FEDE1BBA84247DDE14F9FEDE39B9FEDF7
:10CD4000E48B9DED120B53EC1A2B51EC100B002EC3
:10CD50001CDDFDF7DBFB41EC100BBD4208D053ECB2
:10CD60001B2B51EC100BFDF7D1FBC4E900010BE0CC
:10CD700053EC192B51EC100BFDF7C8FB53EC182B9F
:10CD8000FDF7C4FBC4E900010120C8E7FDF71DFB66
:10CD900041EC100BBD4208D053EC1B2B51EC100B97
:10CDA000FDF713FBC4E900010BE053EC192B51EC28
:10CDB000100BFDF70AFB53EC182BFDF706FBC4E93B
:10CDC00000014FF0FF30AAE7C348A84279DB9DED90
:10CDD000120B51EC100B00F0F9FC41EC180B9FED1D
:10CDE000C00B53EC102BFDF797FB9FEDBF1B53ECD3
:10CDF000112BFDF7EAFAFDF781FC0746FDF76DFC04
:10CE000041EC190B53EC1A2BFDF786FB53EC182B56
:10CE1000FDF77FFB41EC180B53EC1B2B51EC190B6E
:10CE2000FDF77AFBDFF8C8A241EC100B4FEA15586A
:10CE30000125FA4453EC102B51EC180BFDF766FB5F
:10CE4000032DC4E900013DD0C1F30A5005EB4511A3
:10CE5000A8EB00001139814234DA0AEB051BB0EE71
:10CE600048AA9BED000BF0EE68AA53EC102B51EC96
:10CE7000190BFDF751FB41EC1B0B51EC1A0B53EC5A
:10CE80001B2BFDF743FB41EC180B51EC1A0B53EC39
:10CE9000182BFDF73BFB53EC1B2BFDF737FB9BEDF2
:10CEA000020B41EC1A0B53EC102B51EC190BFDF754
:10CEB00033FB53EC1A2BFDF729FB41EC100B6D1CD7
:10CEC000B8E70EE0002EA8BF3846BFF628AF94EDB5
:10CED000000B51EC100B81F00041C4E900017842D5
:10CEE0001DE7C6F3130040F4801EC6F30A50A0F2FB
:10CEF000F530471100F01F05C5F12000DDF848B0FE
:10CF000008900020069007900520EC467949002DF6
:10CF100007EB0002794408BF51F8221009D051F8FC
:10CF2000223001EB8201AB404A68089922FA01F1F4
:10CF30001943A1FB0E26A1FB0B131A449A4234BFDE
:10CF40000123002303EB06080CEB8003D3E901A6C1
:10CF50000E448E4234BF0121002192448A4411B113
:10CF6000924502D903E0924501D2012100E000215F
:10CF7000C3E901A641444CF82010011EA0F10100B4
:10CF8000C4DC029800F10050850F0298DDE90367C8
:10CF90008000DDF81480FDF7A0FB41EC1A0B304651
:10CFA000FDF7C4FD9FED541B53EC112BFDF7B4FAB4
:10CFB00041EC1B0B3846FDF7B9FD9FED511B53ECBF
:10CFC000112BFDF7A9FA41EC180B4046FDF7AEFD19
:10CFD0009FED4D1B53EC112BFDF79EFA41EC190B05
:10CFE00051EC180B53EC192BFDF7EFF953EC1B2BFD
:10CFF000FDF7EBF953EC1A2BFDF7E7F9CDE9080142
:10D00000002008909DED080B53EC1A2B51EC100BEF
:10D01000FDF77CFA53EC1B2BFDF778FA53EC182B39
:10D02000FDF774FA53EC192BFDF773FA9FED381BDB
:10D0300053EC112BFDF770FA9FED370B41EC180BF9
:10D0400053EC102B9DED080B51EC100BFDF764FA1F
:10D0500053EC182BFDF7B9F99FED310B41EC180B90
:10D0600053EC102B9DED080B51EC100BFDF754FA0F
:10D0700053EC182BFDF7A9F941EC100B139810F0A5
:10D08000004F06D06D4251EC100B81F0004141EC95
:10D09000100B284684ED000B41E600000000000064
:10D0A0000000000000000000FB21E93F7CD90240A5
:10D0B00000004054FB21F93F3163621A61B4D03D56
:10D0C000FB21F93F000000000000601A61B4D03D70
:10D0D0007370032E8A19A33BFB2139410000000025
:10D0E00083C8C96D305FE43F000000000000E03FEE
:10D0F000EA0C0000380C0000000000000000103EA8
:10D10000000000000000103C000000000000103A89
:10D11000182D4454FB21F93D3326A611460B113C32
:10D1200000000054FB21F93D10B52DED040B2DED51
:10D13000088B82B0B0EE419AF0EE619A0B9820F025
:10D1400000449FED4BABB4F1795F11DA9DED0A0B12
:10D1500051EC100BFDF7D2FA002801BFB0EE4A0ADD
:10D16000F0EE6A0A02B0BDEC088B04BF04B010BD3B
:10D170009DED0A0B53EC102B51EC100BFDF7CCF985
:10D1800041EC180B3C480621B0EE480AF0EE680A64
:10D19000784400F081F853EC182B51EC100BFDF79C
:10D1A000BBF99DED0A0B41EC1B0B53EC192B51EC19
:10D1B000100BFDF7B1F941EC190B53EC1B2B51ECA3
:10D1C000180BFDF7A9F953EC192BFDF79FF99FED0B
:10D1D0002C0B41EC190B53EC102B51EC180BFDF7F9
:10D1E0009BF941EC100B2848844210DA53EC192BC0
:10D1F00051EC100BFDF78AF953EC1A2BFDF789F966
:10D2000041EC100B02B0BDEC088B04B010BD1F4800
:10D21000A042BCBF9FED1E1B8DED001B06DBA4F5DD
:10D2200000100190002000909DED001B51EC100BB0
:10D2300053EC112BFDF76AF99DED000B41EC180B37
:10D2400053EC102B51EC1A0BFDF760F941EC1A0B63
:10D2500053EC192B51EC180BFDF758F953EC1A2B22
:10D26000FDF757F941EC100BCCE70000000000007F
:10D27000000000000000F03F540900000000000022
:10D28000000000000000E03F3333D33F0000E93FDF
:10D29000000000000000D23F70B504462DED028B67
:10D2A0004D1E00EBC500B0EE408AF0EE608A90EDB6
:10D2B000000B35F0060017D053EC182B51EC100B77
:10D2C000FDF72AF941EC100B6D1E04EBC50090ED43
:10D2D000001B51EC100B53EC112BFDF776F841ECD1
:10D2E000100B35F00600E7D1022D36D0042D1CD0EE
:10D2F000062D1CBFBDEC028B70BD53EC182B51ECFE
:10D30000100BFDF709F994ED0A1B53EC112BFDF7F7
:10D310005CF853EC182BFDF7FFF894ED081B53EC69
:10D32000112BFDF752F841EC100B53EC182B51EC7C
:10D33000100BFDF7F1F894ED061B53EC112BFDF7E4
:10D3400044F853EC182BFDF7E7F894ED040B53EC7D
:10D35000102BFDF73AF841EC100B53EC182B51EC65
:10D36000100BFDF7D9F894ED021B53EC112BFDF7D0
:10D370002CF853EC182BFDF7CFF894ED001B53EC71
:10D38000112BFDF722F8BDEC028B41EC100B70BDA8
:10D3900031B504462DED040B2DED0A8BB0EE41BAEC
:10D3A000F0EE61BA0B989DED0A0B20F00040B0F151
:10D3B000795F0DDA51EC100BFDF71CFC042808BF57
:10D3C00000F0CAF89DED0A0BBDEC0A8B05B030BD2C
:10D3D00053EC102B51EC100BFDF79EF841EC180BA1
:10D3E0009DED0A0B53EC182B51EC100BFDF794F844
:10D3F00041EC190B2C48B0EE480AF0EE680A052102
:10D400007844FFF749FF9FED2ACBB0EE40AAF0EE3B
:10D4100060AA9CB353EC1C2B51EC190BFDF77CF864
:10D4200041EC1C0B53EC1A2B51EC190BFDF774F863
:10D430009FED210B41EC190B53EC102B51EC1B0B06
:10D44000FDF76AF853EC192BFDF760F853EC182B35
:10D45000FDF762F853EC1B2BFDF758F853EC1C2B2F
:10D46000FDF754F89DED0A1B53EC112BFDF751F815
:10D47000BDEC0A8B05B041EC100B30BDFFE753EC5F
:10D480001A2B51EC180BFDF747F853EC1C2BFCF74B
:10D490009CFF53EC192BFDF73FF89DED0A1B53EC55
:10D4A000112BFCF792FFE3E7E40700000000000007
:10D4B000495555555555C5BF000000000000E03FD7
:10D4C0009FED070B10B553EC102B9FED070B51ECA4
:10D4D000100BFDF793F841EC100B10BD000000009D
:10D4E0000000000000000000000000000000F03F0D
:10D4F00010B553EC102B51EC100BFCF766FF41EC10
:10D50000100B10BD10B553EC112B51EC100BFCF7A8
:10D510005CFF41EC100B10BD9FED050B10B553ECFB
:10D52000102B51EC100BFDF769F841EC100B10BDFE
:10D5300000000000000000009FED050B10B553EC4B
:10D54000102B51EC100BFCF7E7FF41EC100B10BD5A
:10D5500000000000000000709FED050B10B553ECBB
:10D56000102B51EC100BFCF7D7FF41EC100B10BD4A
:10D570000000000000000010DFED030AB7EE001A03
:10D5800081EE200A704700000000000030EE000A23
:10D59000704730EE200A7047DFED020A80EEA00AE5
:10D5A00070470000000000009FED020A20EE000A14
:10D5B00070470000000000709FED020A20EE000A94
:10D5C000704700000000001002E008C8121F08C1E8
:10D5D000002AFAD170477047002001E001C1121FF4
:10D5E000002AFBD170470000014908607047000025
:10D5F000880400202DE9FF4F8BB09A460F46054660
:10D60000002606E025280BD052460D9990476D1C48
:10D61000761C28780028F5D10FB03046BDE8F08F91
:10D620000024A0460122604900E0044315F8013FB0
:10D63000203B02FA03F00842F7D128782E2817D1B0
:10D6400015F8010F44F004042A280ED06FF02F02C1
:10D650002878A0F1300109290AD808EB880102EBEB
:10D66000410100EB01086D1CF2E757F8048B6D1CBB
:10D67000287869283ED006DC0028CDD063280BD05E
:10D68000642804D136E0732810D075284BD0524658
:10D690000D999047761C85E017F8040B8DF8000073
:10D6A00000208DF80100E946012003E057F8049BB3
:10D6B0004FF0FF3061074FF0000401D40AE0641C12
:10D6C00044450DDA8442FADB19F804100029F6D13A
:10D6D00006E0641C8442FCDB19F804100029F8D130
:10D6E000264404E019F8010B52460D999047641E38
:10D6F000F8D257E001CF4FF00A0B002802DA40427F
:10D700002D2102E0210504D52B218DF824100121C3
:10D7100003E0E10705D02021F7E70DF1200908918A
:10D720000CE00021F9E701CF4FF00A0BF9E7594669
:10D73000FDF732F801F1300209F8012D0028F6D189
:10D74000ADEB090000F1200B600701D44FF0010898
:10D75000D84502DDA8EB0B0000E000208046002445
:10D7600006E009A85246005D0D999047641C761C9E
:10D7700008988442F5DB04E0302052460D9990472A
:10D78000761CB8F10001A8F10108F5DC05E019F8F4
:10D79000010B52460D999047761CBBF10001ABF18D
:10D7A000010BF4DC6D1C34E7092801004A68002AEB
:10D7B00006D00A68531C0B6010704868401E486011
:10D7C00070470A68531C0B601070704782B0CDE937
:10D7D000000121F0004001909DED000B02B051ECE2
:10D7E000100B704700B52DED048B83B041EC190B85
:10D7F000FDF7C4F841EC180B18EE100A18EE901A59
:10D800008DED008B002818BF0120084320F0004058
:10D81000C0F17F6000F1E040C00F14D019EE101A83
:10D8200019EE900A8DED009B002918BF01210843D5
:10D8300020F00040C0F17F6000F1E040C00F04BF65
:10D840000120FFF7D1FE51EC180B03B0BDEC048BA7
:10D8500000BD10B500EE100A2DED028BB1EEC08AAE
:10D8600018EE100A20F00040C0F1FF40C00F0AD0AF
:10D8700010EE100A20F00040C0F1FF40C00F04BFBE
:10D880000120FFF7B1FE18EE100ABDEC028B10BDAF
:10D89000000000000000E03F000000000000E0BFCA
:10D8A0000000E0FE422EE63F0000E0FE422EE6BF12
:10D8B000763C7935EF39EA3D763C7935EF39EABD8A
:10D8C0003E5555555555C53F93BDBE166CC166BFF7
:10D8D0002CDE25AF6A56113FF16BD2C541BDBBBEF0
:10D8E000D0A4BE726937663E04FA97999999D93FD8
:10D8F000AF788E1DC571CC3F9FC678D0099AC33FC3
:10D90000935555555555E53F599322942449D23F97
:10D91000DE03CB966446C73F44523EDF12F1C23F5E
:10D92000000000000000F03F000000000000F83F91
:10D9300000000000000000000000004003B8E23FCB
:10D94000000000000000000006D0CF43EBFD4C3E7D
:10D95000033333333333E33FFFAB6FDBB66DDB3F72
:10D960004D268F515555D53F01411DA96074D13FBA
:10D9700065DBC9934A86CD3FEF4E454A287ECA3FB4
:10D980003E5555555555C53F93BDBE166CC166BF36
:10D990002CDE25AF6A56113FF16BD2C541BDBBBE2F
:10D9A000D0A4BE726937663E00000000000000008F
:10D9B0000000B33FB2BE7D3A00002E40DFCF5138A9
:10D9C00000007E40BF51FABA00E0A44019DAC3BAA1
:10D9D00000E0C840C2ED8AB90040EB40CD1F2CBA30
:10D9E000001006412AFFFABA00C01541DFCFD13737
:10D9F00000D024419A97703A0050334189478E36BF
:10DA000000404141E75B9D3800B04E41C00A98B9E3
:10DA100000A05B41558F943A00306841DA92C0BA59
:10DA20000040744162B3C63A0000803F00A0853FC9
:10DA300000908B3F00C0913F0030983F00F09E3F28
:10DA400000F0A53F0050AD3F0000B53F0000BD3FD6
:10DA50000060C53F0020CE3F0040D73F00C0E03F00
:10DA600000C0EA3F0020F53F000000007D36AC39E1
:10DA70007D3C3839EBDCF438320A7E39124C2639D9
:10DA80009B6AED39A4EE83397F661E39F6398A39EF
:10DA90002B426539A48211395B991F39C3EECD3908
:10DAA000DDE7C637A5A22F390000803FC3AA853F16
:10DAB000C2958B3FD3C3913FF037983F32F59E3FDD
:10DAC000D7FEA53F3F58AD3FF304B53FA408BD3F87
:10DAD0002A67C53F8C24CE3FFD44D73FDFCCE03FD3
:10DAE000C7C0EA3F7D25F53F4C5555555555A53FD7
:10DAF0007751C1166CC156BF9015CB19A001FA3EE3
:10DB0000AD529C804F7E92BEC4B1B4BD9EEE213E0C
:10DB1000D43888BEE9FAA8BD00000000000000006B
:10DB200000004054FB21F93F3163621A61B4D03DDB
:10DB30000000601A61B4D03D7370032E8A19A33BB4
:10DB40000000002E8A19A33BC14920259A837B3906
:10DB500000000000000000006E83F9A22915444E69
:10DB6000D15727FCC0DD34F5999562DB4190433CE9
:10DB7000AB6351FE61C5BBDE3A6E24B7E0D24D42C5
:10DB8000EA2E49061C92D1091CEB1DFE3EA729B1C5
:10DB9000F53582E88444BB2E26709CE9417E5FB453
:10DBA00039D69139F43953838B5F849C3B28F9BD76
:10DBB000FF97F81F0F9805DE8B112FEF1F6D0A5A84
:10DBC000CF7E366DB709CB27663F464F2DEA5F9E65
:10DBD000C7BA27757BF1E5EBF739073DEA92528A20
:10DBE000B15FFB6B085D8D1FA6F810111111813F0D
:10DBF000D561C119A0012ABF7DFEB157E31DC73E03
:10DC0000EB9C2B8AE6E55ABE7CD5CF5A3AD9E53D46
:10DC100030DC0008000000208C04000046AB000847
:10DC200044DD00088C040020842F0000D8D50008B3
:10DC3000411BFF01041A02041A03041A04041A0502
:10DC4000041A06041A07041A08041A09041A0A0412
:10DC50001A0B041A0C041A0D041A0E041A0F041AD3
:10DC600010041A11041A12041A130422141A8448F4
:10DC7000C1195F01B91ACCBD233A021A4C041AE04B
:10DC80000C1A76085AB8D132550A11A9EC1ADA24BE
:10DC90001ACB041AD60D1A1C081AB3081A0E041A45
:10DCA00018041AA4041A1214012062FA223F1A80DE
:10DCB00004111A400819041AA0041AC0041B2041B8
:10DCC0000C19041AF0042334421A700434F0425040
:10DCD00052783AB4142967320A180835FA8E3CC3D0
:10DCE000F54838011A4B307504091A208102730F68
:10DCF0002D295C8F3E0401382342017269231C02E6
:10DD00001A2C1081323C320A326432C80530DB0FE3
:10DD10004940294F6904014C1A9A511ACC04031640
:10DD2000E805023C322B7A03F749C0680802030475
:10DD3000060708090CA910C11AAA010111023E2800
:04DD40001AFF014184
:040000050800018965
:00000001FF
