:020000040800F2
:10000000F0330020ED4E00084502000847020008CA
:100010004B0200084F0200085302000800000000D5
:100020000000000000000000000000009D0100082A
:100030005702000800000000E1010008077F0008E7
:10004000074F0008074F0008074F0008074F000838
:10005000074F0008074F0008074F0008074F000828
:100060005F040008A3040008074F0008010300080C
:10007000E30200083F030008074F0008750200086C
:10008000074F000881020008074F0008074F0008CB
:10009000074F0008074F0008074F0008074F0008E8
:1000A000074F00087B030008A7030008074F00085C
:1000B000A9030008D703000803040008074F00083D
:1000C000074F0008074F0008074F00085B040008AF
:1000D000074F00085D020008074F0008074F00089F
:1000E000074F0008074F0008074F0008074F000898
:1000F000074F0008074F0008074F00081B030008C0
:10010000074F0008074F00082F0400085D0400088F
:10011000074F0008074F00084D0300085903000867
:10012000074F00089B020008B5020008074F0008AF
:10013000074F0008074F0008074F0008074F000847
:10014000074F0008074F0008074F0008074F000837
:10015000D5020008074F0008074F0008074F0008A6
:10016000074F0008074F0008074F0008074F000817
:10017000074F0008074F0008074F0008074F000807
:10018000074F0008074F0008DFF80CD009F020FAED
:1001900000480047154C0008F0330020234B196835
:1001A0000868B0E8F04F80F309884FF0000080F352
:1001B000118870470000000003480068006880F361
:1001C000088862B600DF00BF08ED00E0DFF80C0031
:1001D000016841F470010160704700BF88ED00E0E4
:1001E000EFF30980114B1A681EF0100F08BF20EDC5
:1001F000108A20E9F04F106008B54FF0140080F32A
:10020000118808F048FA4FF0000080F31188BDE82B
:10021000084019680868B0E8F04F1EF0100F08BFDA
:10022000B0EC108A80F30988704700BFD403002027
:10023000EFF311804FF0140181F31188704780F3C0
:1002400011887047704700BFFEE700BFFEE700BFA0
:10025000FEE700BFFEE770477047704710B540F2F9
:100260002551904806F063FF18B120218D4806F013
:1002700055FF10BD10B58C498C4805F08DFE10BDA2
:1002800010B58B498948303005F05CFE20B18849B3
:100290008648303005F080FE10BD10B5854986488F
:1002A00005F050FE28B18349834805F075FE01F042
:1002B00019FD10BD10B581497F48183005F06CFE5E
:1002C0007F4840787E49097840EA012000B27D49A4
:1002D000088010BD10B57C497748603005F05CFEA1
:1002E00010BD10B573497148483805F02BFE30B188
:1002F00070496E48483805F04FFE00F09FFA10BD77
:1003000010B572496948603805F01CFE20B16F498C
:100310006648603805F040FE10BD10B56C49634872
:10032000483005F00FFE48B100216048483005F024
:100330005FFD67495D48483005F02EFE10BD10B5E1
:1003400059495A48303805F027FE10BD10B5012133
:10035000604806F049FC10BD10B501215E4806F06A
:1003600043FC7A204F49888001215C4806F0EEFD6D
:1003700001215B4806F0EAFD10BD10B50121594886
:1003800006F032FC5748008800F0100028B15648AB
:100390000068401E5449086004E053480068401C4F
:1003A0005149086010BD704710B50121880706F05B
:1003B0001BFC4FF08040008800F0100028B14B4833
:1003C0000068401E4949086004E048480068401C35
:1003D0004649086010BD10B50121454806F004FCEF
:1003E0004348008800F0100028B142480068401ED1
:1003F0004049086004E03F480068401C3D490860EF
:1004000010BD10B501213C4806F0EEFB3A480088CB
:1004100000F0100028B139480068401E37490860D4
:1004200004E036480068401C3449086010BD10B52F
:100430000121334806F0D8FB3148008800F0100055
:1004400028B130480068401E2E49086004E02D485D
:100450000068401C2B49086010BD7047704710B5FC
:10046000042005F031FED8B12021274804F0B5FE64
:100470000421264804F08CFE012804D100211648EE
:1004800005F032FF09E00421204804F081FE20B984
:10049000114805F02DFF1E49086004201D49086021
:1004A00010BD7047001001402080002070600240A5
:1004B0000080202000880010286402400080201066
:1004C000F00500208400002000880020208000101B
:1004D0000080002800100040001400400048004048
:1004E000001401400000014064000020680000206A
:1004F000000400406C000020000800408000002044
:10050000000C00407000002000000240000C02407F
:1005100060000020143C014070B50446204608F0FD
:10052000A3FC05462146F74808F0A5FCA0B195229A
:100530002146F44808F08CFC0021F34805F058FCF3
:10054000F048F1490C310860EF48B838C0F8BC50A9
:100550000121ED4805F04CFC70BD70B50446002546
:1005600010E0605D68B1615DE84806F01AFD00BF0B
:100570008021E64806F0C5FD0028F9D0681CC5B208
:1005800000E070BDEDE770B5044600250FE05CB1FA
:100590002146DE4806F005FD00BF8021DB4806F05D
:1005A000B0FD0028F9D000E070BD681CC5B2032D75
:1005B000EDDB00BFF8E713B50C460020FFF7E3FFC3
:1005C000D3A0FFF7CAFF2346D2A29621D24809F052
:1005D0003DF8D148FFF7C1FFD0A0FFF7BEFFCDA285
:1005E0009621CD48009B09F031F8CB48FFF7B5FFC5
:1005F000CCA0FFF7B2FFFF20FFF7C5FFFF20FFF7FA
:10060000C2FFFF20FFF7BFFF1CBD70B505460C46BB
:10061000BFA0FFF7A2FF2246BEA1BF4809F02EF8F7
:10062000BD48FFF79AFFBDA0FFF797FF2846FFF7E9
:1006300094FFBCA0FFF791FFFF20FFF7A4FF70BD60
:1006400077B585B00546FF26B4A103C9CDE90301FE
:10065000B4A000680290AEA00068019000240AE0F7
:100660000020B1490855B1490855AB490855A5497D
:100670000855601CC4B21E2CF2DB0A20A649087083
:10068000FF2048708870C870A2A1A848079A08F097
:10069000F5FFA64901A808F0CFFB01A99E4808F084
:1006A000CBFB03A99C4808F0C7FB29469A4808F0F1
:1006B000C3FB98A19D48069A08F0E0FF9B49964825
:1006C00008F0BAFB02A9944808F0B6FBFF2096494F
:1006D000087048708870904808F0AEFB8E48FFF7AD
:1006E0001BFF08B070BDF7B584B005460E46FF2766
:1006F0008AA103C9CDE902018AA00068019084A003
:1007000000680090002408E00020874908558749C8
:10071000085581490855601CC4B20A2CF4DB0A2034
:100720007D490870FF2048708870C87079A17F48A3
:10073000069A08F0A3FF7D49684608F07DFB6946EC
:10074000754808F079FB02A9734808F075FB294643
:10075000714808F071FB31466F4808F06DFB01A944
:100760006D4808F069FBFF206F4908704870887079
:100770000020C8700871684808F05EFB6648FFF703
:10078000CBFE07B0F0BD01B58EB069A2322101A841
:100790000E9B08F05BFF01A8FFF7BEFE0FB000BD87
:1007A00073B584B00546FF265CA103C9CDE90201FB
:1007B0005CA00068019056A00068009000240AE048
:1007C00000205949085559490855534908554D497C
:1007D0000855601CC4B21E2CF2DB0A204E4908707A
:1007E000FF2048708870C8704AA15048059A08F0E8
:1007F00045FF4E49684608F01FFB6946464808F029
:100800001BFB02A9444808F017FB2946424808F0A0
:1008100013FB4649404808F00FFB01A93E4808F089
:100820000BFBFF2040490870487088703A4808F078
:1008300003FB3948FFF770FE06B070BD1CB53F489A
:1008400000783E49497808443C49897808443B4946
:10085000C97808443949097908443849497908442C
:100860003649897908443549C97908443349097AB0
:100870000844C0B201903148007A00F00F000090A7
:100880009DF800000D2803D000212D4806F05EFBE6
:100890001CBD2A48007A00F00F000D2806D1274819
:1008A000007800F0010008B10D2070470020FCE73F
:1008B0002248007800F0020008B1012070470020B3
:1008C000FCE71CB51F4805F013FD1F49096840EA05
:1008D0000140092190FBF1F0009000243CE0194810
:1008E00005F006FD1849096840EA0140092190FB1E
:1008F000F1F00190DDE90021881A002826DB01468D
:1009000025E000004A050020B86002400050004089
:100910007400000025640000140400202E74787414
:100920003D22000022000000FA040020D204002032
:100930006A302E76616C3D25640000002C06002094
:1009400000480040000C0040700000204142052992
:1009500000DA641C01980090022CC0DB01981CBDD9
:100960001CB54FF0804005F0C3FCFE49096840EA21
:100970000140092190FBF1F00090002418E04FF0B5
:10098000804005F0B5FCF749096840EA01400921BB
:1009900090FBF1F00190DDE90021881A002801DBCD
:1009A000014600E04142052900DA641C01980090EC
:1009B000022CE4DB01981CBD1CB5EB4805F098FC4B
:1009C000EA49096840EA0140092190FBF1F00090F2
:1009D000002417E0E44805F08BFCE449096840EA8C
:1009E0000140092190FBF1F00190DDE90021881A16
:1009F000002801DB014600E04142052900DA641CC1
:100A000001980090022CE5DB01981CBD1CB5D8486C
:100A100005F06EFCD749096840EA0140092190FBC6
:100A2000F1F00090002417E0D14805F061FCD149B5
:100A3000096840EA0140092190FBF1F00190DDE9ED
:100A40000021881A002801DB014600E04142052907
:100A500000DA641C01980090022CE5DB01981CBDB3
:100A600001B581B000200090019800EBC00040006B
:100A7000009002E00098401E009000980028F9D1F4
:100A80000CBD01B581B00020009044F25061019886
:100A90004843009002E00098401E00900098002813
:100AA000F9D10CBD1CB501211F2004F055FD4FF6F6
:100AB000FF70009001208DF8040000208DF80600E2
:100AC00001208DF8070003208DF805006946AA482B
:100AD00004F0FCFA4FF6FF70009001208DF804003E
:100AE00000208DF8060001208DF8070003208DF806
:100AF00005006946A14804F0E9FA4FF6FF7000903E
:100B000001208DF8040000208DF8060001208DF8EA
:100B1000070003208DF805006946994804F0D6FACD
:100B20001CBD1CB501217E2004F016FDC0200090E4
:100B300000208DF8040001208DF8070002208DF8B8
:100B4000050069468F4804F0C1FA06200090002095
:100B50008DF8040001208DF8070002208DF80500B3
:100B60006946854804F0B2FA0420009000208DF810
:100B7000040001208DF8070002208DF80500694669
:100B80007E4804F0A3FA1CBD1FB54FF4E06004F0EA
:100B9000BFF936208DF8000000208DF801008DF897
:100BA000020001208DF80300684604F0B6F9012127
:100BB000102004F004FD3220ADF8040040F2E730CC
:100BC00002900020ADF80C00ADF8060001A96E48B7
:100BD00005F041FB01216C4806F006F801221146A0
:100BE000694805F0D9FF0021674805F07DFB012128
:100BF000654805F0B9FB1FBD1FB54FF4E06004F078
:100C000087F937208DF8000000208DF801008DF85D
:100C1000020001208DF80300684604F07EF90121EE
:100C2000202004F0CCFC3220ADF8040040F2E73084
:100C300002900020ADF80C00ADF8060001A9534861
:100C400005F009FB0121514805F0CEFF01221146B4
:100C50004E4805F0A1FF00214C4805F045FB01215D
:100C60004A4805F081FB1FBD00B58BB00121022071
:100C700004F0B6FC01210C2004F06EFC03220621D6
:100C80003E4804F0AEFA032207213C4804F0A9FADA
:100C900003220821394804F0A4FA03220921374825
:100CA00004F09FFA4FF47070069002208DF81C003B
:100CB00003208DF81D0000208DF81E0001208DF806
:100CC0001F0006A92D4804F001FAA420ADF8200069
:100CD00040F6B83009904FF48070ADF8280000203D
:100CE000ADF8220008A92A4805F0B5FA6020ADF851
:100CF00004000120ADF8060000200390ADF81000BC
:100D00000121234805F030FB0021214805F0ECFAD1
:100D100001A91F4805F034FB01A91D4805F069FB36
:100D200001A91B4805F0B2FB01A9194805F014FC04
:100D30000121174805F009FF0BB000BD00B58BB0CD
:100D40000121082004F03BFC0121084604F004FCCA
:100D5000022200210B4804F044FA02220121094832
:100D600018E000006800002000080040800000201B
:100D7000000400406C000020000402400008024013
:100D8000000C02400000024000100040001400402F
:100D90000004014004F025FA02221146FE4804F046
:100DA00020FA02220321FC4804F01BFA0F200690CF
:100DB00002208DF81C0003208DF81D0000208DF806
:100DC0001E0001208DF81F0006A9F34804F07EF9EB
:100DD000BA20ADF8200042F2107009900020ADF862
:100DE0002800ADF8220008A9EC4805F034FA60208C
:100DF000ADF804000120ADF8060000200390ADF826
:100E000010000121E54805F0AFFA0021E34805F0A4
:100E10006BFA01A9E14805F0B3FA01A9DF4805F032
:100E2000E8FA01A9DD4805F031FB01A9DB4805F02E
:100E300093FB0121D94805F088FE0BB000BD00B539
:100E40008BB00121042004F0BAFB01210D2004F035
:100E500083FB02220C21D24804F0C3F902220D21A7
:100E6000CF4804F0BEF902220E21CD4804F0B9F9B2
:100E700002220F21CA4804F0B4F94FF470400690E2
:100E800002208DF81C0003208DF81D0000208DF835
:100E90001E0001208DF81F0006A9C14804F016F9B4
:100EA000A420ADF8200040F6B83009904FF48070CF
:100EB000ADF828000020ADF8220008A9B94805F0D7
:100EC000CAF96020ADF804000120ADF8060000204A
:100ED0000390ADF810000121B24805F045FA002159
:100EE000B04805F001FA01A9AE4805F049FA01A998
:100EF000AC4805F07EFA01A9AA4805F0C7FA01A995
:100F0000A84805F029FB0BB000BD00B589B0012150
:100F1000080404F065FB0121084604F01DFB0322D0
:100F200011469D4804F05DF9032202219A4804F01D
:100F300058F90C20019002208DF8080003208DF84C
:100F4000090000208DF80A0001208DF80B0001A98E
:100F5000914804F0BBF80020ADF818004FF6FF7080
:100F600007900020ADF82000ADF81A0006A98E48C1
:100F700005F071F90420ADF80C000020ADF80E006A
:100F8000C820ADF814000120ADF8100003A9864870
:100F900005F038FD00231A460321844805F0CFFEF2
:100FA0000121824805F020FE012211467F4805F00C
:100FB000F3FD01217C4805F0D7F900217B4805F0BD
:100FC00093F909B000BD00B589B00121084604F0CD
:100FD000F6FA0121022004F0F2FA0121032004F0C4
:100FE000BBFA01220F216C4804F0FBF80122032117
:100FF0006F4804F0F6F8022204216D4804F0F1F87D
:10100000022205216A4804F0ECF838200190022001
:101010008DF8080003208DF8090000208DF80A00E3
:1010200001208DF80B0001A9614804F04FF84FF43E
:101030000040019002208DF8080003208DF809007F
:1010400000208DF80A0001208DF80B0001A95248FC
:1010500004F03CF80020ADF818004FF6FF70079040
:101060000020ADF82000ADF81A0006A94FF080402E
:1010700005F0F1F806A94F4805F0EDF80420ADF8A9
:101080000C000220ADF80E001420ADF81400012071
:10109000ADF8100003A9800705F0B4FC03A945488A
:1010A00005F0B0FC02231A460321580705F047FE5D
:1010B00002231A4603213F4805F041FE012188071B
:1010C00005F092FD01213B4805F08EFD01221146FD
:1010D000900705F061FD01221146364805F05CFDE0
:1010E0000121880705F040F90121324805F03CF95B
:1010F00000214FF0804005F0F7F800212D4805F061
:10110000F3F84FF4C06003F003FF1D208DF80000DA
:1011100003208DF8010000208DF8020001208DF8D9
:101120000300684603F0F9FE1C208DF8000004203F
:101130008DF8010000208DF8020001208DF80300D9
:10114000684603F0EAFE09B000BD00B589B0012190
:10115000084604F045FA0121102004F0FDF94FF48F
:101160002060019002208DF8080003208DF809000E
:1011700000208DF80A0001208DF80B0001A90E480F
:1011800003F0A4FF012209210B4804F02AF80122F0
:101190000B21094812E0000000000240000C004052
:1011A000000C0240000800400000014000400140E7
:1011B00000040240000400400010024004F011F856
:1011C0000020ADF818004FF6FF7007900020ADF832
:1011D0002000ADF81A0006A9FE4805F03CF80420EE
:1011E000ADF80C000020ADF80E000A20ADF8140098
:1011F0000120ADF8100003A9F64805F003FC002318
:101200001A460321F34805F09AFD0121F14805F043
:10121000EBFC01221146EF4805F0BEFC0121ED4830
:1012200005F0E2FC01221146EA4805F0B5FC012177
:10123000E84805F099F80021E64805F055F84FF424
:10124000C06003F065FE19208DF8000001208DF8C4
:10125000010000208DF8020001208DF8030068468F
:1012600003F05BFE09B000BD00B589B00121042088
:1012700004F0A5F90121082004F06EF94FF4405064
:10128000019002208DF8080003208DF8090000204D
:101290008DF80A0001208DF80B0001A9CE4803F05B
:1012A00015FF0020ADF818004FF6FF7007900020E2
:1012B000ADF82000ADF81A0006A9C84804F0CBFF2D
:1012C00002220C21C44803F08CFF02220D21C248E7
:1012D00003F087FF0420ADF80C000220ADF80E00EB
:1012E000C820ADF814000120ADF8100003A9BB48D8
:1012F00005F088FB02231A460321B84805F01FFDBC
:101300000121B64805F070FC01221146B34805F0F2
:1013100043FC0121B14805F027F80021AF4804F053
:10132000E3FF0020AD49143108800120AB4908805B
:101330004FF4C06003F0ECFD1E208DF80000042087
:101340008DF8010000208DF8020001208DF80300C7
:10135000684603F0E2FD09B000BD00B589B0012187
:10136000082004F02CF90121084604F0F5F80320C8
:10137000019002208DF8080003208DF8090000205C
:101380008DF80A0001208DF80B0001A9944803F0A4
:101390009DFE0020ADF818004FF6FF70079000206A
:1013A000ADF82000ADF81A0006A98E4804F053FFEE
:1013B000022200218A4803F014FF022201218848FA
:1013C00003F00FFF0420ADF80C000220ADF80E0072
:1013D000C820ADF814000120ADF8100003A9814821
:1013E00005F010FB02231A4603217E4805F0A7FCF6
:1013F00001217C4805F0F8FB01221146794805F0EF
:10140000CBFB0121774804F0AFFF0021754804F0C1
:101410006BFF002073491431088001207149088056
:101420004FF4C06003F074FD32208DF800000420FA
:101430008DF8010000208DF8020001208DF80300D6
:10144000684603F06AFD09B000BD00B59BB00121FC
:10145000654804F081F80121080204F0C1F8002079
:101460000290624803906248049000200590082092
:101470000690002007904FF480600890400009908B
:1014800080000A9040110B9040020C9000200D90BB
:1014900001200E9000200F90109002A9554804F0F2
:1014A0006DFC0121534804F0A3FC3C200090032074
:1014B0008DF8040000208DF807006946484803F0C5
:1014C00005FE3C20009003208DF8040000208DF8DC
:1014D00007006946484803F0F9FD0020119012907A
:1014E0001390149011A804F0AFF94FF0807015908C
:1014F00001208DF858008DF85900002017901890A1
:10150000199008208DF8680015A938484C3804F067
:101510006CF900230122022134484C3804F0EBF925
:1015200000230222032131484C3804F0E4F900235F
:10153000032204212D484C3804F0DDF90023042255
:1015400005212A484C3804F0D6F9002305220C2145
:1015500026484C3804F0CFF9002306220D212348F9
:101560004C3804F0C8F9002307220E211F484C38DC
:1015700004F0C1F9002308220F211C484C3804F064
:10158000BAF9012119484C3804F060FA01211748D2
:101590004C3804F050FA012114484C3804F06BF92F
:1015A00012484C3804F003FA1BB000BD08B54FF4E4
:1015B000E06003F0ADFC25208DF8000000208DF8E0
:1015C00001008DF8020001208DF80300684603F049
:1015D000A4FC08BD00000140000C024000080040CF
:1015E00000000240000C0040050040004C2001407B
:1015F000E0050020106402400008024010B596B0DB
:1016000004460121102003F0EBFF0121084603F0FE
:10161000A3FF0121880503F09FFF4FF4C0600090F5
:1016200002208DF8040000208DF806008DF80700D8
:1016300002208DF805006946FE4803F047FD0722A9
:101640000921FC4803F0CDFD07220A21F94803F0E7
:10165000C8FD02940020ADF80C00ADF80E00ADF806
:101660001000ADF814000C20ADF8120002A9F248E9
:1016700005F0E4FB0121F04805F068FC4FF4A060A0
:1016800003F046FC3A208DF8180000208DF8190070
:101690008DF81A0001208DF81B0006A803F03DFC10
:1016A000E64804F0C9FA4FF00060079000200A9065
:1016B000E34809900A200B90DF48001D08900020A5
:1016C0000C904FF480600D9000200E900F904FF41E
:1016D000807010904002119004201290032013900B
:1016E00000201490159007A9D44804F047FB01226C
:1016F0004021D14805F0D7FC01221021CF4804F049
:1017000004FC0121CD4804F073FB16B010BD10B5E8
:1017100096B004460121480503F01EFF012148044C
:1017200003F04DFF0121082003F016FF6020009018
:1017300002208DF8040000208DF806008DF80700C7
:1017400002208DF805006946BE4803F0BFFC072261
:101750000521BC4803F045FD07220621B94803F0E6
:1017600040FD02940020ADF80C00ADF80E00ADF87D
:101770001000ADF814000C20ADF8120002A9B24818
:1017800005F05CFB0121B04805F0E0FB4FF4A060E0
:1017900003F0BEFB11208DF8180000208DF8190011
:1017A0008DF81A0001208DF81B0006A803F0B5FB88
:1017B000A64804F041FA4FF00060079040200A90DC
:1017C000A348099046200B909F48001D08900020D8
:1017D0000C904FF480600D9000200E900F904FF40D
:1017E00080701090400211900420129003201390FA
:1017F00000201490159007A9944804F0BFFA012224
:101800008021914805F04FFC012280218E4805F08F
:101810004AFC012210218D4804F077FB01218B48FE
:1018200004F0E6FA16B010BD10B596B004460121DA
:10183000880403F0C4FE0121082003F08DFE01217D
:10184000480503F089FE4FF44070009002208DF8A7
:10185000040000208DF806008DF8070002208DF8A6
:1018600005006946774803F031FC072208217548D6
:1018700003F0B7FC07220921724803F0B2FC02947E
:101880000020ADF80C00ADF80E00ADF81000ADF87A
:1018900014000C20ADF8120002A96E4805F0CEFA33
:1018A00001216C4805F052FB4FF4A06003F030FBBF
:1018B0000C208DF8180000208DF819008DF81A0002
:1018C00001208DF81B0006A803F027FB5F4878383D
:1018D00004F0B2F94FF00060079000200A905E48D3
:1018E00009900A200B905B48001D089000200C9086
:1018F0004FF480600D9000200E900F904FF4807098
:1019000010904002119004201290032013900020A8
:101910001490159007A94D48783804F02FFA012249
:1019200040214C4805F0BFFB01224021494805F009
:10193000BAFB012210214548783804F0E6FA01216B
:101940004248783804F054FA16B010BD10B596B07D
:1019500004460121C80403F032FE0121084603F0C9
:10196000FBFD0121480503F0F7FD03200090022054
:101970008DF8040000208DF806008DF80700022085
:101980008DF8050069462B4803F0A0FB08220021D2
:10199000284803F026FC08220121264803F021FCF8
:1019A00002940020ADF80C00ADF80E00ADF8100068
:1019B000ADF814000C20ADF8120002A9274805F07C
:1019C0003DFA0121254805F0C1FA4FF4A06003F06B
:1019D0009FFA0D208DF8180000208DF819008DF861
:1019E0001A0001208DF81B0006A803F096FA17488C
:1019F000603804F021F94FF00060079000200A9051
:101A00001748099008200B901448001D08900020EA
:101A10000C904FF480600D9000200E900F904FF4CA
:101A200080701090400211900420129003201390B7
:101A3000002017E000000240001001404064024016
:101A4000F0050020000C024000440040A06002406D
:101A500004000020004800402C060020004C0040FC
:101A6000FF0500201490159007A9FB4804F086F9A3
:101A700001224021F94805F016FB01224021F748D8
:101A800005F011FB01221021F34804F03EFA012178
:101A9000F14804F0ADF916B010BD10B596B004468B
:101AA0000121480503F058FD0121080503F087FDD9
:101AB00001210C2003F050FD0420009002208DF83D
:101AC000040000208DF806008DF8070002208DF834
:101AD00005006946E24803F0F9FA4FF4805000909F
:101AE00002208DF8040000208DF806008DF8070014
:101AF00002208DF805006946DA4803F0E7FA08226B
:101B00000221D74803F06DFB08220C21D54803F0D1
:101B100068FB4FF4A06003F0FBF92F208DF818004C
:101B200005208DF819008DF81A0001208DF81B0092
:101B300006A803F0F2F902940020ADF80C00ADF80D
:101B40000E00ADF81000ADF814000C20ADF8120036
:101B500002A9C54805F072F90121C34805F0F6F95C
:101B6000BD48783004F068F84FF0006007904020DE
:101B70000A90BE48099096200B90BB48001D089023
:101B800000200C904FF480600D9000200E900F907C
:101B900010904FF400301190002012900320139009
:101BA00000201490159007A9AB48783004F0E6F8AF
:101BB00001228021AC4805F076FA01221021A648C6
:101BC000783004F0A2F90121A348783004F010F92C
:101BD00016B010BD10B596B004460121202003F0C8
:101BE000FFFC0121042003F0B7FC0121880503F06C
:101BF000B3FCC020009002208DF8040000208DF876
:101C000006008DF8070003208DF805006946954809
:101C100003F05CFA08220621924803F0E2FA082257
:101C20000721904803F0DDFA02940020ADF80C0083
:101C3000ADF80E00ADF81000ADF814000C20ADF8B2
:101C4000120002A98A4805F0F9F80121884805F038
:101C50007DF94FF4A06003F05BF939208DF818008E
:101C600003208DF8190001208DF81A008DF81B0053
:101C700006A803F052F97F4803F0DEFF4FF0206022
:101C8000079000200A907C48099010200B9078481B
:101C9000001D089000200C904FF480600D900020F3
:101CA0000E900F904FF4807010904002119004201D
:101CB00012900320139000201490159007A96D48EE
:101CC00004F05CF801224021694805F0ECF901229A
:101CD0001021684804F019F90121664804F088F8D9
:101CE00016B010BD0FB50020039002900190009037
:101CF00061480078022849D15F48407802905E48E8
:101D0000C0785D49897840EA012001905A484079BD
:101D10005949097940EA012000B20090BDF800005D
:101D200000F4004018B1BDF8000000B20090524924
:101D30000978514A527811444F4A927811444E4AD8
:101D4000D27811444C4A127911444B4A527988187E
:101D5000C11700EB11610912A0EB0121C9B2039177
:101D6000454880799DF80C1088420FD14248C079CF
:101D700003280BD19DF8080040490870BDF8040005
:101D80003F490880BDF900003E4908800FBD00B5FD
:101D900085B00121082003F0DFFB0121880303F057
:101DA0001FFC00208DF8100001208DF813000C207E
:101DB000039003A92A4803F089F90221032005F0C2
:101DC0000BFA0420009000208DF8040010208DF8FC
:101DD000050001208DF80600684604F00FF9082080
:101DE0008DF8080000208DF809008DF80A00012008
:101DF0008DF80B0002A803F090F805B000BD70B597
:101E000004460D46012C0BD129461F4805F0C9F8A0
:101E100000BF40211C4805F074F90028F9D044E0C7
:101E2000032C0BD12946194805F0BBF800BF40210F
:101E3000164805F066F90028F9D036E0042C27D1C1
:101E40002946064805F0ADF800BF4021034805F0DB
:101E500058F90028F9D028E040600240004C0040CA
:101E6000000C024000080240005000404A050020DB
:101E700000140140286402403B0600205701002066
:101E80005A01002058010020001001400048004085
:101E9000052C0AD12946FE4805F083F800BF4021F1
:101EA000FB4805F02EF90028F9D070BD0020F94953
:101EB0004862F9490860F9490860F94908607047C3
:101EC0000020F4494862F44908604FF080414862BC
:101ED000F4490860F4490860F4490860EF49086073
:101EE000EF490860F2490860F24908607047002035
:101EF0004FF080414862EB49086070470020EA4992
:101F00000860EA490860704710B50020EA49087087
:101F1000002407E061210120FFF771FF3220FEF766
:101F2000B0FD641C022CF5D30120E34908707A202F
:101F3000E249087010BD10B50020E1490870002486
:101F400007E061210320FFF75AFF3220FEF799FDD9
:101F5000641C022CF5D30120D94908707A20D94994
:101F6000087010BD2DE9F14FAEB0D7A02D90002024
:101F70002C908DF888008DF860002E98122831D2B0
:101F8000DFE800F009313A41484F565F68717A81C5
:101F9000888F969DA5FE0221D44803F0F9F888B1F8
:101FA00000224FF40041D24803F010F94FF40041F1
:101FB000CF4803F0FAF8044600222146CDA0FEF7F0
:101FC0003FFB0FE00122D103C94803F0FFF84FF4B3
:101FD0000041C74803F0E9F8044600222146CDA09D
:101FE000FEF72EFB4EE20122D248B0F9000041423A
:101FF000D1A0FEF725FB45E20222D1480168D1A01D
:10200000FEF71EFB3EE20322D1480168D1A0FEF795
:1020100017FB37E20422D2480168D2A0FEF710FB7A
:1020200030E20522D3480168D3A0FEF709FB29E27C
:10203000FEF747FC044606222146D2A0FEF700FB2D
:1020400020E2FEF78DFC044607222146D0A0FEF7D1
:10205000F7FA17E2FEF7B0FC044608222146CFA0AB
:10206000FEF7EEFA0EE2FEF7D1FC04460922214605
:10207000CDA0FEF7E5FA05E2CE4801790A22CEA00E
:10208000FEF7DEFAFEE10B22CD480178CDA0FEF787
:10209000D7FAF7E10C22CE480188CEA0FEF7D0FA9D
:1020A000F0E10D22CE480168CEA0FEF7C9FAE9E1C1
:1020B0000E22D0480168D0A0FEF7C2FAE2E10F225A
:1020C000D148B0F90010D1A0FEF7BAFADAE1012147
:1020D000D14803F05DF84FF400511790844803F0A5
:1020E00057F804460221CC4803F052F805464FF455
:1020F00080417F4803F04CF806460421C64803F0AF
:1021000047F84FF400411690C34803F041F80746E2
:102110000821C14803F03CF880464FF48041BE4896
:1021200003F036F881461021BB4803F031F84FF434
:1021300000511590B84803F02BF882460821B748A3
:1021400003F026F84FF480511490B34803F020F8C0
:1021500010211390B14803F01BF84FF480611290E6
:10216000AD4803F015F883468021AB4803F010F822
:102170004FF480711190A84803F00AF8109000E025
:1021800021E01798CDE90B65CDE90D401698CDE912
:102190000798CDE90970DDE914211398CDE9042AE7
:1021A00006910390DDE91110CDE9001B02909CA27D
:1021B000282122A8109B07F049FA102222A9A1A0E9
:1021C000FEF791FA5EE18021484802F0EEFF0446F6
:1021D0000121464802F0E9FF05464021434802F04C
:1021E000E4FF06464FF400418C4802F0DEFF07464C
:1021F0004FF48051944802F0D8FF80464FF480613C
:102200003A4802F0D2FF81464FF400618E4802F056
:10221000CCFF4FF400611790344802F0C6FF8246AD
:102220004FF480617D4802F0C0FF83464FF4805137
:102230002E4802F0BAFF4FF400611690774802F082
:10224000B4FF4FF400511590284802F0AEFF4FF450
:1022500080411490714802F0A8FF4FF48041139020
:10226000224802F0A2FF4FF480711290764802F0EB
:102270009CFF4FF4004111901C4802F096FFCDE9FD
:102280000B76CDE90D5410901798CDE907A0DDE04D
:10229000005000400000014064000020240800407D
:1022A0008000002068000020240400406C00002012
:1022B000240C0040700000208900002088000020CD
:1022C0008B0000208A000020313131313131313131
:1022D00031313131313131313131313131313031EF
:1022E0003131313131313131000000000004024020
:1022F00000080240524F424F5420322044414E4782
:1023000020434841592053414E2058414E483A20DD
:1023100020200000524F424F5420322044414E476B
:1023200020434841592053414E20444F3A20202019
:102330000000000084000020494D553A00000000D4
:10234000A0000020474F432042414E3A00000000C9
:10235000F802002066696E616C5F43414D3A0000EF
:10236000F00200204C75632042616E5F43414D3A9C
:10237000200000009800002047545F4C617A6520DF
:1023800000000000454E434F4445525F464C20003C
:10239000454E434F4445525F46522000454E434F01
:1023A0004445525F524C2000454E434F4445525FD6
:1023B000525220002C06002042544E3A00000000E9
:1023C000570100206F6666736574203A00000000B4
:1023D0005A01002064697374616E63653A000000FD
:1023E000FC02002046696E616C5F4C617A65723A4E
:1023F00000000000F40200204C75632042616E2052
:102400004C617A65720000005801002064697265B1
:102410006374696F6E3A000000100240000C0240C5
:102420002564256425642564256425642564256464
:102430002564256425642564256425642564256454
:1024400000000000493A000000000240CDE9099870
:10245000DDE914121698CDE9050BCDE90312DDE98B
:1024600011121398CDE900120290AFF24C0228210C
:1024700022A8109B07F0EAF8112222A9FEA0FEF77D
:1024800032F900BF00BF2FB0BDE8F08F10B50121B9
:10249000FB4803F0ADFC10BD01B5FA480068009997
:1024A000884203DD0020F749086004E0F548006831
:1024B000401CF4490860F3480068FFF753FD08BD6D
:1024C00010B5FEF779FAF0490860FEF79FFAEF4978
:1024D0000860FEF7F6F9EE490860FEF741FAED49AB
:1024E000086010BD2DE9F0412DED088B06460F4622
:1024F000304606F056FE41EC190B9FEDE71BB0EE9F
:10250000490AF0EE690A07F0C9FAB0EE408AF0EE27
:10251000608A51EC180B06F055FE0446002C02DBD5
:10252000A4F5E16401E004F5E164384606F039FE03
:1025300041EC1B0B9FEDD81BB0EE4B0AF0EE6B0A83
:1025400007F0ACFAB0EE409AF0EE609A304606F032
:1025500028FE41EC1B0B9FEDD01BB0EE4B0AF0EEBA
:102560006B0A07F09BFAB0EE40AAF0EE60AA53ECBB
:10257000192B51EC1A0B06F02DFD41EC180B06F04F
:1025800021FE05462846211E01DB0A4600E04A429C
:10259000002801DB034600E043429A4205DA254663
:1025A0004FF0FF30BE49086003E035460120BC49CA
:1025B00008602846BDEC088BBDE8F0810146FA2989
:1025C00001DDFA2102E0032900DA0221C8B27047D6
:1025D00030B505460C4625B9B2480078B249C877EF
:1025E00016E0B24890ED000AB5EEC00AF1EE10FA1E
:1025F00007DD2846FFF7E2FFAB49C8770020887760
:1026000006E06842FFF7DAFFA749C877012088771C
:1026100024B9A4480078A449C87516E0A44890EDF0
:10262000000AB5EEC00AF1EE10FA07DD2046FFF70A
:10263000C5FF9D49C8750020887506E06042FFF718
:10264000BDFF9949C8750120887522B99548007861
:102650009549C87116E0974890ED000AB5EEC00A9A
:10266000F1EE10FA07DD1046FFF7A8FF8E49C8719A
:102670000120887106E05042FFF7A0FF8A49C87127
:102680000020887123B9874800788749C87316E00D
:10269000894890ED000AB5EEC00AF1EE10FA07DDA8
:1026A0001846FFF78BFF8049C8730120887306E046
:1026B0005842FFF783FF7C49C8730020887330BD00
:1026C00010B57E4C20607E4C21607E4C22607E4C9A
:1026D000236010BD744AD077D075D071D073704725
:1026E0007148C07F03280DDA6F48C07D032809DADE
:1026F0006D48C079032805DA6B48C07B032801DAEE
:10270000012070470020FCE70120704908607047F5
:102710006F48006847F23051884201D0012070476D
:102720000020FCE710B5FFF7EFFB10BD6948B0F9DA
:10273000000040427047B5EEC00AF1EE10FA09D22F
:102740006548D0ED000A70EE600AFDEEE00A10EE7A
:10275000900A70476048D0ED000A70EE200AFDEE46
:10276000E00A10EE900AF4E710B52DED0A8B04464E
:1027700024B99FED5A0ABDEC0A8B10BD002C25DA56
:102780005748006806F00DFD41EC190B204606F095
:1027900008FD41EC1C0B9FED530B53EC102B06F086
:1027A0001FFC41EC1B0B9FED510B53EC102B06F063
:1027B00011FC41EC1A0B53EC192B06F083FC41EC95
:1027C000180B06F031FD00EE100AD4E7444800680B
:1027D00006F0E7FC41EC190B204606F0E2FC41EC68
:1027E0001C0B9FED400B53EC102B06F0F9FB41EC5A
:1027F0001B0B9FED3E0B53EC102B06F04AFB41ECFC
:102800001A0B53EC192B06F05DFC41EC180B06F08B
:102810000BFD00EE100AAEE7F0EE400AF5EEC00A3E
:10282000F1EE10FA02DBB0EE600A7047B1EE600A1A
:10283000FBE70146002901DB084670474842FCE7F8
:1028400001462C48D0ED000AF1EE600A2A48D0ED8E
:10285000001A80EEA11A00EE901AF8EEE01A254850
:10286000D0ED000A41EE210AB0EE600AFDEEC00A8A
:1028700010EE900A704700004F55543A00000000D7
:10288000A06002407C0000203403002038030020B8
:102890003C03002040030020000000000020AC406A
:1028A0004C020020A0010020040000200C020020A7
:1028B0001002002014020020180200203402002020
:1028C000380200202C020020300200208802002064
:1028D000CC010020840000206001002000000000E6
:1028E000B8010020EC51B81E85EBB13F9A99999937
:1028F0009999B93F980100209C010020B0EE402A30
:10290000DFEDFE2AB0EE620AB5EEC02AF1EE10FA53
:1029100003D2F1EE422AB0EE622AF5EEC00AF1EEE1
:1029200010FA03D2F1EE602AF0EE620AB5EEC01A98
:10293000F1EE10FA03D2F1EE412AB0EE621AF5EE92
:10294000C01AF1EE10FA03D2F1EE612AF0EE621A2B
:10295000B4EEC02AF1EE10FA01DDB0EE420AF4EE58
:10296000C00AF1EE10FA01DDB0EE600AB4EEC01A52
:10297000F1EE10FA01DDB0EE410AF4EEC01AF1EE0C
:1029800010FA01DDB0EE610A7047DD48006870475B
:10299000DC480068704710B52DED048BF0EE408ADE
:1029A000B0EE608AD848D0ED000AD84890ED000A11
:1029B00007F01EFFB0EE409A08F051FBBDEEC00AD2
:1029C00010EE104AD24880ED008AD24880ED008A8D
:1029D000B0EE680A08F03EFAF0EE000A20EE200A97
:1029E000CD4880ED000AB0EE680A06F0AFFFF0EEC9
:1029F000000A20EE200AC94880ED000A90ED000A86
:102A0000F2EE040A20EE200AC54880ED000AB0EE7E
:102A1000680A08F01FFAB0EE409AFFF78CFE00EE4D
:102A2000100AB8EEC00ABF4880ED000ABA4890ED1F
:102A3000000AB748D0ED000A30EE600ABA4880EDCF
:102A4000000AB54890ED000AB148D0ED000A30EE1A
:102A5000200AB64880ED000AB04890ED000AAD4863
:102A6000D0ED000A30EE600AB14880ED000AAB48B4
:102A700090ED000AA748D0ED000A30EE200AAD48DC
:102A800080ED000AAA48D0ED000AA84890ED000A9F
:102A900006F034FEDFEDA80A20EE200AA748D0EDAC
:102AA000000A80EE201AA64880ED001AA5480168A9
:102AB000A34890ED000ABDEEC00A10EE100AFFF721
:102AC00011FD00EE100AB8EEC00A9D4880ED000A24
:102AD0009D4890ED000AB8EEC00A9C4880ED000ABF
:102AE0009248D0ED000A60EEA00A914890ED001ADD
:102AF000D0ED001A41EE210AB0EE600A08F0AFFAFC
:102B00009148D0ED000AF8EEE00A20EE200A904845
:102B100080ED000A8748D0ED000A844890ED000A55
:102B200006F0ECFDDFED840A20EE200A8348D0EDAC
:102B3000000A80EE201A874880ED001A8648016856
:102B4000844890ED000ABDEEC00A10EE100AFFF7AF
:102B5000C9FC00EE100AB8EEC00A7E4880ED000AFB
:102B6000794890ED000AB8EEC00A7C4880ED000A72
:102B70006E48D0ED000A60EEA00A6E4890ED001A93
:102B8000D0ED001A41EE210AB0EE600A08F067FAB3
:102B90006D48D0ED000AF8EEE00A20EE200A7048F9
:102BA00080ED000A6348D0ED000A5F4890ED000A0E
:102BB00006F0A4FDDFED600A20EE200A5F48D0EDAC
:102BC000000A80EE201A674880ED001A6648016806
:102BD000644890ED000ABDEEC00A10EE100AFFF73F
:102BE00081FC00EE100AB8EEC00A5E4880ED000AD3
:102BF000554890ED000AB8EEC00A5C4880ED000A26
:102C00004948D0ED000A60EEA00A4A4890ED001A4B
:102C1000D0ED001A41EE210AB0EE600A08F01FFA6A
:102C20004948D0ED000AF8EEE00A20EE200A5048AC
:102C300080ED000A3E48D0ED000A3B4890ED000AC6
:102C400006F05CFDDFED3C0A20EE200A3B48D0EDAB
:102C5000000A80EE201A474880ED001A46480168B5
:102C6000444890ED000ABDEEC00A10EE100AFFF7CE
:102C700039FC00EE100AB8EEC00A3E4880ED000AAA
:102C8000314890ED000AB8EEC00A3C4880ED000AD9
:102C90002548D0ED000A60EEA00A254890ED001A04
:102CA000D0ED001A41EE210AB0EE600A08F0D7F923
:102CB0002548D0ED000AF8EEE00A20EE200A304860
:102CC00080ED000ABDEC048B10BD10B52DED028B1C
:102CD000B0EE408A2B48006847F23051884268D1F4
:102CE0009FED290A28EE000A284880ED000AD0ED61
:102CF000000A9FED270AFFF74EFE4BE06F12833A62
:102D0000B8010020E80100207402002078020020B1
:102D1000680200206C0200205002002054020020B3
:102D20007C02002080020020580200205C0200206B
:102D300060020020640200200000E144AC01002099
:102D400020020020400300204C020020100200203E
:102D5000000200201C0200203C0300200C02002086
:102D6000FC01002024020020340300201402002073
:102D7000040200202802002038030020180200204E
:102D800008020020CC0100200000E1437002002076
:102D9000000000001FED020AFE4880ED000AFE4818
:102DA00080ED000AFD4880ED000AFD4880ED000A34
:102DB00021E0FC480068FC490968401AFB490968A1
:102DC000081A00EE100AB8EEC00AF948D0ED000A61
:102DD00020EE200AF748D0ED000AC0EE208AF6481F
:102DE00090ED000AF54880ED000AD0ED000AB0EE43
:102DF000680AFFF7D0FDB5EEC08AF1EE10FA75D083
:102E0000EF480068052870D2DFE800F00371879D65
:102E1000B300EC4890ED000AFAEE040AB4EEE00AC2
:102E2000F1EE10FA08D390ED000AF2EE040AB4EEC7
:102E3000E00AF1EE10FA1CDDD94890ED000A30EE00
:102E4000080A80ED000AD54890ED000A30EE480AE5
:102E500080ED000AD04890ED000A30EE080A80EDBF
:102E6000000ACC4890ED000A30EE480A80ED000AD6
:102E70003BE0D54890ED000AD448D0ED000A60EE62
:102E8000200AC74890ED000A00EE880A80ED000A8B
:102E9000CD4890ED000ACE48D0ED000A60EE200A41
:102EA000BE4890ED000A00EE880A80ED000AC64890
:102EB00090ED000AC748D0ED000A60EE200AB6483F
:102EC00090ED000A00EEC80A80ED000ABE4890EDC1
:102ED000000AC148D0ED000A60EE200AAD4890ED2E
:102EE000000A00EEC80A80ED000A58E058E0AB483E
:102EF00090ED000A30EE480A80ED000AA64890EDF9
:102F0000000A30EE080A80ED000AA24890ED000A9F
:102F100030EE480A80ED000A41E0A14890ED000A39
:102F200030EE080A80ED000A9B4890ED000A30EE72
:102F3000080A80ED000A974890ED000A30EE480A32
:102F400080ED000A2BE0964890ED000A30EE080A6A
:102F500080ED000A914890ED000A30EE480A80EDBD
:102F6000000A8C4890ED000A30EE480A80ED000A15
:102F700015E08B4890ED000A30EE080A80ED000A5B
:102F8000864890ED000A30EE480A80ED000A82483B
:102F900090ED000A30EE080A80ED000A00BF00BF85
:102FA0007C48D0ED001A7C4890ED001A7B48D0EDAB
:102FB000000A7B4890ED000AFFF7A0FC8748D0ED9F
:102FC000000AF8EEE00A80EE801ABDEEC10A8448DD
:102FD00080ED000A8348006881490968884203DD62
:102FE0007F4800687F49086001207F490860BDEC88
:102FF000028B10BD10B5044600207C4908607C4857
:103000000460FCB90020774908601FED9F0A7948E9
:1030100080ED000A47F23050644908607649086044
:103020001FEDA50A644880ED000A0020644908608D
:103030007249086072490860724908601FEDAC0A65
:10304000FFF743FE10BD10B55B4890ED000AB5EEEA
:10305000C00AF1EE10FA05D15948006810B9674866
:10306000006890B11FEDB60A534880ED000A0020B9
:1030700053490860614908604A4800684A49086045
:103080004D4890ED000AFFF720FE10BD5E48C0EDF0
:10309000000A5E4880ED000A704770B52DED028B86
:1030A00005460C46B0EE408A40480068A8420BD165
:1030B0004E480068A04207D14E4890ED000AB4EE99
:1030C000480AF1EE10FA18D04848046045480068F4
:1030D00010B9052043490860324800683249086049
:1030E000444880ED008A3148056000204849086066
:1030F000314890ED000AFFF7E8FDBDEC028B70BD92
:1031000070B52DED028B0446B0EE408A0D463B486B
:103110000068A0420BD1284890ED000AB4EE480A9E
:10312000F1EE10FA03D126480068A84279D01F4872
:10313000006847F23051884222D132202B49086082
:1031400007202849086047F23050844218DA0120ED
:103150002B490860B5EEC08AF1EE10FA03DD114884
:103160000068A04208DCB5EEC08AF1EE10FA07D282
:103170000C480068A04203DAB1EE480AB0EE408A7B
:103180001E4804600E4805600B4880ED008A002050
:103190001F4940E008020020040200200002002035
:1031A000FC010020F0010020D8010020CC0100200B
:1031B000A801002078010020E0010020700200201A
:1031C000B40100207C020020500200200C020020EC
:1031D0001002002014020020180200205C010020D0
:1031E000C0010020B8010020B0010020BC01002077
:1031F000C4010020E4010020D0010020D4010020FF
:10320000E801002088020020980100209C01002095
:10321000C801002005E00860FE4890ED000AFFF7B5
:1032200054FDBDEC028B70BD10B52DED028BB0EEE0
:10323000408A04462146B0EE480A47F23050FFF774
:103240005FFFBDEC028B10BD70B504460D469FEDCF
:10325000F20A29462046FFF720FF70BD10B52DED7C
:10326000088BF0EE408A0446B0EE608AB0EE419AD8
:10327000EA4890ED000AB8EEC00AB4EE680AF1EE32
:1032800010FA0DD1E6480068A04209D1E54890ED5A
:10329000000AB8EEC00AB4EE480AF1EE10FA5ED0A9
:1032A000BDEEE80ADD4880ED000ADF4991ED000A35
:1032B000B8EEC00A38EEC00ABDEEC00A10EE100A21
:1032C0009FEDD50A2146FFF7E8FED748D0ED000A6A
:1032D000F8EEE00A78EE600AB0EE600AFFF79CFABA
:1032E000DFEDD20AB4EEE00AF1EE10FA14DDCE48BA
:1032F00090ED000AB8EEC00AB4EEC08AF1EE10FA02
:1033000002DDB0EE490A01E0B1EE490A10EE101AF2
:10331000084605F076FF13E0C34890ED000AB8EECA
:10332000C00A38EE400A10EE101A084605F069FF90
:1033300041EC1B0B9FEDBE0B53EC102B05F050FE28
:1033400041EC1A0B05F070FF09EE900A0021B0EE77
:10335000690AFDEEC80A10EE900AFFF7D1FEBDEC37
:10336000088B10BD10B5B448006801283DDDAD499B
:103370000968AD4A1268881AFFF75BFA0A280CDA66
:10338000AD4801680068401CAB4A1060B1F5FA7F97
:103390002BDD0020FFF72EFE10BDA7480068FA289D
:1033A00008DD05209E490860A4490860FB20A24969
:1033B000086004E005209A490860A04908609A481E
:1033C000006898490968884205DDBFEE000A914807
:1033D00080ED000A04E0B7EE000A8E4880ED000A96
:1033E0008C4890ED000AFFF770FC00BFD4E710B5E1
:1033F0002DED028B924890ED000AB5EEC00AF1EE79
:1034000010FA08D18D48006828B18648006847F254
:103410003051884202DBBDEC028B10BD7D4890ED3F
:10342000000AB5EEC00AF1EE10FA7DD085480068BA
:1034300047F23051884278D1764890ED000AB5EED7
:10344000C00AF1EE10FA08DD764800687E49096886
:10345000401A75490968884210DB6E4890ED000AF1
:10346000B5EEC00AF1EE10FA7DD26E4800687649DA
:10347000096808446C490968884274DD6E48006830
:1034800005285BDA67490968674A1268881AFFF7F6
:10349000D0F9322816DA634800686C4908600020C9
:1034A000664908605E4908609FED5B0A594880EDF7
:1034B000000A022060490860564890ED000AFFF7B4
:1034C00004FCA8E75748006857490968884236DD78
:1034D0005A4890ED000AB8EEC00A4E48D0ED000AF6
:1034E00060EE200A584890ED000AB8EEC00AC0EE1F
:1034F000801AB0EE611AB0EE410AFFF78DF9494922
:103500000968494A1268881AFFF793F900EE900A91
:10351000B8EEE01AF1EE040A40EE010A474890EDD9
:10352000000AB8EEC00A01E0C9E044E080EE801A6B
:10353000B0EE418AB0EE480AFFF7C7FBBEE03F4855
:1035400090ED000AB8EEC00A3248D0ED000A60EEF5
:10355000200A3D4890ED000AB8EEC00AC0EE801A7D
:10356000B0EE611A00E020E0B0EE410AFFF754F936
:103570002C4909682C4A1268881AFFF75AF900EE9C
:10358000900AB8EEE01AF1EE040A50EE410A2B4818
:1035900090ED000AB8EEC00A80EE801AB0EE418AC3
:1035A000B0EE480AFFF791FB88E01A4890ED000A58
:1035B000FFF78BFB82E0174890ED000AB5EEC00ADA
:1035C000F1EE10FA1FDD174890ED000AB8EEC00AC0
:1035D0001A48D0ED000AF8EEE00A0E4890ED001A05
:1035E00000EEC10A1A48D0ED000AF8EEE00A70EECB
:1035F000600A0D4890ED000AB8EEC00AF4EEC00A69
:10360000F1EE10FA49D3034890ED000AB5EEC00A76
:1036100020E00000E001002000000000D0010020B8
:10362000BC010020D4010020F0010020000048422D
:10363000FCA9F1D24D62403FE8010020B801002012
:10364000E4010020CC01002094010020EC010020C6
:1036500090010020F1EE10FA2BD2F74890ED000A0D
:10366000B8EEC00AF548D0ED000AF8EEE00AF448DA
:1036700090ED001A00EEC10AF248D0ED000AF8EE13
:10368000E00A70EE200AF04890ED000AB8EEC00A99
:10369000F4EEC00AF1EE10FA0BDDE7490968EA4AD8
:1036A0001268881AFFF760F8B0EE408AFFF70DFB4A
:1036B00004E0E34890ED000AFFF707FBABE6E349BF
:1036C0000968E14A1268881AFFF74EF8B0EE408A9E
:1036D000FFF7FBFA00BF9EE600B5DD480068022850
:1036E00015DA1FED330ADB4880ED000A1FED360ABC
:1036F000D34880ED000A0020D749086047F23050D7
:10370000D6490860D64908600020CB490860D548F2
:103710000068401CD3490860D3490968884204DA2C
:10372000D2480068FEF7D6FF0EE0CF480068CD49CA
:103730000860CF48006820B1CC480068FEF7CAFF97
:1037400002E00020FEF7C6FF00BDC64A1268521C08
:10375000C44B1A60824207DDB84A12680A44B74B6C
:103760001A600022BF4B1A6070472DE9F041FEF746
:10377000DDFFB5490860FFF7F5FDBE480068002889
:1037800021DDAE480068BB49096888422AD0AB48B1
:103790000068B849096888420EDAA8480068B64946
:1037A000096888421EDAA5480068FFF749F8044610
:1037B0000121FFF7CAFF15E04FF0FF31AF48006865
:1037C000FFF7C3FF0EE09D480068002806DD4FF0BC
:1037D000FF31AB480068FFF7B8FF03E0FFF77CFF5D
:1037E000BDE8F081A748006897490968884205D07C
:1037F000FFF7FDFD94480068A2490860A2480068F0
:10380000F0B38E48D0ED000AF8EEE00A9F4890ED44
:10381000001A60EE810AB0EE600AFEF78CFF0446E3
:103820008648D0ED000AF8EEE00A994890ED001ABB
:1038300060EE810AB0EE600AFEF77DFF05467F4824
:10384000D0ED000AF8EEE00A924890ED001A60EE22
:10385000810AB0EE600AFEF76EFF06467748D0EDAB
:10386000000AF8EEE00A8C4890ED001A60EE810A3A
:10387000B0EE600AFEF75FFF074623462A4600E0E7
:1038800020E03146FEF7A4FE844890ED000ABDEE2C
:10389000C00A10EE103A824890ED000ABDEEC00A50
:1038A00010EE102A7F4890ED000ABDEEC00A10EE1F
:1038B000101A7D4890ED000ABDEEC00A10EE100A05
:1038C000FEF7FEFE00BF8BE710B57848807988B31D
:1038D0007648007800F0800060B37548007875493C
:1038E00081F82B0081F8270081F82F00012081F852
:1038F0002E00002081F8260081F82A0043F6982047
:1039000004F046FEFA206B4981F8330044F620604B
:1039100004F03EFE0020674981F82B0081F8270063
:1039200081F82F0081F8330000224FF400516248E3
:1039300001F04CFC5D48807988BB5C48007800F061
:10394000800060B35D4800785A4981F82B0081F807
:10395000270081F82F00012081F82E00002081F837
:10396000260081F82A0043F6982004F011FEFA2080
:10397000504981F8330044F6206004F009FE00202D
:103980004C4981F82B0081F8270081F82F0081F83D
:10399000330000224FF40051474801F017FC434820
:1039A000407800F08000D8B12820424981F82B00EF
:1039B00081F8270081F82F00002081F82E000120D7
:1039C00081F8260081F82A0044F6206004F0E0FD2A
:1039D0000020384981F82F0081F8270081F82B005A
:1039E00010BD3248407800F0400020B1FA20314943
:1039F00081F8330003E000202E4981F8330070473E
:103A00002F49304A126841F822002E490968491CA2
:103A1000142291FBF2F302FB13112A4A1160704742
:103A2000284800681330142290FBF2F302FB1301C4
:103A3000234850F821007047D4010020B80100202D
:103A4000E001002090010020F0010020D8010020BA
:103A5000E8010020E4010020B4010020CC01002096
:103A6000D0010020C8010020A4010020A0010020F6
:103A700088020020BC010020C0010020F8010020C5
:103A8000C4010020F4010020B00100200802002041
:103A90000402002000020020FC0100202802002077
:103AA00024020020200200201C0200202C060020FE
:103AB000F80200200400002000040240FC02002064
:103AC000480600200803002010B52DED0C8B04469D
:103AD000A4F16400002801DB014600E0414200EE51
:103AE000101AB8EEC08ADFEDFE8AB7EE000AB4EE17
:103AF000C08AF1EE10FA04D89FEDFA0ABDEC0C8BE7
:103B000010BDB0EE080AB4EEC08AF1EE10FA04D28D
:103B10009FEDF50AF0EE408A51E0B3EE0E0AB4EEE6
:103B2000C08AF1EE10FA2ED218EE100A05F069FBE9
:103B300041EC1D0B9FEDED0B53EC102B05F050FAF3
:103B400041EC1C0BB0EE4C0AF0EE6C0A07F0A4FA44
:103B5000B0EE40BAF0EE60BA9FEDE60B53EC102BDE
:103B600051EC1B0B05F03CFA41EC1A0B9FEDE30BFB
:103B700053EC102B05F08DF941EC190B05F054FBBB
:103B800008EE900A1BE09FEDDF0AB4EEC08AF1EE6A
:103B900010FA04D29FEDDC0AF0EE408A0FE09FEDB0
:103BA000DB0AB4EEC08AF1EE10FA04D29FEDD80A17
:103BB000F0EE408A03E0B7EE080AF0EE408AB0EE7D
:103BC000680A9BE770B52DED028B0546B6EE000A3C
:103BD000F0EE408A2846FFF713FFCE48C079E8B1DF
:103BE000FFF71EFF0446622C04DB662C02DC00207B
:103BF000FFF729FA2046FFF767FFB0EE408A632CF3
:103C000005DA0020B1EE480AFFF70EFB06E0652C4E
:103C100004DD0020B0EE480AFFF706FBBDEC028B86
:103C200070BD70B505460C46B4F57A6F16DA022001
:103C3000051E03D01421B848FFF706FB0320051E1C
:103C400004D014214FF4E170FFF7FEFA40F22B206C
:103C5000051E03D01421B148FFF7F6FA70BD10B568
:103C60002DED0A8BF0EE408A9FED9E0AB0EE40CA21
:103C70009FED9C0AB0EE408A9FEDA90AC8EE800A2B
:103C800010EE904A204605F0BCFA41EC1B0B9FED6C
:103C9000A51BB0EE4B0AF0EE6B0A05F081FFB0EE0B
:103CA00040AAF0EE60AA9FEDA10B53EC102B51EC53
:103CB0001A0B05F095F941EC190B05F0B5FA08EE71
:103CC000100A9FED9C0AB4EEC08AF1EE10FA04DDF2
:103CD0009FED980AB0EE408A0AE09FED8C0AB4EEA0
:103CE000C08AF1EE10FA03D29FED880AB0EE408A46
:103CF0009FED8B0A78EEC00A9FED891A80EE810A4B
:103D0000DFED820A20EE200A10EE104A204605F070
:103D100078FA41EC1B0B9FED880B53EC102B05F050
:103D20005FF941EC1A0B9FED860B53EC102B05F05D
:103D3000B0F841EC190B05F077FA08EE100A9FED88
:103D4000820AB4EEC08AF1EE10FA04DD9FED7E0A1D
:103D5000B0EE408A0AE09FED7D0AB4EEC08AF1EE33
:103D600010FA03D29FED790AB0EE408ABDEEC80A80
:103D7000774880ED000ABDEEC80A764880ED000A5B
:103D8000BDEC0A8B10BD10B52DED088BF0EE408A0E
:103D90009FED540AF0EE409A9FED520AB0EE408A31
:103DA00028EEA80A10EE101A084605F02AFA41EC8F
:103DB0001B0BB0EE4B0AF0EE6B0A07F013F9B0EEF6
:103DC00040AAF0EE60AA51EC1A0B05F02DFA09EEAC
:103DD000100A9FED610AC9EE000A9FED600A20EE0D
:103DE000800AB0EE408A9FED530AB4EEC08AF1EE2D
:103DF00010FA04DD9FED4F0AB0EE408A0AE09FED15
:103E0000430AB4EEC08AF1EE10FA03D29FED3F0AE6
:103E1000B0EE408ABDEEC80A514880ED000A006845
:103E2000504908604E480068002808DB4C4800688C
:103E3000632804DCB2EE080A4B4880ED000A4848CB
:103E40000068642808DB46480068702804DC9FEDA1
:103E5000470A454880ED000A41480068712808DBA0
:103E60003F4800687C2804DCB2EE060A3E4880ED3C
:103E7000000A3B4800687D2808DB3948006886282E
:103E800004DCB2EE050A384880ED000A34480068C8
:103E9000872808DB32480068942804DC9FED340A48
:103EA000314880ED000A2E480068952808DB2C4830
:103EB00000689A2804DC9FED2F0A2B4880ED000A49
:103EC000274800689B2808DB25480068AA2804DCEE
:103ED0009FED290A244880ED000A214800684DE042
:103EE0003333333F00000000AA65FB3E9A9999994D
:103EF0009999A93FE07A14AE47E1CA3F5C8FC2F5B9
:103F0000285CDF3F00002042355E0A3F0000484247
:103F1000F31F123F2C060020BAFAFFFF3EFEFFFF00
:103F200000A07F459A9999999999F13F0000000066
:103F300000805A4000007A43666666666666E63F21
:103F40000000000000C082400000164400800944C8
:103F50000C0300201003002000401C4500000C430F
:103F6000F0020020F80200200003002066663641BF
:103F7000CDCC2441CDCC1C4100001C41AB2808DB3A
:103F8000FE480068B42804DC9FEDFD0AFD4880ED82
:103F9000000AFA480068B52808DBF8480068C72816
:103FA00004DC9FEDF90AF74880ED000AF348006849
:103FB000C82808DBF1480068FA2804DC9FEDF20A03
:103FC000F04880ED000AED4890ED000AB8EEC00A16
:103FD000EC48D0ED000A20EE200AF2EE040A80EE52
:103FE000201ABDEEC10AE94880ED000ABDEC088B3D
:103FF00010BD10B52DED088BF0EE408A1FED470A7D
:10400000F0EE409A1FED490AB0EE408A28EEA80A69
:1040100010EE101A084605F0F4F841EC1B0BB0EE58
:104020004B0AF0EE6B0A06F0DDFFB0EE40AAF0EEB0
:1040300060AA51EC1A0B05F0F7F809EE100ADFED53
:10404000D40A89EE200ADFEDD30A20EE200AB0EE72
:10405000408A1FED480AB4EEC08AF1EE10FA04DD82
:104060001FED4C0AB0EE408A0AE01FED580AB4EE8C
:10407000C08AF1EE10FA03D21FED5C0AB0EE408A5E
:10408000BDEEC80AC44880ED000A0068C349086054
:10409000C14800683C2809DBBF480068B0F5AF7F25
:1040A00004DC9FEDBF0ABF4880ED000ABA4890EDDE
:1040B000000AB8EEC00ABB48D0ED000A20EE200A84
:1040C000F2EE040A80EE201ABDEEC10AB34880ED7C
:1040D000000ABDEC088B10BDB34801680068401CA5
:1040E000B14A1060642907D2B0484089B0490968D4
:1040F0000844AF4908600BE0AD4800686421B0FB9C
:10410000F1F0AC4908600020A7490860A8490860A0
:10411000A94801680068401CA74A1060642907D2BA
:10412000A2480089A54909680844A44908600BE031
:10413000A24800686421B0FBF1F0A14908600020AA
:104140009D4908609D4908609E4801680068401CC0
:104150009C4A1060642907D2944880899A4909686A
:104160000844994908600BE0974800686421B0FB57
:10417000F1F0964908600020924908609249086071
:10418000934801680068401C914A1060782907D262
:104190008648C0898F49096808448E4908600BE049
:1041A0008C4800687821B0FBF1F08B490860002052
:1041B0008749086087490860884801680068401C92
:1041C000864A10600A2907D278488088844909689D
:1041D0000844834908600BE0814800680A21B0FB6D
:1041E000F1F08049086000207C4908607C49086043
:1041F0007D4801680068401C7B4A1060322907D264
:104200006A48C088794909680844784908600BE021
:10421000764800683221B0FBF1F075490860002053
:104220007149086071490860724801680068401C63
:10423000704A1060322907D25C4800886E490968CC
:1042400008446D4908600BE06B4800683221B0FB00
:10425000F1F06A4908600020664908606649086014
:10426000704773B52DED028B142505261FEDE30A6B
:10427000B0EE408A62480079322805DB6048007958
:10428000C82801DC012000E0002004465C480078DA
:1042900000F00800D0B95A48007800F01000A8B922
:1042A0005748007800F0200080B95548007800F0A9
:1042B000400058B954B15248407800F0400028B945
:1042C0000020FEF797FEBDEC028B7CBD4C48407889
:1042D00000F0020030B19DF80C50B7EE000AB0EECD
:1042E000408A05E09DF808509FED460AB0EE408AEE
:1042F0004348007800F0080098B14148007800F089
:10430000100070B93E48007800F0200048B93C48E1
:10431000007800F0400020B929463B48FEF794FFA2
:10432000FBE03748007800F00800A0B93448007876
:1043300000F0100078B13248007800F0200050B949
:104340002F48007800F0400028B9294640F2465036
:10435000FEF77AFFE1E02A48007800F0080058B93B
:104360002748007800F0100030B92548007800F0A8
:10437000200008B1224849E052E00000F00200208D
:1043800066661A410003002066661641F8020020A6
:10439000000052430000DC42F4020020FC02002036
:1043A00066661E41040300204C030020E005002047
:1043B00050030020900000205403002058030020E8
:1043C000940000205C030020600300209C0000207B
:1043D0006403002068030020980000206C03002084
:1043E00070030020A0000020740300207803002048
:1043F000AC0000207C03002080030020A8000020E7
:104400002C060020CDCC4C3E3EFEFFFF007800F095
:10441000400028B929464FF4E170FEF715FF7CE013
:10442000FC48007800F0080098B9FA48007800F0DD
:10443000100070B9F748007800F0200048B9F5483E
:10444000007800F0400020B12946F348FEF7FCFE5A
:1044500063E0F048007800F0080098B1ED4800787B
:1044600000F0100070B9EB48007800F0200048B16F
:10447000E848007800F0400020B929460020FEF707
:10448000E3FE4AE0E348007800F0080098B1E14814
:10449000007800F0100070B9DE48007800F02000CD
:1044A00048B9DC48007800F0400020B12946DB48DC
:1044B000FEF7CAFE31E0D748007800F00800A0B946
:1044C000D448007800F0100078B1D248007800F0AD
:1044D000200050B1CF48007800F0400028B92946AC
:1044E0004FF46170FEF7B0FE17E0CA48007800F0A4
:1044F000080090B9C748007800F0100068B1C548BE
:10450000007800F0200040B9C248007800F0400078
:1045100018B12946C248FEF797FEBE48007800F061
:104520000800D0B9BB48007800F01000A8B9B9481D
:10453000007800F0200080B9B648007800F0400014
:1045400058B954B1FEF7E4F838B1B248407800F0F9
:10455000400010B90020FEF74DFD14B1FEF773FDC9
:1045600027E0AC48007932280EDAFEF7D1F828B1FE
:104570000020B1EE480AFEF757FE1AE00020B1EE27
:10458000480AFEF751FE14E0A2480079C8280EDD63
:10459000FEF7BEF828B10020B0EE480AFEF744FE50
:1045A00007E00020B0EE480AFEF73EFE01E0FEF70D
:1045B0004AFD00BF87E610B500209A4988704FF485
:1045C0000041994800F0E4FD012804D102209549FA
:1045D000C870012010BD64209249C8700020F9E71E
:1045E00010B500208F4988704FF400418E4800F0CC
:1045F000CFFD01280BD18D48007840B9642089494E
:10460000C87000208A4908608A49086010BDFCF71C
:10461000D3F9041E01DB204600E0604286490968A8
:10462000884208DD81480078012804D102207D49B4
:10463000C8700120EAE732207A49C87001207B491E
:1046400008700020E2E710B5002076498872042146
:10465000754800F09DFD012804D102207149C872FF
:10466000012010BD64206F49C8720020F9E710B521
:1046700004216D4800F08CFD01280BD16F480078B3
:1046800040B964206749C87200206D4908606D49CF
:10469000086010BDFCF7BAF9041E01DB204600E0FB
:1046A000604269490968884208DD64480078012849
:1046B00004D102205B49C8720120EAE7322059493F
:1046C000C87201205D4908700020E2E710B50020A3
:1046D000544988764FF48041534800F059FD012831
:1046E00004D102204F49C876012010BD64204D49F5
:1046F000C8760020F9E710B500204A4988764FF4C3
:104700008041494800F044FD01280BD14F48007812
:1047100040B964204349C87600204D4908604D499E
:10472000086010BDFCF7CDF8041E01DB204600E058
:10473000604249490968884208DD444800780128F8
:1047400004D102203749C8760120EAE732203549F2
:10475000C87601203D4908700020E2E710B500202E
:10476000304988740121304800F012FD012804D13D
:1047700002202C49C874012010BD64202949C87446
:104780000020F9E710B50121274800F001FD0128BC
:104790000CD13248007848B964202249C8740020FE
:1047A0004FF0804148622E49086010BDFCF7D8F8F0
:1047B000041E01DB204600E060422A490968884265
:1047C00008DD26480078012804D102201549C87464
:1047D0000120EAE732201349C87401201F490870FC
:1047E0000020E2E710B5FCF7E7F81F490968441A12
:1047F000002C01DB204600E06042142857DDFCF766
:10480000DBF819490968884230DD012005498870C4
:104810002FE000002C060020BAFAFFFF7CFCFFFF0F
:10482000F8F8FFFF040000200010024018030020E9
:1048300024080040800000202403002019030020E9
:10484000240400406C000020280300201B030020EB
:10485000240C0040700000202C0300201A030020CC
:1048600068000020300300202C0200200020F849BE
:104870008870FCF7A1F8F7490968441A002C01DB9D
:10488000204600E06042F449086008460068FA28C3
:1048900001DDFA200860F04800680A2802DA0A20E0
:1048A000ED490860EC480078E949C87002E0022050
:1048B000E749C87010BD10B5FCF7A8F8E7490968CA
:1048C000441A002C01DB204600E0604214282ADD57
:1048D000FCF79CF8E1490968884203DD0120DC49C6
:1048E000887202E00020DA498872FCF78FF8DB4911
:1048F0000968441A002C01DB204600E06042D649DA
:10490000086008460068FA2801DDFA200860D248ED
:1049100000680A2802DA0A20CF490860CE480078E9
:10492000CB49C87202E00220C949C87210BD10B557
:10493000FBF7C7FFCA490968441A002C01DB20466F
:1049400000E0604214282ADDFBF7BBFFC449096878
:10495000884203DD0120BE49887602E00020BC4980
:104960008876FBF7AEFFBE490968441A002C01DBCC
:10497000204600E06042B849086008460068FA280E
:1049800001DDFA200860B44800680A2802DA0A202B
:10499000B1490860B0480078AD49C87602E002200D
:1049A000AB49C87610BD10B5FBF7DAFFAD49096811
:1049B000441A002C01DB204600E0604214282ADD66
:1049C000FBF7CEFFA7490968884203DD0120A04913
:1049D000887402E000209E498874FBF7C1FFA1495A
:1049E0000968441A002C01DB204600E060429A4925
:1049F000086008460068FA2801DDFA200860964839
:104A000000680A2802DA0A20934908609248007870
:104A10008F49C87402E002208D49C87410BD09E0B6
:104A20001120FDF739FD01218F4802F08FFA0F2088
:104A300003F0AEFDF4E704E0FFF74EFB032003F0C4
:104A4000A7FDF9E727E08948007800F00100A0B150
:104A500087480078FFF7B6F88448407800F02000D7
:104A600030B18448018882480078FFF7DAF807E01F
:104A700050210C20FFF7F5FB02E00A20FEF7BAFAFE
:104A8000FFF7B0FEFFF717FFFFF751FFFFF78BFFB0
:104A9000032003F07DFDD6E706E0FDF711FDFEF7EC
:104AA00064FE032003F074FDF7E71FB5FBF7FAFF80
:104AB000FCF737F8FCF787FAFCF747FBFCF74DFCEF
:104AC000FCF7D2FBFCF7C1FCFCF796F84FF4E130A1
:104AD000FCF794FD4FF4E130FCF719FE4FF4E130A0
:104AE000FCF7A2FE4FF46120FCF7D7FF4FF4E13052
:104AF000FDF770F8FDF716FE00BFFFF75CFD08B983
:104B0000012400E00024FFF79EFD08B9012000E029
:104B100000200443FFF722FE08B9012000E0002036
:104B20000443FFF7D3FD08B9012000E0002004434F
:104B3000002CE2D100BFFFF753FD08B9012400E0CB
:104B40000024FFF794FD08B9012000E00020044391
:104B5000FFF718FE08B9012000E000200443FFF72A
:104B6000CAFD08B9012000E000200443002CE2D176
:104B7000002041490860FDF7A3F900200090019052
:104B8000029003464FF480723CA10390404803F02A
:104B9000C0FA002000900190029003464FF480720A
:104BA0003CA10390404803F0B4FA0020009001902B
:104BB000029003464FF480723CA10390404803F0FA
:104BC000A8FA00203F490860214981F8380081F89F
:104BD000370081F83D0081F83C001AE010E03A48C7
:104BE00090ED000AB8EEC00AFFF703FA21480088EA
:104BF00000EE100AB8EE400AFFF7C5F8FEF764FEB3
:104C00001A48007800F001000028E8D11420FEF7CF
:104C1000F1F9E3E71FB500200090019002900346F0
:104C20004FF4807229A103902B4803F072FA002000
:104C300000900190029003464FF4807227A10390E8
:104C4000294803F066FA03F07DFE002004B010BD91
:104C5000040000202C0200201C0300203002002051
:104C60003402002038020020004800402C060020BA
:104C7000570100205A010020B40000207461736BBA
:104C8000526F626F74416E616C7974696373000076
:104C9000994A00087461736B446965754B6869656E
:104CA0006E436F4361750000454A00087461736B81
:104CB000446965754B6869656E436F436175310082
:104CC000374A0008E8020020980000207461736BE6
:104CD0004D61696E00000000AB4A00087461736B9F
:104CE0004779726F000000001F4A00080CB50020D1
:104CF000019000907248006840F48030704908606C
:104D000000BF6F48006800F4003000900198401C1C
:104D10000190009818B90198B0F5A06FF1D16848DA
:104D2000006800F4003010B10120009001E0002084
:104D300000900098012846D161484030006840F05A
:104D400080505F49403108605E48006840F4804010
:104D50005C4908605A4808300068594908310860C1
:104D60000846006840F4004008600846006840F4C7
:104D7000A05008605448091F0860081F006840F0F0
:104D80008070091F086000BF4D48006800F0007087
:104D90000028F9D040F205604C49086048480830C6
:104DA000006820F0030046490831086008460068A2
:104DB00040F00200086000BF41480830006800F081
:104DC0000C000828F8D10CBD10B53D48006840F033
:104DD00001003B4908600020394908310860384823
:104DE00000683B490840364908603A48091D086098
:104DF000081F006820F48020091F08600020304947
:104E00000C310860FFF772FF4FF000603249086014
:104E100010BD70B500200022022300240221284D7D
:104E200008352D6805F00C0020B1042806D00828AC
:104E300034D107E0294D2A4E356033E0294D284E04
:104E400035602FE01E4D2D1D2D68C5F380541C4D7F
:104E50002D1D2D6805F03F0154B1224DB5FBF1F534
:104E6000174E361D3668C6F3881605FB06F209E0B4
:104E70001A4DB5FBF1F5124E361D3668C6F388168D
:104E800005FB06F20E4D2D1D2D68C5F301456D1C69
:104E90006B00B2FBF3F5124E356003E00F4D104E80
:104EA000356000BF00BF064D08352D68C5F30315FA
:104EB0000D4E705D0A4D2D68C540094E356070BDC0
:104EC000003802400070004008544007003C024097
:104ED000FFFFF6FE1030002408ED00E00024F4008F
:104EE0008403002000127A008803002006488047CF
:104EF00006480047FEE7FEE7FEE7FEE7FEE7FEE7BF
:104F0000FEE7FEE7FEE7FEE7C94D0008890100085D
:104F100032490143324A1160704770B500210023C5
:104F20000F22C4781CB32E4C246804F4E064C4F54A
:104F3000E064C4F30721C1F10404E3B20A414478F8
:104F40009C40E1B28478144021430C07210E254C8B
:104F500005786155047804F01F050124AC400578FC
:104F60006D11AD0005F1E025C5F8004109E00478B8
:104F700004F01F050124AC401B4D0678761145F85E
:104F8000264070BD194A0A400243154B1B1F1A6088
:104F9000704739B1124A121D12680243104B1B1D93
:104FA0001A6006E00E4A121D126882430C4B1B1D4C
:104FB0001A607047042808D14FF0E021096941F0D8
:104FC00004014FF0E022116107E04FF0E021096990
:104FD00021F004014FF0E022116170470000FA0552
:104FE0000CED00E000E400E080E100E080FFFF1F46
:104FF00010B504468C48844208D10121084600F0CF
:1050000000FB0021012000F0FCFA5EE087488442AA
:1050100008D10121022000F0F4FA0021022000F062
:10502000F0FA52E08248844208D10121042000F0C5
:10503000E8FA0021042000F0E4FA46E07D488442CA
:1050400008D10121082000F0DCFA0021082000F03E
:10505000D8FA3AE07848844208D10121102000F0C3
:10506000D0FA0021102000F0CCFA2EE073488442E0
:1050700008D10121202000F0C4FA0021202000F0F6
:10508000C0FA22E06E48844208D10121402000F09D
:10509000B8FA0021402000F0B4FA16E069488442D2
:1050A00008D10121802000F0ACFA0021802000F01E
:1050B000A8FA0AE06448844207D10121801500F073
:1050C000A0FA0021A01500F09CFA10BDF0B50A4628
:1050D00000210023002400BF3DE0012505FA01F373
:1050E000156805EA03049C4234D105684F00032685
:1050F000BE40B543056015794E00B540066835439E
:1051000005601579012D02D01579022D16D185681B
:105110004F000326BE40B543856055794E00B5402B
:10512000866835438560456801268E40B5434560F5
:10513000456896798E40B6B235434560C5684F00E4
:105140000326BE40B543C560D5794E00B540C6685C
:105150003543C560491C1029BFD3F0BD4FF6FF7120
:1051600001600021017141718171C171704708B501
:105170004FF480320092009A0A430092009AC26172
:10518000C161009AC261C2690092C269009208BD01
:105190000246002013690B400BB1012000E0002003
:1051A00070470146086980B2704702460020536983
:1051B0000B400BB1012000E0002070470146486918
:1051C00080B2704701837047418370470AB1018301
:1051D00000E0418370474161704742694A40426143
:1051E0007047F0B5002300244D07ED0E02FA05F3D9
:1051F000CE1000F1200555F826504E07F70E0F2669
:10520000BE40B543CF1000F1200646F82750CE101F
:1052100000F1200555F8265045EA0304CE1000F1B0
:10522000200545F82640F0BD000002400004024081
:1052300000080240000C024000100240001402402E
:1052400000180240001C024000200240FA4800689A
:1052500040F00100F84908600020F7490831086073
:10526000F5480068F5490840F3490860F448091D0D
:105270000860081F006820F48020091F08600020D3
:10528000ED490C31086070470021EB4A921C117007
:1052900011460870704710B5014600220023002017
:1052A0004A11012A02D1E44C236808E0022A03D102
:1052B000E14C7034236802E0DF4C7434236801F061
:1052C0001F02012494401C400CB1012000E000208A
:1052D00010BD38B5002000900024002500BF31200B
:1052E000FFF7D9FF05460098401C00900098B0F5E4
:1052F000A06F01D0002DF2D03120FFF7CCFF08B114
:10530000012400E00024204638BD01460020CA4A9E
:10531000106820F0F80040EAC10010607047C949E9
:10532000086070470021C44A703211701170012862
:1053300002D004280AD104E00121BF4A7032117062
:1053400005E00521BC4A7032117000E000BF00BFCB
:105350007047BD490860704770B5049C41EA8215EA
:105360000126C6EB530645EA0645054345EA0465B2
:10537000B14E361D356070BDB24908667047820176
:1053800042EA0172AC4B84331A607047AD498866BB
:105390007047AC49C864704702460020A64B0833EA
:1053A000186820F0EC6042EA01031843A24B08336E
:1053B00018607047024600209F4B0833186820F0A1
:1053C000784042EA010318439B4B0833186070474A
:1053D00001460020984A0832106820F00300084374
:1053E0001060704794480830006800F00C00704767
:1053F00001460020904A0832106820F0F00008436F
:1054000010607047014600208B4A0832106820F473
:10541000E05008431060704701460020864A083279
:10542000106820F4604040EAC10010607047F0B599
:105430000021002200240225002602237E4F083787
:105440003F6807F00C0121B1042905D0082937D1A4
:1054500005E07E4F076036E07D4F076033E0764F12
:105460003F1D3F68C7F38056734F3F1D3F6807F0ED
:105470003F036EB1764FB7FBF3F7DFF8BCC10CF119
:10548000040CDCF800C0CCF3881C07FB0CF40CE027
:105490006E4FB7FBF3F7DFF8A0C10CF1040CDCF89A
:1054A00000C0CCF3881C07FB0CF4634F3F1D3F6822
:1054B000C7F301477F1C7D00B4FBF5F7076002E0EE
:1054C000624F076000BF00BF5B4F08373F6807F0BF
:1054D000F00109095F4F7A5C0768D7404760564F73
:1054E00008373F6807F4E051890A5A4F7A5C4768E9
:1054F000D7408760504F08373F6807F46041490B39
:10550000544F7A5C4768D740C760F0BD002100F473
:105510004072B2F5407F0AD1474A0832116821F43F
:10552000F8114D4A02401143434A08321160424A81
:1055300070321268C0F30B031A433F4B70331A608A
:10554000704741494439086070473F494039086015
:10555000704742490860704739B1374A30321268A3
:105560000243354B30331A6006E0334A303212685A
:105570008243314B30331A60704739B12E4A34328E
:10558000126802432C4B34331A6006E02A4A343244
:1055900012688243284B34331A60704739B1264A67
:1055A000383212680243244B38331A6006E0224A2C
:1055B000383212688243204B38331A60704739B151
:1055C0001D4A4032126802431B4B40331A6006E00A
:1055D000194A403212688243174B40331A607047B1
:1055E00039B1154A443212680243134B44331A60EE
:1055F00006E0114A4432126882430F4B44331A606A
:10560000704739B10C4A1032126802430A4B10330A
:105610001A6006E0084A103212688243064B1033C3
:105620001A607047E1B1044A143212680243024B17
:1056300014331A6019E0000000380240FFFFF6FE44
:105640001030002400004742800E47420024F4003E
:1056500000127A0098030020FFFCFF0F5C01474214
:105660005B4A126882435A4B1A60704739B1584AF4
:10567000121D12680243564B1B1D1A6006E0544A65
:10568000121D12688243524B1B1D1A60704739B1BC
:105690004F4A0C32126802434D4B0C331A6006E03D
:1056A0004B4A0C3212688243494B0C331A607047E4
:1056B00039B1474A103212680243454B10331A6021
:1056C00006E0434A103212688243414B10331A609D
:1056D000704739B13E4A3C32126802433C4B3C337E
:1056E0001A6006E03A4A3C3212688243384B3C3337
:1056F0001A60704739B1364A403212680243344B5F
:1057000040331A6006E0324A403212688243304B1E
:1057100040331A60704739B12D4A4432126802434F
:105720002B4B44331A6006E0294A44321268824304
:10573000274B44331A60704739B1254A4C321268FE
:105740000243234B4C331A6006E0214A4C32126864
:1057500082431F4B4C331A60704739B11C4A503298
:10576000126802431A4B50331A6006E0184A50324E
:1057700012688243164B50331A60704739B1144A8D
:10578000D21F12780243124BDB1F1A7006E0104A38
:10579000D21F127882430E4BDB1F1A7070470C48E1
:1057A0006030006840F080700949603108607047DF
:1057B00001460020064A083A12680A400AB1012050
:1057C00000E0002070470249891F08707047000000
:1057D0001438024010B501210802FFF769FF0021CB
:1057E0004FF48070FFF764FF10BD30B50246002013
:1057F00000235068F84C20400D790C6844EA0524D9
:10580000204350609068F54C2040D1E903542C436C
:105810008D682C434D7944EA450420439060D06A5A
:1058200020F470000C7D641EE4B2234340EA035070
:10583000D06230BD00210160017141718160C160A1
:1058400001610121017570470021E54A1168E54AAF
:105850001140D0E900231A4383681A43C3681A43EE
:105860001143E14AC2F8041370470021016041600E
:105870008160C160704721B1826842F0010282609C
:1058800003E0826822F00102826070470A4600212C
:105890004168D64B194011434160704741628262B2
:1058A00070470A460021416821F01F011143416001
:1058B000704738B1CA49096841F40001CA4AC2F8C0
:1058C000041306E0C649096821F40001C64AC2F87B
:1058D0000413704738B1C249096841F48001C24AD3
:1058E000C2F8041306E0BE49096821F48001BE4AEB
:1058F000C2F804137047F0B504460D46002000219D
:10590000092D11DDE068A5F10A0606EB460707261A
:1059100006FA07F18843A5F10A0606EB460603FAE4
:1059200006F10843E0600CE0206905EB4507072617
:1059300006FA07F1884305EB450603FA06F108432A
:105940002061072A0FDA606B561E06EB86071F26BA
:1059500006FA07F18843561E06EB860605FA06F19D
:105960000843606322E00D2A0FDA206BD61F06EB96
:1059700086071F2606FA07F18843D61F06EB860620
:1059800005FA06F10843206310E0E06AA2F10D0673
:1059900006EB86071F2606FA07F18843A2F10D06DB
:1059A00006EB860605FA06F10843E062F0BD816861
:1059B00041F0804181607047014600208A6802F40E
:1059C00080020AB1012000E00020704721B1826806
:1059D00042F48062826003E0826822F48062826026
:1059E000704721B1826842F00202826003E082685F
:1059F00022F002028260704710B50A46002100239F
:105A0000416821F46041531E41EA4331416010BDB9
:105A100021B1426842F40062426003E0426822F42D
:105A20000062426070470146C86C80B270476C48A3
:105A3000001D0068704721B1826842F48072826064
:105A400003E0826822F480728260704721B182682C
:105A500042F40072826003E0826822F40072826085
:105A6000704738B15E49096841F400515E4AC2F896
:105A7000041306E05A49096821F400515A4AC2F851
:105A800004137047F0B50446154600200022002696
:105A9000092911DDE068A1F10A0707EB470C072788
:105AA00007FA0CF29043A1F10A0707EB470703FA44
:105AB00007F21043E0600CE0206901EB410C07277E
:105AC00007FA0CF2904301EB410703FA07F2104387
:105AD0002061A06BC0F30156EF1C06F1010CA7EB8F
:105AE0000C0707EB870C1F2707FA0CF29043EF1CFB
:105AF00006F1010CA7EB0C0707EB870701FA07F289
:105B00001043A063F0BD10B50A4600210023816B4D
:105B100021F44011531E41EA0351816310BD08B5C1
:105B2000002300930090009B0B440093009B1A609D
:105B300008BD0A460021816821F47021114381606B
:105B400070470A460021816821F4401111438160A9
:105B50007047816841F480018160704701460020F0
:105B60008A6802F480020AB1012000E00020704738
:105B700021B1426842F48062426003E0426822F44C
:105B800080624260704721B1426842F480524260B4
:105B900003E0426822F480524260704708B5024632
:105BA00000200090009201F12800009B1844009012
:105BB0000098006880B208BD10B50B460021D9B22C
:105BC000012404FA01F11AB144680C43446002E074
:105BD00044688C43446010BDFFFEFFFCFDF7FFC02E
:105BE00004230140E030FCFF00200140FFFD3FFFA7
:105BF0000246002013680B400BB1012000E000209A
:105C00007047CA430260704770B502460020002307
:105C100000240B12556801268E4005EA060415681B
:105C20001D4015B10CB1012000E0002070BD002224
:105C30000A12D34303607047016821F0010101603B
:105C40000021016041608160C160016121214161E9
:105C5000DB49884204D13D21D94A103A91608CE059
:105C6000D7491831884205D14FF47461D44A103AAB
:105C7000916082E0D2493031884205D14FF47411ED
:105C8000CF4A103A916078E0CD494831884205D139
:105C90004FF07461CA4A103A91606EE0C8496031B1
:105CA000884204D1C749C64A103AD16065E0C44968
:105CB0007831884204D1C449C14A103AD1605CE0CD
:105CC000BF499031884204D1C049BD4A103AD160E1
:105CD00053E0BB49A831884205D14FF03D51B84A45
:105CE000103AD16049E0BA49884204D13D21B84A0E
:105CF000083A116041E0B6491831884205D14FF4A5
:105D00007461B34A083A116037E0B14930318842D2
:105D100005D14FF47411AE4A083A11602DE0AC4938
:105D20004831884205D14FF07461A94A083A1160A0
:105D300023E0A7496031884204D1A249A44A121F36
:105D400011601AE0A2497831884204D19E49A04AE4
:105D5000121F116011E09E499031884204D19B4985
:105D60009B4A121F116008E09949A831884204D16A
:105D70004FF03D51964A121F1160704710B5002236
:105D80000268944B1A40CC680B6823434C69234348
:105D90008C692343CC6923430C6A23434C6A234315
:105DA0008C6A23434C6B23438C6B23431A4302605E
:105DB000426922F00702D1E90B3423431A434261BE
:105DC0000B6943604B6883608B68C36010BD002122
:105DD000016041608160C160016141618161C161B7
:105DE000016241628162C162016341638163704704
:105DF00021B1026842F00102026003E0026822F071
:105E000001020260704721B1026842F40042026060
:105E100003E0026822F400420260704721B1026888
:105E200042F02002026003E0026822F020020260D9
:105E30007047416070470146486880B2704722B1A0
:105E4000036843F40023036003E0036823F40023A2
:105E500003600161704721B1026842F48022026050
:105E600003E0026822F48022026070470AB10161F7
:105E700000E0C1607047014600200A6802F4002279
:105E80000AB1012000E000207047014600200A68A6
:105E900002F001020AB1012000E000207047014633
:105EA00000204A6902F03800704730B503460A46C0
:105EB00000200024464DAB4202D24149103901E096
:105EC0004349103902F000550DB14C6800E00C68F0
:105ED000414D2C4004EA02050DB1012000E00020F4
:105EE00030BD02463A4B9A4202D23548103801E0A2
:105EF0003748103801F000531BB1374B0B40C360DB
:105F000002E0354B0B408360704710B501F0800311
:105F10004BB122B1436943F08003436103E043691D
:105F200023F08003436180290BD02AB1036801F07C
:105F30001E042343036004E0036801F01E04A3432E
:105F4000036010BD70B50246002000240025204EDD
:105F5000B24202D21A4B103B01E01D4B103B1F4EC8
:105F60000E4036B11E2606EAD124166806EA04055C
:105F700002E0566906F0800501F000560EB15C683B
:105F800000E01C68144E344004EA010616B10DB15D
:105F9000012000E0002070BD02460D4B9A4202D263
:105FA0000748103801E00A48103801F000531BB1CF
:105FB000094B0B40C36002E0074B0B408360704706
:105FC000106002403D000020400F002000003D20F6
:105FD000106402403F801CF07D0F7D0F3C0F3C0F92
:105FE000002044490860091D0860091D0860091D5A
:105FF000086041483F4914310860704700213D491D
:106000008279002A3AD00A46126803689A430B46FE
:106010001A600A1D126803689A430B1D1A60027900
:1060200011440A6803681A430A60324A0832126847
:1060300003689A432F4B08331A601A1D12680368CD
:106040009A432C4B0C331A604279102A0ED11A1F36
:10605000126803681A43274B08331A601A1D126826
:1060600003681A43234B0C331A600DE0214942792F
:1060700011440A6803681A430A6005E00279114472
:106080000A6803689A430A60704700210160017141
:106090000C21417100218171704716491031096846
:1060A0000143144A10321160704701460020114A22
:1060B000143212680A400AB1012000E00020704743
:1060C0000C49143108607047014600200022094B3A
:1060D0001B6803EA0102074B14331B680B4013B122
:1060E0000AB1012000E00020704702491431086025
:1060F00070470000003C0140FFFF7F0010B50446E0
:10610000FE48844208D101210846FFF7D1FA002158
:106110000120FFF7CDFA9DE0B4F1804F08D10121B5
:106120000846FFF7B4FA00210120FFF7B0FA91E02A
:10613000F348844208D101210220FFF7A8FA002188
:106140000220FFF7A4FA85E0EE48844208D101213D
:106150000420FFF79CFA00210420FFF798FA79E069
:10616000E948844208D101210820FFF790FA002174
:106170000820FFF78CFA6DE0E448844208D1012141
:106180001020FFF784FA00211020FFF780FA61E069
:10619000DF48844208D101212020FFF778FA00214E
:1061A0002020FFF774FA55E0DA48844208D1012133
:1061B0000220FFF77DFA00210220FFF779FA49E07B
:1061C000D548844209D101210804FFF771FA002162
:1061D0004FF48030FFF76CFA3CE0D048844209D19C
:1061E00001214804FFF764FA00214FF40030FFF763
:1061F0005FFA2FE0CA48844209D101218804FFF7E1
:1062000057FA00214FF48020FFF752FA22E0C548E8
:10621000844208D101214020FFF739FA00214020B3
:10622000FFF735FA16E0C048844208D101218020EA
:10623000FFF72DFA00218020FFF729FA0AE0BB487A
:10624000844207D101218015FFF721FA0021A01512
:10625000FFF71DFA10BD00220288A84B98420ED00D
:10626000AC4B98420BD0B0F1804F08D0A44B984271
:1062700005D0A44B984202D0A34B984204D14FF6CC
:106280008F731A404B881A43A04B984207D0A04BFB
:10629000984204D04FF6FF431A400B891A430280FC
:1062A0004B68C3620B880385944B984202D0994B8C
:1062B000984201D18B7A03860123838270474FF085
:1062C000FF3141600021018001814180817270476E
:1062D0000185828270470A46002101884FF68F733C
:1062E000194011430180704741627047C162704795
:1062F0000146486A70470146088D704721B10288FF
:1063000042F00202028004E002884FF6FD731A4058
:106310000280704721B1028842F00402028004E04A
:1063200002884FF6FB731A400280704721B1028841
:1063300042F08002028004E002884FF67F731A4028
:106340000280704702884FF6F7731A400280028875
:106350000A430280704702884FF6FF431A400280CA
:1063600002880A430280704721B1028842F001028C
:10637000028004E002884FF6FE731A4002807047E4
:1063800070B5002400220023058C4FF6FE763540C0
:106390000584028C8388048B4FF68F752C40B51EC4
:1063A0002C400D882C43751E2A408D892A434D8828
:1063B0002A43524DA84202D0564DA84213D14FF65F
:1063C000F7752A40CD892A434FF6FB752A408D8800
:1063D0002A434FF6FF652B404FF6FF552B400D8AA1
:1063E0002B434D8A2B43838004838D68456302844D
:1063F00070BD70B5002400220023058C4FF6EF76A7
:1064000035400584028C8388048B48F6FF752C4048
:106410004FF6FF452C400D884FF6FF7606EA05251E
:106420002C434FF6DF752A408D8906EA05152A436D
:106430004D8806EA05152A43304DA84202D0354D55
:10644000A8421DD14FF67F752A40CD894FF6FF76C1
:1064500006EA05152A434FF6BF752A408D8806EADD
:1064600005152A434FF6FF352B404FF2FF752B40A1
:106470000D8A06EA85052B434D8A06EA85052B43DE
:10648000838004838D688563028470BD70B50024A9
:1064900000220023058C4FF6FF6635400584028CF0
:1064A0008388848B4FF68F752C404FF6FC752C40FB
:1064B0000D882C434FF6FF552A408D894FF6FF7605
:1064C00006EA05252A434D8806EA05252A430B4D91
:1064D000A84202D00F4DA84238D14FF2FF752A4092
:1064E000CD894FF6FF7606EA05252A434FF6FF359C
:1064F0002A408D8806EA05252A4319E0000001405C
:106500000004004000080040000C00400010004063
:1065100000140040000401400040014000440140DC
:106520000048014000180040001C004000200040CE
:106530004EF6FF752B404DF6FF752B400D8A06EA8F
:1065400005152B434D8A06EA05152B43838084836A
:106550008D68C563028470BD70B5002200230024DD
:10656000058C4EF6FF7635400584038C8488828B3B
:1065700048F6FF752A404FF6FF452A400D884FF632
:10658000FF7606EA05252A434DF6FF752B408D89D7
:1065900006EA05352B434D8806EA05352B43FE4DAB
:1065A000A84202D0FD4DA84208D14BF6FF752C4001
:1065B0000D8A4FF6FF7606EA85152C438480828388
:1065C0008D680564038470BD002101804180818055
:1065D00081608181C18101824182704770B503462B
:1065E000002000241846183001258D40ACB21D8CC7
:1065F000A5431D8409B108290AD100EB6100056893
:106600004FF68F76354005600568154305600FE04D
:106610000D1FC5F34E052844056848F6FF76354042
:10662000056005684FF6FF7606EA022635430560E9
:1066300070BD4163704781637047C16370470164F7
:1066400070470A460021018B4FF68F7319401143A2
:10665000018370470A460021018B48F6FF731940F9
:106660004FF6FF7303EA02231943018370470A467A
:106670000021818B4FF68F7319401143818370473E
:106680000A460021818B48F6FF7319404FF6FF73CD
:1066900003EA02231943818370470A460021018BD4
:1066A0004FF6F77319401143018370470A460021E2
:1066B000018B4FF2FF7319404FF6FF7303EA022379
:1066C0001943018370470A460021818B4FF6F77307
:1066D00019401143818370470A460021818B4FF294
:1066E000FF7319404FF6FF7303EA022319438183B6
:1066F00070470A460021018B4FF6FB731940114386
:10670000018370470A460021018B4FF6FF33194081
:106710004FF6FF7303EA02231943018370470A46C9
:106720000021818B4FF6FB73194011438183704721
:106730000A460021818B4FF6FF3319404FF6FF7355
:1067400003EA02231943818370470A460021018B23
:106750004FF67F7319401143018370470A460021A9
:10676000018BC1F30E014FF6FF7303EA02231943B5
:10677000018370470A460021818B4FF67F731940D1
:106780001143818370470A460021818BC1F30E01BA
:106790004FF6FF7303EA02231943818370470A46C9
:1067A0000021018C4FF6FD7319401143018470479D
:1067B0000A460021018C4FF6F773194011430184FA
:1067C00070470A460021018C4FF6DF7319404FF6DF
:1067D000FF7303EA02131943018470470A4600213C
:1067E000018C4FF67F7319404FF6FF7303EA0213D3
:1067F0001943018470470A460021018C4FF6FF536C
:1068000019404FF6FF7303EA0223194301847047CE
:106810000A460021018C4FF2FF7319404FF6FF73B7
:1068200003EA02231943018470470A460021018CC0
:106830004DF6FF7319404FF6FF7303EA0233194315
:106840000184704730B5002301248C40A3B2048C2E
:106850009C430484048C02FA01F5ADB22C430484F9
:1068600030BD30B5002304248C40A3B2048C9C437B
:106870000484048C02FA01F5ADB22C43048430BDCB
:10688000828B4FF2FF331A408283828B4FF6FF7365
:1068900003EA01231A4382837047F0B50C4615467C
:1068A000002100220026078C4EF6FF7C07EA0C0729
:1068B0000784818B028C4FF6FF7707EA043640F697
:1068C000FF4739404FF6FF7707EA052739434FF670
:1068D000FF7707EA0337394345F6FF773A4046F436
:1068E00080573A4381830284F0BD828B4FF6F37365
:1068F0001A408283828B0A4382837047F0B50C462C
:106900001546002100220026078C4FF6FF6C07EA8F
:106910000C070784818B028C4FF6FF7707EA042669
:106920004FF60C7739404FF6FF7707EA03172F43EE
:1069300039434FF2FF573A4046F480773A43818318
:106940000284F0BD028B4FF2FF331A400283028BA8
:106950004FF6FF7303EA01231A4302837047F0B531
:106960000C461546002100220026078C4FF6EF7CCE
:1069700007EA0C070784018B028C4FF6FF7707EAC2
:10698000041640F6FF4739404FF6FF7707EA033712
:1069900039434FF6FF7703E0000001400004014057
:1069A00007EA052739434FF65F773A4046F010076C
:1069B0003A4301830284F0BD028B4FF6F3731A4011
:1069C0000283028B0A4302837047F0B50C461546DA
:1069D00000210022068C4FF6FE773E400684018B94
:1069E000028C4FF60C7631407E1C06EA03162E43CD
:1069F00031434FF6F576324044F0010632430183CD
:106A00000284F0BD70B505460C46208850B9238934
:106A1000A28861882846FFF7D8FFE1882846FFF75B
:106A2000CBFF25E0208804280AD12389A288618829
:106A30002846FFF794FFE1882846FFF783FF17E019
:106A4000208808280AD12389A28861882846FFF770
:106A500055FFE1882846FFF748FF09E02389A2880F
:106A600061882846FFF719FFE1882846FFF708FFED
:106A700070BD002101804180012181800021C18001
:106A8000018170472DE9F04105460C46002601279B
:106A9000608808B9022600E00026A088012801D1FC
:106AA000022700E001272088A0B92389A2886188F5
:106AB0002846FFF78AFFE1882846FFF77DFF2389F4
:106AC0003A4631462846FFF74AFFE1882846FFF755
:106AD00039FF13E02389A28861882846FFF73FFF2A
:106AE000E1882846FFF72EFF23893A46314628469B
:106AF000FFF76BFFE1882846FFF75EFFBDE8F081F6
:106B00000146486B70470146886B70470146C86B69
:106B100070470146086C70470A884B881A438B8877
:106B20001A43CB881A430B891A434B891A438B8922
:106B30001A43A0F8442070470021018041808180E1
:106B4000C180018141818181704731B1B0F8442019
:106B500042F40042A0F8442005E0B0F84420C2F31B
:106B60000E02A0F84420704721B1828842F004024E
:106B7000828004E082884FF6FB731A40828070475F
:106B800021B1828842F00102828004E082884FF6BF
:106B9000FE731A40828070471AB183890B43838148
:106BA00002E083898B43838170478182704702466C
:106BB0000020138A0B400BB1012000E00020704739
:106BC000CA430282704730B50246002000230024E9
:106BD000158A05EA0103958905EA010413B10CB190
:106BE000012000E0002030BDCA430282704741EA24
:106BF0000203A0F8483070471AB183890B438381A0
:106C000002E083898B438381704721B1828842F0FF
:106C10000802828004E082884FF6F7731A4082806F
:106C2000704701894FF6F8721140018170470A469A
:106C3000002101894FF68F7319401143018170477C
:106C400030B504460D4629462046FFF7F0FF20895F
:106C500040F00700208130BD2DE9F04104460D468B
:106C600016461F46602D06D13B460122314620467E
:106C7000FFF775FE05E03B46012231462046FFF74F
:106C8000A4FE29462046FFF7D2FF208940F00700E6
:106C90002081BDE8F08130B50C4600210189C9B2E0
:106CA0004FF6FF7505EA0325154325432943018166
:106CB00030BD2DE9F04105460E46174698460024A2
:106CC00043463A4631462846FFF7E5FF2C894FF602
:106CD000F870044044F007044FF68F70044044F00D
:106CE00070042C81BDE8F081F0B504460D461646CF
:106CF0001F463B46324629462046FFF7CCFF2089F7
:106D000040F480402081F0BD82884FF68F731A4096
:106D1000828082880A438280704702894FF6F87326
:106D20001A40028102890A430281704702894FF6A4
:106D30007F731A40028102890A4302817047F0B5CD
:106D40000C4615461E460021002200230189028BB5
:106D5000038C4FF6F877394021434FF6FC473A4011
:106D600040F201173A434FF6DD773B404FF6FF778D
:106D700007EA06172F433B43018102830384F0BDDA
:106D800021B1828842F08002828004E082884FF63E
:106D90007F731A4082807047A0F85010704700003F
:106DA00010B50446F748844208D101211020FEF7AF
:106DB0007FFC00211020FEF77BFC3EE0F24884427D
:106DC00009D101214804FEF762FC00214FF4003094
:106DD000FEF75DFC31E0ED48844209D101218804D1
:106DE000FEF755FC00214FF48020FEF750FC24E014
:106DF000E748844209D10121C804FEF748FC00217C
:106E00004FF40020FEF743FC17E0E248844209D12A
:106E100001210805FEF73BFC00214FF48010FEF72E
:106E200036FC0AE0DC48844207D101212020FEF72D
:106E30003FFC00212020FEF73BFC10BD2DE9FF4761
:106E400005460E460024A14600BFA046B08900B109
:106E500000BF2C8A24F44054F08804432C82AC896F
:106E600041F20C608443B08831890843718908433A
:106E70000443AC81AC8A24F44074B0890443AC82EE
:106E80006846FEF7D4FABF48854202D0C248854220
:106E900002D1DDF80C9001E0DDF80890A88900F43B
:106EA000004040B109EBC90000EB0910316849000E
:106EB000B0FBF1F707E009EBC90000EB09103168FE
:106EC0008900B0FBF1F76420B7FBF0F00401200962
:106ED000642101FB1078A88900F4004040B1322001
:106EE00000EBC800B0FBF1F000F00700044308E03D
:106EF000322000EB08106421B0FBF1F000F00F002D
:106F000004432C81BDE8FF874FF416510160002136
:106F10008180C18001810C214181002181817047E4
:106F200010B502460020108A20F470600B884C884F
:106F300023438C882343CC8823431843108210BDFD
:106F40000021018041808180C180704721B1828908
:106F500042F40052828104E082894DF6FF731A40A8
:106F600082817047028B02F47F420283028B0A43C4
:106F70000283704721B1828942F40042828103E09A
:106F80008289C2F30E028281704721B1828A42F463
:106F90000062828204E0828A4FF2FF731A4082828A
:106FA0007047C1F308028280704701468888C0F3A9
:106FB00008007047028A4FF6F0731A400282028A74
:106FC0000A430282704721B1828942F00202828123
:106FD00004E082894FF6FD731A40828170478289EE
:106FE0004FF2FF731A40828182890A43828170477F
:106FF000028A4FF6DF731A400282028A0A43028233
:10700000704721B1028A42F48042028204E0028A7F
:107010004BF6FF731A4002827047818941F00101EB
:107020008181704721B1828A42F00802828204E0A5
:10703000828A4FF6F7731A4082827047028BD2B26F
:107040000283028B42EA01220283704721B1828AC5
:1070500042F02002828204E0828A4FF6DF731A40F7
:107060008282704721B1828A42F01002828204E05B
:10707000828A4FF6EF731A4082827047828A4FF6F7
:10708000FB731A408282828A0A438282704721B14E
:10709000828A42F00202828204E0828A4FF6FD7305
:1070A0001A40828270471AB1838A0B43838202E0BE
:1070B000838A8B4383827047F0B503460024002601
:1070C0000025002040F66A17B94200D100BF1846DB
:1070D000C1F3421401F01F06012707FA06F5012C3F
:1070E00001D10C3004E0022C01D1103000E014304A
:1070F0001AB107682F43076002E00768AF430760D3
:10710000F0BD02460020B1F5007F00D100BF13881A
:107110000B400BB1012000E00020704701F4007229
:10712000B2F5007F00D100BFCA430280704770B53E
:107130000246002400230025002040F66A16B142D2
:1071400000D100BFC1F3421501F01F03012606FA6A
:1071500003F3012D02D19689334006E0022D02D1BE
:10716000168A334001E0968A33400C12012606FA53
:1071700004F41688344013B10CB1012000E0002063
:1071800070BD000000100140004400400048004075
:10719000004C0040005000400014014010B5002297
:1071A000002340F66A14A14200D100BF0A12012454
:1071B0009440A3B2DC43048010BD000010B501214F
:1071C0008803FEF775FA00214FF48040FEF770FA4D
:1071D00010BD1A490860704730B500228B071C0F9C
:1071E0000F2303FA04F2154B08338C1053F82430A4
:1071F0009343124C08348D1044F8253023468C10EC
:1072000053F824308C07240F00FA04F423430B4C6A
:1072100008348D1044F8253030BD094908607047A6
:10722000084908607047002004492031096801F4CA
:10723000807109B1012000E0002070470038014052
:10724000DC0027420004274200F1080141604FF0B2
:10725000FF31816000F10801C1600161002101601E
:107260007047002101617047426853684B60436872
:107270008B605368996051604160086103685B1CD2
:107280000360704710B502460B685C1C0CB91069AE
:1072900007E002F1080000E04068446824689C426E
:1072A000FAD944684C604C68A160886041600A610A
:1072B0001468641C146010BD0146D1E90130986067
:1072C000D1E9010358600A695068884201D1886891
:1072D0005060002008611068401E10601068704700
:1072E00070B504460D461CB9F8F7A2FF00BFFEE7D3
:1072F00000F0F3FDD4E90F12206801FB020060608A
:107300000020A0632068A060E06B401E226C216812
:1073100000FB0210E0604FF0FF306064A06475B9BC
:10732000206908B9012000E0002080B904F11000B4
:1073300001F02AFC01280AD100F0C9FD07E004F1A0
:107340001000FFF781FF04F12400FFF77DFF00F03C
:10735000CDFD012070BD2DE9F04705460E461746CC
:107360004FF00009DDB1502000F0E4FD0446B4B157
:1073700005FB06F000F10108404600F0DBFD20604F
:10738000206848B1E563266401212046FFF7A8FF85
:1073900084F84D70A14602E0204600F02CFEB9F1C1
:1073A000000F03D1F8F744FF00BFFEE74846BDE8F1
:1073B000F08710B5044600F090FD11E0606A08B94E
:1073C000012000E0002050B904F1240001F0DCFBB2
:1073D00008B101F054FCA06C401EA06400E002E083
:1073E000A06C0028EADC00BF4FF0FF30A06400F082
:1073F0007DFD00F072FD11E0206908B9012000E078
:10740000002050B904F1100001F0BEFB08B101F0FA
:1074100036FC606C401E606400E002E0606C002896
:10742000EADC00BF4FF0FF30606400F05FFD10BD8C
:1074300070B5044600F051FDA06BE16B884201D1AC
:10744000012000E00020054600F050FD284670BDF8
:1074500070B504460E461546206C38B9206838BB16
:10746000606801F09BFC0020606021E07DB931463E
:10747000226CA06801F0BCFC216CA0680844A060EC
:10748000D4E90110884213D32068A06010E031468F
:10749000226CE06801F0ACFC216CE068401AE0600E
:1074A0002168E068884203D2216C6068401AE0607D
:1074B000A06B401CA06370BDFFB583B004460D46B1
:1074C0001E4600271CB9F8F7B3FE00BFFEE70DB952
:1074D000206C08B9012000E0002018B9F8F7A8FED8
:1074E00000BFFEE700BF00F0F8FCA06BE16B884234
:1074F00017D2324629462046FFF7AAFF606A08B92C
:10750000012000E0002038B904F1240001F03CFB28
:10751000012801D100F0DBFC00F0E8FC012007B0FD
:10752000F0BD059818B900F0E1FC0020F7E71FB99D
:1075300001A801F05EFB012700F0D8FC00F0DEFF9F
:1075400000F0CBFC606C401C08B900206064A06CAB
:10755000401C08B90020A06400F0C8FC05A901A8DF
:1075600001F055FBC0B92046FFF762FF70B104F18E
:107570001000059901F0CBFA2046FFF71AFF00F042
:107580000DFF0028AFD100F0A2FCACE72046FFF7CA
:1075900010FF00F003FFA6E72046FFF70AFF00F008
:1075A000FDFE0020BBE770B50546502000F0C2FC90
:1075B0000446E4B1002060602060A060E060A06349
:1075C0000120E06300202064401E6064A06484F811
:1075D0004D5004F11000FFF737FE04F12400FFF7CF
:1075E00033FE00231A4619462046FFF765FF1CB9F3
:1075F000F8F71EFE00BFFEE7204670BD70B50446DA
:107600001CB9F8F715FE00BFFEE701F047FB616803
:1076100088420CD1E068401EE060E06828B9002391
:107620001A4619462046FFF747FF012500E00025CE
:10763000284670BD70B5044600F04FFCA06B08B939
:10764000012000E00020054600F050FC284670BDF7
:1076500070B504460D46206870B1216CE06808449E
:10766000E0606168E068884201D32068E0602846F5
:10767000226CE16801F0BCFB70BD2DE9FF4182B0D6
:1076800004460D461E464FF000081CB9F8F7D0FD21
:1076900000BFFEE70DB9206C08B9012000E0002012
:1076A00018B9F8F7C5FD00BFFEE700BF00F015FCF4
:1076B000A06B80B3E76829462046FFF7C9FFB6B93B
:1076C000A06B401EA063206810B901F0E7FA60606B
:1076D000206908B9012000E00020B0B904F11000D1
:1076E00001F052FA012810D100F0F1FB0DE0E76043
:1076F000606A08B9012000E0002030B904F12400DC
:1077000001F042FA08B100F0E2FB00F0EFFB0120CB
:1077100006B0BDE8F081FFE7049818B900F0E6FB79
:107720000020F5E7B8F1000F04D1684601F061FAD6
:107730004FF0010800F0DAFB00F0E0FE00F0CDFBB6
:10774000606C401C08B900206064A06C401C08B943
:107750000020A06400F0CAFB04A9684601F057FAB3
:1077600008BB2046FFF766FFB8B1206830B900F0CB
:10777000B4FB606801F0A1FA00F0B8FB04F124004A
:10778000049901F0C4F92046FFF713FE00F006FE4D
:1077900000288BD100F09BFB88E72046FFF709FE0D
:1077A00000F0FCFD82E72046FFF703FE00F0F6FD47
:1077B0000020ADE770B504460E461CB9F8F738FD59
:1077C00000BFFEE701F06AFA6168884204D1E06810
:1077D000401CE06001250BE000233246194620469C
:1077E000FFF74BFF0546012D02D1E068401CE06029
:1077F000284670BD70B506460D460222002130466F
:10780000FFF7A9FD044604B1A5631CB9F8F710FD04
:1078100000BFFEE7204670BD2DE9F04704460F4645
:10782000154698461CB9F8F703FD00BFFEE70FB9EF
:10783000206C08B9012000E0002018B9F8F7F8FC26
:1078400000BFFEE7F8F7F4FC8146A06BE16B8842CD
:107850001BD2424639462046FFF7FAFDA06C401C79
:1078600070B9606A08B9012000E0002058B904F13D
:10787000240001F089F930B12DB10120286002E027
:10788000A06C401CA064012600E000264846F8F7E2
:10789000D6FC3046BDE8F0872DE9F04104460F469E
:1078A00015461CB9F8F7C4FC00BFFEE70FB9206C01
:1078B00008B9012000E0002018B9F8F7B9FC00BFB2
:1078C000FEE7F8F7B5FC8046A06BE8B139462046E4
:1078D000FFF7BEFEA06B401EA063606C401C70B939
:1078E000206908B9012000E0002058B904F1100017
:1078F00001F04AF930B12DB10120286002E0606C3E
:10790000401C6064012600E000264046F8F797FC22
:107910003046BDE8F08170B504461CB9F8F788FC24
:1079200000BFFEE700F0D9FAA56B00F0DFFA2846A9
:1079300070BD70B504461CB9F8F77AFC00BFFEE7CD
:10794000A56B284670BD014600200BE03D4A02EBC6
:10795000C00252688A4204D100223A4B43F83020D8
:1079600002E0401C0828F1D300BF704710B5044660
:107970001CB9F8F75DFC00BFFEE72046FFF7E3FF08
:10798000206800F038FB204600F035FB10BD0146B2
:1079900091F84C00704780F84C107047014691F800
:1079A0004D00704770B504461CB9F8F741FC00BFA4
:1079B000FEE7A06B08B9012000E00020054628463C
:1079C00070BD70B504461CB9F8F732FC00BFFEE785
:1079D000A06BE16B884201D1012000E00020054648
:1079E000284670BD024600200BE0164B53F830309D
:1079F00033B9144B43F8301003EBC0035A6002E074
:107A0000401C0828F1D300BF704770B504460D46EE
:107A100000F063FA606C401C08B900206064A06C40
:107A2000401C08B90020A06400F060FAA06B20B9E7
:107A3000294604F1240001F08DF82046FFF7B9FC37
:107A400070BD0000980600202DE9F04104460D4667
:107A500016461F464FF0000865602461B5420CD8F9
:107A6000F01BA169884202D34FF0010811E0211DEB
:107A7000F0480068FFF706FC0BE0BE4204D2BD42AE
:107A800002D34FF0010804E0211DEB480068FFF726
:107A9000F9FB4046BDE8F0812DE9FE4305460E4660
:107AA00017461C46DDF828804FF00009E3480068BF
:107AB00008B3009601970295ACB901F0F2F80128DD
:107AC00008D1002342466946DC480068FFF7F4FC11
:107AD000814610E000231A466946D8480068FFF73F
:107AE000EBFC814607E0002322466946D348006844
:107AF000FFF792FE81464846BDE8FE832DE9F84334
:107B000081462BE0CC480068C0680568CA48006818
:107B1000C068C468201DFFF7CFFB2046616A884714
:107B2000E06901281AD1A0694619AE4207D96660FA
:107B30002461211DC0480068FFF7A4FB0EE000206F
:107B400003462A46014600902046FFF7A5FF074658
:107B50001FB9F8F76DFB00BFFEE700BFB64800682D
:107B6000006808B9012000E000200028CAD0B2480F
:107B7000D0F80080AF480068AF490860AD48C0F851
:107B80000080BDE8F88370B5044600F009FF0546A3
:107B9000AB480068854206D2A9480068FFF7AEFFEF
:107BA0000120206001E000202060A54805602846F3
:107BB00070BD70B586B002A8FFF7E5FF064650E03D
:107BC000059C44B1606908B9012000E0002010B9AB
:107BD000201DFFF771FB039830B1012826D0022841
:107BE00025D003283BD136E00498A26981180346CA
:107BF00032462046FFF728FF012816D12046616A49
:107C00008847E069012810D1002000900498A169FC
:107C10004218002319462046FFF73EFF05461DB9CE
:107C2000F8F706FB00BFFEE700BF19E018E0049874
:107C3000A061A06908B1012000E0002018B9F8F7A0
:107C4000F7FA00BFFEE7A0698119334632462046A5
:107C5000FFF7FAFE04E0204600F0CDF900E000BF97
:107C600000BF00231A4603A974480068FFF705FD0A
:107C70000028A5D106B070BDF8B505460F466E4880
:107C80000068C068C468201DFFF716FBE069012882
:107C900017D1A06941192B463A462046FFF7D4FE7A
:107CA00001280ED1002003462A46014600902046B6
:107CB000FFF7F2FE06461EB9F8F7BAFA00BFFEE774
:107CC00000BF2046616A8847F8BDF8B504460E46F5
:107CD00000F014FC6846FFF756FF05460098A0B96F
:107CE00046B9AC4206D800F059FB29462046FFF7BA
:107CF000C3FF0CE0611B51480068FFF786FE00F0EF
:107D00004DFB20B900F0E3F801E000F047FBF8BDBF
:107D10000146494A126812680AB9012200E00022AD
:107D20000A600A6822B9444A1268D268106800E002
:107D30000020704708B500BF6846FFF7E9FF04461A
:107D400020460099FFF7C1FFFFF733FFF4E710B5B6
:107D500000F0C3F83948006890B93A48FFF774FA60
:107D60003948FFF771FA37483349086036483149D6
:107D7000086000220C210A20FFF7EDFA2F49086065
:107D800000F0B4F810BD1FB50024FFF7E0FF2B484A
:107D9000006868B100200223CDE90030029003465C
:107DA0004FF4007229A103902A4800F0B2F904466A
:107DB0001CB9F8F73DFA00BFFEE7204604B010BD3D
:107DC0002DE9F04706460D4617469846DDF8209007
:107DD0004DB900240DB1012000E00020A0B9F8F752
:107DE00027FA00BFFEE7282000F0A4F804465CB1A3
:107DF000FFF7ADFF2660A561E761C4F82080C4F8F5
:107E00002490201DFFF72DFA2046BDE8F08770B5BD
:107E10000446264600F061F8706908B1012000E0D0
:107E20000020054600F062F8284670BD01460A466B
:107E3000106A7047AC030020A8030020B0030020A4
:107E4000B4030020D8060020EC060020546D7220F8
:107E500053766300357D0008001F4FF08073036088
:107E6000001F0160001F0023036014380260001F20
:107E7000DB1E0360203870472A48006842F2107108
:107E8000B0FBF1F0401E4FF0E0214861072008618F
:107E9000704710B52448006840F47C00224908600F
:107EA0000846006840F07C400860FFF7E5FF0020CE
:107EB0001E490860F8F78AF91D48006840F0404004
:107EC0001B490860F8F778F9002010BD70474FF0A3
:107ED000805015491C390860704710B5F8F7A8F9AB
:107EE00012480068401C1149086010BD10B50F48C9
:107EF0000068401E0D4908600846006810B900205F
:107F0000F8F79DF910BD10B54FF0805006491C39A7
:107F10000860F8F78DF900F0C2F90020F8F78FF942
:107F200010BD00008403002020ED00E0B803002015
:107F300034EF00E02DE9F04104464FF0000800F076
:107F4000DDFA3D48006898B93C493D4A116000217E
:107F500051604FF420513B4A516000211160374875
:107F60004FF4205141601146016001203249086000
:107F700044B1103404F0070020B104F00700C0F150
:107F800008000444002C31D0B4F5205F2ED22C4FD1
:107F90003846056801E02F462D686868A04202D285
:107FA00028680028F7D1274885421FD0386800F19B
:107FB0001008286838606868001B202810D92E191E
:107FC0006868001B70606C6071681D4800E00068A4
:107FD000026852688A42FAD302683260066000BFC3
:107FE000194968680968081A1749086000F0D6F945
:107FF0004046BDE8F08170B506463546B6B1103D45
:108000002C4600F07BFA61680D4800E000680268C9
:1080100052688A42FAD30268226004600A496068A2
:10802000096808440849086000F0B8F970BD0648BE
:108030000068704770470000D00300200007002050
:10804000BC030020C4030020CC03002010B5002492
:1080500007E004EB8401FE4A02EB8100FFF7F4F82D
:10806000641C052CF5D3FB48FFF7EEF8FA48FFF740
:10807000EBF8FA48FFF7E8F8F948FFF7E5F8F948B0
:10808000FFF7E2F8F348F8490860F348F749086059
:1080900010BD2DE9F04104460E4615469846069F50
:1080A0000A22314604F1340000F0D2FE00213D20C6
:1080B0000155052D00D30425E562A564201DFFF7B9
:1080C000D0F804F11800FFF7CCF82461C5F10500E1
:1080D000A0616462BDE8F08170B505460E464C2093
:1080E000FFF728FF044694B11EB9A800FFF722FF4E
:1080F00000E030462063206B20B92046FFF77BFF6D
:10810000002404E0A900A522206B00F083FE204695
:1081100070BD2DE9FF4F81B0804616469A46DDE9D5
:108120000E5BB8F1000F03D1F8F782F800BFFEE74D
:10813000052D01D2012000E0002018B9F8F778F8E9
:1081400000BFFEE730461099FFF7C6FF0446002C3B
:1081500064D0701E216B01EB800929F0070909F03A
:10816000070008B9012000E0002018B9F8F760F80E
:1081700000BFFEE700962A462046119B0299FFF7B2
:1081800088FF524641464846FFF766FE2060BBF135
:10819000000F01D0CBF80040FFF79FFEB448006805
:1081A000401CB3490860B348006840B9B148046056
:1081B0000846006801280CD1FFF748FF09E0AE48E7
:1081C000006830B9AB480068C06AA84201D8A94825
:1081D0000460AA49E06A0968884202D9A749E06AAE
:1081E0000860A74800682064A5480068401CA449AE
:1081F0000860A449E06A0968884202D9A149E06A96
:108200000860E16A01EB8101914A02EB8100211DC6
:10821000FFF72AF80127FFF769FE01E04FF0FF376B
:10822000012F09D19448006830B192480068C06AB3
:10823000A84201D2FFF74BFE384605B0BDE8F08FEB
:1082400070B50446FFF749FE8A480068844200D1B1
:10825000002414B98748006800E020460546281D20
:10826000FFF72AF8A86A18B105F11800FFF724F8FB
:10827000291D7B48FEF7F8FF83480068401C8249AF
:1082800008607F480068401C7D490860FFF72EFEAB
:108290007948006810B10CB9FFF719FE70BD70B5D0
:1082A0007A480068002873D179480068401C7849F2
:1082B00008600846006868BB6B480068006808B939
:1082C000012000E0002018B9F7F7B2FF00BFFEE779
:1082D000654805686548006863490860634805604B
:1082E0006C480068401C6B4908605F480068006883
:1082F00008B9012000E0002020B14FF0FF306649AE
:10830000086006E058480068C068C4686249606850
:10831000086000BF5E4800685F490968884236D33C
:1083200000BF51480068006808B9012000E0002043
:1083300020B14FF0FF305849086027E04A480068F4
:10834000C068C468656852480068A84202D25248B2
:1083500005601BE0201DFEF7AFFFA06A18B104F115
:108360001800FEF7A9FF4749E06A0968884202D968
:108370004449E06A0860E16A01EB8101344A02EB9A
:108380008100211DFEF770FFCBE701E000BF04E094
:1083900042480068401C4149086070BD70B5002526
:1083A0003A48006818B9F7F743FF00BFFEE7FFF748
:1083B00094FD36480068401E34490860084600684D
:1083C000002878D12A480068002874D0002621E0CF
:1083D0002248C068C46804F11800FEF76DFF201D34
:1083E000FEF76AFF2749E06A0968884202D92549F1
:1083F000E06A0860E16A01EB8101154A02EB810045
:10840000211DFEF731FF1B49E06A0968C96A8842ED
:1084100000D301261148006808B9012000E00020BF
:108420000028D5D01D48006860B106E0FFF737FF8F
:108430001A480068401E194908601848006800285A
:10844000F4D10126012E2FD01548006801282AE01A
:10845000002F0020642F0020782F00208C2F002078
:10846000A02F0020B42F0020D8030020DC03002020
:10847000E4030020D4030020F4030020EC030020D8
:1084800008040020F0030020E0030020F80300208F
:10849000E8030020040400200C040020FC0300205A
:1084A0000004002007E005D101250020F9490860FB
:1084B000FFF70DFD00BFFFF719FD284670BD10B591
:1084C0000446F54800684460F4480068844207D2D6
:1084D000F1480168091DF2480068FEF7D3FE0CE080
:1084E000ED480168091DEF480068FEF7CBFEEE4835
:1084F0000068844201D2EC48046010BDEB4800687B
:10850000401CEA49086070472DE9F04104460E46D8
:108510004FF000081CB9F7F78BFE00BFFEE70EB165
:10852000012000E0002018B9F7F782FE00BFFEE747
:10853000FFF7E4FF20688519D84920680968884258
:1085400009D92068A8420FD9D448006885420BD9C0
:108550004FF0010808E02068A84203D8CF4800681F
:10856000854201D94FF001082560B8F1000F07D00E
:10857000C9480068001DFEF79FFE2846FFF79FFFD1
:10858000FFF70CFF07460FB9FFF7A1FCBDE8F0812C
:1085900070B5044600267CB1FFF7B0FFBF48006805
:1085A0000519BD480068001DFEF786FE2846FFF746
:1085B00086FFFFF7F3FE06460EB9FFF788FC70BD95
:1085C00070B50446FFF789FC14B9B348006800E0B1
:1085D00020460646F56AFFF789FC284670BD2DE95E
:1085E000F04706460D464FF00009052D01D2012047
:1085F00000E0002018B9F7F71BFE00BFFEE7052DCD
:1086000000D30425FFF769FCA3480068864200D127
:10861000002616B9A048006800E030460446A76C62
:10862000AF4234D0BD4203D92EB14FF0010902E070
:108630000EB94FF00109D4F82C80E16AA06C884291
:1086400000D1E562A564C5F10500A06107EB8701D3
:10865000974A02EB81016069884213D1201DFEF721
:108660002BFE9449E06A0968884202D99149E06A80
:108670000860E16A01EB81018D4A02EB8100211D56
:10868000FEF7F2FDB9F1010F01D1FFF720FCFFF772
:108690002DFCBDE8F08710B58448006818B10120B2
:1086A0007C4908602CE00BE08248006818B9F7F7B5
:1086B000BFFD00BFFEE77F480068401E7D4908609F
:1086C0007C48006800EB8000794951F820000028C0
:1086D000EAD07849096801EB8101754A02EB810013
:1086E00041684968416000F1080142688A4202D14C
:1086F0004168496841604168C968674A116000BFC4
:1087000010BD70B50446FFF7E8FB6348006884427B
:1087100000D1002414B96048006800E020460546F6
:10872000281DFEF7C9FDA86A18B105F11800FEF76B
:10873000C3FD291D6048FEF797FDFFF7D7FB8CB9F5
:108740005E48006810B1FFF7C2FB0BE05A480068B2
:108750005B490968884203D100204F49086001E065
:10876000FFF799FF70BD70B5054600262C461DB970
:10877000F7F75EFD00BFFEE74F496069884201D10F
:10878000012000E0002080B14E49A06A884201D15A
:10879000012000E00020012807D0A06A08B90120CC
:1087A00000E00020012800D10126304670BD70B5E0
:1087B00005461DB9F7F73CFD00BFFEE72C4644B364
:1087C00035480068844224D0FFF787FB2046FFF736
:1087D000CAFF01281BD1201DFEF76EFD3549E06A56
:1087E0000968884202D93349E06A0860E16A01EB0E
:1087F00081012F4A02EB8100211DFEF735FD26493C
:10880000E06A0968C96A884201D3FFF760FBFFF795
:108810006DFB70BD2DE9F041054600261DB9F7F747
:1088200007FD00BFFEE72C46F7F702FD074620468E
:10883000FFF799FF012826D11C480068F0B91649B6
:10884000E06A0968C96A884201D3012000E000207B
:108850000646201DFEF730FD1649E06A0968884289
:1088600002D91449E06A0860E16A01EB8101104A0B
:1088700002EB8100211DFEF7F7FC04E004F1180172
:108880001048FEF7F1FC3846F7F7D9FC3046BDE852
:10889000F081000000040020D4030020E803002041
:1088A000DC030020D80300200C040020F803002083
:1088B000002F0020F0030020B42F0020F40300203C
:1088C000E40300208C2F002010B50446206BFFF736
:1088D00092FB2046FFF78FFB10BD70B523E0FFF73A
:1088E0000DFEFD48006808B9012000E000200546A3
:1088F000FFF754FDBDB9FFF7F0FAF748C068C46848
:10890000201DFEF7D9FCF5480068401EF3490860B9
:10891000F3480068401EF2490860FFF7E7FA204676
:10892000FFF7D2FF00BFEE4800680028D7D170BD26
:1089300000BFFFF7D2FFEB4800680128F9D9FFF725
:10894000C6FAF6E71FB5002000900190029003469A
:108950004FF48072E4A10390E548FFF7DAFB044688
:10896000012C02D1FFF70FFA0446012C09D1F7F7C9
:108970005FFC0120DF4908600020DF490860FFF745
:1089800088FA1CB9F7F754FC00BFFEE71FBD10B50D
:10899000F7F74EFC0020D7490860FFF797FA10BDA3
:1089A00010B5FFF79AFAD4480468FFF79FFA2046FB
:1089B00010BD70B5F7F73CFC0546CF480468284663
:1089C000F7F73DFC204670BDC4480068704701467B
:1089D000002002E0491C421C90B20A78A52AF9D076
:1089E000800870472DE9FE4381460C461646204616
:1089F00041684968416000F1080142688A4202D139
:108A00004168496841604168CF6800BF20464168BD
:108A10004968416000F1080142688A4202D1416818
:108A2000496841604168CD68286BFFF7D0FF8046F8
:108A3000286CE96A334605F13402CDE9001802904A
:108A4000AEA1B34800F01AFEB149484600F0F4F96F
:108A5000BD42DBD1BDE8FE8370B50546FFF74EFD94
:108A600000202870ABA1284600F0E6F9AA4800686B
:108A7000441C00BF641E04EB84009A4951F8200096
:108A800008B9012000E0002040B904EB8400954AB9
:108A900002EB800152222846FFF7A4FF002CE9D107
:108AA0009E480068006808B9012000E0002028B94D
:108AB00042229A4801682846FFF794FF98480068C8
:108AC000006808B9012000E0002028B9422294483B
:108AD00001682846FFF786FF7F48006808B9012033
:108AE00000E0002020B944227B492846FFF77AFFA6
:108AF0008C48006808B9012000E0002020B953220A
:108B000088492846FFF76EFFFFF748FC70BD70B537
:108B100005460C461DB9F7F78BFB00BFFEE7824800
:108B2000016818312846FEF7ADFB7F480068001D3C
:108B3000FEF7C2FB601C30B97B480168091D79480B
:108B4000FEF792FB05E06C48006806193046FFF717
:108B5000B6FC70BD70B504460D461CB9F7F768FB4E
:108B600000BFFEE77048016818312046FEF77CFB25
:108B70006D480068001DFEF79FFB5F4800684619BE
:108B80003046FFF79CFC70BD70B50646F068C468BF
:108B90001CB9F7F74DFB00BFFEE704F11800FEF724
:108BA0008BFB62480068A0B9201DFEF785FB604979
:108BB000E06A0968884202D95D49E06A0860E16AB2
:108BC00001EB8101474A02EB8100211DFEF74CFBBE
:108BD00004E004F118015748FEF746FB5249E06AE9
:108BE0000968C96A884201D3012500E000252846AA
:108BF00070BD10B504461CB9F7F71AFB00BFFEE7BD
:108C00004D48006820603C480068606010BD70B549
:108C100004460D461CB9F7F70BFB00BFFEE71DB974
:108C2000F7F706FB00BFFEE7FFF757F92868401C7F
:108C300008B900261FE0404920680968884206D02C
:108C40002D4960680968884201D8012613E02A4945
:108C500060680968081A296888420BD22868264A81
:108C600061681268511A401A28602046FFF7C1FF58
:108C7000002600E00126FFF739F9304670BD0120DB
:108C80002E4908607047014611B10A46506C00E059
:108C90000020704708B102465164704722490868B5
:108CA00070471449096809B9002005E01F4909689F
:108CB00009B9012000E00220704770B505462C4636
:108CC0004DB11949E06A0968C96A884265D21648F7
:108CD0000068C06A34E060E0A02F0020E4030020B8
:108CE000E0030020002F002049444C450000000014
:108CF00031890008F4030020E803002025730909E6
:108D000025630925750925750925750D0A000000DB
:108D1000C82F00200D0A0000EC030020D80300201B
:108D2000DC030020B42F0020D4030020F80300202F
:108D3000F00300208C2F00200404002000040020F9
:108D4000C0F10500A061E16A01EB8101254A02EB57
:108D500081016069884201D1012000E00020C0B19A
:108D6000201DFEF7A9FA20480068C06AE0621F498A
:108D7000E06A0968884202D91C49E06A0860E16A31
:108D800001EB8101174A02EB8100211DFEF76CFA0D
:108D900003E015480068C06AE06270BD70B5054622
:108DA0002C46EDB1A16CE06A884219D0201DFEF777
:108DB00083FAA06CE062E06AC0F10500A0610B4993
:108DC000E06A0968884202D90849E06A0860E16AF5
:108DD00001EB8101034A02EB8100211DFEF744FAF9
:108DE00070BD0000002F0020D4030020F0030020FD
:108DF00040EA01039B0703D009E008C9121F08C01D
:108E0000042AFAD203E011F8013B00F8013B521E9C
:108E1000F9D27047D2B201E000F8012B491EFBD213
:108E200070470022F6E710B513460A460446194675
:108E3000FFF7F0FF204610BD421E12F8013F002B45
:108E4000FBD111F8013B02F8013B002BF9D170472F
:108E500010B5044604E00B7800F8013B03B1491C4F
:108E6000521EF8D2204610BD421C10F8011B0029EA
:108E7000FBD1801A704710B5002200E0521C835CC1
:108E80008C5CA34201D1002BF8D1D8B2E1B2401AD8
:108E900010BD2DE9FE4F804681EA0300C00F0C464D
:108EA000009021F0004123F00045B8EB0200A941F9
:108EB00005D24046214690461C460B46024623F00A
:108EC0000040104347D0270DC7F30A00C3F30A51EF
:108ED0000290401A019040286BDAC3F3130040F46B
:108EE000801B0098924620B10023D2EB030A63EB6B
:108EF0000B0B01985946C0F14002504600F0C6F9EC
:108F000006460D4650465946019A00F0DEF910EB30
:108F100008006141002487EA115284EAE7731A438A
:108F200040D0009A62B3019A012A4FEA075215DC39
:108F3000001B61EB02014FF0004202EA0752CDE94B
:108F40000042001C41F5801132462B4600F015FA14
:108F500003B0BDE8F08F40462146F9E7001B61EB06
:108F60000201001C41F5801300185B412018A2F596
:108F7000001747EB030140EAD570B6196D4111E0C7
:108F80006D084FEA360645EAC0754FEA0752001BE6
:108F900061EB0201001C41F5801149084FEA3000E5
:108FA0000019514132462B4603B0BDE8F04F00F0A6
:108FB000D5B90098012240000023D0EB020263EBF8
:108FC000E073009821464FEAE074B8EB000061EBD3
:108FD0000401E9E783F000435BE781F0004158E7D3
:108FE0002DE9FE4F81EA030404F0004421F0004122
:108FF00000944FF0000B23F0004350EA01045ED0D0
:1090000052EA03045BD0C3F30A54C1F30A552C445B
:10901000A4F2F3340194A0FB0254C1F3130141F410
:109020008011C3F3130343F4801301FB024400FBDC
:10903000034E840A970A44EA815447EA8357A4FB03
:10904000076802958D0A05FB07854FEA932C04FB00
:109050000C542705029D4FEA065847EA1637B5EB30
:1090600008056EEB070C870E920E47EA811742EA5D
:109070008312A7FB0201B6EB0B0164EB00042B0D7E
:1090800043EA0C335E1844EB1C50DA465146E7FBCA
:109090000201C5F313044FEA0B3343EA14534FEABA
:1090A0000432019C43EA0603A4F10C040294009CE0
:1090B000CDE900B400F061F903B0BDE8F08F002005
:1090C0000146F9E72DE9F04D81EA030404F0004B75
:1090D00021F0004514464FF0000A23F0004150EA09
:1090E000050220D054EA01021DD0C5F30A570246FA
:1090F000C5F31303C1F31300C1F30A5640F48015FE
:1091000043F48013A7EB0608101BD64608F2FD387F
:1091100073EB050002D308F1010801E092185B41EE
:10912000B8F1000F03DA00200146BDE8F08D002001
:109130004FF48011064684460EE0171B73EB0507BB
:1091400005D3121B63EB050306434CEA010C4908E7
:109150004FEA300092185B4150EA0107EDD152EA24
:10916000030012D082EA040083EA0501084305D017
:10917000101BAB4106D20122002306E000224FF073
:10918000004302E06FF0010253101AEB06004CEBB3
:10919000085110EB0A0041EB0B01BDE8F04D00F067
:1091A000DDB80EB5C10F80EAE0700844CA0700219F
:1091B00040F233438DE80E000A460B4600F0DDF81E
:1091C00003B000BD70B5C1F30A5201F000450024A0
:1091D000C1F3130140F2FF3341F480119A4201DAE6
:1091E000002070BD40F233439A42A2F2334203DCC6
:1091F000524200F05AF800E090402C43F1D0404237
:1092000070BD00F0004230F000400AD0C10D01F501
:109210006071C0F3160042EA0151C20840071143D1
:10922000704700200146704701F0004330B421F040
:10923000004150EA010206D00A0DA2F56072C1F3A6
:109240001301002A02DC30BC00207047440F44EABE
:10925000C104C100E01830BC00EBC25000F047B8B8
:1092600030B50B46014600202022012409E021FAF6
:1092700002F59D4205D303FA02F5491B04FA02F5F3
:109280002844151EA2F10102F1DC30BD202A04DBC6
:10929000203A00FA02F1002070479140C2F1200309
:1092A00020FA03F3194390407047202A04DB203A48
:1092B00021FA02F00021704721FA02F3D040C2F1F6
:1092C00020029140084319467047202A06DBCB173D
:1092D000203A41FA02F043EAE07306E041FA02F371
:1092E000D040C2F12002914008431946704700293E
:1092F000A8BF7047401C490008BF20F0010070471C
:1093000010B4B0FA80FC00FA0CF050EA010404BF7B
:1093100010BC704749B1CCF1200421FA04F411FAD1
:109320000CF118BF012121430843A3EB0C01CB1D15
:109330004FEA00614FEA102042BF002010BC704786
:1093400000EBC35010440029A4BF10BC7047401C60
:10935000490008BF20F0010010BC704710B5141E72
:1093600073F1000408DA401C41F1000192185B41DE
:109370001A4301D120F0010010BD2DE9F04D9246B5
:109380009B4611B1B1FA81F202E0B0FA80F22032CC
:109390009046FFF77BFF04460F4640EA0A0041EA89
:1093A0000B0153465A46084313D0114653EA0100B5
:1093B00019D0C8F140025046FFF777FF05460E4628
:1093C000504659464246FFF761FF084305D0012049
:1093D00004E020463946BDE8F08D0020054346EA0A
:1093E000E0762C4337430A986305E40AA0EB0800B3
:1093F0000022FD0A44EA47540A3002D50020014603
:10940000E9E7010510196941DDE9084500196941DD
:10941000BDE8F04DA2E770B521F0004303430CD046
:10942000C1F30A550024D5EB040564EB0403D617F9
:10943000AD1AB34102DB0020014670BD201841EB9C
:10944000025170BD2DE9F04D00231A461B1A8A41C6
:1094500003DB00200146BDE8F08DC1F30A52C1F3E1
:10946000130141F480154FF0000BD10702D1001811
:109470006D41521E0027044640F2FF11384601EBB1
:10948000620A3E468046024600204FF48011FFF7F4
:109490000CFFC2197141BB1846EB0100B4EB030C81
:1094A00075EB000C04D3E41A65EB000517460E4675
:1094B000241908F101006D4180463428E3DDF919D3
:1094C00046EB0600091BA84103D24FF0FF321346BA
:1094D00001E0002213461BEB070046EB0A51BDE8F2
:1094E000F04DFFF73BBF2DE9FE4FC3F30A5701F0E4
:1094F00000450024C1F30A56C3F31303C1F313015B
:1095000043F4801312EB020AA64641F48011009541
:1095100043EB030CA7F1010B16E0B0EB0A0061EB83
:109520000C01071E71F1000707DA4FF00008D0EBBD
:10953000080085F0004568EB0101171A73EB01077D
:10954000EBD3761E001849415E45F6DA50EA010277
:1095500009D0CDE900E5002213460296FFF70DFF82
:1095600003B0BDE8F08F20460099F9E730B5041E3E
:1095700071F1000404DB4FF00044404264EB010150
:10958000141E73F1000405DB1C464FF000435242E9
:1095900063EB04038B4208BF824230BD30B5041E2A
:1095A00071F1000404DB4FF00044404264EB010120
:1095B000141E73F1000405DB1C464FF000435242B9
:1095C00063EB0403994208BF904230BD002070470E
:1095D000064C074D06E0E06840F0010394E8070000
:1095E00098471034AC42F6D3F6F7D2FDE8BE000837
:1095F00008BF000870B58C1810F8015B15F0070360
:1096000001D110F8013B2A1106D110F8012B03E01B
:1096100010F8016B01F8016B5B1EF9D12B0705D423
:109620000023521E0DD401F8013BFAE710F8013B6C
:10963000CB1A921C03E013F8015B01F8015B521E88
:10964000F9D5A142D8D3002070BD00000FB41CB5DD
:109650000246002007AC00290BD0491ECDE90021AD
:10966000054B6A462146069802F000FA009A00214E
:1096700011701CBC5DF814FB25BC00080FB4084B2E
:1096800010B504A902AA039802F0F0F9044602A951
:10969000002002F0D2FA204610BC5DF814FB000056
:1096A0003BBC000803B401984100009850EAC12077
:1096B00018BF04204A0D18BF40F0010040F2FF72AD
:1096C000B2EB515F08BF40F00200012808BF05203F
:1096D00002B070474100080218BF04200A0E18BFEC
:1096E00040F001004FF07F4232EA010108BF40F034
:1096F0000200012808BF05207047000010EE100A84
:1097000010B510EE901A4FF0684202EB40032DEDB9
:10971000028BB3F1654F3CBF02EB4102B2F1654FE2
:109720007CD200BFC0F3C753C1F3C7529A1A1B2A99
:1097300009DD10F0004F14BF9FED6E0A9FED6E0A19
:10974000BDEC028B10BD12F11A0F1BDA11F0004FA5
:1097500009D010F0004F0CBF9FED680A9FED680A1A
:10976000BDEC028B10BD80EE208A18EE100AFFF7C8
:10977000B1FF042808BF02F0B1F8B0EE480ABDEC12
:10978000028B10BD4200B2EB410F37D910F0004FF1
:1097900019BFDFED5C1A9FED5C1ADFED5C1A9FEDDF
:1097A0005C1AB0EE602A0A46F1EE400A80F00041F1
:1097B000B0EE420A10460A1A5200B2F1807F34D24B
:1097C000484010F0004FDFED532A9FED533A1DBF84
:1097D000BEEE002A71EEE21A31EE431AB6EE002A0E
:1097E00004BF71EEA21A31EE031AF0EE402A42EEE7
:1097F000602A40EE020A82EEA02A18E011F0004F23
:1098000004BF9FED461AF0EE411AD4D010F0004F7D
:109810001CBFDFED431A9FED431A00E026E004BFB2
:10982000DFED411A9FED411AC5E780EE202A22EEB6
:10983000020ADFED3F0ADFED3F2ABDEC028B40EE6E
:10984000202ADFED3D0A40EE220ADFED3C2A40EE01
:10985000202ADFED3B0A40EE220A22EE000A00EE4B
:10986000201A31EE020A30EE210A10BD4FF07F427D
:10987000B2EB400F28BFB2EB410F05D2BDEC028B1B
:10988000BDE8104002F017B840EA01035B0008BFD2
:1098900041F0FF410BD0B2EB400F08BFB2EB410FDC
:1098A00008D120F0804000EE100A21F0804100EE47
:1098B000901A37E7B2EB400F12BF5FEA410240F067
:1098C000FF4001F000413FF42DAF4A0092EA40030F
:1098D0003FF528AF002AACBF9FED1A1A9FED1A1A68
:1098E00020EE010A60EE810A10EE100A10EE901AC6
:1098F00018E70000DB0FC9BFDB0FC93FDB0F494092
:10990000DB0F49C00000C9BF22AAFDB90000C93F52
:1099100022AAFD390060ED3EC30ACE3700000000E8
:10992000000049C022AA7DBA0000494022AA7D3A1F
:109930002DAD65BD8FB8D53D0FB511BE61C84C3E8C
:10994000A8AAAABE0000804F0000802F10EE101AB7
:1099500008B5444A6846B2EB410F28D94FF0E640BB
:10996000B0EB410F94BF00204FF0FF300090009803
:10997000002861DB60EE000A10F0010F45D010F006
:10998000020FDFED391A9FED391A00EEE11ADFED13
:10999000381A40EE811A21EEA01AF0EE400A40EE8D
:1099A000010A08BFF1EE600AB0EE600A08BD314B53
:1099B00021F0004293423CD911F0004FDFED2E0A16
:1099C00020EE201ADFED2D0A19BF31EE601A71EE7C
:1099D000200A31EE201A71EE600ABDEEE01A11EE97
:1099E000100A9FED271A00F0030000EEC10A9FED58
:1099F000251A009000EEC10A9FED231A00EEC10A5D
:109A00009FED221A00EEC10AB1E79FED211A9FEDEA
:109A1000210A10F0020F00EE810A9FED1F1A00EEDE
:109A2000801AB7EE000A00EE810A18BFB1EE400AB4
:109A300008BD01F05BFF9AE710EE100A4000B0F19C
:109A40007F4F3CBFB7EE000A08BD07D14FF00100C1
:109A500002F006F8BDE8084001F030BFBDE808405C
:109A600001F026BFB61F927E336D4C39DA82083C76
:109A7000A0AA2ABE490E494683F9223F0000004BA6
:109A80000000C93F00A0FD390020A2331A61342C28
:109A9000B93AB2BACA9F2A3DDDFFFFBE10B52DED1F
:109AA000040B86B09DED060B10EE100A10EE901A16
:109AB0008DED000B002818BF0120084320F0004066
:109AC000C0F17F6000F1E040C00F21D19DED080B97
:109AD00010EE101A10EE900A8DED000B002918BF41
:109AE0000121084320F00040C0F17F6000F1E04018
:109AF000C00F0DD129490798B1EB400F04BF06985C
:109B0000002842D00998400004BF089800283CD0A3
:109B10009DED080B53EC102B9DED060B51EC100B3B
:109B2000FFF7E1FCCDE902019DED020B40F2FF7170
:109B300010EE900A8DED000B31EA105021D00798FD
:109B4000039900F0004001F00041884219D09DEDDA
:109B5000080B8DED040B9DED020B8DED000B10EE4F
:109B6000900A059961F31E0005909DED041B9DED83
:109B7000020B51EC110B53EC102BFFF72EFACDE931
:109B800002019DED020B0AB010BD012001F068FF3B
:109B90000AB0BDE8104001F0D7BB00000000E0FFB4
:109BA0002DE9F04D2DED040B2DED0E8B96B0DDE97A
:109BB0002550279CDDF890A025F0004624F00048B1
:109BC000BAF1000F14BF0121002101EB4502FC494D
:109BD00053184A1093422AD3002814BF01230023AC
:109BE00003EB44030B44F7498B4220D358EA0001AE
:109BF0009FEDF59B76D0DFF8D8B35D4503D1BAF180
:109C0000000F05D188E0BAF1000F08BF002100D095
:109C1000012101EB450111F5001F08D8002814BFF0
:109C20000121002101EB440111F5001F0BD99DED2D
:109C3000261B9DED240B16B0BDEC0E8B04B0BDE8C9
:109C4000F04D01F077BB0027002DBCBFE1498845EE
:109C500021DAE1498845A8BF02271CDAC3451ADC8E
:109C6000DE4901EB2851142908DDC1F1340220FA44
:109C700002F101FA02F282420DD108E058B9C1F1B5
:109C8000140228FA02F101FA02F2424503D101F06E
:109C90000101C1F1020756EA0A0124D1002C22DA9F
:109CA000002D18BF022F01D0012F0AD0022001F091
:109CB000D7FE16B0BDEC0E8B04B0BDE8F04D01F040
:109CC00017BB022001F0CCFE01F012FB51EC100B8F
:109CD00081F0004141EC100B16B0BDEC0E8B04B0CE
:109CE000BDE8F08D18E09FEDBEAB9FEDBF8B002867
:109CF00071D1B848804522D105F1804010F580101F
:109D000008BFBAF1000F07D0B3450ADC002CA8BF8A
:109D10009DED260BE0DA0DE0B0EE490AF0EE690A9F
:109D2000DAE7002C06DA9DED260B51EC100B81F0E2
:109D300000416FE0AE48784490ED000BCCE7D84589
:109D40004DD1002C48DA2EB186423AD1BAF1000F3B
:109D500042D126E0BAF1000F13D0022001F080FEBC
:109D600001F002FB8DED020B9DED240B8DED000B40
:109D700010EE900A039961F31E0003909DED020B13
:109D8000AAE78DED02AB9DED240B1AEE901A10EEB2
:109D9000900A8DED000B61F31E0003909DED020B08
:109DA0009AE78DED028B9DED240B18EE901A10EEC4
:109DB000900A8DED000B61F31E0003909DED020BE8
:109DC0008AE709DA9DED240B51EC190B53EC102BAB
:109DD000FFF778F91EE020E09DED240B7CE786423A
:109DE0001BDAB4F1804F0DD0A4F10050B0F1FF5058
:109DF00013D1002D11DB9DED240B51EC100B01F064
:109E00002DFF07E09DED240B53EC102B51EC100BB4
:109E100000F0C2BC41EC100B5EE79DED240B51EC51
:109E2000100B01F00FFFBAF1000FCDE90E0142D186
:109E30009FED710B46B3A6F1E040B0F17F600CD00E
:109E40005E4538D1002D00DAA7B3022F0CBF0120E8
:109E50004FF0FF30FFF7A5F9DCE7002D01DD002C06
:109E60000DDA002D01DD002C1FDB002D16DA002C91
:109E700014DB012F08BF9FED620B3FF42DAFB0EE56
:109E80004A0AF0EE6A0A27E7022F18BF002D0CD00D
:109E9000012F0AD1002DFFF61FAF06E0002DB8BF3D
:109EA000002C08DA012F3FF417AFB0EE480AF0EEAD
:109EB000680A11E71BE0012000EBE57050EA07019A
:109EC00015D0791EB0EE498AF0EE698A084308BFC2
:109ED0009FED4D8B4E480025804570DD4D494E4825
:109EE000884514DDB0420DDB002C19DB2FE001208A
:109EF00001F0B6FD16B0BDEC0E8B04B0BDE8F04D20
:109F000001F022BAB34502DC002C09DC1FE08642D6
:109F100002DA002C1BDA03E05E452BDD002C16DD97
:109F2000022001F09DFD01F01FFA8DED020B53ECB4
:109F30001A2B51EC180BFFF753F8CDE900010399E8
:109F4000019861F31E0003909DED020BC4E6022010
:109F500001F086FD01F018FA10EE901A18EE900A42
:109F60008DED020B8DED008B61F31E0003909DEDD6
:109F7000020BB1E69DED0E0B53EC192B51EC100BBF
:109F8000FFF728F89FED260BCDE9080153EC102BC5
:109F90009DED080B51EC100BFFF722F89FED221BF3
:109FA00053EC112BFFF719F89DED081B53EC112B07
:109FB000FFF716F89FED1E1B53EC112B3CE08CE0D5
:109FC000FFFF1F00FFFF0F00000000000000F03F38
:109FD0000000F03F0000F07F0000404301FCFFFF65
:109FE000000000000000F07F000000000000000002
:109FF000862100000000000000000000000000803A
:10A00000000000000000F0FF000000000000F0BFB2
:10A010000000E0410000F043FFFFEF3F00000000C0
:10A02000000000000000D03F555555555555D53F0F
:10A03000000000000000E03FFEF7CFFF9DED080BA1
:10A0400041EC1A0B53EC102B51EC100BFEF7C8FF30
:10A0500053EC1A2BFEF7C4FF41EC1A0B9FEDFE0BDD
:10A0600053EC102B9DED080B51EC100BFEF7B8FFD5
:10A0700041EC1B0B9FEDFA0B51EC1A0B53EC102B20
:10A08000FEF7AEFF41EC1A0B9FEDF70B53EC102BD4
:10A090009DED080B51EC100BFEF7A2FF53EC1A2BB1
:10A0A000FEF798FF41EC1A0B51EC1B0B53EC1A2BEB
:10A0B000FEF7EFFE0690CDE906519DED060B53EC41
:10A0C0001B2B51EC100BFEF785FF53EC1A2BFEF700
:10A0D00084FF41EC100B00F0A1B90020B6F5801F01
:10A0E0000EDA9FEDE30B53EC102B9DED0E0B51ECB4
:10A0F000100BFEF775FFCDE90E016FF034000E4630
:10A1000000EB2650A0F2FF37C6F31300DA4940F007
:10A110007F6646F040568842D8BF002408DDD74904
:10A120008142C8BF012403DC0024A6F580167F1CF1
:10A13000D348784400EBC4000F9690ED00CB9DED22
:10A140000E0B53EC1C2B51EC100BFEF743FF9DED57
:10A150000E0B41EC1B0B53EC1C2B51EC100BFEF7C0
:10A1600098FE41EC100B51EC190B53EC102BFEF741
:10A17000A9FF41EC1D0B51EC1B0B53EC1D2BFEF703
:10A180002FFF41EC1A0BBF488DED10AB78441095B2
:10A1900090ED000B4FF0005040EA660000EB844069
:10A1A0008DED080B00F5002009909DED080B53EC98
:10A1B0001C2B51EC100BFEF70DFF9DED0E1B53EC0D
:10A1C000112BFEF70AFF41EC100B53EC102B9DED09
:10A1D000100B51EC100BFEF703FF9DED080B41EC4B
:10A1E0001C0B53EC102B9DED100B51EC100BFEF7DC
:10A1F000F7FE53EC1B2BFEF7F0FE53EC1C2BFEF787
:10A20000E9FE53EC1D2BFEF7EBFE41EC1C0B53EC6F
:10A210001A2B51EC1A0BFEF7E3FE41EC1B0B9A488C
:10A220000621B0EE4B0AF0EE6B0A784400F0E4FF32
:10A23000B0EE401AF0EE601AB0EE41DAF0EE61DAFC
:10A2400053EC1B2B51EC1B0BFEF7CAFE53EC1D2BE2
:10A25000FEF7C6FE9DED100B41EC1B0B53EC1A2BC9
:10A2600051EC100BFEF715FE53EC1C2BFEF7B8FE5D
:10A2700053EC1B2BFEF70DFE9DED100B41EC1B0B61
:10A2800053EC102B51EC100BFEF7AAFE41EC1D0B0A
:10A290009FED7FEB53EC1E2BFEF7FBFD53EC1B2BCE
:10A2A000FEF7F7FD0890CDE908519DED080B53EC42
:10A2B0001E2B51EC100BFEF78DFE53EC1D2BFEF701
:10A2C00089FE53EC1B2BFEF788FE9DED080B41EC3D
:10A2D0001D0B53EC102B9DED100B51EC100BFEF7EA
:10A2E0007FFE41EC1B0B53EC1A2B51EC1D0BFEF7C0
:10A2F00077FE9DED080B41EC1A0B53EC102B51EC43
:10A300001C0BFEF76DFE53EC1A2BFEF7C2FD41EC61
:10A310001A0B51EC1B0B53EC1A2BFEF7BAFD0C90E9
:10A32000CDE90C519DED0C0B53EC1B2B51EC100B9C
:10A33000FEF750FE53EC1A2BFEF74FFE41EC1B0BC1
:10A340009FED550B53EC102B9DED0C0B51EC100BAE
:10A35000FEF746FE41EC1A0B9FED510B51EC1B0B27
:10A3600053EC102BFEF73CFE41EC1B0B9FED4E0B0C
:10A3700053EC102B9DED0C0B51EC100BFEF730FE47
:10A3800053EC1B2BFEF785FD41EC100B484878443D
:10A3900000EBC40090ED001B51EC100B53EC112BA3
:10A3A000FEF777FD41EC1B0B3846FEF7FAFECDE9D0
:10A3B000080153EC1B2B51EC1A0BFEF76AFD41EC24
:10A3C000100B3C48784400EBC40090ED00CB51ECFE
:10A3D000100B53EC1C2BFEF75CFD9DED081B53ECA2
:10A3E000112BFEF756FD0690CDE906519DED080BA9
:10A3F00053EC102B9DED060B51EC100BFEF7EAFD14
:10A4000053EC1C2BFEF7E6FD53EC1A2BFEF7E2FD96
:10A4100053EC1B2BFEF7E1FD41EC100B9DED261BD1
:10A4200053EC102B8DED001B00959DED260B51EC90
:10A43000100BFEF7D5FD9DED000B41EC1A0B53EC14
:10A44000102B9DED260B51EC100BFEF7C3FD9DED7F
:10A45000061B53EC112B2FE0000000604715F73F5F
:10A46000FE822B654715F73F44DF5DF80BAE543E87
:10A4700000000000000040438E9803007AB60B00F5
:10A480009A1B0000301D0000D21A000000000000DE
:10A490000000000000000840000000E009C7EE3F97
:10A4A000FD033ADC09C7EE3FF5015B14E02F3EBE29
:10A4B0005E19000018190000FEF792FD53EC1A2BEC
:10A4C000FEF7E7FC9DED060B41EC1A0B53EC102B4D
:10A4D0009DED000B51EC100BFEF782FDCDE90C0158
:10A4E0009DED0C0B51EC1A0B53EC102BFEF7D1FC2D
:10A4F000CDE902010C46AA498C422FDB611A0843C0
:10A5000018D19DED0C0B53EC102B9DED020B51EC73
:10A51000100BFEF75FFD41EC1B0B9FEDA30B51EC05
:10A520001A0B53EC102BFEF7B4FC53EC1B2BFFF76C
:10A5300035F82DD2022001F093FA00F015FF10EE4D
:10A54000901A18EE900A8DED020B8DED008B61F3E1
:10A550001E0003909DED020BFFF7BEBB944A24F052
:10A560000041914214D39349214408437FF4EFAC56
:10A570009DED0C0B53EC102B9DED020B51EC100BD1
:10A58000FEF728FD53EC1A2BFFF708F87FF6DFAC37
:10A5900024F000408849894A002601EB205182427C
:10A5A0002BDA481C4FF4801121FA00F02044844A31
:10A5B000C0F30A517A44A1F2FF3192ED000B814AB7
:10A5C0008DED080BCA4020EA0202C0F3130040F4EC
:10A5D0008010C1F1140120FA01F60992002CB8BFD5
:10A5E00076429DED080B53EC102B9DED0C0B51ECBE
:10A5F000100BFEF7EFFCCDE90C019DED0C0B51ECBF
:10A600001A0B53EC102BFEF744FC9FED6F0B0890D8
:10A61000CDE9085153EC102B9DED080B51EC100BBC
:10A62000FEF7DEFC41EC1B0B9FED690B53EC102B8E
:10A630009DED080B51EC100BFEF7D2FC9DED0C0BC1
:10A6400041EC1C0B53EC102B9DED080B51EC100B47
:10A65000FEF7C0FC53EC1A2BFEF7BFFC9FED5E1B10
:10A6600053EC112BFEF7BCFC53EC1C2BFEF711FC3A
:10A6700041EC1A0B51EC1B0B53EC1A2BFEF709FCA7
:10A68000CDE902019DED020B53EC1B2B51EC100B9D
:10A69000FEF7A0FC53EC1A2BFEF79FFC9DED020B7E
:10A6A00041EC1A0B53EC102B51EC100BFEF798FCFD
:10A6B000CDE908014A489DED080B0521784400F0DA
:10A6C0009BFD9DED081B51EC100B53EC112BFEF77D
:10A6D00087FC9DED021B53EC112BFEF77EFCCDE9B0
:10A6E00006019DED020B53EC1A2B51EC100BFEF7FB
:10A6F00077FC53EC1A2BFEF7CCFB9FED3B0B41ECA8
:10A700001A0B53EC102B9DED060B51EC100BFEF7C2
:10A7100061FC9DED060B41EC1B0B53EC102B9DEDEA
:10A72000020B51EC100BFEF75BFC53EC1B2BFEF7FE
:10A73000C9FC53EC1A2BFEF74DFC9DED021B53ECAC
:10A74000112BFEF747FC53EC192BFEF746FCCDE925
:10A75000020101EB065001150029C8BF039015DC6A
:10A760009DED020B324651EC100BFEF754FEFEF746
:10A7700099FF042808BF00F007FE32469DED020B4A
:10A7800051EC100BFEF747FECDE902019DED020BE7
:10A7900051EC180B53EC102BFEF722FCFFF73ABBE1
:10A7A0000000904000000000FE822B654715973C9A
:10A7B00000CC904000346F3F01FCFFFF0000E03F01
:10A7C00008190000FFFF0F0000000000432EE63FC5
:10A7D000396CA80C615C20BEEF39FAFE422EE63FD0
:10A7E00070160000000000000000000000000040A3
:10A7F00010B510EE100A2DED068BB7EE001A10EE14
:10A80000901AB0EE418A0022A0F5000CDFEDFE9A0E
:10A810004FF00073BCF1FE4F4FF07F4403EB410C4F
:10A8200080F0B481BCF1804FC0F02082F749014430
:10A830009FEDF73AB1F5005F40F2D48200F5802138
:10A84000CB0C03F00F0101EE901AC3F307137F3B0B
:10A85000A0EBC350B8EEE12A00EE100A1A44DFED77
:10A86000ED2AF0EE411A42EE221AF0EE613A70EE55
:10A87000232A30EE632A12EE900A00F500606FF38F
:10A880000B0001EE900A73EEE13A33EE804AC1EE1E
:10A89000223A22EE230A10EE100A00F500606FF350
:10A8A0000B0000EE100A00EE612A00EE442A62EE70
:10A8B000232A70EE221A21EEA12ADFEDD73A02EE0A
:10A8C000233A23EE023A20EE012A22EE811A03EE09
:10A8D000211A32EE010A10EE100A00F500606FF343
:10A8E0000B0000EE100A72EE401A31EE812A9FED45
:10A8F000CB1A60EE011A9FEDCA1A20EE011A9FEDE5
:10A90000C90A02EE001A31EE810A10EE100A00F5B3
:10A9100000606FF30B0000EE100AC34871EEC01A1E
:10A9200031EE812A784400EBC10090ED003AD0ED81
:10A93000011A100101EE100AF8EEC12A32EE211AB6
:10A9400031EE001A31EE031A31EE221A11EE100A1E
:10A9500000F500606FF30B0009EE100A39EE621A81
:10A9600031EE431A31EE400A30EE610A32EE40AA6F
:10A9700010EE900A002100F500606FF30B0008EE66
:10A98000900A084670EEE8AAFEF720FE29EE280A93
:10A9900000F00C01F0EEC00A10EE900AB0F18B4FFF
:10A9A0000DDD10EE900AB4EB400F08D310EE100A44
:10A9B0004FF08B4262F31E0008EE900A13E069EE3E
:10A9C0002A0A38EEAA1A4AEE010A30EE201A11EECF
:10A9D000100A00F500606FF30B0008EE900A30EEED
:10A9E000680A70EE209A0C20FEF7F0FD38EEA90AF6
:10A9F000B5EEC00AF1EE10FA34BFFEEE000AF6EE34
:10AA0000000A30EE800ABDEEC00A10EE100A0111F5
:10AA100000EE101AF8EEC00A00EE100AB8EEC00AF6
:10AA200038EEC00A30EE290ADFED801A9FED801A59
:10AA300000EE211ADFED7F1A7F4900F00F0040EE93
:10AA4000011A21EE800A794401EB800191ED001A90
:10AA50007A49794401EB8001D1ED001A784901EE81
:10AA6000801A794401EB8000764990ED000A31EEBE
:10AA7000001AB0EEE00A10EE100A884215DA10EE65
:10AA8000100AB4EB400F10D39FED6F0A30EE800A2E
:10AA9000DFED6E0A20EE200A68EE010ABDEC068B9F
:10AAA000BCEEC00A20EE200A10BD10EE100A684964
:10AAB000884243DA10EE100AB4EB400F3ED3BDEEED
:10AAC000E00A68EE010A10EE100A00EBD072511095
:10AAD000C90501F17E5100EE101AA0EB6200C0051D
:10AAE00060EE200A00F17E5000EE100A60EE808ACF
:10AAF00018EE900AB4EB400F0FD1022000F0B0FF27
:10AB000000F0E4FE10EE101A18EE100ABDEC068BF1
:10AB100061F31E0000EE100A10BD18EE900A40000E
:10AB200011D018EE900AFEF7D5FD042808BF00F0FA
:10AB3000D5FEB0EE680ABDEC068B10BDF5EEC00A7E
:10AB4000F1EE10FA0FD2022000F08AFF00F0C6FEEC
:10AB500010EE101A18EE100ABDEC068B61F31E0001
:10AB600000EE100A10BD022000F07AFF00F0AEFEE9
:10AB700010EE101AB0EE480A10EE100ABDEC068B6B
:10AB800061F31E0000EE100A10BD00BFBCF1804F43
:10AB90006CD300BF00F1FF43B3F1FE4F24D200BFDE
:10ABA000B0EEC00A10EE100AC1F3C7537F2B0DDBC5
:10ABB000972BBFF63BAEC3F196034FF0010C0CFA96
:10ABC00003F3A3F1010C1CEA010F08D0012000F0EF
:10ABD00047FFBDEC068BBDE8104000F06FBE0B4296
:10ABE00018BFBFEE008A21E643001CBF4FF0807300
:10ABF000B3EB400F34D96FF01A02DFED161A20EED6
:10AC0000210A10EE100A27E000000000001080C0AA
:10AC1000ABAAAA3E0000803D7EE24C3E00B0384226
:10AC2000D49AB8BB3BAA384230140000FC596337B1
:10AC3000C9FF753A1872313DCE13000002140000AE
:10AC4000721300000000FC420000FE420000004BB6
:10AC5000000040430000004D10F0004FA0D1E5E59A
:10AC6000A0F50003B3F1FE4F21D2DFE503EB410372
:10AC7000B3F1007F11D3F5EEC00AF1EE10FA05D161
:10AC8000430018BFB4EB400F76D883E701F00041D2
:10AC900041F0FC5100EE901A7CE7B3F1807F06D2C0
:10ACA00010EE903AA3F5000300EE903A72E720F020
:10ACB00000426FF0FF4C604C02EB0C03A34210D338
:10ACC00021F000439C44A4450BD3B0F17E5F18BF34
:10ACD0005FEA410C50D0B2F1FF4F98BFB3F1FF4F84
:10ACE00005D9BDEC068BBDE8104000F0E4BDB0F125
:10ACF000FF4F0FD0C1F3C7527F2A09DB972A11DA21
:10AD0000C2F19602012303FA02F2531E0B4205D050
:10AD1000002208E011F0004F55D128E00A4218BF88
:10AD2000012200D1022210F5000F13D028B3B0F198
:10AD3000004F26D010F1814F4FD04FF0FE42B2EBC2
:10AD4000400F94BF01200020012202EBE1718842F4
:10AD500039D10CE011F0004F02D0012A38D032E096
:10AD6000012A02BF9FED350ABDEC068B10BD9FED99
:10AD7000340ABDEC068B10BD2FE011F0004F0CD152
:10AD800021E0B1F1FF4F1ED011F5000F05D011F0F9
:10AD9000004F15D00AB1012A08D0022000F060FE51
:10ADA000BDEC068BBDE8104000F078BD022000F03D
:10ADB00057FE00F073FDBDEC068BB1EE400A10BDEE
:10ADC0000AB1012A04D0B0EE690ABDEC068B10BDB1
:10ADD000BDEC068B9FED1B0A10BDBDEC068BB7EEDC
:10ADE000000A10BD30EE410AB5EE001A9FED172A99
:10ADF00000EE413AB6EE001A60EE001A00EE431A79
:10AE000061EEC11A9FED101A20EE011A20EE020A1F
:10AE10009FED0F2A01EE820A71EE001A11EE900AE0
:10AE200000F500606FF30B0009EE100A31EE491ACD
:10AE300031EE00AA9CE50000FFFF3F00000080FF0C
:10AE40000000807F0000008000B0B841D49A38BB79
:10AE50003BAAB84100B510EE101A2DED028B81B05F
:10AE6000524A6846B2EB410F2ED94FF0E640B0EBA4
:10AE7000410F94BF00204FF0FF3000900098B0EEDB
:10AE8000408A00286ADB10F0010F4BD068EE080AF8
:10AE90009FED471A9FED470A00EE810A9FED461A83
:10AEA00010F0020F00EE801AB7EE000A00EE810AE1
:10AEB00002BF01B0BDEC028B00BD00BF01B0B1EE1E
:10AEC000400ABDEC028B00BD3C4B21F00042934296
:10AED00041D911F0004FDFED3A0A20EE201ADFEDE4
:10AEE000390A19BF31EE601A71EE200A31EE201ACC
:10AEF00071EE600ABDEEE01A11EE100A9FED321AF3
:10AF000000F0030000EEC10A9FED301A009000EE41
:10AF1000C10A9FED2F1A00EEC10A9FED2E1A00EE16
:10AF2000C10AABE728EE080A9FED2B1ADFED2B0ACA
:10AF300010F0020F40EE410A9FED291A00EE201A90
:10AF400061EE000AB0EE480A08EE200AB6D101B060
:10AF5000BDEC028B00BD00F0C9FC8FE718EE100AB3
:10AF60004000B0F17F4F0DD218EE100AFEF7B2FB91
:10AF7000042808BF00F0B2FCB0EE480A01B0BDECF6
:10AF8000028B00BD09D1012000F06AFD01B0BDECCB
:10AF9000028B5DF804EB00F091BC01B0B0EE480A02
:10AFA000BDEC028B5DF804EB00F082BCB61F927E14
:10AFB000B93AB2BACA9F2A3DDDFFFFBE490E4946E3
:10AFC00083F9223F0000004B0000C93F00A0FD397B
:10AFD0000020A2331A61342C336D4C39DA82083CDC
:10AFE000A0AA2ABE00B52DED048BB0EE409AF0EE7B
:10AFF000609A83B051EC190BFEF724FA41EC180B60
:10B0000018EE100A18EE901A8DED008B002818BF6C
:10B010000120084320F00040C0F17F6000F1E040D3
:10B02000C00F14D019EE101A19EE900A8DED009B86
:10B03000002918BF0121084320F00040C0F17F60C3
:10B0400000F1E040C00F04BF012000F009FDB0EEA8
:10B05000480A03B0F0EE680ABDEC048B00BD10B5E1
:10B060002DED028BB1EEC08A18EE100A20F00040E0
:10B07000C0F1FF40C00F0AD010EE100A20F00040CF
:10B08000C0F1FF40C00F04BF012000F0E9FCB0EEAA
:10B09000480ABDEC028B10BD10B54D492DED020BD9
:10B0A0002DED048B84B0099C24F000409FED4A9B59
:10B0B000884221DB04BF0898002809D09DED080BC9
:10B0C00004B0BDEC048B02B0BDE8104000F028B91C
:10B0D0008DED029B9DED080B19EE901A10EE900A73
:10B0E0008DED000B61F31E0003909DED020B04B08B
:10B0F000BDEC048B02B010BD39498842A4BFB0EE4C
:10B10000490AF0EE690A57DAB0F1725F0CDA9DED88
:10B11000080B51EC100BFEF7C5FA042808BF00F02D
:10B1200033F99DED080BE2E72E499DED080B8142B6
:10B1300051EC100B9FED2C8B1CDC00F083FD53ECCD
:10B14000182BFDF74DFF41EC100B00F02DF953ECDF
:10B15000182B51EC100BFDF79CFE41EC100B51EC41
:10B16000180B53EC102BFDF7ADFF53EC192BFDF72B
:10B1700034FF1FE000F066FD9FED1D1B53EC112B0B
:10B18000FDF72EFF41EC100B00F00EF9B0EE409AE7
:10B19000F0EE609A53EC182B51EC190BFDF779FE89
:10B1A00041EC180B51EC190B81F0004153EC182BBA
:10B1B000FDF788FF41EC100B002C98DA51EC100BD6
:10B1C00081F0004141EC100B91E70000000000000D
:10B1D0000000F07F00000000000000000000F03FD1
:10B1E000000036400000F03F00000000000000407A
:10B1F00000000000000000C070B504462DED028B79
:10B200004D1E00EBC500B0EE408AF0EE608A90ED76
:10B21000000B35F0060017D053EC182B51EC100B37
:10B22000FDF7DEFE41EC100B6D1E04EBC50090ED4A
:10B23000001B51EC100B53EC112BFDF72AFE41ECD7
:10B24000100B35F00600E7D1022D36D0042D1CD0AE
:10B25000062D1CBFBDEC028B70BD53EC182B51ECBE
:10B26000100BFDF7BDFE94ED0A1B53EC112BFDF7FF
:10B2700010FE53EC182BFDF7B3FE94ED081B53ECB6
:10B28000112BFDF706FE41EC100B53EC182B51EC83
:10B29000100BFDF7A5FE94ED061B53EC112BFDF7EB
:10B2A000F8FD53EC182BFDF79BFE94ED040B53ECCB
:10B2B000102BFDF7EEFD41EC100B53EC182B51EC6D
:10B2C000100BFDF78DFE94ED021B53EC112BFDF7D7
:10B2D000E0FD53EC182BFDF783FE94ED001B53ECBF
:10B2E000112BFDF7D6FDBDEC028B41EC100B70BDB0
:10B2F0009FED070B10B553EC102B9FED070B51EC96
:10B30000100BFDF7DFFE41EC100B10BD000000003C
:10B310000000000000000000000000000000F03FFE
:10B3200010B553EC102B51EC100BFDF7B2FD41ECB6
:10B33000100B10BD10B553EC112B51EC100BFDF799
:10B34000A8FD41EC100B10BD9FED050B10B553ECA3
:10B35000102B51EC100BFDF7B5FE41EC100B10BD9E
:10B3600000000000000000009FED050B10B553EC3D
:10B37000102B51EC100BFDF733FE41EC100B10BD00
:10B3800000000000000000709FED050B10B553ECAD
:10B39000102B51EC100BFDF723FE41EC100B10BDF0
:10B3A000000000000000001070B52DED020B2DED27
:10B3B0000C8B82B00F9C9DED0E0B14F0004508BF66
:10B3C0008DED000B05D051EC100B81F00041CDE963
:10B3D0000001FF4824F0004484424BD3FD489FED18
:10B3E000FE8BA04234D8FE4884421BD30E99C4F38E
:10B3F0001300084309D09DED0E0B02B0BDEC0C8B81
:10B4000002B0BDE87040FFF78BBF35B99DED0E0B64
:10B4100002B0BDEC0C8B02B070BDB0EE480AF0EE8D
:10B42000680AF5E79FEDF00B53EC102B9DED0E0B2A
:10B4300051EC100BFEF7B2F80AD2022000F010FB1C
:10B4400002B0BDEC0C8B02B0BDE87040FFF78CBFC2
:10B4500085B19FEDE70B53EC102B9DED0E0B51ECDE
:10B46000100BFDF716FD9FEDE40B53EC102BFEF7D0
:10B470007DF8D2D3E2489FEDE4AB844240F20581EF
:10B48000E3489FEDE59B9FEDE68BA04215D99DED2E
:10B490000E0B53EC192B51EC100B45B1FDF7F9FCD9
:10B4A00041EC190B9FEDE08B4FF0FF3440E0FDF7CE
:10B4B00091FD41EC190B01243AE09FEDDD0B53ECBB
:10B4C000102B9DED0E0B51EC100BFDF789FD41EC9F
:10B4D000100B002D12BF9FEDD81BB0EE4A1AF0EEF4
:10B4E0006A1A53EC112B51EC100BFDF7D2FCFDF74F
:10B4F00069FE0446FDF755FECDE900019DED000B08
:10B5000053EC192B51EC100BFDF76AFD9DED0E1B52
:10B5100053EC112BFDF761FD9DED000B41EC190B78
:10B5200053EC182B51EC100BFDF75AFD41EC180BA6
:10B5300051EC190B53EC182BFDF74CFDCDE90E0126
:10B540009DED0E0B53EC192B51EC100BFDF745FD47
:10B5500053EC182BFDF73EFD41EC1B0B9DED0E0B44
:10B5600053EC1A2B51EC100BFDF73AFD41EC1D0B7F
:10B570009DED0E0B53EC1D2B51EC100BFDF730FD28
:10B5800041EC180BAE480521B0EE480AF0EE680A0F
:10B590007844FFF731FE53EC182B51EC100BFDF7FC
:10B5A0001FFD9FEDA99B53EC192BFDF772FC41EC9D
:10B5B0001C0B53EC1D2BFDF713FD9FEDA51B53EC4E
:10B5C000112BFDF70AFDCDE900019DED000B53ECB9
:10B5D000102B9DED0E0B51EC100BFDF701FD9FEDB7
:10B5E0009E1B53EC112BFDF7F8FC9DED000B41EC7D
:10B5F0001D0B53EC102B51EC1C0BFDF7EBFC53EC2B
:10B600001D2BFDF75FFD53EC182BFDF7E9FC41EC1A
:10B61000100BCCB353EC1B2B51EC100BFDF7DAFCE9
:10B620009DED0E1B53EC112BFDF7DAFC53EC1B2B9D
:10B63000FDF7D0FC53EC182BFDF7CCFC41EC180BBC
:10B64000B4F1FF3F47D0012C56D014F1020F01DDB9
:10B65000382C71DD9DED0E0B53EC182B51EC100BBB
:10B66000FDF7BBFC53EC192BFDF7B7FCCDE900014E
:10B6700001EB045001909DED000B53EC192B51ECA4
:10B68000100BFDF7A7FC54E010E07548A04298BFEE
:10B6900000247FF663AF9DED0E0B51EC100BFEF70F
:10B6A00001F8042808BFFFF76FFEAFE653EC102B3C
:10B6B0009DED0E0B51EC100BFDF792FC53EC182B8B
:10B6C000FDF788FC9DED0E1B53EC112BFDF785FC5F
:10B6D00041EC100B9CE69DED0E0B53EC182B51EC3E
:10B6E000100BFDF777FC53EC1A2BFDF779FC53ECAC
:10B6F0001A2BFDF76FFC1CE09FED5B0B53EC102B3E
:10B700009DED0E0B51EC100BFDF730FF15D29DEDAA
:10B710000E0B53EC1A2B51EC100BFDF7BAFB53EC4C
:10B72000182BFDF75AFC9FED521B53EC112BFDF724
:10B7300057FC41EC100B6BE612E09DED0E0B53EC49
:10B74000182B51EC100BFDF745FC9FED4B1B53ECF8
:10B75000112BFDF745FC53EC192BFDF79AFBE8E79D
:10B760008DED009B142C1BDA4FF40010E040C0F16B
:10B770007F6000F1405001909DED0E0B53EC182BB3
:10B7800051EC100BFDF729FC9DED001B53EC112B28
:10B79000FDF723FCCDE9000101EB045001907AE0B4
:10B7A00040F2FF30001B000501909DED000B51ECB5
:10B7B000180B53EC102BFDF76CFB9DED0E1B53EC9F
:10B7C000112BFDF70AFC53EC192BCDE9000157E0D2
:10B7D0007A684340422E8640000000000000F0BF1F
:10B7E0000000F07F00000000EF39FAFE422E864094
:10B7F00059F3F8C21F6EA501000000000000000010
:10B80000422ED63F00000000000000000000E03F94
:10B81000B2A2F03F000000000000E0FE422EE63F32
:10B82000763C7935EF39EA3D763C7935EF39EABD3A
:10B83000FE822B654715F73F000000000000E0BFC7
:10B840000409000000000000000000000000F03FBC
:10B850000000000000000840000000000000184048
:10B860000000903C00000000000000000000D0BF7D
:10B8700000000000000000C00000000000000040C8
:10B880009DED000B51EC100BFDF703FBCDE9000122
:10B8900001EB045001909DED000BB9E5DFED030ACB
:10B8A000B7EE001A81EE200A704700000000000089
:10B8B00030EE000A704730EE200A7047DFED020AD2
:10B8C00080EEA00A70470000000000009FED020A11
:10B8D00020EE000A70470000000000709FED020A91
:10B8E00020EE000A70470000000000102DE9F00172
:10B8F0004FF07F42B2EB410F9FBF4FF0FF3101602D
:10B90000BDE8F00170474FF0004242EA0123C1F365
:10B91000C752783A551112F01F0C434CCCF1200657
:10B920007C44C1F3C752A2F178024FEA621204EBE1
:10B93000820254F8254008BFD2E9015612D055685A
:10B9400004FA0CF425FA06F73C43976805FA0CF55F
:10B9500027FA06F8D26807FA0CFCF24045EA080517
:10B960004CEA0206A4FB034CA5FB0352A6FB0363AF
:10B970001D449D4234BF012600261319334416B1DD
:10B98000934202D903E0934201D2012200E0002257
:10B99000624402F1200C9206DC0C42EA443200EED2
:10B9A000102A5B03DFED210AF8EEC01A00EE103A10
:10B9B0004FEA9C1C11F0004FB8EE400AC0F800C0DE
:10B9C00020EE201A00EE105ADFED190AB8EE400AF8
:10B9D00020EE200A71EE810A70EE800A10EE902AA5
:10B9E00002F500626FF30B0200EE902A70EEE11A8E
:10B9F00031EEC11ADFED101A30EE411A9FED0D0A3B
:10BA000020EE800A01EE210A9FED0C1A00EE810A59
:10BA100004BFBDE8F0017047CCF180510160BDE882
:10BA2000F001B1EE400A7047A405000000000036A6
:10BA30000000802C22AAFD29DB0FC92F0000C92F8E
:10BA400002E008C8121F08C1002AFAD170477047E7
:10BA5000002001E001C1121F002AFBD17047000045
:10BA60000149086070470000100400202DE9FF4FD5
:10BA70008BB09A460F460546002606E025280BD0D7
:10BA800052460D9990476D1C761C28780028F5D1F8
:10BA90000FB03046BDE8F08F0024A0460122604977
:10BAA00000E0044315F8013F203B02FA03F008428E
:10BAB000F7D128782E2817D115F8010F44F0040487
:10BAC0002A280ED06FF02F022878A0F13001092922
:10BAD0000AD808EB880102EB410100EB01086D1C5C
:10BAE000F2E757F8048B6D1C287869283ED006DCF5
:10BAF0000028CDD063280BD0642804D136E0732809
:10BB000010D075284BD052460D999047761C85E091
:10BB100017F8040B8DF8000000208DF80100E946AD
:10BB2000012003E057F8049B4FF0FF3061074FF00E
:10BB3000000401D40AE0641C44450DDA8442FADBB7
:10BB400019F804100029F6D106E0641C8442FCDBDD
:10BB500019F804100029F8D1264404E019F8010B63
:10BB600052460D999047641EF8D257E001CF4FF02E
:10BB70000A0B002802DA40422D2102E0210504D5FB
:10BB80002B218DF82410012103E0E10705D02021AD
:10BB9000F7E70DF1200908910CE00021F9E701CF4A
:10BBA0004FF00A0BF9E75946FDF75AFB01F1300255
:10BBB00009F8012D0028F6D1ADEB090000F1200BAA
:10BBC000600701D44FF00108D84502DDA8EB0B0057
:10BBD00000E000208046002406E009A85246005DEF
:10BBE0000D999047641C761C08988442F5DB04E0AC
:10BBF000302052460D999047761CB8F10001A8F10B
:10BC00000108F5DC05E019F8010B52460D99904743
:10BC1000761CBBF10001ABF1010BF4DC6D1C34E7C9
:10BC2000092801004A68002A06D00A68531C0B60E4
:10BC300010704868401E486070470A68531C0B60CB
:10BC40001070704782B0CDE9000121F000400190F2
:10BC50009DED000B02B051EC100B704700B52DEDBF
:10BC6000048B83B041EC190BFDF7ECFB41EC180B96
:10BC700018EE100A18EE901A8DED008B002818BFF0
:10BC80000120084320F00040C0F17F6000F1E04057
:10BC9000C00F14D019EE101A19EE900A8DED009B0A
:10BCA000002918BF0121084320F00040C0F17F6047
:10BCB00000F1E040C00F04BF0120FFF7D1FE51ECBE
:10BCC000180B03B0BDEC048B00BD000000000000A9
:10BCD000000000000000F03F000000000000F83FFE
:10BCE00000000000000000000000004003B8E23F38
:10BCF000000000000000000006D0CF43EBFD4C3EEA
:10BD0000033333333333E33FFFAB6FDBB66DDB3FDE
:10BD10004D268F515555D53F01411DA96074D13F26
:10BD200065DBC9934A86CD3FEF4E454A287ECA3F20
:10BD30003E5555555555C53F93BDBE166CC166BFA2
:10BD40002CDE25AF6A56113FF16BD2C541BDBBBE9B
:10BD5000D0A4BE726937663E0000000000000000FB
:10BD60000000B33FB2BE7D3A00002E40DFCF513815
:10BD700000007E40BF51FABA00E0A44019DAC3BA0D
:10BD800000E0C840C2ED8AB90040EB40CD1F2CBA9C
:10BD9000001006412AFFFABA00C01541DFCFD137A3
:10BDA00000D024419A97703A0050334189478E362B
:10BDB00000404141E75B9D3800B04E41C00A98B950
:10BDC00000A05B41558F943A00306841DA92C0BAC6
:10BDD0000040744162B3C63A0000803F00A0853F36
:10BDE00000908B3F00C0913F0030983F00F09E3F95
:10BDF00000F0A53F0050AD3F0000B53F0000BD3F43
:10BE00000060C53F0020CE3F0040D73F00C0E03F6C
:10BE100000C0EA3F0020F53F000000007D36AC394D
:10BE20007D3C3839EBDCF438320A7E39124C263945
:10BE30009B6AED39A4EE83397F661E39F6398A395B
:10BE40002B426539A48211395B991F39C3EECD3974
:10BE5000DDE7C637A5A22F390000803FC3AA853F82
:10BE6000C2958B3FD3C3913FF037983F32F59E3F49
:10BE7000D7FEA53F3F58AD3FF304B53FA408BD3FF3
:10BE80002A67C53F8C24CE3FFD44D73FDFCCE03F3F
:10BE9000C7C0EA3F7D25F53FF41011111111A1BF74
:10BEA0008555FE19A0015A3FB7DBAA9E19CE14BFD3
:10BEB0003952E686CACFD03E2DC3096EB7FD8ABE81
:10BEC0000000000000000000000000006E83F9A2E6
:10BED0002915444ED15727FCC0DD34F5999562DB16
:10BEE0004190433CAB6351FE08BF000800000020B6
:10BEF00014040000F495000818C000081404002081
:10BF0000DC2F000050BA0008411BFF01041A020494
:10BF10001A03041A04041A05041A06041A07041A58
:10BF200008041A09041A0A041A0B041A0C041A0D3C
:10BF300004112A0E051A0F0582101A8440C11957E0
:10BF400001A11AFCB41A2CA91A200823F8021A5EBF
:10BF50000C1A12081AB8081A580832A01A620829CE
:10BF6000CC1ADA081ACB041AD60D1A1C081AB30810
:10BF70001A0E041A18045AA438C162FA223F1A8011
:10BF800004111A400819041AA0041AC0041B204105
:10BF90000C19041AF0042334421A700434F0429647
:10BFA00052781A48102BC842533264180835FA8E5A
:10BFB0003CC3F54838011272054B3075040118A9CD
:10BFC0001C027B112D295C8F3E0401342342017237
:10BFD00069231C021A2C1081323C320A3264F2C8E6
:10BFE0002927992B012D1A1B391A57041A8B040A79
:10BFF0001182453207023C052B7A03B749A868082D
:10C00000020304060708090CA910C11AAA010111AC
:08C01000023E281AFF01410065
:040000050800018965
:00000001FF
