:020000040800F2
:10000000C0320020B556000845020008470200082B
:100010004B0200084F0200085302000800000000D5
:100020000000000000000000000000009D0100082A
:100030005702000800000000E1010008CF86000818
:10004000CF560008CF560008CF560008CF560008FC
:10005000CF560008CF560008CF560008CF560008EC
:100060005D040008A1040008CF5600080103000841
:10007000E30200083F030008CF560008750200089D
:10008000CF56000881020008CF560008CF5600085E
:10009000CF560008CF560008CF560008CF560008AC
:1000A000CF5600087B030008CF560008CF56000843
:1000B000A7030008D503000801040008CF56000874
:1000C000CF560008CF560008CF5600085904000844
:1000D000CF5600085D020008CF560008CF56000832
:1000E000CF560008CF560008CF560008CF5600085C
:1000F000CF560008CF560008CF5600081B03000853
:10010000CF560008CF5600082D0400085B040008F5
:10011000CF560008CF5600084D03000859030008C9
:10012000CF5600089B020008B5020008CF56000811
:10013000CF560008CF560008CF560008CF5600080B
:10014000CF560008CF560008CF560008CF560008FB
:10015000D5020008CF560008CF560008CF56000839
:10016000CF560008CF560008CF560008CF560008DB
:10017000CF560008CF560008CF560008CF560008CB
:10018000CF560008CF560008DFF80CD009F0B0FDBC
:1001900000480047CF530008C0320020234B1968A5
:1001A0000868B0E8F04F80F309884FF0000080F352
:1001B000118870470000000003480068006880F361
:1001C000088862B600DF00BF08ED00E0DFF80C0031
:1001D000016841F470010160704700BF88ED00E0E4
:1001E000EFF30980114B1A681EF0100F08BF20EDC5
:1001F000108A20E9F04F106008B54FF0140080F32A
:10020000118808F02CFE4FF0000080F31188BDE843
:10021000084019680868B0E8F04F1EF0100F08BFDA
:10022000B0EC108A80F30988704700BFF00200200C
:10023000EFF311804FF0140181F31188704780F3C0
:1002400011887047704700BFFEE700BFFEE700BFA0
:10025000FEE700BFFEE770477047704710B540F2F9
:100260002551904807F047FB18B120218D4807F031
:1002700039FB10BD10B58C498C4806F071FA10BDE1
:1002800010B58B498948303006F040FA20B18849D2
:100290008648303006F064FA10BD10B585498648AE
:1002A00006F034FA28B18349834806F059FA01F080
:1002B00027FD10BD10B581497F48183006F050FA6F
:1002C0007F4840787E49097840EA012000B27D49A4
:1002D000088010BD10B57C497748603006F040FAC0
:1002E00010BD10B573497148483806F00FFA30B1A7
:1002F00070496E48483806F033FA00F09FFA10BD96
:1003000010B572496948603806F000FA20B16F49AB
:100310006648603806F024FA10BD10B56C49634891
:10032000483006F0F3F948B100216048483006F043
:1003300043F967495D48483006F012FA10BD10B520
:1003400059495A48303806F00BFA10BD10B5012152
:10035000604807F02DF810BD10B501215E4807F088
:1003600027F87A204F49888001215C4807F0D2F9AC
:1003700001215B4807F0CEF910BD10B501215948A5
:1003800007F016F85748008800F0100028B15648CA
:100390000068401E5449086004E053480068401C4F
:1003A0005149086010BD10B50121880707F000F819
:1003B0004FF08040008800F0100028B14B480068E2
:1003C000401E4A49086004E048480068401C47490C
:1003D000086010BD10B50121454806F0E9FF44480A
:1003E000008800F0100028B142480068401E4149D2
:1003F000086004E03F480068401C3E49086010BDAA
:1004000010B501213C4806F0D3FF3B48008800F0BE
:10041000100028B139480068401E3849086004E0DF
:1004200036480068401C3549086010BD10B50121F0
:10043000334806F0BDFF3248008800F0100028B1B4
:1004400030480068401E2F49086004E02D480068CD
:10045000401C2C49086010BD7047704710B504203F
:1004600006F016FAD8B12021274805F09AFA04219F
:10047000264805F071FA012804D10021164806F03B
:1004800017FB09E00421214805F066FA20B912485B
:1004900006F012FB1E49086004201E49086010BDCA
:1004A0007047000000100140208000207060024072
:1004B0000080202000880010286402400080201066
:1004C0000C0500206400002000880020208000101F
:1004D0000080002800100040001400400048004048
:1004E00000140140000001404400002048000020AA
:1004F000000400404C000020000800406000002084
:10050000000C00405000002000000240000C02409F
:1005100040000020143C014070B50446204609F01C
:1005200087F805462146F74809F089F8A0B19522D9
:100530002146F44809F070F80021F34806F03CF831
:10054000F048F1490C310860EF48B838C0F8BC50A9
:100550000121ED4806F030F870BD70B50446002565
:1005600010E0605D68B1615DE84807F0FEF800BF2B
:100570008021E64807F0A9F90028F9D0681CC5B227
:1005800000E070BDEDE770B5044600250FE05CB1FA
:100590002146DE4807F0E9F800BF8021DB4807F07C
:1005A00094F90028F9D000E070BD681CC5B2032D95
:1005B000EDDB00BFF8E713B50C460020FFF7E3FFC3
:1005C000D3A0FFF7CAFF2346D2A29621D24809F052
:1005D000E9FBD148FFF7C1FFD0A0FFF7BEFFCDA2D6
:1005E0009621CD48009B09F0DDFBCB48FFF7B5FF16
:1005F000CCA0FFF7B2FFFF20FFF7C5FFFF20FFF7FA
:10060000C2FFFF20FFF7BFFF1CBD70B505460C46BB
:10061000BFA0FFF7A2FF2246BEA1BF4809F0DAFB48
:10062000BD48FFF79AFFBDA0FFF797FF2846FFF7E9
:1006300094FFBCA0FFF791FFFF20FFF7A4FF70BD60
:1006400077B585B00546FF26B4A103C9CDE90301FE
:10065000B4A000680290AEA00068019000240AE0F7
:100660000020B1490855B1490855AB490855A5497D
:100670000855601CC4B21E2CF2DB0A20A649087083
:10068000FF2048708870C870A2A1A848079A09F096
:10069000A1FBA64901A808F0B3FF01A99E4808F0F4
:1006A000AFFF03A99C4808F0ABFF29469A4808F021
:1006B000A7FF98A19D48069A09F08CFB9B49964894
:1006C00008F09EFF02A9944808F09AFFFF2096497F
:1006D000087048708870904808F092FF8E48FFF7C5
:1006E0001BFF08B070BDF7B584B005460E46FF2766
:1006F0008AA103C9CDE902018AA00068019084A003
:1007000000680090002408E00020874908558749C8
:10071000085581490855601CC4B20A2CF4DB0A2034
:100720007D490870FF2048708870C87079A17F48A3
:10073000069A09F04FFB7D49684608F061FF69465B
:10074000754808F05DFF02A9734808F059FF294673
:10075000714808F055FF31466F4808F051FF01A974
:100760006D4808F04DFFFF206F4908704870887091
:100770000020C8700871684808F042FF6648FFF71B
:10078000CBFE07B0F0BD01B58EB069A2322101A841
:100790000E9B09F007FB01A8FFF7BEFE0FB000BDDE
:1007A00073B584B00546FF265CA103C9CDE90201FB
:1007B0005CA00068019056A00068009000240AE048
:1007C00000205949085559490855534908554D497C
:1007D0000855601CC4B21E2CF2DB0A204E4908707A
:1007E000FF2048708870C8704AA15048059A09F0E7
:1007F000F1FA4E49684608F003FF6946464808F09A
:10080000FFFE02A9444808F0FBFE2946424808F0D2
:10081000F7FE4649404808F0F3FE01A93E4808F0BB
:10082000EFFEFF2040490870487088703A4808F091
:10083000E7FE3948FFF770FE06B070BD1CB53F48B3
:1008400000783E49497808443C49897808443B4946
:10085000C97808443949097908443849497908442C
:100860003649897908443549C97908443349097AB0
:100870000844C0B201903148007A00F00F000090A7
:100880009DF800000D2803D000212D4806F042FFFE
:100890001CBD2A48007A00F00F000D2806D1274819
:1008A000007800F0010008B10D2070470020FCE73F
:1008B0002248007800F0100008B1012070470020A5
:1008C000FCE71CB51F4806F0F7F81F49096840EA25
:1008D00001400A2190FBF1F0009000243CE019480F
:1008E00006F0EAF81849096840EA01400A2190FB3D
:1008F000F1F00190DDE90021881A002826DB01468D
:1009000025E0000066040020B8600240005000406E
:100910007400000025640000300300202E747874F9
:100920003D2200002200000016040020EE030020FB
:100930006A302E76616C3D25640000004805002079
:1009400000480040000001404400002041420529C9
:1009500000DA641C01980090022CC0DB01981CBDD9
:100960001CB54FF0804006F0A7F8F849096840EA46
:1009700001400A2190FBF1F00090002418E04FF0B4
:10098000804006F099F8F149096840EA01400A21DF
:1009900090FBF1F00190DDE90021881A002801DBCD
:1009A000014600E04142322900DA641C01980090BF
:1009B000022CE4DB01984100002901DB08461CBD44
:1009C0004842FCE71CB5E24806F076F8E1490968C0
:1009D00040EA0140642190FBF1F00090002417E010
:1009E000DB4806F069F8DB49096840EA0140642108
:1009F00090FBF1F00190DDE90021881A002801DB6D
:100A0000014600E04142322900DA641C019800905E
:100A1000022CE5DB01981CBD70471CB5CE4806F0E2
:100A20004BF8CE49096840EA0140642190FBF1F09F
:100A30000090002417E0C84806F03EF8C74909684E
:100A400040EA0140642190FBF1F00190DDE90021D2
:100A5000881A002801DB014600E04142322900DA11
:100A6000641C01980090022CE5DB01981CBD01B5C7
:100A700081B000200090019800EBC0004000009081
:100A800002E00098401E009000980028F9D10CBDAB
:100A900001B581B00020009044F2506101984843B4
:100AA000009002E00098401E009000980028F9D1C4
:100AB0000CBD1CB501211F2005F032F94FF6FF7067
:100AC000009001208DF8040000208DF80600012020
:100AD0008DF8070003208DF805006946A04804F052
:100AE000D9FE4FF6FF70009001208DF80400002021
:100AF0008DF8060001208DF8070003208DF8050011
:100B00006946984804F0C6FE4FF6FF700090012039
:100B10008DF8040000208DF8060001208DF80700F4
:100B200003208DF8050069468F4804F0B3FE1CBD14
:100B30001CB501217E2005F0F3F8C02000900020B4
:100B40008DF8040001208DF8070002208DF80500C3
:100B50006946864804F09EFE0620009000208DF82D
:100B6000040001208DF8070002208DF80500694679
:100B70007B4804F08FFE0420009000208DF80400D4
:100B800001208DF8070002208DF8050069467548A0
:100B900004F080FE1CBD1FB54FF4E06004F09CFD26
:100BA00036208DF8000000208DF801008DF802003D
:100BB00001208DF80300684604F093FD0121102008
:100BC00005F0E1F83220ADF8040040F2E730029081
:100BD0000020ADF80C00ADF8060001A9644805F04E
:100BE0001EFF0121624806F0E3FB01221146604826
:100BF00006F0B6FB00215E4805F05AFF01215C4873
:100C000005F096FF1FBD1FB54FF4E06004F064FDD2
:100C100037208DF8000000208DF801008DF80200CB
:100C200001208DF80300684604F05BFD01212020BF
:100C300005F0A9F83220ADF8040040F2E730029048
:100C40000020ADF80C00ADF8060001A9494805F0F8
:100C5000E6FE0121474806F0ABFB0122114645485C
:100C600006F07EFB0021434805F022FF01214148A8
:100C700005F05EFF1FBD00B58BB00121022005F01D
:100C800093F801210C2005F04BF80322062135488A
:100C900004F08BFE03220721324804F086FE032273
:100CA0000821304804F081FE032209212D4804F078
:100CB0007CFE4FF47070069002208DF81C0003201B
:100CC0008DF81D0000208DF81E0001208DF81F00FA
:100CD00006A9244804F0DEFDA420ADF8200040F66B
:100CE000B83009904FF48070ADF828000020ADF8BE
:100CF000220008A9204805F092FE6020ADF804000B
:100D00000120ADF8060000200390ADF8100001218D
:100D1000194805F00DFF0021174805F0C9FE01A98B
:100D2000154805F011FF01A9134805F046FF01A978
:100D3000114805F08FFF01A90F4805F0F1FF0121CF
:100D40000D4806F0E6FA0BB000BD00004800002098
:100D50000008004060000020000400404C0000201B
:100D60000004024000080240000C02400000024063
:100D700000100040001400400004014000B58BB09A
:100D80000121082004F0FFFF0121084604F0C8FFFC
:100D900002220021FE4804F008FE02220121FC4844
:100DA00004F003FE02221146F94804F0FEFD02227F
:100DB0000321F74804F0F9FD0F20069002208DF87A
:100DC0001C0003208DF81D0000208DF81E0001205E
:100DD0008DF81F0006A9EE4804F05CFDBA20ADF8BE
:100DE000200042F2107009900020ADF82800ADF804
:100DF000220008A9E74805F012FE6020ADF80400C3
:100E00000120ADF8060000200390ADF8100001218C
:100E1000E04805F08DFE0021DE4805F049FE01A9FD
:100E2000DC4805F091FE01A9DA4805F0C6FE01A9EB
:100E3000D84805F00FFF01A9D64805F071FF012140
:100E4000D44806F066FA0BB000BD00B58BB00121A6
:100E5000042004F098FF01210D2004F061FF02221C
:100E60000C21CD4804F0A1FD02220D21CA4804F056
:100E70009CFD02220E21C84804F097FD02220F219A
:100E8000C54804F092FD4FF47040069002208DF8A2
:100E90001C0003208DF81D0000208DF81E0001208D
:100EA0008DF81F0006A9BC4804F0F4FCA420ADF89E
:100EB000200040F6B83009904FF48070ADF828005B
:100EC0000020ADF8220008A9B44805F0A8FD602074
:100ED000ADF804000120ADF8060000200390ADF845
:100EE00010000121AD4805F023FE0021AB4805F0BC
:100EF000DFFD01A9A94805F027FE01A9A74805F0D3
:100F00005CFE01A9A54805F0A5FE01A9A34805F0CE
:100F100007FF0BB000BD00B589B00121080404F043
:100F200043FF0121084604F0FBFE032211469848C6
:100F300004F03BFD03220221954804F036FD0C200D
:100F4000019002208DF8080003208DF80900002090
:100F50008DF80A0001208DF80B0001A98C4804F0DF
:100F600099FC0020ADF818004FF6FF7007900020A4
:100F7000ADF82000ADF81A0006A9894805F04FFD2C
:100F80000420ADF80C000020ADF80E00C820ADF82C
:100F900014000120ADF8100003A9814806F016F9ED
:100FA00000231A4603217F4806F0ADFA01217D484F
:100FB00006F0FEF9012211467A4806F0D1F9012126
:100FC000774805F0B5FD0021764805F071FD09B0C0
:100FD00000BD00B589B00121084604F0D4FE01210E
:100FE000022004F0D0FE0121032004F099FE01222A
:100FF0000F21674804F0D9FC012203216A4804F05C
:10100000D4FC02220421684804F0CFFC022205210E
:10101000654804F0CAFC3820019002208DF80800D1
:1010200003208DF8090000208DF80A0001208DF8BA
:101030000B0001A95C4804F02DFC4FF40040019026
:1010400002208DF8080003208DF8090000208DF89B
:101050000A0001208DF80B0001A94D4804F01AFC8C
:101060000020ADF818004FF6FF7007900020ADF893
:101070002000ADF81A0006A94FF0804005F0CFFC23
:1010800006A94A4805F0CBFC0420ADF80C0002206C
:10109000ADF80E001420ADF814000120ADF81000DA
:1010A00003A9800706F092F803A9404806F08EF8DD
:1010B00002231A460321580706F025FA02231A468E
:1010C00003213A4806F01FFA0121880706F070F95B
:1010D0000121364806F06CF901221146900706F00E
:1010E0003FF901221146314806F03AF901218807FB
:1010F00005F01EFD01212D4805F01AFD00214FF0DD
:10110000804005F0D5FC0021284805F0D1FC4FF4C3
:10111000C06004F0E1FA1D208DF8000003208DF876
:10112000010000208DF8020001208DF803006846C0
:1011300004F0D7FA1C208DF8000004208DF801007F
:1011400000208DF8020001208DF80300684604F0AD
:10115000C8FA09B000BD00B589B00121084604F005
:1011600023FE0121102004F0DBFD4FF420600190EC
:1011700002208DF8080003208DF8090000208DF86A
:101180000A0001208DF80B0001A9094812E00000B7
:1011900000000240000C0040000C0240000800402B
:1011A00000000140004001400004024000040040F3
:1011B0000010024004F06EFB01220921FE4804F0F9
:1011C000F4FB01220B21FC4804F0EFFB0020ADF8FA
:1011D00018004FF6FF7007900020ADF82000ADF822
:1011E0001A0006A9F54805F01AFC0420ADF80C0019
:1011F0000020ADF80E000A20ADF814000120ADF873
:10120000100003A9ED4805F0E1FF00231A46032171
:10121000EA4806F078F90121E84806F0C9F8012209
:101220001146E64806F09CF80121E44806F0C0F8B3
:1012300001221146E14806F093F80121DF4805F04C
:1012400077FC0021DD4805F033FC4FF4C06004F06A
:1012500043FA19208DF8000001208DF801000020CC
:101260008DF8020001208DF80300684604F039FA79
:1012700009B000BD00B589B00121042004F083FD50
:101280000121082004F04CFD4FF440500190022051
:101290008DF8080003208DF8090000208DF80A0061
:1012A00001208DF80B0001A9C54804F0F3FA0020D5
:1012B000ADF818004FF6FF7007900020ADF8200041
:1012C000ADF81A0006A9BF4805F0A9FB02220C21BF
:1012D000BB4804F06AFB02220D21B94804F065FB0B
:1012E0000420ADF80C000220ADF80E00C820ADF8C7
:1012F00014000120ADF8100003A9B24805F066FF04
:1013000002231A460321AF4806F0FDF80121AD483B
:1013100006F04EF801221146AA4806F021F80121F4
:10132000A84805F005FC42F21071A64805F0C0FB84
:101330000020A449143108800120A24908804FF4FC
:10134000C06004F0C9F91E208DF8000004208DF85B
:10135000010000208DF8020001208DF8030068468E
:1013600004F0BFF909B000BD00B589B00121082023
:1013700004F009FD0121084604F0D2FC032001908D
:1013800002208DF8080003208DF8090000208DF858
:101390000A0001208DF80B0001A98B4804F07AFAAD
:1013A0000020ADF818004FF6FF7007900020ADF850
:1013B0002000ADF81A0006A9844805F030FB02228F
:1013C0000021814804F0F1FA022201217E4804F054
:1013D000ECFA0420ADF80C000220ADF80E00C82095
:1013E000ADF814000120ADF8100003A9774805F00E
:1013F000EDFE02231A460321744806F084F8012109
:10140000724805F0D5FF01221146704805F0A8FF8B
:1014100001216E4805F08CFB42F210716B4805F01B
:1014200047FB002069491431088001206749088082
:101430004FF4C06004F050F932208DF80000042011
:101440008DF8010000208DF8020001208DF80300C6
:10145000684604F046F909B000BD00B59BB0012113
:101460005B4804F05DFC0121080204F09DFC0020B3
:101470000290584803905848049000200590082096
:101480000690002007904FF480600890400009907B
:1014900080000A9040110B9040020C9000200D90AB
:1014A00001200E9000200F90109002A94B4805F0EB
:1014B00049F80121494805F07FF83C2000900320BD
:1014C0008DF8040000208DF8070069463E4804F0BE
:1014D000E1F93C20009003208DF8040000208DF8F5
:1014E000070069463E4804F0D5F9002011904FF4FA
:1014F00040301290002013904FF47060149011A8A7
:1015000004F086FD4FF08070159001208DF8580092
:101510008DF85900002017901890199008208DF828
:10152000680015A92B484C3804F043FD0423012220
:10153000022128484C3804F0C2FD04230222032172
:1015400024484C3804F0BBFD0423032219462148EB
:101550004C3804F0B4FD04231A4605211D484C38CC
:1015600004F0ADFD042305220C211A484C3804F088
:10157000A6FD042306220D2116484C3804F09FFDD9
:10158000042307220E2113484C3804F098FD04234D
:1015900008220F210F484C3804F091FD01210D481D
:1015A0004C3804F037FE01210A484C3804F027FE7D
:1015B000012108484C3815E00010024000000140AD
:1015C000000C02400008004000000240000C0040F7
:1015D000050040004C200140FC0400201064024043
:1015E0000008024004F02BFDFE4804F0C4FD1BB0CF
:1015F00000BD08B54FF4E06004F06EF825208DF8CA
:10160000000000208DF801008DF8020001208DF807
:101610000300684604F065F808BD10B596B00446AE
:101620000121102004F0C0FB0121084604F078FBE2
:101630000121880504F074FB4FF4C0600090022083
:101640008DF8040000208DF806008DF807000220B8
:101650008DF805006946E44804F01CF907220921C9
:10166000E14804F0A2F907220A21DF4804F09DF9BD
:1016700002940020ADF80C00ADF80E00ADF810009B
:10168000ADF814000C20ADF8120002A9D74805F0FF
:10169000B9FF0121D54806F03DF84FF4A06004F0F1
:1016A0001BF83A208DF8180000208DF819008DF8ED
:1016B0001A0001208DF81B0006A804F012F8CC488F
:1016C00004F09EFE4FF00060079000200A90C94889
:1016D00009900A200B90C548001D089000200C902E
:1016E0004FF480600D9000200E900F904FF48070AA
:1016F00010904002119004201290032013900020BB
:101700001490159007A9BA4804F01CFF012240214B
:10171000B64806F0ACF801221021B54804F0D9FF14
:101720000121B34804F048FF16B010BD10B596B0C3
:1017300004460121480504F0F3FA0121480404F0AD
:1017400022FB0121082004F0EBFA60200090022027
:101750008DF8040000208DF806008DF807000220A7
:101760008DF805006946A44804F094F80722052185
:10177000A14804F01AF9072206219F4804F015F940
:1017800002940020ADF80C00ADF80E00ADF810008A
:10179000ADF814000C20ADF8120002A9974805F02E
:1017A00031FF0121954805F0B5FF4FF4A06003F02B
:1017B00093FF11208DF8180000208DF819008DF886
:1017C0001A0001208DF81B0006A803F08AFF8C4840
:1017D00004F016FE4FF00060079040200A90894800
:1017E00009903C200B908548001D089000200C902B
:1017F0004FF480600D9000200E900F904FF4807099
:1018000010904002119004201290032013900020A9
:101810001490159007A97A4804F094FE01228021C3
:10182000764806F024F801228021744806F01FF85B
:1018300001221021724804F04CFF0121704804F08D
:10184000BBFE16B010BD10B596B004460121880449
:1018500004F099FA0121082004F062FA01214805F8
:1018600004F05EFA4FF44070009002208DF80400FE
:1018700000208DF806008DF8070002208DF8050085
:1018800069465D4804F006F8072208215A4804F02A
:101890008CF807220921584804F087F802940020A8
:1018A000ADF80C00ADF80E00ADF81000ADF8140066
:1018B0000C20ADF8120002A9534805F0A3FE012147
:1018C000514805F027FF4FF4A06003F005FF0C20FE
:1018D0008DF8180000208DF819008DF81A000120ED
:1018E0008DF81B0006A803F0FCFE4548783804F08C
:1018F00087FD4FF00060079000200A904348099050
:101900000A200B904048001D089000200C904FF4D6
:1019100080600D9000200E900F904FF4807010901A
:101920004002119004201290032013900020149084
:10193000159007A93248783804F004FE01224021AE
:10194000314805F094FF012240212F4805F08FFF18
:10195000012210212A48783804F0BBFE01212848D2
:10196000783804F029FE16B010BD10B596B00446C4
:101970000121C80404F007FA0121084604F0D0F957
:101980000121480504F0CCF90320009002208DF8D5
:10199000040000208DF806008DF8070002208DF865
:1019A00005006946104803F075FF082200210E4823
:1019B00003F0FBFF082201210B4803F0F6FF02941D
:1019C0000020ADF80C00ADF80E00ADF81000ADF839
:1019D00014000C20ADF8120002A90D4805F012FE0B
:1019E000012117E0002001400000024000100140EA
:1019F000406402400C050020000C024000440040FE
:101A0000A06002400400002000480040480500207B
:101A1000004C0040FB4805F07DFE4FF4A06003F051
:101A20005BFE0D208DF8180000208DF819008DF850
:101A30001A0001208DF81B0006A803F052FEF248A0
:101A400004F0DEFC4FF00060079000200A90EF48A1
:101A5000099008200B90EB48001D089000200C9086
:101A60004FF480600D9000200E900F904FF4807026
:101A70001090400211900420129003201390002037
:101A80001490159007A9E04804F05CFD0122402164
:101A9000DC4805F0ECFE01224021DA4805F0E7FEC3
:101AA00001221021D84804F014FE0121D64804F088
:101AB00083FD16B010BD10B596B00446012148054F
:101AC00004F02EF90121080504F05DF901210C2034
:101AD00004F026F90420009002208DF80400002074
:101AE0008DF806008DF8070002208DF80500694684
:101AF000C74803F0CFFE4FF48050009002208DF8CD
:101B0000040000208DF806008DF8070002208DF8F3
:101B100005006946BF4803F0BDFE08220221BC480B
:101B200003F043FF08220C21BA4803F03EFF4FF4B4
:101B3000A06003F0D1FD2F208DF8180005208DF84E
:101B400019008DF81A0001208DF81B0006A803F07B
:101B5000C8FD02940020ADF80C00ADF80E00ADF801
:101B60001000ADF814000C20ADF8120002A9AA482C
:101B700005F048FD0121A84805F0CCFDA2487830C9
:101B800004F03EFC4FF00060079040200A90A3480C
:101B9000099096200B90A048001D089000200C9002
:101BA0004FF480600D9000200E900F9010904FF435
:101BB0000030119000201290032013900020149008
:101BC000159007A99048783004F0BCFC01228021D0
:101BD000914805F04CFE012210218B48783004F02A
:101BE00078FD01218848783004F0E6FC16B010BD7D
:101BF00010B596B004460121202004F0D5F801214B
:101C0000042004F08DF80121880504F089F8C02033
:101C1000009002208DF8040000208DF806008DF859
:101C2000070002208DF8050069467A4803F032FE6D
:101C300008220621774803F0B8FE082207217548DC
:101C400003F0B3FE02940020ADF80C00ADF80E00D6
:101C5000ADF81000ADF814000C20ADF8120002A988
:101C60006F4805F0CFFC01216D4805F053FD4FF49E
:101C7000A06003F031FD39208DF8180003208DF8A5
:101C8000190001208DF81A008DF81B0006A803F03A
:101C900028FD644804F0B4FB4FF02060079000205A
:101CA0000A906148099010200B905D48001D089033
:101CB00000200C904FF480600D9000200E900F904B
:101CC0004FF4807010904002119004201290032075
:101CD000139000201490159007A9524804F032FC8C
:101CE000012240214E4805F0C2FD012210214D483D
:101CF00004F0EFFC01214B4804F05EFC16B010BD6F
:101D00000EB500200290019000904748007802280C
:101D10002ED14548407801904348C078424989789F
:101D200040EA01200090404909783F4A5278114426
:101D30003D4A927811443C4AD2788818C11700EB8A
:101D400011610912A0EB0121C9B202913648007954
:101D50009DF8081088420BD133484079032807D1F9
:101D60009DF8040031490870BDF800003049088032
:101D70000EBD00B585B00121082003F0D1FF01217F
:101D8000880304F011F800208DF8100001208DF870
:101D900013000C20039003A91D4803F07BFD0221D2
:101DA000032005F0FDFD0420009000208DF80400C4
:101DB00010208DF8050001208DF80600684604F01B
:101DC00001FD08208DF8080000208DF809008DF82D
:101DD0000A0001208DF80B0002A803F082FC05B078
:101DE00000BD70B504460D46012C25D12946114889
:101DF00005F0BBFC00BF40210E4805F066FD002841
:101E0000F9D042E0004C0040406002401B05002039
:101E1000000C024000080240005000406604002010
:101E200000140140286402405705002028010020CA
:101E30002A01002000100140032C0BD12946FE4846
:101E400005F093FC00BF4021FB4805F03EFD002853
:101E5000F9D01AE0042C0BD12946F84805F085FC8E
:101E600000BF4021F54805F030FD0028F9D00CE016
:101E7000052C0AD12946F24805F077FC00BF402125
:101E8000EF4805F022FD0028F9D070BD0020ED4993
:101E90004862ED490860ED490860ED490860704707
:101EA0000020E8494862E84908604FF080414862F4
:101EB000E8490860E8490860E8490860E3490860C3
:101EC000E349086070470020E0490860E049086085
:101ED00070470020E0490860E0490860704710B58D
:101EE0000020DF490870002407E061210120FFF78E
:101EF00078FF3220FEF7CCFD641C022CF5D30120C4
:101F0000D74908707A20D749087010BD10B5002055
:101F1000D5490870002407E061210320FFF761FF25
:101F20003220FEF7B5FD641C022CF5D30120CE490A
:101F300008707A20CD49087010BD2DE9F14FAEB080
:101F4000CBA02D9000202C908DF888008DF860009B
:101F50002E98132832D2DFE800F00A323940474E7B
:101F6000555C636A7172737A868D94FEFD0002215E
:101F7000C84803F0F1FC88B100224FF40041C64884
:101F800003F008FD4FF40041C34803F0F2FC04469F
:101F900000222146C1A0FEF753FB0FE00122D1032E
:101FA000BD4803F0F7FC4FF40041BB4803F0E1FCEF
:101FB000044600222146C1A0FEF742FB45E2012271
:101FC000C6480168C6A0FEF73BFB3EE20222C648B7
:101FD0000168C6A0FEF734FB37E20322C648016859
:101FE000C6A0FEF72DFB30E20422C7480168C7A057
:101FF000FEF726FB29E20522C7480178C7A0FEF7B5
:102000001FFB22E20622C7480188C7A0FEF718FB83
:102010001BE20722C7480168C7A0FEF711FB14E2C4
:102020000A22C9480168C9A0FEF70AFB0DE209228D
:10203000CA480168CAA0FEF703FB06E205E204E213
:102040000C22CB480168CBA0FEF7FAFAFDE10D2285
:10205000CC4890ED000ABDEEC00A10EE101ACAA0DE
:10206000FEF7EEFAF1E10E22CA480168CAA0FEF7B7
:10207000E7FAEAE10F22CD480168CDA0FEF7E0FAC9
:10208000E3E10121CF4803F067FC4FF400511790C2
:10209000814803F061FC04460221CA4803F05CFC5D
:1020A00005464FF480417C4803F056FC0646042167
:1020B000C44803F051FC4FF400411690C14803F0AE
:1020C0004BFC07460821BF4803F046FC80464FF40E
:1020D0008041BC4803F040FC81461021B94803F020
:1020E0003BFC4FF400511590B64803F035FC824696
:1020F0000821B54803F030FC4FF480511490B148EA
:1021000003F02AFC10211390AF4803F025FC4FF494
:1021100080611290AB4803F01FFC83468021A948E0
:1021200003F01AFC4FF480711190A64803F014FCE0
:1021300010901798CDE90B65CDE90D401698CDE9C3
:102140000798CDE90970DDE913121598CDE9042A45
:10215000039101E072E111E00690DDE91101CDE9A2
:1021600001B1009099A2282122A8109B07F01AFE25
:10217000122222A97DA0FEF7B6FA66E18021454829
:1021800003F0F7FB04460121424803F0F2FB054649
:102190004021404803F0EDFB06464FF400418A48D9
:1021A00003F0E7FB07464FF48051914803F0E1FB51
:1021B00080464FF48061374803F0DBFB81464FF4E3
:1021C00000618B4803F0D5FB4FF400611790314854
:1021D00003F0CFFB82464FF480617B4803F0C9FBDC
:1021E00083464FF480512B4803F0C3FB4FF400614A
:1021F0001690754803F0BDFB4FF40051159025482B
:1022000003F0B7FB4FF4804114906F4803F0B1FB2B
:102210004FF4804113901F4803F0ABFB4FF48071E3
:102220001290734803F0A5FB4FF400411190194838
:1022300003F09FFBDEE0000000480040004C00403F
:1022400000500040000001404400002024080040ED
:102250006000002048000020240400404C000020C2
:1022600069000020680000206B0000206A00002048
:10227000313131313131313131313131313131314E
:10228000313131313131303131313131313131313F
:10229000000000000004024000080240524F424F7C
:1022A0005420322044414E47204348415920534155
:1022B0004E2058414E483A2020200000524F424FB5
:1022C0005420322044414E47204348415920534135
:1022D0004E20444F3A20202000000000C40100207E
:1022E000494D553A0000000080000020474F432030
:1022F00042414E3A00000000EC00002056492054B4
:1023000052492042414E3A0044020020676F635F09
:102310006C696461723A0000280100206F66667380
:1023200065743A002A01002064697374616E636504
:102330003A000000400200204C75635F42616E5F0E
:102340006C696461723A000094000020476F635F1B
:1023500042616E5F6175746F3A0000007800002082
:1023600047545F4C415A45525F545241493A00002C
:10237000900000204C75635F42616E5F6C617A650E
:10238000723A00008C0000204A6F79537469636BC5
:102390003A0000003802002066696E616C5F726569
:1023A00073756C745F6C617A65723A003C02002050
:1023B00066696E616C5F726573756C745F6C69647D
:1023C00061723A0000100240000C0240256425644E
:1023D00025642564256425642564256425642564B5
:1023E00025642564256425642564256400000000B7
:1023F00000000240CDE90B76CDE90D5410901798FE
:10240000CDE907A0CDE90998DDE915211498CDE9BA
:10241000051BCDE90302DDE911121398CDE9001285
:102420000290AFF25802282122A8109B07F0BAFCB4
:10243000112222A9FEA0FEF756F906E0FE48017A15
:102440001022FEA0FEF7FCF800BF00BF2FB0BDE8D1
:10245000F08F10B50121FB4804F0AEF810BD01B5B6
:10246000F94800680099884203DD0020F6490860B9
:1024700004E0F5480068401CF3490860F248006831
:10248000FFF75BFD08BD10B52DED028BEA48C07863
:1024900001EE100AB8EE411ADFEDEC1A31EE611AC6
:1024A000F0EE410AE448807801EE100AB8EE411AD5
:1024B000DFEDE61A31EE611AB0EE410A07F0CAFC10
:1024C000F0EE408AE248D0ED000A9FEDE21A81EE7C
:1024D000200A20EE280AB0EE408AB5EEC08AF1EE5E
:1024E00010FA05D29FEDDC0A38EE000AB0EE408A01
:1024F000D148C0787E2807D1CF4880787F2803D183
:102500009FEDD60AB0EE408A9FEDD20AB4EEC08AA3
:10251000F1EE10FA06D8B2EE040A28EE000AB0EE88
:10252000408A09E09FEDCC0A38EE400AF2EE040A38
:1025300020EE200AB0EE408AC94880ED008ABDEC4A
:10254000028B10BDF0B5DDE9054520B9C54E3678E2
:10255000C54FFE700BE0002804DDC34FF870012664
:10256000BE7004E04642C04FFE700026BE7021B926
:10257000BC4E3678BC4FFE720BE0002904DDBA4F2A
:10258000F9710126BE7104E04E42B74FFE7100267C
:10259000BE7122B9B34E3678B34FFE720BE0002AFB
:1025A00004DDB14FFA720126BE7204E05642AE4F0E
:1025B000FE720026BE7223B9AA4E3678AA4FFE7369
:1025C0000BE0002B04DDA84FFB730126BE7304E073
:1025D0005E42A54FFE730026BE7324B9A14E367825
:1025E000A14FFE740BE0002C04DD9F4FFC7400260D
:1025F000BE7404E066429C4FFE740126BE7425B989
:10260000984E3678984FFE750BE0002D04DD964FFE
:10261000FD750126BE7504E06E42934FFE750026DF
:10262000BE75F0BD904AD070D071D072D073D074A6
:10263000D075704701208D49086070478A48C0787E
:10264000032815DA8848C079032811DA8648C07A49
:1026500003280DDA8448C07B032809DA8248C07C4D
:10266000032805DA8048C07D032801DA012070477D
:102670000020FCE77E48006847F23051884201D0D4
:10268000012070470020FCE710B5FFF728FC10BDC3
:102690007848B0F9000040427047B5EEC00AF1EE4C
:1026A00010FA09D27448D0ED000A70EE600AFDEE0F
:1026B000E00A10EE900A70476F48D0ED000A70EE05
:1026C000200AFDEEE00A10EE900AF4E710B52DEDB9
:1026D0000A8B044624B99FED690ABDEC0A8B10BD34
:1026E000002C25DA6648006807F03FF941EC190B29
:1026F000204607F03AF941EC1C0B9FED620B53ECBE
:10270000102B07F051F841EC1B0B9FED600B53ECC5
:10271000102B07F043F841EC1A0B53EC192B07F080
:10272000B5F841EC180B07F044F900EE100AD4E7B5
:102730005348006807F019F941EC190B204607F0DF
:1027400014F941EC1C0B9FED4F0B53EC102B07F0D1
:102750002BF841EC1B0B9FED4D0B53EC102B06F0AF
:102760007CFF41EC1A0B53EC192B07F08FF841EC6E
:10277000180B07F01EF900EE100AAEE7F0EE400A63
:10278000F5EEC00AF1EE10FA02DBB0EE600A704717
:10279000B1EE600AFBE70146002901DB08467047FD
:1027A0004842FCE701463B48D0ED000AF1EE600AE2
:1027B0003948D0ED001A80EEA11A00EE901AF8EE1A
:1027C000E01A3448D0ED000A41EE210AB0EE600A6A
:1027D000FDEEC00A10EE900A7047F0EE401A9FED31
:1027E0002F2AB0EE420AF5EEC01AF1EE10FA03D22B
:1027F000B1EE612AF0EE421AF5EEC00AF1EE10FADF
:1028000003D2B1EE602AF0EE420AB5EEC01AF1EE44
:1028100010FA03D2B1EE412AB0EE421AF4EEC01A19
:10282000F1EE10FA01DDB0EE610AF4EEC00A37E015
:102830004F55543A000000004805002042415445DD
:1028400052593A00A06002405C0000200000FF42A4
:1028500084010020000034430000B44300409C4643
:102860008C0000207801002004000020740100206A
:10287000A4010020640000203401002000000000BA
:10288000900100209A9999999999A93F9A999999B3
:102890009999B93F6C010020700100206F12833AB2
:1028A000F1EE10FA01DDB0EE600AB4EEC01AF1EEFE
:1028B00010FA01DDB0EE410A7047FD48006870472C
:1028C000FC480068704710B52DED088BB0EE408ACB
:1028D000F948006847F23051884214D11FED190AB7
:1028E000F64880ED000AF64880ED000AF54880EDD4
:1028F000000AF54880ED000AF44880ED000AF4482B
:1029000080ED000AE8E0F3480068F3490968401ADE
:10291000E9490968081A00EE100AB8EEC00AEF4843
:10292000D0ED000AEE4890ED001A00EEC10AD0ED9D
:10293000000AC0EE208AEB4890ED000A20EE280A3B
:1029400010EE101A084607F021F841EC1B0BB0EE10
:102950004B0AF0EE6B0A08F07BFBB0EE40AAF0EEFB
:1029600060AA51EC1A0B81F0004141EC190B07F001
:1029700020F8D7490860DC4890ED000A38EE800A5C
:10298000D848D0ED000A20EE200A10EE101A0846B2
:1029900006F0FCFF41EC1A0BB0EE4A0AF0EE6A0AB0
:1029A00008F056FBB0EE409AF0EE609A51EC190B2D
:1029B00006F0FFFFC5490860CC4890ED000A38EEEC
:1029C000800AC848D0ED000A20EE200A10EE101A46
:1029D000084606F0DBFF41EC1A0BB0EE4A0AF0EEB7
:1029E0006A0A08F035FBB0EE409AF0EE609A51ECBE
:1029F000190B06F0DEFFB4490860BD4890ED000AEF
:102A000038EE800AB748D0ED000A20EE200A10EE1A
:102A1000101A084606F0BAFF41EC1B0BB0EE4B0A49
:102A2000F0EE6B0A08F014FBB0EE40AAF0EE60AADC
:102A300051EC1A0B81F0004141EC190B06F0B9FF83
:102A4000A0490860A84890ED000A38EE800AA54821
:102A5000D0ED000A20EE200A10EE101A084606F00B
:102A600095FF41EC1B0BB0EE4B0AF0EE6B0A08F041
:102A7000EFFAB0EE40AAF0EE60AA51EC1A0B81F02A
:102A8000004141EC190B06F094FF8D49086097480E
:102A900090ED000A38EE800A9248D0ED000A20EE50
:102AA000200A10EE101A084606F070FF41EC1B0BCE
:102AB000B0EE4B0AF0EE6B0A08F0CAFAB0EE40AA8C
:102AC000F0EE60AA51EC1A0B81F0004141EC190BB9
:102AD00006F06FFF79490860B5EEC08AF1EE10FA92
:102AE0007CD08448006807282FD2DFE800F0042F4C
:102AF00053789CC0E000764890ED000A30EE480A1A
:102B000080ED000A714890ED000A30EE480A80ED31
:102B1000000A6D4890ED000A30EE480A80ED000A88
:102B2000684890ED000A30EE480A80ED000A6448DB
:102B300090ED000A30EE480A80ED000A5F4890ED03
:102B4000000A30EE480A80ED000AFEE05F4890ED92
:102B5000000A30EE480A80ED000A5B4890ED000A5A
:102B600030EE480A80ED000A564890ED000A30EE3B
:102B7000480A80ED000A524890ED000A30EE480AFB
:102B800080ED000A4D4890ED000A30EE480A80EDD5
:102B9000000ADAE04E4890ED000A30EE480A80ED77
:102BA000000A494890ED000A30EE480A80ED000A1C
:102BB000444890ED000A30EE480A80ED000A404893
:102BC00090ED000A30EE480A80ED000A3B4890ED97
:102BD000000A30EE480A80ED000AB6E0B6E03C4854
:102BE00090ED000A30EE480A80ED000A374890ED7B
:102BF000000A30EE480A80ED000A324890ED000AE3
:102C000030EE480A80ED000A2D4890ED000A30EEC3
:102C1000480A80ED000A294890ED000A30EE480A83
:102C200080ED000A91E02A4890ED000A30EE480A53
:102C300080ED000A254890ED000A30EE480A80ED4C
:102C4000000A214890ED000A30EE480A80ED000AA3
:102C50001B4890ED000A30EE480A80ED000A174844
:102C600090ED000A30EE480A80ED000A6DE0184849
:102C700090ED000A30EE480A80ED000A134890ED0E
:102C8000000A30EE480A80ED000A0F4890ED000A75
:102C900030EE480A80ED000A0A4890ED000A30EE56
:102CA000480A80ED000A054890ED000A24E028E07B
:102CB00090010020BC010020A4010020E4010020BC
:102CC000E0010020DC010020D8010020D401002018
:102CD000D0010020C4010020B0010020B401002078
:102CE0004C010020800100205C01002058010020E0
:102CF000600100208C01002030EE480A80ED000ABF
:102D000023E0FE4890ED000A30EE480A80ED000A0C
:102D1000FB4890ED000A30EE480A80ED000AF948C1
:102D200090ED000A30EE480A80ED000AF64890ED7A
:102D3000000A30EE480A80ED000AF44890ED000ADF
:102D400030EE480A80ED000A00BF00BFEF4890ED6A
:102D5000001AEC48D0ED000AE84890ED000AFFF7B1
:102D60003CFDEB48D0ED000AF8EEE00A80EE801A58
:102D7000BDEEC10AE74880ED000AE7480068E54972
:102D80000968884203DDE3480068E34908600120E0
:102D9000E2490860BDEC088B10BD10B50446002068
:102DA000DF490860DF480460FCB90020DA490860A8
:102DB0009FEDDD0ADD4880ED000A47F23050DC4926
:102DC0000860DC4908609FEDD80ADB4880ED000A06
:102DD0000020DA490860DA490860DA490860DA490F
:102DE00008609FEDD10AFFF76EFD10BD10B5D24807
:102DF00090ED000AB5EEC00AF1EE10FA05D1CF4809
:102E0000006810B9CE48006890B19FEDC70ACA4863
:102E100080ED000A0020C9490860C9490860CB4814
:102E20000068CB490860C44890ED000AFFF74BFDED
:102E300010BDC848C0ED000AC74880ED000A7047C1
:102E400070B52DED028B05460C46B0EE408AB848B1
:102E50000068A8420BD1B2480068A04207D1B3482D
:102E600090ED000AB4EE480AF1EE10FA18D0AC4822
:102E70000460A948006810B90520A7490860B34854
:102E80000068B3490860A94880ED008AA848056039
:102E90000020B2490860A84890ED000AFFF713FD32
:102EA000BDEC028B70BD70B52DED028B0446B0EE0B
:102EB000408A0D46A2480068A0420BD19E4890ED82
:102EC000000AB4EE480AF1EE10FA03D19B480068FC
:102ED000A84237D09648006847F23051884222D144
:102EE00019208F49086003208B49086047F2305051
:102EF000844218DA012093490860B5EEC08AF1EEE9
:102F000010FA03DD91480068A04208DCB5EEC08AE3
:102F1000F1EE10FA07D28D480068A04203DAB1EE54
:102F2000480AB0EE408A86480460844805608248BA
:102F300080ED008A0020894908607F4890ED000AF2
:102F4000FFF7C1FCBDEC028B70BD10B52DED028BFF
:102F5000B0EE408A04462146B0EE480A47F23050AF
:102F6000FFF7A1FFBDEC028B10BD70B504460D4606
:102F70009FED6D0A29462046FFF762FF70BD70B5D0
:102F80002DED088BF0EE408A0446B0EE608AB0EE7C
:102F9000419A684890ED000AB8EEC00AB4EE680A9B
:102FA000F1EE10FA0DD15E480068A04209D16448E4
:102FB00090ED000AB8EEC00AB4EE480AF1EE10FA3D
:102FC0005ED0BDEEE80A5B4880ED000A5F4991EDF6
:102FD000000AB8EEC00A38EEC00ABDEEC00A10EE14
:102FE000100A9FED510A2146FFF72AFF574890ED3E
:102FF000000AB8EEC00A38EE400ABDEEC00A10EE74
:10300000105A002D01DB284600E06842642814DDD8
:103010004E4890ED000AB8EEC00AB4EEC08AF1EE58
:1030200010FA02DDB0EE490A01E0B1EE490A10EEF5
:10303000101A084606F0AAFC13E0444890ED000A76
:10304000B8EEC00A38EE400A10EE101A084606F034
:103050009DFC41EC1B0B9FED420B53EC102B06F03B
:10306000A3FB41EC1A0B06F0A4FC09EE900A002128
:10307000B0EE690AFDEEC80A10EE900AFFF713FFE2
:10308000BDEC088B70BD10B52E480068012876DDB8
:103090002B4909682D4A1268881AFFF77CFB05281E
:1030A0000CDA284801680068401C264A1060B1F517
:1030B0007A7F64DD0020FFF770FE10BD21480068B4
:1030C000B0F5FA7F09DD052015490860124908604E
:1030D00040F2F5101B49086004E005201049086023
:1030E0000D490860194800681549096888423CDDA7
:1030F000BFEE000A104880ED000A3BE0D00100203E
:10310000D4010020D8010020DC010020E0010020D3
:103110002C0100209801002090010020880100204F
:10312000940100209C01002000000000B801002054
:10313000A4010020A8010020B40100208C0100207F
:10314000AC010020BC01002074010020C40100205B
:10315000B00100206C01002070010020A0010020BF
:103160007B14AE47E17A743F09E0B7EE000AFE48EF
:1031700080ED000AFC4890ED000AFFF7A4FB00BFB9
:103180009BE710B52DED028BF84890ED000AB5EEE7
:10319000C00AF1EE10FA08D1F548006828B1F548E8
:1031A000006847F23051884202DBBDEC028B10BD53
:1031B000ED4890ED000AB5EEC00AF1EE10FA7CD0B1
:1031C000ED48006847F23051884277D1E64890EDEB
:1031D000000AB5EEC00AF1EE10FA08DDE548006815
:1031E000E6490968401AE6490968884210DBDE486A
:1031F00090ED000AB5EEC00AF1EE10FA7ED2DD487D
:103200000068DE4909680844DD490968884275DDBF
:10321000DC48006803285CDAD6490968D84A126895
:10322000881AFFF7B8FA0A2816DAD2480068D64991
:1032300008600020CE490860D44908601FED460AA6
:10324000C94880ED000A0220CE490860C64890EDCA
:10325000000AFFF738FBA8E7C6480068C8490968B4
:10326000884237DDC24890ED000AB8EEC00ABE4879
:10327000D0ED000A60EE200AC04890ED000AB8EEDA
:10328000C00AC0EE801AB0EE611AB0EE410AFFF734
:1032900075FAB8490968BA4A1268881AFFF77BFAC2
:1032A00000EE900AB8EEE01AB948D0ED000A40EE00
:1032B000010AAF4890ED000A01E0AAE047E0B8EE4D
:1032C000C00A80EE801AB0EE418AB0EE480AFFF7DD
:1032D000FAFA9DE0A64890ED000AB8EEC00AA248AE
:1032E000D0ED000A60EE200AA44890ED000AB8EE86
:1032F000C00AC0EE801AB0EE611A00E021E0B0EE24
:10330000410AFFF73BFA9B4909689D4A1268881AEF
:10331000FFF741FA00EE900AB8EEE01A9C48D0EDB3
:10332000000A50EE410A924890ED000AB8EEC00A39
:1033300080EE801AB0EE418AB0EE480AFFF7C3FA79
:1033400066E0894890ED000AFFF7BDFA60E0864824
:1033500090ED000AB5EEC00AF1EE10FA1FDD8548C7
:1033600090ED000AB8EEC00A8148D0ED000AF8EEF0
:10337000E00A7D4890ED001A00EEC10A8548D0EDC4
:10338000000AF8EEE00A70EE600A7D4890ED000A4F
:10339000B8EEC00AF4EEC00AF1EE10FA27D3724874
:1033A00090ED000AB5EEC00AF1EE10FA2BD271488A
:1033B00090ED000AB8EEC00A6D48D0ED000AF8EEB4
:1033C000E00A694890ED001A00EEC10A7148D0ED9C
:1033D000000AF8EEE00A70EE200A694890ED000A53
:1033E000B8EEC00AF4EEC00AF1EE10FA0BDD614946
:1033F0000968634A1268881AFFF768F9B0EE408AD4
:10340000FFF761FA04E0584890ED000AFFF75BFA15
:10341000CBE6614909685A4A1268881AFFF756F9DB
:10342000B0EE408AFFF74FFA00BFBEE600B5554840
:103430000068022815DA1FEDC40A4C4880ED000A26
:103440001FEDC70A484880ED000A00205349086074
:1034500047F230504849086051490860002045490A
:10346000086050480068401C4E4908604E49096891
:10347000884204DA4D480068FFF7D4F80EE04A4865
:103480000068484908604A48006820B14748006819
:10349000FFF7C8F802E00020FFF7C4F800BD414A7A
:1034A0001268521C3F4B1A60824207DD304A126894
:1034B0000A442F4B1A6000223A4B1A6070472DE9DC
:1034C000FC47FFF7E5F82E490860FFF7DCFD2F48C1
:1034D0000068002821DD264800682C4909688842D8
:1034E0002AD0234800682949096888420EDA204812
:1034F00000683049096888421EDA1D480068FFF7F5
:1035000051F904460121FFF7CAFF15E04FF0FF31E2
:1035100029480068FFF7C3FF0EE01548006800283F
:1035200006DD4FF0FF3125480068FFF7B8FF03E0E4
:10353000FFF77CFFBDE8FC87214800681049096857
:10354000884205D0FFF71DFE0D4800681C49086041
:103550001C480068D0B30648D0ED000AF8EEE00A37
:10356000194890ED001A32E0B4010020B8010020A3
:1035700090010020AC010020A4010020680100207F
:10358000C4010020BC010020C001002094010020E3
:103590004801002064010020B00100208C010020BF
:1035A000A8010020A00100207C010020780100205B
:1035B0007401002098010020CC0100209C01002013
:1035C000C801002088010020E401002058E060EEDE
:1035D000810AB0EE600AFFF760F80446FC48D0EDBF
:1035E000000AF8EEE00AFB4890ED001A60EE810A4E
:1035F000B0EE600AFFF751F80546F548D0ED000A35
:10360000F8EEE00AF44890ED001A60EE810AB0EEA0
:10361000600AFFF742F80646ED48D0ED000AF8EEE2
:10362000E00AEE4890ED001A60EE810AB0EE600A02
:10363000FFF733F80746E648D0ED000AF8EEE00A57
:10364000E74890ED001A60EE810AB0EE600AFFF7DD
:1036500024F88046DE48D0ED000AF8EEE00AE148A2
:1036600090ED001A60EE810AB0EE600AFFF715F8DF
:10367000814633463A464146CDE90054FEF762FFA3
:1036800000BF57E770B52DED028B0F2505269FED86
:10369000D60AB0EE408AD54800791E2805DBD3480B
:1036A0000079B42801DC012000E000200446CF4866
:1036B000007800F00800C0B9CC48007800F0100095
:1036C00098B9CA48007800F0200070B9C74800785F
:1036D00000F0400048B944B1C448C07928B900207E
:1036E000FFF75BFBBDEC028B70BDC048407800F07B
:1036F000010028B1FA259FEDBE0AB0EE408A04E031
:103700003C25B5EE000AB0EE408AB848007800F0DB
:10371000080098B1B548007800F0100070B9B348BF
:10372000007800F0200048B9B048007800F0400070
:1037300020B92946AF48FFF718FCB1E0AB48007844
:1037400000F00800A0B9A948007800F0100078B196
:10375000A648007800F0200050B9A448007800F096
:10376000400028B9294640F2DC50FFF7FEFB97E005
:103770009E48007800F00800A0B99C48007800F04E
:10378000100078B99948007800F0200050B19748AF
:10379000007800F0400028B929464FF41670FFF772
:1037A000E4FB7DE09148007800F0080098B98F486C
:1037B000007800F0100070B98C48007800F020000C
:1037C00048B98A48007800F0400020B129468A486C
:1037D000FFF7CBFB64E08548007800F00800A0B15B
:1037E0008248007800F0100078B98048007800F036
:1037F000200050B17D48007800F0400028B92946EB
:103800004FF49670FFF7B1FB4AE07848007800F07B
:10381000080098B17548007800F0100070B973483E
:10382000007800F0200048B97048007800F04000AF
:1038300020B129467148FFF798FB31E06B480078CA
:1038400000F00800A0B96948007800F0100078B1D5
:103850006648007800F0200050B16448007800F01D
:10386000400028B929464FF46170FFF77EFB17E04E
:103870005E48007800F0080090B95C48007800F0DD
:10388000100068B15948007800F0200040B957484E
:10389000007800F0400018B129465948FFF765FB51
:1038A0005248007800F00800C0B95048007800F095
:1038B000100098B94D48007800F0200070B94B48CE
:1038C000007800F0400048B944B1FEF7D3FE28B1BB
:1038D0004648C07910B90020FFF75FFA2CB1434881
:1038E000C07910B9FFF782FA27E040480079142820
:1038F0000EDAFEF7BFFE28B10020B1EE480AFFF74E
:1039000024FB1AE00020B1EE480AFFF71EFB14E08A
:1039100036480079B4280EDDFEF7ACFE28B1002051
:10392000B0EE480AFFF711FB07E00020B0EE480AAE
:10393000FFF70BFB01E0FFF759FA00BFD2E6314871
:1039400001680068401C2F4A1060322907D22E48B7
:1039500040892E49096808442C4908600BE02B482F
:1039600000683221B0FBF1F02949086000202549A8
:10397000086026490860274801680068401C254AFD
:103980001060322907D22048008923490968084479
:10399000214908600BE0204800683221B0FBF1F0BB
:1039A0001E49086000201B4908601B4908601C482C
:1039B00001680068401C1A4A1060322934D212484B
:1039C00080891849096808441649086038E00000F1
:1039D00090010020E0010020DC010020D80100203F
:1039E000D4010020D0010020000000004805002084
:1039F0003333333FD4FEFFFF50FBFFFF7CFCFFFF60
:103A000024FAFFFF64020020FC040020680200206A
:103A1000700000206C020020700200207400002062
:103A20007402002078020020FE4800683221B0FBBA
:103A3000F1F0FD4908600020FC490860F949086080
:103A4000FB4801680068401CF94A1060322907D21F
:103A5000F848C089F84909680844F74908600BE04C
:103A6000F54800683221B0FBF1F0F449086000200D
:103A7000EF490860F0490860F14801680068401C9F
:103A8000EF4A1060322907D2EA480088ED490968F8
:103A90000844EC4908600BE0EA4800683221B0FBBA
:103AA000F1F0E94908600020E5490860E54908604F
:103AB000E64801680068401CE44A1060322907D2D9
:103AC000DC484088E24909680844E14908600BE0A5
:103AD000DF4800683221B0FBF1F0DE4908600020C9
:103AE000DA490860DA490860DB4801680068401C70
:103AF000D94A1060322907D2CE488088D749096850
:103B00000844D64908600BE0D44800683221B0FB75
:103B1000F1F0D34908600020CF490860CF49086020
:103B2000704710B5CF48407800F00200C0B9CD48CA
:103B3000407800F0040098B101228021CA4801F0C9
:103B400029FF4FF48041C94801F006FF20B9012246
:103B50004021C54801F01EFF0120C54908700FE053
:103B6000C348007860B100224021BF4801F012FF35
:103B700000228021BC4801F00DFF0020BC490870E4
:103B800010BD10B54FF4E670BA49086001228021DB
:103B9000B54801F0FFFE002410E006E0FCF788FEC7
:103BA00000B109E0012005F0D7F84FF48041AF489B
:103BB00001F0D2FE0128F1D000BF641C642CECDBC4
:103BC00040F2DC5005F0C8F801229102A64801F04D
:103BD000E1FE4FF4FA7005F0BFF801224021A2483F
:103BE00001F0D8FE00240FE006E0FCF761FE00B112
:103BF00008E0012005F0B0F801219C4801F0ACFE7E
:103C00000128F2D000BF641C642CEDDB00240FE01F
:103C100006E0FCF74DFE00B108E0012005F09CF83D
:103C20000121924801F098FE0028F2D000BF641CE8
:103C3000642CEDDB4FF47A7005F08EF800224FF41F
:103C40008061894801F0A6FE40F2DC5005F084F85E
:103C500000240FE006E0FCF72BFE00B108E0012095
:103C600005F07AF80121814801F076FE0128F2D0B2
:103C700000BF641C642CEDDB4FF4FA7005F06CF8A7
:103C800000224021784801F085FE4FF4FA6005F0EB
:103C900063F800228021744801F07CFE00240FE0CC
:103CA00006E0FCF705FE00B108E0012005F054F83D
:103CB00002216E4801F050FE0128F2D000BF641CC2
:103CC000642CEDDB10BD10B54FF4E6706949086057
:103CD00006E0FCF7EDFD00B107E0012005F03CF83F
:103CE00059480068B0F5EB7FF3DC00BF01224021AA
:103CF0005D4801F04FFE41F2883005F02DF80A20B2
:103D00005D4981F82B0081F8270081F8230001200C
:103D100081F8220081F8260081F82A0041F28830DB
:103D200005F01AF840F23A2052490860002240217A
:103D30004D4801F02FFE002410E006E0FCF7B8FD2E
:103D400000B109E0012005F007F84FF48061474811
:103D500001F002FE0128F1D000BF641C642CECDBF2
:103D600040F6B83004F0F8FF0020434981F8230002
:103D700081F8270081F82B0010BD10B53948407834
:103D800000F0080050B13748407800F0020028B930
:103D900001228021344801F0FDFD11E03148007816
:103DA00000F0020060B1002280212F4801F0F2FDF6
:103DB0000020314981F82B0081F8270081F8230089
:103DC00010BD10B52748407800F0400040B34FF4D4
:103DD0008061264801F0C0FD10BB1E20264981F8F5
:103DE0002B0081F8270081F82300002081F82200B1
:103DF00081F8260081F82A0042F2107004F0ACFF2E
:103E00000122D102184801F0C5FD42F2107004F001
:103E1000A3FF0020184981F82B0081F827002DE02E
:103E200034E00000780200207C00002074020020B2
:103E30007C020020FC04002080020020780000208A
:103E40008402002088020020800000208C020020D4
:103E5000900200208400002094020020980200209C
:103E600088000020480500200004024000100240A5
:103E70009C020020EC0000200400002081F82300B8
:103E800000224FF40061F84801F084FD10BD10B528
:103E9000F648407800F0800058B31420F44981F8C7
:103EA0002B0081F8270081F82300012081F82200EF
:103EB00081F8260081F82A0000240BE002E00120AE
:103EC00004F04AFF4FF48061EA4801F045FD012803
:103ED000F5D0641C642CF1DB40F6B83004F03CFFF4
:103EE0000020E34981F8230081F8270081F82B00A6
:103EF00000BF10BD10B50A20FEF74FFF7D20DC4942
:103F000081F82B0081F8270081F82300002081F838
:103F1000220081F8260081F82A0043F6982004F058
:103F20001BFF0122D102D04801F034FD41F6583088
:103F300004F012FF0020CE4981F82B0081F8270001
:103F400081F8230000224FF40061C74801F022FDF0
:103F500010BD70B52DED068B04460D46C6480560B4
:103F6000C6480460492C0AD19FEDC50AC54880EDBA
:103F7000000AC5480068C01DC44908609DE24A2C7B
:103F80000AD19FEDC30ABF4880ED000ABE48006811
:103F9000C01DBE49086090E24B2C0AD19FEDBD0ABE
:103FA000B84880ED000AB8480068C01DB7490860ED
:103FB00083E24C2C09D19FEDB80AB24880ED000A8B
:103FC000B1480068B149086077E24D2C09D19FEDF6
:103FD000B10AAC4880ED000AAB480068AB49086004
:103FE0006BE24E2C09D19FEDAA0AA64880ED000A8B
:103FF000A5480068A54908605FE24F2C09D19FEDF4
:10400000A00AA04880ED000A9F4800689F49086008
:1040100053E2502C09D19FEDA10A9A4880ED000A85
:10402000994800689949086047E2512C0AD19FEDF0
:104030009C0A944880ED000A93480068801D9349CB
:1040400008603AE2522C0AD19FED960A8D4880ED25
:10405000000A8D480068401D8C4908602DE2532CF1
:104060000AD19FED910A874880ED000A86480068D2
:10407000401D8649086020E2542C0AD19FED8B0A2E
:10408000804880ED000A80480068401D7F49086034
:1040900013E2552C0AD19FED860A7A4880ED000A7A
:1040A00079480068401F7949086006E2562C0AD119
:1040B0009FED800A734880ED000A73480068401F36
:1040C00072490860F9E1572C0AD19FED7B0A6D48CF
:1040D00080ED000A6C480068401F6C490860ECE104
:1040E000582C0AD19FED750A664880ED000A664893
:1040F0000068401F65490860DFE1592C0AD19FED37
:10410000700A604880ED000A5F480068001F5F4940
:104110000860D2E15A2C0AD19FED6A0A594880ED15
:10412000000A59480068001F58490860C5E15B2C27
:104130000AD19FED650A534880ED000A5248006895
:10414000001F52490860B8E15C2C0AD19FED5F0A5C
:104150004C4880ED000A4C480068001F4B4908603D
:10416000ABE15D2C0AD19FED5A0A464880ED000A6A
:1041700045480068001F454908609EE15E2C0AD151
:104180009FED540A3F4880ED000A3F480068C01E7A
:104190003E49086091E15F2C0AD19FED4F0A3948F2
:1041A00080ED000A38480068C01E3849086084E184
:1041B000602C0AD19FED490A324880ED000A32484E
:1041C0000068C01E3149086077E1612C0AD19FED7B
:1041D000440A2C4880ED000A2B4800680A382B4915
:1041E00008606AE1622C0AD19FED3E0A254880ED05
:1041F000000A254800680A38244908605DE1632CFC
:104200000AD19FED390A1F4880ED000A1E48006858
:104210000A381E49086050E1642C0AD19FED310A2A
:10422000184880ED000A18480068801E1749086089
:1042300043E1652C0AD19FED2D0A124880ED000A5A
:1042400011480068801E1149086036E1662C51D182
:104250009FED270A0B4880ED000A0B480068801E7E
:104260000A49086029E100000004024048050020D6
:1042700004000020001002403C0200203802002010
:1042800066666A413002002094000020EC000020A5
:10429000CDCC6841333367419A99654100006C4148
:1042A0009A996D4133336F41CDCC7041666672414E
:1042B000000074419A99754133337741CDCC7841F0
:1042C00066667A4100007C419A997D4133337F4193
:1042D000666680413333814100008241CDCC82410A
:1042E0003333854100008641CDCC864166668841E6
:1042F0009A998741672C0AD11FED040AE64880EDA0
:10430000000AE6480068401EE5490860D5E0682CD0
:104310000AD19FEDE40AE04880ED000ADF4800681A
:10432000401EDF490860C8E0692C0AD19FEDDE0A13
:10433000D94880ED000AD9480068401ED849086075
:10434000BBE06A2C0AD19FEDD90AD34880ED000A60
:10435000D2480068401ED2490860AEE06B2C0AD1FA
:104360009FEDD30ACC4880ED000ACC480068401E7F
:10437000CB490860A1E06C2C0AD19FEDCE0AC6485B
:1043800080ED000AC5480068401EC549086094E0F9
:104390006D2C09D19FEDC80ABF4880ED000ABF48C7
:1043A0000068BF49086088E06E2C09D19FEDC30A00
:1043B000B94880ED000AB9480068B94908607CE056
:1043C0006F2C09D19FEDBE0AB34880ED000AB348B7
:1043D0000068B349086070E0702C09D19FEDB90AFC
:1043E000AD4880ED000AAD480068AD49086064E062
:1043F000712C09D19FEDB20AA74880ED000AA748A9
:104400000068A749086058E0722C09D19FEDAD0AF9
:10441000A14880ED000AA1480068A14908604CE06D
:10442000732C0AD19FEDA80A9B4880ED000A9B4897
:104430000068401C9A4908603FE0742C0AD19FED47
:10444000A30A954880ED000A94480068401C9449EE
:10445000086032E0752C0AD19FED9D0A8E4880EDF0
:10446000000A8E480068401C8D49086025E0762CC3
:104470000AD19FED980A884880ED000A87480068B5
:10448000401C8749086018E0772C0AD19FED920AFA
:10449000814880ED000A81480068801C80490860DE
:1044A0000BE0782C09D19FED8D0A7B4880ED000A46
:1044B0007A480068801C7A490860962D21DB992D86
:1044C0001FDCA5F1960005F050FA41EC1A0B9FEDA8
:1044D000840B53EC102B05F067F941EC190B9FEDA1
:1044E000820B53EC102B05F05CF941EC180B05F036
:1044F00060FA7F4908607F480068401F684908608B
:1045000016E39A2D21DB9C2D1FDCA5F1960005F00A
:104510002CFA41EC1A0B9FED780B53EC102B05F0A5
:1045200043F941EC190B9FED700B53EC102B05F088
:1045300038F941EC180B05F03CFA6D4908606D48FC
:104540000068401F56490860F2E29D2D21DBA02D36
:104550001FDCA5F1960005F008FA41EC1A0B9FED5F
:10456000680B53EC102B05F01FF941EC190B9FED74
:10457000660B53EC102B05F014F941EC180B05F009
:1045800018FA5B4908605B480068401F44490860AE
:10459000CEE2A12D21DBA52D1FDCA5F1960005F0B3
:1045A000E4F941EC1A0B9FED5A0B53EC102B05F07C
:1045B000FBF841EC190B9FED540B53EC102B05F05D
:1045C000F0F841EC180B05F0F4F949490860494846
:1045D0000068401F32490860AAE2AA2D0CDBAE2D0C
:1045E0000ADC9FED4D0A424880ED000A4148006810
:1045F000401F2B4908609BE2B12D0CDBB22D0ADC79
:104600009FED460A3A4880ED000A3A480068401F8C
:10461000234908608CE2B42D07DBB62D05DC9FED45
:10462000400A334880ED000A82E2B72D07DBB92D3E
:1046300005DC9FED3C0A2E4880ED000A78E2BA2D99
:1046400007DBBC2D05DC9FED380A294880ED000A08
:104650006EE2BD2D07DBC02D05DC9FED340A24483A
:1046600080ED000A64E2C12D07DBC32D05DC9FED60
:10467000300A1F4880ED000A5AE2C42D07DBC72D1F
:1046800005DC9FED2C0A1A4880ED000A50E2A5F1E6
:104690007B00562850D250E03002002094000020C9
:1046A000EC0000203333894100008A41CDCC8A419F
:1046B0009A998B4166668C4133338D4100008E415F
:1046C000666690413333914100009241CDCC9241D6
:1046D0009A9993416666944133339541000096411F
:1046E000000000000000D03FCDCCCCCCCCCC23408F
:1046F0003402002044020020713D0AD7A370BD3F60
:1047000009F9A067B3EAB33F666666666666244049
:10471000333333333333B33F66661641AE47134109
:10472000CDCC1441F62814411F85134152B81241D3
:10473000666612419A990941F1E0DFE800F02B31F9
:10474000373D43494F555B61676D737E898F959BFC
:10475000A6B1BCC7D2F5F3F2F1F0F0F0F0F0F0F052
:10476000F0F0F0F0F0F0F0F0F0EFEEEDECEBEAE965
:10477000E8E7E6E5F0F0E4F0F0F0F0F0F0F0F0F06B
:10478000F0F0F0F0F0F0F0F0F0F0F0F0F0E3E2E153
:10479000E0DFDEDD9FEDFE0AFE4880ED000AC6E1A7
:1047A0009FEDFD0AFB4880ED000AC0E19FEDFB0A8A
:1047B000F84880ED000ABAE19FEDF90AF54880ED6E
:1047C000000AB4E19FEDF60AF24880ED000AAEE17E
:1047D0009FEDF40AEF4880ED000AA8E19FEDF20A90
:1047E000EC4880ED000AA2E19FEDF00AE94880ED77
:1047F000000A9CE1B2EE040AE64880ED000A96E168
:10480000B2EE040AE34880ED000A90E19FEDE50A6C
:10481000E04880ED000A8AE19FEDE20ADD4880ED84
:10482000000A84E19FEDDF0ADA4880ED000AE048E3
:104830000068401FDF49086079E19FEDDF0AD54835
:1048400080ED000ADA480068401FDA4908606EE12E
:104850009FEDDA0ACF4880ED000A68E19FEDD80AA3
:10486000CC4880ED000A62E19FEDD50AC94880ED91
:10487000000A5CE1B2EE040AC64880ED000ACC48AA
:104880000068C01FCB49086051E1B2EE040AC1487C
:1048900080ED000AC6480068C01FC649086046E1AE
:1048A000B2EE040ABB4880ED000AC1480068C01F90
:1048B000C04908603BE1B2EE040AB64880ED000A48
:1048C000BB480068C01FBB49086030E1B2EE040A73
:1048D000B04880ED000AB6480068C01FB5490860BE
:1048E00025E19FEDB80AAB4880ED000AB0480068AA
:1048F000C01FB04908601AE108E1FCE0F0E0E4E024
:10490000D8E0CCE0C0E0B4E0A8E09CE090E084E037
:1049100078E06CE060E054E048E03CE030E000E14A
:1049200023E017E00BE0FFE71FED850A994880EDD3
:10493000000A9F480068C01F9E490860F7E09FED8D
:10494000A20A944880ED000A99480068C01F99495E
:104950000860ECE09FED9D0A8E4880ED000A9448C7
:104960000068C01F93490860E1E01FED930A894881
:1049700080ED000A8E480068C01F8E490860D6E0AE
:104980009FED930A834880ED000A89480068401F24
:1049900088490860CBE09FED8E0A7E4880ED000AD2
:1049A00083480068401F83490860C0E09FED890A82
:1049B000784880ED000A7E480068401F7D49086005
:1049C000B5E01FEDAA0A734880ED000A7848006838
:1049D000401F78490860AAE01FEDB10A6D4880EDDC
:1049E000000A73480068401F724908609FE09FED0D
:1049F0007A0A684880ED000A6D480068401F6D49DA
:104A0000086094E09FED750A624880ED000A6848EE
:104A10000068401F6749086089E09FED710A5D48A2
:104A200080ED000A62480068401F624908607EE02D
:104A30009FED6C0A574880ED000A5D480068401FF2
:104A40005C49086073E09FED680A524880ED000AF7
:104A500057480068401F5749086068E09FED630AA7
:104A60004C4880ED000A52480068801F5149086098
:104A70005DE09FED5F0A474880ED000A4C48006802
:104A8000401F4C49086052E09FED5A0A414880EDB2
:104A9000000A47480068401F4649086047E09FED0C
:104AA000560A3C4880ED000A41480068401F4149D1
:104AB00008603CE09FED510A364880ED000A3C4812
:104AC0000068401F3B49086031E09FED4D0A3148C6
:104AD00080ED000A36480068401F3649086026E02D
:104AE0009FED480A2B4880ED000A31480068401FBE
:104AF000304908601BE09FED440A264880ED000A1B
:104B00002B480068401F2B49086010E09FED3F0ACA
:104B1000204880ED000A26480068401F25490860AB
:104B200005E09FED3B0A1B4880ED000A00BF00BF77
:104B300000EE104AB8EEC00A3648D0ED000A20EE6A
:104B4000200AF2EE040A80EE201ABDEEC10A3248B5
:104B500080ED000A00EE105AB8EEC00A0D48D0ED04
:104B6000000A20EE200AF2EE040A80EE201ABDEEC2
:104B7000C10A2A4880ED000A4FF48061284800F0FD
:104B8000EBFE18B92748007800B94DE05BE0000063
:104B9000F628204134020020EC5120416666204175
:104BA000E17A20417B142241E17A2441C3F524417A
:104BB00044020020EC00002014AE2341A4702541E3
:104BC0003333274133331F4185EB1541A470154121
:104BD000CDCC1041295C13410AD715411F851541E1
:104BE000AE471541C3F5144100001441355E134131
:104BF00014AE1341AE471141C3F51041D7A3104184
:104C0000EC51104166660E4133330B416666064136
:104C10000000000030020020380200203C0200208A
:104C20000010024063020020FE48807920B1FE4857
:104C30000068FE49086006E0FA48C07918B1FC48EF
:104C40000068FA490860BDEC068B70BD10B5F548E8
:104C50008079002846D04FF48061F64800F07CFE51
:104C600000283FD1EF48007800F08000002839D0BC
:104C70000120F14908700A20FEF78FF8EF4800780C
:104C8000EF4981F82B0081F8270081F823000020EC
:104C900081F8220081F8260081F82A0002E06420D1
:104CA00004F05AF8DF48007800F080000028F6D1C0
:104CB0000122D102E34800F06DFE43F6982004F093
:104CC0004BF80020DE4981F82B0081F8270081F89D
:104CD000230000224FF40061DA4800F05BFE002060
:104CE000D54908704FF48061D24800F035FE0028A5
:104CF0003ED1CC48007800F08000C8B30120CE49F6
:104D000008700A20FEF749F8CF480078CC4981F8AE
:104D10002B0081F8270081F82300002081F8220071
:104D200081F8260081F82A0002E0642004F014F8DB
:104D3000BC48007800F080000028F6D10122D102A2
:104D4000C04800F027FE43F6982004F005F8002044
:104D5000BB4981F82B0081F8270081F8230000224D
:104D60004FF40061B74800F015FE0020B24908700A
:104D700010BD10B52DED0C8B0446A4F16400002885
:104D800001DB014600E04142B04A11601046006874
:104D900004F0EBFD41EC1D0B9FEDAD0B53EC102B24
:104DA00004F002FD41EC1C0BB0EE4C0AF0EE6C0A74
:104DB00005F07AF9B0EE40BAF0EE60BA9FEDA60BBE
:104DC00053EC102B51EC1B0B04F0EBFC41EC1A0BD9
:104DD0009FEDA30B53EC102B04F0E6FC41EC190BF8
:104DE0009FEDA10B53EC102B04F037FC41EC180B9A
:104DF00004F0DFFD00EE100ABDEC0C8B10BD10B509
:104E00002DED028B04462046FFF7B3FFB0EE408A3B
:104E10008448C07990B1622C05DA0020B1EE480ACE
:104E2000FEF793F80AE0662C05DD0020B0EE480A94
:104E3000FEF78BF802E00020FDF7AFFFBDEC028B20
:104E400010BD10B50446622C05DA002201217D4810
:104E500000F0A0FD0CE0662C05DD00220121794860
:104E600000F098FD04E001221146764800F092FD22
:104E700010BD10B52DED088BB0EE408A1FED9C0AD9
:104E8000F0EE408A1FED9E0AB0EE409A9FED780A40
:104E900008EE080A10EE101A084604F077FD41ECFF
:104EA0001B0BB0EE4B0AF0EE6B0A06F035F9B0EED4
:104EB00040AAF0EE60AA51EC1A0B04F07AFD09EE5C
:104EC000900ADFED6C0A89EEA00ADFED6B0A20EE96
:104ED000200AB0EE409A9FED690AB4EEC09AF1EE56
:104EE00010FA04DD9FED650AB0EE409A0AE09FEDEE
:104EF000640AB4EEC09AF1EE10FA03D29FED600A94
:104F0000B0EE409A9FED5B0A39EEC00A9FED591A48
:104F1000C0EE010A9FED5B1A9FED5B0A00EE810A6D
:104F2000F0EE408A9FED590AF4EEC08AF1EE10FAD5
:104F300004DD9FED560AF0EE408A0AE09FED540A28
:104F4000F4EEC08AF1EE10FA03D29FED510AF0EEB2
:104F5000408ABDEEC90A4F4880ED000ABDEEE80A5E
:104F6000314880ED000ABDEC088B10BD10B52DED69
:104F70000A8BB0EE408A1FEDDA0AF0EE408A1FED90
:104F8000DC0AB0EE409A9FED440AC8EE000A10EE2B
:104F9000904A204604F0FAFC41EC1C0B9FED3F1BAD
:104FA000B0EE4C0AF0EE6C0A05F02AFAB0EE40BA08
:104FB000F0EE60BA9FED3B0B53EC102B51EC1B0B4A
:104FC00004F0F2FB41EC1A0B04F0F3FC09EE100ABA
:104FD0009FED2A0AB4EEC09AF1EE10FA04DD9FEDBF
:104FE000270AB0EE409A0AE09FED250AB4EEC09A77
:104FF000F1EE10FA03D29FED220AB0EE409A9FED37
:10500000260A78EE400A9FED241A80EE810ADFED31
:105010001C0A20EE200A10EE104A204604F0B6FCCE
:1050200044E000004805002094000020EC0000202F
:1050300044020020001002406302002038020020D9
:1050400004000020000402403C020020480200202E
:10505000D122DBF97E6AACBF000000000000F03F07
:10506000343333333333E33F666666666666F23F56
:105070000000C84500C02E440000E64200007A430C
:10508000000048420000C84200401744008022440B
:10509000008009449000002000A07F459A999999CA
:1050A0009999F13F0000000000805A4041EC1C0B30
:1050B0009FEDD60B53EC102B04F076FB41EC1B0B51
:1050C0009FEDD40B53EC102B04F0C7FA41EC1A0BF4
:1050D00004F06FFC08EE900A9FEDD00AF4EEC08A4F
:1050E000F1EE10FA04DD9FEDCD0AF0EE408A0AE001
:1050F0001FED190AF4EEC08AF1EE10FA03D21FED8B
:105100001C0AF0EE408ABDEEC90AC54880ED000ACF
:10511000BDEEE80AC34880ED000ABDEC0A8B10BD65
:10512000C1480068C1490968884203DABF4800687D
:10513000BD490860BC480068BD490968884203DD74
:10514000BB480068B8490860BA490968B64A12689D
:10515000881A002801DB014600E04142012931DDC7
:10516000B4480068B0490968884204DD0120B249AA
:1051700081F82E0003E00020AF4981F82E00AD49F0
:105180000968A94A1268881A002801DB014600E074
:10519000414201EB81014900A84A116010460068B4
:1051A000FA2802DDFA2011460860A4480068322877
:1051B00002DA3220A1490860A04800789E4981F8AF
:1051C0002F0003E000209C4981F82F00704710B5A4
:1051D0009B48407800F00200A0B19948407800F068
:1051E000040078B19048006891490968884209DA5A
:1051F0008D480068401C8C4908604FF4967003F09D
:10520000ABFD18E08E48407800F0020098B18C4861
:10521000407800F0200070B1834800688349096835
:10522000884208DD80480068401E7F4908604FF4CE
:10523000C87003F091FD10BD05E01120FDF70FF9D6
:105240000F2003F089FDF8E711E07D48007800F0B9
:10525000010010B1FEF716FA02E00020FDF79DFDF7
:10526000FEF76DFBFFF75CFF032003F075FDECE735
:1052700004E0FEF724F9032003F06EFDF9E71FB503
:10528000FBF717FCFBF754FCFBF7A3FEFBF763FFF0
:10529000FBF7F0FFFCF7E1F8FBF7B5FC4FF4E1306A
:1052A000FCF7BBF94FF4E130FCF740FA4FF4E13082
:1052B000FCF7C9FA4FF46120FCF7FDFB4FF4E13035
:1052C000FCF796FCFDF7E0F9FCF7EAFD00205D49EC
:1052D000087001205C490870002000900190029045
:1052E00003464FF4807259A103905D4803F0F5FA2C
:1052F000002000900190029003464FF4807259A163
:1053000003905D4803F0E9FA04205C49087001202D
:105310005B4908704FF416704349086056E04DE051
:10532000FFF755FFFEF7FDFB56480078FFF767FDD6
:10533000FEF723FD544890ED000AB8EEC00AFFF7CF
:1053400098FD5248008800EE100AB8EE400AFFF7B8
:105350000DFE334801684E480068FEF7FAFD4948E3
:105360000078FFF76EFDFEF792FD3548407800F0BB
:10537000020030B93248407800F0200008B1FEF752
:1053800000FC2F48407800F0020030B92C484078EB
:1053900000F0100008B1FEF796FC2948407800F0B4
:1053A000020030B92648407800F0400008B1FEF70E
:1053B00008FDFFF74BFC012003F0CEFC20480078ED
:1053C00000F001000028ABD1FDF7E7FCA7E71FB50F
:1053D000002000900190029003464FF480722DA1AE
:1053E00003902F4803F079FA00200090019002907A
:1053F00003464FF480722BA103902D4803F06DFA01
:1054000003F084FE002004B010BD000066666666EE
:105410006666E63F0000000000D0814000001644B0
:105420004002002044020020EC000020F000002098
:10543000F400002080000020040000201002002062
:1054400048050020A0000020620200207461736BF8
:10545000526F626F74416E616C797469637300009E
:10546000715200087461736B446965754B686965B6
:105470006E436F436175000049520008F10100203E
:10548000EB01002028010020780000202A010020E4
:10549000900000207461736B4D61696E0000000024
:1054A0007F5200087461736B4779726F00000000CF
:1054B000395200080CB50020019000907248006835
:1054C00040F480307049086000BF6F48006800F405
:1054D000003000900198401C0190009818B9019884
:1054E000B0F5A06FF1D16848006800F4003010B149
:1054F0000120009001E0002000900098012846D192
:1055000061484030006840F080505F494031086099
:105510005E48006840F480405C4908605A480830A2
:1055200000685949083108600846006840F40040A6
:1055300008600846006840F4A05008605448091FFD
:105540000860081F006840F08070091F086000BFF5
:105550004D48006800F000700028F9D040F2056066
:105560004C49086048480830006820F0030046496C
:10557000083108600846006840F00200086000BF7B
:1055800041480830006800F00C000828F8D10CBD34
:1055900010B53D48006840F001003B49086000201C
:1055A000394908310860384800683B4908403649A5
:1055B00008603A48091D0860081F006820F4802030
:1055C000091F0860002030490C310860FFF772FFA6
:1055D0004FF000603249086010BD70B50020002215
:1055E000022300240221284D08352D6805F00C0007
:1055F00020B1042806D0082834D107E0294D2A4ECE
:10560000356033E0294D284E35602FE01E4D2D1DAD
:105610002D68C5F380541C4D2D1D2D6805F03F01EC
:1056200054B1224DB5FBF1F5174E361D3668C6F361
:10563000881605FB06F209E01A4DB5FBF1F5124E8E
:10564000361D3668C6F3881605FB06F20E4D2D1D75
:105650002D68C5F301456D1C6B00B2FBF3F5124ECE
:10566000356003E00F4D104E356000BF00BF064DA2
:1056700008352D68C5F303150D4E705D0A4D2D6874
:10568000C540094E356070BD0038024000700040D2
:1056900008544007003C0240FFFFF6FE1030002493
:1056A00008ED00E00024F400A002002000127A00BF
:1056B000A40200200648804706480047FEE7FEE7B0
:1056C000FEE7FEE7FEE7FEE7FEE7FEE7FEE7FEE7B2
:1056D000915500088901000832490143324A11609E
:1056E000704770B5002100230F22C4781CB32E4CE4
:1056F000246804F4E064C4F5E064C4F30721C1F154
:105700000404E3B20A4144789C40E1B28478144036
:1057100021430C07210E254C05786155047804F0CF
:105720001F050124AC4005786D11AD0005F1E025A1
:10573000C5F8004109E0047804F01F050124AC40DD
:105740001B4D0678761145F8264070BD194A0A406F
:105750000243154B1B1F1A60704739B1124A121DC4
:1057600012680243104B1B1D1A6006E00E4A121D00
:10577000126882430C4B1B1D1A607047042808D125
:105780004FF0E021096941F004014FF0E02211617E
:1057900007E04FF0E021096921F004014FF0E02219
:1057A000116170470000FA050CED00E000E400E034
:1057B00080E100E080FFFF1F10B504468C48844262
:1057C00008D10121084600F000FB0021012000F073
:1057D000FCFA5EE08748844208D10121022000F0F3
:1057E000F4FA0021022000F0F0FA52E082488442EC
:1057F00008D10121042000F0E8FA0021042000F083
:10580000E4FA46E07D48844208D10121082000F0F6
:10581000DCFA0021082000F0D8FA3AE07848844207
:1058200008D10121102000F0D0FA0021102000F052
:10583000CCFA2EE07348844208D10121202000F0E8
:10584000C4FA0021202000F0C0FA22E06E48844211
:1058500008D10121402000F0B8FA0021402000F0DA
:10586000B4FA16E06948844208D10121802000F092
:10587000ACFA0021802000F0A8FA0AE064488442D3
:1058800007D10121801500F0A0FA0021A01500F039
:105890009CFA10BDF0B50A4600210023002400BF89
:1058A0003DE0012505FA01F3156805EA03049C4271
:1058B00034D105684F000326BE40B5430560157915
:1058C0004E00B5400668354305601579012D02D0BC
:1058D0001579022D16D185684F000326BE40B543C9
:1058E000856055794E00B5408668354385604568CA
:1058F00001268E40B5434560456896798E40B6B224
:1059000035434560C5684F000326BE40B543C560BA
:10591000D5794E00B540C6683543C560491C10298D
:10592000BFD3F0BD4FF6FF710160002101714171DD
:105930008171C171704708B54FF480320092009AAE
:105940000A430092009AC261C161009AC261C269B1
:105950000092C269009208BD0246002013690B4004
:105960000BB1012000E0002070470146086980B2B9
:1059700070470246002053690B400BB1012000E044
:10598000002070470146486980B270470183704724
:10599000418370470AB1018300E041837047416150
:1059A000704742694A4042617047F0B500230024C5
:1059B0004D07ED0E02FA05F3CE1000F1200555F863
:1059C00026504E07F70E0F26BE40B543CF1000F10C
:1059D000200646F82750CE1000F1200555F8265035
:1059E00045EA0304CE1000F1200545F82640F0BD3D
:1059F000000002400004024000080240000C024087
:105A0000001002400014024000180240001C024036
:105A100000200240FA48006840F00100F8490860A0
:105A20000020F74908310860F5480068F54908404A
:105A3000F3490860F448091D0860081F006820F455
:105A40008020091F08600020ED490C310860704774
:105A50000021EB4A921C117011460870704710B576
:105A600001460022002300204A11012A02D1E44C01
:105A7000236808E0022A03D1E14C7034236802E075
:105A8000DF4C7434236801F01F02012494401C4051
:105A90000CB1012000E0002010BD38B500200090BE
:105AA0000024002500BF3120FFF7D9FF05460098EC
:105AB000401C00900098B0F5A06F01D0002DF2D0EE
:105AC0003120FFF7CCFF08B1012400E0002420467C
:105AD00038BD01460020CA4A106820F0F80040EAAC
:105AE000C10010607047C949086070470021C44A6E
:105AF000703211701170012802D004280AD104E01C
:105B00000121BF4A7032117005E00521BC4A703294
:105B1000117000E000BF00BF7047BD4908607047CA
:105B200070B5049C41EA82150126C6EB530645EA8E
:105B30000645054345EA0465B14E361D356070BD26
:105B4000B24908667047820142EA0172AC4B843365
:105B50001A607047AD4988667047AC49C8647047A1
:105B600002460020A64B0833186820F0EC6042EA99
:105B700001031843A24B0833186070470246002007
:105B80009F4B0833186820F0784042EA010318431D
:105B90009B4B08331860704701460020984A083232
:105BA000106820F0030008431060704794480830E4
:105BB000006800F00C00704701460020904A08324F
:105BC000106820F0F0000843106070470146002084
:105BD0008B4A0832106820F4E05008431060704788
:105BE00001460020864A0832106820F4604040EAEE
:105BF000C10010607047F0B500210022002402258A
:105C0000002602237E4F08373F6807F00C0121B1C0
:105C1000042905D0082937D105E07E4F076036E01A
:105C20007D4F076033E0764F3F1D3F68C7F38056D6
:105C3000734F3F1D3F6807F03F036EB1764FB7FBD0
:105C4000F3F7DFF8BCC10CF1040CDCF800C0CCF3B6
:105C5000881C07FB0CF40CE06E4FB7FBF3F7DFF882
:105C6000A0C10CF1040CDCF800C0CCF3881C07FBCD
:105C70000CF4634F3F1D3F68C7F301477F1C7D0055
:105C8000B4FBF5F7076002E0624F076000BF00BF9A
:105C90005B4F08373F6807F0F00109095F4F7A5CF6
:105CA0000768D7404760564F08373F6807F4E05110
:105CB000890A5A4F7A5C4768D7408760504F083747
:105CC0003F6807F46041490B544F7A5C4768D740FE
:105CD000C760F0BD002100F44072B2F5407F0AD1E8
:105CE000474A0832116821F4F8114D4A0240114325
:105CF000434A08321160424A70321268C0F30B0303
:105D00001A433F4B70331A60704741494439086069
:105D100070473F4940390860704742490860704702
:105D200039B1374A303212680243354B30331A608A
:105D300006E0334A303212688243314B30331A6006
:105D4000704739B12E4A3432126802432C4B343337
:105D50001A6006E02A4A343212688243284B3433F0
:105D60001A60704739B1264A383212680243244B10
:105D700038331A6006E0224A383212688243204BD8
:105D800038331A60704739B11D4A403212680243F5
:105D90001B4B40331A6006E0194A403212688243B6
:105DA000174B40331A60704739B1154A44321268B4
:105DB0000243134B44331A6006E0114A443212681E
:105DC00082430F4B44331A60704739B10C4A10328A
:105DD000126802430A4B10331A6006E0084A103278
:105DE00012688243064B10331A607047E1B1044ACF
:105DF000143212680243024B14331A6019E0000097
:105E000000380240FFFFF6FE103000240000474239
:105E1000800E47420024F40000127A00B4020020F1
:105E2000FFFCFF0F5C0147425B4A126882435A4BFA
:105E30001A60704739B1584A121D12680243564B16
:105E40001B1D1A6006E0544A121D12688243524B11
:105E50001B1D1A60704739B14F4A0C321268024359
:105E60004D4B0C331A6006E04B4A0C3212688243E9
:105E7000494B0C331A60704739B1474A10321268E7
:105E80000243454B10331A6006E0434A1032126851
:105E90008243414B10331A60704739B13E4A3C325D
:105EA000126802433C4B3C331A6006E03A4A3C32EB
:105EB00012688243384B3C331A60704739B1364A16
:105EC000403212680243344B40331A6006E0324AD3
:105ED000403212688243304B40331A60704739B108
:105EE0002D4A4432126802432B4B44331A6006E0B9
:105EF000294A443212688243274B44331A60704760
:105F000039B1254A4C3212680243234B4C331A6094
:105F100006E0214A4C32126882431F4B4C331A6010
:105F2000704739B11C4A5032126802431A4B503341
:105F30001A6006E0184A503212688243164B5033FA
:105F40001A60704739B1144AD21F12780243124BBB
:105F5000DB1F1A7006E0104AD21F127882430E4BE4
:105F6000DB1F1A7070470C486030006840F080708A
:105F7000094960310860704701460020064A083A26
:105F800012680A400AB1012000E00020704702496F
:105F9000891F0870704700001438024010B50121B5
:105FA0000802FFF769FF00214FF48070FFF764FFDC
:105FB00010BD30B50246002000235068F84C204048
:105FC0000D790C6844EA0524204350609068F54C34
:105FD0002040D1E903542C438D682C434D7944EA89
:105FE000450420439060D06A20F470000C7D641E4C
:105FF000E4B2234340EA0350D06230BD0021016087
:10600000017141718160C1600161012101757047B9
:106010000021E54A1168E54A1140D0E900231A43FE
:1060200083681A43C3681A431143E14AC2F8041350
:1060300070470021016041608160C160704721B1FB
:10604000826842F00102826003E0826822F001026D
:10605000826070470A4600214168D64B19401143BF
:10606000416070474162826270470A460021416880
:1060700021F01F0111434160704738B1CA490968D6
:1060800041F40001CA4AC2F8041306E0C64909688F
:1060900021F40001C64AC2F80413704738B1C2495E
:1060A000096841F48001C24AC2F8041306E0BE49FF
:1060B000096821F48001BE4AC2F804137047F0B5A4
:1060C00004460D4600200021092D11DDE068A5F1F0
:1060D0000A0606EB4607072606FA07F18843A5F1EC
:1060E0000A0606EB460603FA06F10843E0600CE0F8
:1060F000206905EB4507072606FA07F1884305EBFB
:10610000450603FA06F108432061072A0FDA606B9F
:10611000561E06EB86071F2606FA07F18843561E11
:1061200006EB860605FA06F10843606322E00D2AB5
:106130000FDA206BD61F06EB86071F2606FA07F13B
:106140008843D61F06EB860605FA06F1084320634E
:1061500010E0E06AA2F10D0606EB86071F2606FA9C
:1061600007F18843A2F10D0606EB860605FA06F153
:106170000843E062F0BD816841F080418160704772
:10618000014600208A6802F480020AB1012000E082
:106190000020704721B1826842F48062826003E08F
:1061A000826822F480628260704721B1826842F086
:1061B0000202826003E0826822F00202826070477D
:1061C00010B50A4600210023416821F46041531EA6
:1061D00041EA4331416010BD21B1426842F400629E
:1061E000426003E0426822F4006242607047014668
:1061F000C86C80B270476C48001D0068704721B1C0
:10620000826842F48072826003E0826822F48072C5
:106210008260704721B1826842F40072826003E0BC
:10622000826822F400728260704738B15E49096862
:1062300041F400515E4AC2F8041306E05A49096865
:1062400021F400515A4AC2F804137047F0B50446CD
:106250001546002000220026092911DDE068A1F181
:106260000A0707EB470C072707FA0CF29043A1F146
:106270000A0707EB470703FA07F21043E0600CE058
:10628000206901EB410C072707FA0CF2904301EB60
:10629000410703FA07F210432061A06BC0F30156D7
:1062A000EF1C06F1010CA7EB0C0707EB870C1F276F
:1062B00007FA0CF29043EF1C06F1010CA7EB0C0758
:1062C00007EB870701FA07F21043A063F0BD10B592
:1062D0000A4600210023816B21F44011531E41EA3C
:1062E0000351816310BD08B5002300930090009B0B
:1062F0000B440093009B1A6008BD0A460021816888
:1063000021F470211143816070470A4600218168A1
:1063100021F44011114381607047816841F480018C
:1063200081607047014600208A6802F480020AB149
:10633000012000E00020704721B1426842F48062F1
:10634000426003E0426822F480624260704721B1FB
:10635000426842F48052426003E0426822F4805274
:106360004260704708B5024600200090009201F19B
:106370002800009B184400900098006880B208BD77
:1063800010B50B460021D9B2012404FA01F11AB16B
:1063900044680C43446002E044688C43446010BD90
:1063A000FFFEFFFCFDF7FFC004230140E030FCFFCF
:1063B00000200140FFFD3FFF0246002013680B4014
:1063C0000BB1012000E000207047CA430260704713
:1063D00070B502460020002300240B1255680126E8
:1063E0008E4005EA060415681D4015B10CB1012068
:1063F00000E0002070BD00220A12D3430360704702
:10640000016821F0010101600021016041608160AB
:10641000C160016121214161DB49884204D13D21F4
:10642000D94A103A91608CE0D7491831884205D199
:106430004FF47461D44A103A916082E0D24930310D
:10644000884205D14FF47411CF4A103A916078E038
:10645000CD494831884205D14FF07461CA4A103A9B
:1064600091606EE0C8496031884204D1C749C64A8C
:10647000103AD16065E0C4497831884204D1C449FA
:10648000C14A103AD1605CE0BF499031884204D1E2
:10649000C049BD4A103AD16053E0BB49A831884297
:1064A00005D14FF03D51B84A103AD16049E0BA49A0
:1064B000884204D13D21B84A083A116041E0B6490A
:1064C0001831884205D14FF47461B34A083A11601B
:1064D00037E0B1493031884205D14FF47411AE4AEA
:1064E000083A11602DE0AC494831884205D14FF09F
:1064F0007461A94A083A116023E0A74960318842D3
:1065000004D1A249A44A121F11601AE0A2497831AD
:10651000884204D19E49A04A121F116011E09E4991
:106520009031884204D19B499B4A121F116008E0B8
:106530009949A831884204D14FF03D51964A121F23
:106540001160704710B500220268944B1A40CC6865
:106550000B6823434C6923438C692343CC69234351
:106560000C6A23434C6A23438C6A23434C6B2343BA
:106570008C6B23431A430260426922F00702D1E97F
:106580000B3423431A4342610B6943604B688360B9
:106590008B68C36010BD0021016041608160C160F3
:1065A000016141618161C161016241628162C162D7
:1065B000016341638163704721B1026842F00102C7
:1065C000026003E0026822F001020260704721B11C
:1065D000026842F40042026003E0026822F40042D2
:1065E0000260704721B1026842F02002026003E0BD
:1065F000026822F020020260704741607047014645
:10660000486880B2704722B1036843F400230360F6
:1066100003E0036823F4002303600161704721B1A4
:10662000026842F48022026003E0026822F48022C1
:10663000026070470AB1016100E0C1607047014625
:1066400000200A6802F400220AB1012000E00020C4
:106650007047014600200A6802F001020AB10120D9
:1066600000E000207047014600204A6902F038002F
:10667000704730B503460A4600200024464DAB4221
:1066800002D24149103901E04349103902F0005566
:106690000DB14C6800E00C68414D2C4004EA020545
:1066A0000DB1012000E0002030BD02463A4B9A4275
:1066B00002D23548103801E03748103801F0005355
:1066C0001BB1374B0B40C36002E0354B0B4083607E
:1066D000704710B501F080034BB122B1436943F01C
:1066E0008003436103E0436923F080034361802911
:1066F0000BD02AB1036801F01E042343036004E0B9
:10670000036801F01E04A343036010BD70B5024688
:10671000002000240025204EB24202D21A4B103B2A
:1067200001E01D4B103B1F4E0E4036B11E2606EAFF
:10673000D124166806EA040502E0566906F08005D1
:1067400001F000560EB15C6800E01C68144E344045
:1067500004EA010616B10DB1012000E0002070BD71
:1067600002460D4B9A4202D20748103801E00A480F
:10677000103801F000531BB1094B0B40C36002E01D
:10678000074B0B4083607047106002403D000020C3
:10679000400F002000003D20106402403F801CF0AC
:1067A0007D0F7D0F3C0F3C0F002044490860091D00
:1067B0000860091D0860091D086041483F491431FF
:1067C0000860704700213D498279002A3AD00A4684
:1067D000126803689A430B461A600A1D1268036820
:1067E0009A430B1D1A60027911440A6803681A4320
:1067F0000A60324A0832126803689A432F4B083302
:106800001A601A1D126803689A432C4B0C331A60E5
:106810004279102A0ED11A1F126803681A43274BB7
:1068200008331A601A1D126803681A43234B0C338D
:106830001A600DE02149427911440A6803681A433D
:106840000A6005E0027911440A6803689A430A6005
:1068500070470021016001710C214171002181719B
:1068600070471649103109680143144A103211600B
:10687000704701460020114A143212680A400AB1DA
:10688000012000E0002070470C4914310860704777
:10689000014600200022094B1B6803EA0102074B56
:1068A00014331B680B4013B10AB1012000E0002033
:1068B000704702491431086070470000003C0140F5
:1068C000FFFF7F0010B50446FE48844208D1012135
:1068D0000846FFF7D1FA00210120FFF7CDFA9DE02D
:1068E000B4F1804F08D101210846FFF7B4FA002126
:1068F0000120FFF7B0FA91E0F348844208D101216A
:106900000220FFF7A8FA00210220FFF7A4FA85E091
:10691000EE48844208D101210420FFF79CFA0021AF
:106920000420FFF798FA79E0E948844208D1012170
:106930000820FFF790FA00210820FFF78CFA6DE09D
:10694000E448844208D101211020FFF784FA002195
:106950001020FFF780FA61E0DF48844208D101216E
:106960002020FFF778FA00212020FFF774FA55E085
:10697000DA48844208D101210220FFF77DFA002184
:106980000220FFF779FA49E0D548844209D1012174
:106990000804FFF771FA00214FF48030FFF76CFA1A
:1069A0003CE0D048844209D101214804FFF764FA51
:1069B00000214FF40030FFF75FFA2FE0CA4884420D
:1069C00009D101218804FFF757FA00214FF48020F4
:1069D000FFF752FA22E0C548844208D10121402045
:1069E000FFF739FA00214020FFF735FA16E0C048DA
:1069F000844208D101218020FFF72DFA0021802058
:106A0000FFF729FA0AE0BB48844207D1012180152B
:106A1000FFF721FA0021A015FFF71DFA10BD002293
:106A20000288A84B98420ED0AC4B98420BD0B0F1E4
:106A3000804F08D0A44B984205D0A44B984202D076
:106A4000A34B984204D14FF68F731A404B881A43D8
:106A5000A04B984207D0A04B984204D04FF6FF437A
:106A60001A400B891A4302804B68C3620B88038566
:106A7000944B984202D0994B984201D18B7A03866D
:106A80000123838270474FF0FF3141600021018074
:106A900001814180817270470185828270470A4678
:106AA000002101884FF68F73194011430180704710
:106AB00041627047C16270470146486A70470146AB
:106AC000088D704721B1028842F00202028004E082
:106AD00002884FF6FD731A400280704721B1028888
:106AE00042F00402028004E002884FF6FB731A4071
:106AF0000280704721B1028842F08002028004E0E7
:106B000002884FF67F731A400280704702884FF662
:106B1000F7731A40028002880A4302807047028895
:106B20004FF6FF431A40028002880A4302807047F2
:106B300021B1028842F00102028004E002884FF68F
:106B4000FE731A400280704770B5002400220023B3
:106B5000058C4FF6FE7635400584028C8388048BC5
:106B60004FF68F752C40B51E2C400D882C43751E9A
:106B70002A408D892A434D882A43524DA84202D08B
:106B8000564DA84213D14FF6F7752A40CD892A43B6
:106B90004FF6FB752A408D882A434FF6FF652B4040
:106BA0004FF6FF552B400D8A2B434D8A2B43838094
:106BB00004838D684563028470BD70B50024002293
:106BC0000023058C4FF6EF7635400584028C8388D0
:106BD000048B48F6FF752C404FF6FF452C400D887E
:106BE0004FF6FF7606EA05252C434FF6DF752A405F
:106BF0008D8906EA05152A434D8806EA05152A43BC
:106C0000304DA84202D0354DA8421DD14FF67F75B8
:106C10002A40CD894FF6FF7606EA05152A434FF63E
:106C2000BF752A408D8806EA05152A434FF6FF35C1
:106C30002B404FF2FF752B400D8A06EA85052B434A
:106C40004D8A06EA85052B43838004838D6885631E
:106C5000028470BD70B5002400220023058C4FF61D
:106C6000FF6635400584028C8388848B4FF68F75D0
:106C70002C404FF6FC752C400D882C434FF6FF55E9
:106C80002A408D894FF6FF7606EA05252A434D886E
:106C900006EA05252A430B4DA84202D00F4DA84213
:106CA00038D14FF2FF752A40CD894FF6FF7606EABC
:106CB00005252A434FF6FF352A408D8806EA05252B
:106CC0002A4319E000000140000400400008004091
:106CD000000C00400010004000140040000401407F
:106CE00000400140004401400048014000180040BD
:106CF000001C0040002000404EF6FF752B404DF672
:106D0000FF752B400D8A06EA05152B434D8A06EACE
:106D100005152B43838084838D68C563028470BD11
:106D200070B5002200230024058C4EF6FF76354016
:106D30000584038C8488828B48F6FF752A404FF6C1
:106D4000FF452A400D884FF6FF7606EA05252A43BF
:106D50004DF6FF752B408D8906EA05352B434D888E
:106D600006EA05352B43FE4DA84202D0FD4DA84250
:106D700008D14BF6FF752C400D8A4FF6FF7606EAD8
:106D800085152C43848082838D680564038470BDDF
:106D9000002101804180818081608181C1810182E7
:106DA0004182704770B50346002000241846183011
:106DB00001258D40ACB21D8CA5431D8409B1082965
:106DC0000AD100EB610005684FF68F76354005600B
:106DD0000568154305600FE00D1FC5F34E052844F7
:106DE000056848F6FF763540056005684FF6FF7682
:106DF00006EA02263543056070BD41637047816332
:106E00007047C1637047016470470A460021018BD7
:106E10004FF68F7319401143018370470A460021D2
:106E2000018B48F6FF7319404FF6FF7303EA022304
:106E30001943018370470A460021818B4FF68F73F7
:106E400019401143818370470A460021818B48F61F
:106E5000FF7319404FF6FF7303EA0223194381833E
:106E600070470A460021018B4FF6F7731940114312
:106E7000018370470A460021018B4FF2FF731940CE
:106E80004FF6FF7303EA02231943018370470A4652
:106E90000021818B4FF6F7731940114381837047AE
:106EA0000A460021818B4FF2FF7319404FF6FF73A2
:106EB00003EA02231943818370470A460021018BAC
:106EC0004FF6FB7319401143018370470A460021B6
:106ED000018B4FF6FF3319404FF6FF7303EA02238D
:106EE0001943018370470A460021818B4FF6FB73DB
:106EF00019401143818370470A460021818B4FF668
:106F0000FF3319404FF6FF7303EA022319438183CD
:106F100070470A460021018B4FF67F7319401143D9
:106F2000018370470A460021018BC1F30E014FF621
:106F3000FF7303EA02231943018370470A460021C5
:106F4000818B4FF67F7319401143818370470A4646
:106F50000021818BC1F30E014FF6FF7303EA022378
:106F60001943818370470A460021018C4FF6FD7357
:106F700019401143018470470A460021018C4FF6E5
:106F8000F77319401143018470470A460021018CB0
:106F90004FF6DF7319404FF6FF7303EA02131943EC
:106FA000018470470A460021018C4FF67F73194017
:106FB0004FF6FF7303EA02131943018470470A4630
:106FC0000021018C4FF6FF5319404FF6FF7303EA7F
:106FD00002231943018470470A460021018C4FF2B5
:106FE000FF7319404FF6FF7303EA0223194301842C
:106FF00070470A460021018C4DF6FF7319404FF689
:10700000FF7303EA023319430184704730B500234C
:1070100001248C40A3B2048C9C430484048C02FAA7
:1070200001F5ADB22C43048430BD30B500230424F7
:107030008C40A3B2048C9C430484048C02FA01F5B6
:10704000ADB22C43048430BD828B4FF2FF331A4023
:107050008283828B4FF6FF7303EA01231A438283F4
:107060007047F0B50C461546002100220026078C1B
:107070004EF6FF7C07EA0C070784818B028C4FF6E3
:10708000FF7707EA043640F6FF4739404FF6FF77AF
:1070900007EA052739434FF6FF7707EA03373943F5
:1070A00045F6FF773A4046F480573A43818302849D
:1070B000F0BD828B4FF6F3731A408283828B0A43B2
:1070C00082837047F0B50C46154600210022002649
:1070D000078C4FF6FF6C07EA0C070784818B028C44
:1070E0004FF6FF7707EA04264FF60C7739404FF644
:1070F000FF7707EA03172F4339434FF2FF573A4010
:1071000046F480773A4381830284F0BD028B4FF2CC
:10711000FF331A400283028B4FF6FF7303EA012309
:107120001A4302837047F0B50C4615460021002231
:107130000026078C4FF6EF7C07EA0C070784018BCB
:10714000028C4FF6FF7707EA041640F6FF473940F6
:107150004FF6FF7707EA033739434FF6FF7703E02F
:10716000000001400004014007EA052739434FF6BB
:107170005F773A4046F010073A4301830284F0BD3E
:10718000028B4FF6F3731A400283028B0A43028389
:107190007047F0B50C46154600210022068C4FF6CC
:1071A000FE773E400684018B028C4FF60C76314010
:1071B0007E1C06EA03162E4331434FF6F576324025
:1071C00044F00106324301830284F0BD70B50546E8
:1071D0000C46208850B92389A28861882846FFF789
:1071E000D8FFE1882846FFF7CBFF25E02088042858
:1071F0000AD12389A28861882846FFF794FFE18895
:107200002846FFF783FF17E0208808280AD1238942
:10721000A28861882846FFF755FFE1882846FFF7D6
:1072200048FF09E02389A28861882846FFF719FFF3
:10723000E1882846FFF708FF70BD002101804180EA
:10724000012181800021C180018170472DE9F04139
:1072500005460C4600260127608808B9022600E092
:107260000026A088012801D1022700E001272088FC
:10727000A0B92389A28861882846FFF78AFFE188A0
:107280002846FFF77DFF23893A4631462846FFF717
:107290004AFFE1882846FFF739FF13E02389A288D7
:1072A00061882846FFF73FFFE1882846FFF72EFF59
:1072B00023893A4631462846FFF76BFFE188284686
:1072C000FFF75EFFBDE8F0810146486B704701465D
:1072D000886B70470146C86B70470146086C704761
:1072E0000A884B881A438B881A43CB881A430B8928
:1072F0001A434B891A438B891A43A0F844207047DC
:107300000021018041808180C18001814181818192
:10731000704731B1B0F8442042F40042A0F8442054
:1073200005E0B0F84420C2F30E02A0F844207047F4
:1073300021B1828842F00402828004E082884FF604
:10734000FB731A408280704721B1828842F00102AB
:10735000828004E082884FF6FE731A408280704774
:107360001AB183890B43838102E083898B43838134
:1073700070478182704702460020138A0B400BB190
:10738000012000E000207047CA430282704730B5F8
:107390000246002000230024158A05EA010395898E
:1073A00005EA010413B10CB1012000E0002030BD5A
:1073B000CA430282704741EA0203A0F8483070478E
:1073C0001AB183890B43838102E083898B438381D4
:1073D000704721B1828842F00802828004E08288EE
:1073E0004FF6F7731A408280704701894FF6F872A2
:1073F0001140018170470A46002101894FF68F73C1
:10740000194011430181704730B504460D462946A5
:107410002046FFF7F0FF208940F00700208130BDB3
:107420002DE9F04104460D4616461F46602D06D153
:107430003B46012231462046FFF775FE05E03B46FC
:10744000012231462046FFF7A4FE29462046FFF7D9
:10745000D2FF208940F007002081BDE8F08130B5DF
:107460000C4600210189C9B24FF6FF7505EA0325D4
:10747000154325432943018130BD2DE9F0410546DF
:107480000E4617469846002443463A46314628465B
:10749000FFF7E5FF2C894FF6F870044044F007042D
:1074A0004FF68F70044044F070042C81BDE8F081E9
:1074B000F0B504460D4616461F463B463246294661
:1074C0002046FFF7CCFF208940F480402081F0BDAA
:1074D00082884FF68F731A40828082880A438280A6
:1074E000704702894FF6F8731A40028102890A43F5
:1074F0000281704702894FF67F731A400281028928
:107500000A4302817047F0B50C4615461E4600211D
:10751000002200230189028B038C4FF6F877394053
:1075200021434FF6FC473A4040F201173A434FF6E9
:10753000DD773B404FF6FF7707EA06172F433B43C3
:10754000018102830384F0BD21B1828842F0800270
:10755000828004E082884FF67F731A4082807047F1
:10756000A0F850107047000010B50446F748844258
:1075700008D101211020FEF77FFC00211020FEF72A
:107580007BFC3EE0F248844209D101214804FEF729
:1075900062FC00214FF40030FEF75DFC31E0ED4865
:1075A000844209D101218804FEF755FC00214FF4E3
:1075B0008020FEF750FC24E0E748844209D10121F5
:1075C000C804FEF748FC00214FF40020FEF743FCFE
:1075D00017E0E248844209D101210805FEF73BFC8F
:1075E00000214FF48010FEF736FC0AE0DC488442AC
:1075F00007D101212020FEF73FFC00212020FEF7CB
:107600003BFC10BD2DE9FF4705460E460024A14670
:1076100000BFA046B08900B100BF2C8A24F44054BA
:10762000F08804432C82AC8941F20C608443B0881A
:1076300031890843718908430443AC81AC8A24F43E
:107640004074B0890443AC826846FEF7D4FABF4860
:10765000854202D0C248854202D1DDF80C9001E09B
:10766000DDF80890A88900F4004040B109EBC9009A
:1076700000EB091031684900B0FBF1F707E009EBB6
:10768000C90000EB091031688900B0FBF1F76420F4
:10769000B7FBF0F004012009642101FB1078A889F0
:1076A00000F4004040B1322000EBC800B0FBF1F024
:1076B00000F00700044308E0322000EB08106421CA
:1076C000B0FBF1F000F00F0004432C81BDE8FF8710
:1076D0004FF41651016000218180C18001810C218D
:1076E000418100218181704710B502460020108A37
:1076F00020F470600B884C8823438C882343CC880B
:1077000023431843108210BD0021018041808180F5
:10771000C180704721B1828942F40052828104E025
:1077200082894DF6FF731A4082817047028B02F402
:107730007F420283028B0A430283704721B1828910
:1077400042F40042828103E08289C2F30E02828108
:10775000704721B1828A42F40062828204E0828A08
:107760004FF2FF731A4082827047C1F30802828091
:10777000704701468888C0F308007047028A4FF6B8
:10778000F0731A400282028A0A430282704721B1D2
:10779000828942F00202828104E082894FF6FD7301
:1077A0001A408281704782894FF2FF731A408281AA
:1077B00082890A4382817047028A4FF6DF731A403A
:1077C0000282028A0A430282704721B1028A42F48D
:1077D0008042028204E0028A4BF6FF731A40028262
:1077E0007047818941F001018181704721B1828A0E
:1077F00042F00802828204E0828A4FF6F7731A4050
:1078000082827047028BD2B20283028B42EA01224B
:107810000283704721B1828A42F02002828204E012
:10782000828A4FF6DF731A408282704721B1828AC2
:1078300042F01002828204E0828A4FF6EF731A400F
:1078400082827047828A4FF6FB731A408282828A54
:107850000A438282704721B1828A42F00202828208
:1078600004E0828A4FF6FD731A40828270471AB193
:10787000838A0B43838202E0838A8B43838270472F
:10788000F0B50346002400260025002040F66A17C4
:10789000B94200D100BF1846C1F3421401F01F06DF
:1078A000012707FA06F5012C01D10C3004E0022C67
:1078B00001D1103000E014301AB107682F4307607F
:1078C00002E00768AF430760F0BD02460020B1F553
:1078D000007F00D100BF13880B400BB1012000E0F6
:1078E0000020704701F40072B2F5007F00D100BFA4
:1078F000CA430280704770B5024600240023002569
:10790000002040F66A16B14200D100BFC1F3421513
:1079100001F01F03012606FA03F3012D02D1968917
:10792000334006E0022D02D1168A334001E0968AE8
:1079300033400C12012606FA04F41688344013B1C1
:107940000CB1012000E0002070BD000000100140DB
:107950000044004000480040004C004000500040FF
:107960000014014010B50022002340F66A14A14221
:1079700000D100BF0A1201249440A3B2DC4304806A
:1079800010BD000010B501218803FEF775FA002133
:107990004FF48040FEF770FA10BD1A490860704736
:1079A00030B500228B071C0F0F2303FA04F2154B8E
:1079B00008338C1053F824309343124C08348D1044
:1079C00044F8253023468C1053F824308C07240FBC
:1079D00000FA04F423430B4C08348D1044F825308E
:1079E00030BD0949086070470849086070470020A9
:1079F00004492031096801F4807109B1012000E0D7
:107A00000020704700380140DC0027420004274274
:107A100000F1080141604FF0FF31816000F1080181
:107A2000C160016100210160704700210161704760
:107A3000426853684B6043688B605368996051603B
:107A40004160086103685B1C0360704710B5024623
:107A50000B685C1C0CB9106907E002F1080000E03B
:107A60004068446824689C42FAD944684C604C6879
:107A7000A160886041600A611468641C146010BDD4
:107A80000146D1E901309860D1E9010358600A69E3
:107A90005068884201D188685060002008611068F1
:107AA000401E10601068704770B504460D461CB942
:107AB000F8F7BEFB00BFFEE700F0F3FDD4E90F12BC
:107AC000206801FB020060600020A0632068A060C5
:107AD000E06B401E226C216800FB0210E0604FF05A
:107AE000FF306064A06475B9206908B9012000E026
:107AF000002080B904F1100001F02AFC01280AD10D
:107B000000F0C9FD07E004F11000FFF781FF04F168
:107B10002400FFF77DFF00F0CDFD012070BD2DE9B1
:107B2000F04705460E4617464FF00009DDB15020DC
:107B300000F0E4FD0446B4B105FB06F000F10108D5
:107B4000404600F0DBFD2060206848B1E563266414
:107B500001212046FFF7A8FF84F84D70A14602E0FE
:107B6000204600F02CFEB9F1000F03D1F8F760FBBE
:107B700000BFFEE74846BDE8F08710B5044600F0B8
:107B800090FD11E0606A08B9012000E0002050B9C2
:107B900004F1240001F0DCFB08B101F054FCA06CFE
:107BA000401EA06400E002E0A06C0028EADC00BFF8
:107BB0004FF0FF30A06400F07DFD00F072FD11E099
:107BC000206908B9012000E0002050B904F110003C
:107BD00001F0BEFB08B101F036FC606C401E606431
:107BE00000E002E0606C0028EADC00BF4FF0FF30EC
:107BF000606400F05FFD10BD70B5044600F051FDFB
:107C0000A06BE16B884201D1012000E00020054615
:107C100000F050FD284670BD70B504460E4615466E
:107C2000206C38B9206838BB606801F09BFC0020EC
:107C3000606021E07DB93146226CA06801F0BCFC97
:107C4000216CA0680844A060D4E90110884213D3D5
:107C50002068A06010E03146226CE06801F0ACFCC6
:107C6000216CE068401AE0602168E068884203D235
:107C7000216C6068401AE060A06B401CA06370BD7E
:107C8000FFB583B004460D461E4600271CB9F8F721
:107C9000CFFA00BFFEE70DB9206C08B9012000E063
:107CA000002018B9F8F7C4FA00BFFEE700BF00F0E3
:107CB000F8FCA06BE16B884217D232462946204679
:107CC000FFF7AAFF606A08B9012000E0002038B978
:107CD00004F1240001F03CFB012801D100F0DBFCA1
:107CE00000F0E8FC012007B0F0BD059818B900F0DD
:107CF000E1FC0020F7E71FB901A801F05EFB0127B6
:107D000000F0D8FC00F0DEFF00F0CBFC606C401C03
:107D100008B900206064A06C401C08B90020A06471
:107D200000F0C8FC05A901A801F055FBC0B9204628
:107D3000FFF762FF70B104F11000059901F0CBFA72
:107D40002046FFF71AFF00F00DFF0028AFD100F02A
:107D5000A2FCACE72046FFF710FF00F003FFA6E708
:107D60002046FFF70AFF00F0FDFE0020BBE770B5DC
:107D70000546502000F0C2FC0446E4B100206060DB
:107D80002060A060E060A0630120E0630020206428
:107D9000401E6064A06484F84D5004F11000FFF7A9
:107DA00037FE04F12400FFF733FE00231A4619467C
:107DB0002046FFF765FF1CB9F8F73AFA00BFFEE767
:107DC000204670BD70B504461CB9F8F731FA00BF03
:107DD000FEE701F047FB616888420CD1E068401E75
:107DE000E060E06828B900231A4619462046FFF7EC
:107DF00047FF012500E00025284670BD70B5044608
:107E000000F04FFCA06B08B9012000E000200546FF
:107E100000F050FC284670BD70B504460D46206841
:107E200070B1216CE0680844E0606168E0688842F5
:107E300001D32068E0602846226CE16801F0BCFBB9
:107E400070BD2DE9FF4182B004460D461E464FF03D
:107E500000081CB9F8F7ECF900BFFEE70DB9206C7B
:107E600008B9012000E0002018B9F8F7E1F900BFD7
:107E7000FEE700BF00F015FCA06B80B3E768294661
:107E80002046FFF7C9FFB6B9A06B401EA06320686B
:107E900010B901F0E7FA6060206908B9012000E03C
:107EA0000020B0B904F1100001F052FA012810D1FD
:107EB00000F0F1FB0DE0E760606A08B9012000E026
:107EC000002030B904F1240001F042FA08B100F0BA
:107ED000E2FB00F0EFFB012006B0BDE8F081FFE718
:107EE000049818B900F0E6FB0020F5E7B8F1000FA0
:107EF00004D1684601F061FA4FF0010800F0DAFBA6
:107F000000F0E0FE00F0CDFB606C401C08B90020E2
:107F10006064A06C401C08B90020A06400F0CAFB9B
:107F200004A9684601F057FA08BB2046FFF766FF30
:107F3000B8B1206830B900F0B4FB606801F0A1FA74
:107F400000F0B8FB04F12400049901F0C4F92046C4
:107F5000FFF713FE00F006FE00288BD100F09BFB1C
:107F600088E72046FFF709FE00F0FCFD82E7204687
:107F7000FFF703FE00F0F6FD0020ADE770B5044604
:107F80000E461CB9F8F754F900BFFEE701F06AFA93
:107F90006168884204D1E068401CE06001250BE084
:107FA0000023324619462046FFF74BFF0546012DB8
:107FB00002D1E068401CE060284670BD70B50646FE
:107FC0000D46022200213046FFF7A9FD044604B108
:107FD000A5631CB9F8F72CF900BFFEE7204670BD79
:107FE0002DE9F04704460F46154698461CB9F8F7A8
:107FF0001FF900BFFEE70FB9206C08B9012000E0AF
:10800000002018B9F8F714F900BFFEE7F8F710F9E7
:108010008146A06BE16B88421BD24246394620461E
:10802000FFF7FAFDA06C401C70B9606A08B9012026
:1080300000E0002058B904F1240001F089F930B1C2
:108040002DB10120286002E0A06C401CA064012634
:1080500000E000264846F8F7F2F83046BDE8F08721
:108060002DE9F04104460F4615461CB9F8F7E0F833
:1080700000BFFEE70FB9206C08B9012000E0002026
:1080800018B9F8F7D5F800BFFEE7F8F7D1F8804641
:10809000A06BE8B139462046FFF7BEFEA06B401E3C
:1080A000A063606C401C70B9206908B9012000E031
:1080B000002058B904F1100001F04AF930B12DB197
:1080C0000120286002E0606C401C6064012600E032
:1080D00000264046F8F7B3F83046BDE8F08170B5A9
:1080E00004461CB9F8F7A4F800BFFEE700F0D9FA7F
:1080F000A56B00F0DFFA284670BD70B504461CB9C8
:10810000F8F796F800BFFEE7A56B284670BD01465C
:1081100000200BE03D4A02EBC00252688A4204D1C3
:1081200000223A4B43F8302002E0401C0828F1D3EB
:1081300000BF704710B504461CB9F8F779F800BFC6
:10814000FEE72046FFF7E3FF206800F038FB2046FB
:1081500000F035FB10BD014691F84C00704780F8E7
:108160004C107047014691F84D00704770B50446B9
:108170001CB9F8F75DF800BFFEE7A06B08B9012055
:1081800000E000200546284670BD70B504461CB9C5
:10819000F8F74EF800BFFEE7A06BE16B884201D113
:1081A000012000E000200546284670BD0246002060
:1081B0000BE0164B53F8303033B9144B43F8301002
:1081C00003EBC0035A6002E0401C0828F1D300BF53
:1081D000704770B504460D4600F063FA606C401CB1
:1081E00008B900206064A06C401C08B90020A0649D
:1081F00000F060FAA06B20B9294604F1240001F0D8
:108200008DF82046FFF7B9FC70BD00006405002022
:108210002DE9F04104460D4616461F464FF0000872
:1082200065602461B5420CD8F01BA169884202D375
:108230004FF0010811E0211DF0480068FFF706FC2F
:108240000BE0BE4204D2BD4202D34FF0010804E06D
:10825000211DEB480068FFF7F9FB4046BDE8F081BF
:108260002DE9FE4305460E4617461C46DDF82880DC
:108270004FF00009E348006808B3009601970295A3
:10828000ACB901F0F2F8012808D100234246694652
:10829000DC480068FFF7F4FC814610E000231A4632
:1082A0006946D8480068FFF7EBFC814607E00023E9
:1082B00022466946D3480068FFF792FE8146484649
:1082C000BDE8FE832DE9F84381462BE0CC480068E9
:1082D000C0680568CA480068C068C468201DFFF708
:1082E000CFFB2046616A8847E06901281AD1A0695E
:1082F0004619AE4207D966602461211DC048006856
:10830000FFF7A4FB0EE0002003462A46014600903A
:108310002046FFF7A5FF07461FB9F7F789FF00BF03
:10832000FEE700BFB6480068006808B9012000E019
:1083300000200028CAD0B248D0F80080AF480068BA
:10834000AF490860AD48C0F80080BDE8F88370B55B
:10835000044600F009FF0546AB480068854206D296
:10836000A9480068FFF7AEFF0120206001E000206F
:108370002060A5480560284670BD70B586B002A88B
:10838000FFF7E5FF064650E0059C44B1606908B977
:10839000012000E0002010B9201DFFF771FB0398B9
:1083A00030B1012826D0022825D003283BD136E061
:1083B0000498A2698118034632462046FFF728FF39
:1083C000012816D12046616A8847E069012810D14A
:1083D000002000900498A169421800231946204605
:1083E000FFF73EFF05461DB9F7F722FF00BFFEE786
:1083F00000BF19E018E00498A061A06908B101204D
:1084000000E0002018B9F7F713FF00BFFEE7A069EE
:108410008119334632462046FFF7FAFE04E0204633
:1084200000F0CDF900E000BF00BF00231A4603A909
:1084300074480068FFF705FD0028A5D106B070BD9F
:10844000F8B505460F466E480068C068C468201D30
:10845000FFF716FBE069012817D1A06941192B46E7
:108460003A462046FFF7D4FE01280ED100200346ED
:108470002A46014600902046FFF7F2FE06461EB946
:10848000F7F7D6FE00BFFEE700BF2046616A8847C7
:10849000F8BDF8B504460E4600F014FC6846FFF738
:1084A00056FF05460098A0B946B9AC4206D800F080
:1084B00059FB29462046FFF7C3FF0CE0611B5148DA
:1084C0000068FFF786FE00F04DFB20B900F0E3F8EE
:1084D00001E000F047FBF8BD0146494A1268126806
:1084E0000AB9012200E000220A600A6822B9444A5F
:1084F0001268D268106800E00020704708B500BF1D
:108500006846FFF7E9FF044620460099FFF7C1FFE0
:10851000FFF733FFF4E710B500F0C3F839480068FF
:1085200090B93A48FFF774FA3948FFF771FA3748BB
:108530003349086036483149086000220C210A207E
:10854000FFF7EDFA2F49086000F0B4F810BD1FB531
:108550000024FFF7E0FF2B48006868B100200223E9
:10856000CDE90030029003464FF4007229A1039038
:108570002A4800F0B2F904461CB9F7F759FE00BFCB
:10858000FEE7204604B010BD2DE9F04706460D4633
:1085900017469846DDF820904DB900240DB1012012
:1085A00000E00020A0B9F7F743FE00BFFEE7282057
:1085B00000F0A4F804465CB1FFF7ADFF2660A561AA
:1085C000E761C4F82080C4F82490201DFFF72DFA3D
:1085D0002046BDE8F08770B50446264600F061F8F5
:1085E000706908B1012000E00020054600F062F843
:1085F000284670BD01460A46106A7047C80200202E
:10860000C4020020CC020020D0020020A4050020DB
:10861000B8050020546D722053766300FD84000875
:10862000001F4FF080730360001F0160001F0023D4
:10863000036014380260001FDB1E0360203870479F
:108640002A48006842F21071B0FBF1F0401E4FF072
:10865000E021486107200861704710B52448006890
:1086600040F47C00224908600846006840F07C40E5
:108670000860FFF7E5FF00201E490860F7F7A6FD38
:108680001D48006840F040401B490860F7F794FD22
:10869000002010BD70474FF0805015491C3908600C
:1086A000704710B5F7F7C4FD12480068401C114927
:1086B000086010BD10B50F480068401E0D490860E5
:1086C0000846006810B90020F7F7B9FD10BD10B5D5
:1086D0004FF0805006491C390860F7F7A9FD00F0FB
:1086E000C2F90020F7F7ABFD10BD0000A00200208A
:1086F00020ED00E0D402002034EF00E02DE9F0414D
:1087000004464FF0000800F0DDFA3D48006898B9D3
:108710003C493D4A1160002151604FF420513B4AD1
:1087200051600021116037484FF4205141601146DB
:10873000016001203249086044B1103404F00700A0
:1087400020B104F00700C0F108000444002C31D02F
:10875000B4F5205F2ED22C4F3846056801E02F4635
:108760002D686868A04202D228680028F7D12748FF
:1087700085421FD0386800F11008286838606868A2
:10878000001B202810D92E196868001B70606C60CF
:1087900071681D4800E00068026852688A42FAD396
:1087A00002683260066000BF194968680968081AE3
:1087B0001749086000F0D6F94046BDE8F08170B571
:1087C00006463546B6B1103D2C4600F07BFA61688E
:1087D0000D4800E00068026852688A42FAD30268D5
:1087E000226004600A496068096808440849086012
:1087F00000F0B8F970BD0648006870477047000087
:10880000EC020020D0050020D8020020E002002069
:10881000E802002010B5002407E004EB8401FE4AC2
:1088200002EB8100FFF7F4F8641C052CF5D3FB483C
:10883000FFF7EEF8FA48FFF7EBF8FA48FFF7E8F829
:10884000F948FFF7E5F8F948FFF7E2F8F348F84987
:108850000860F348F749086010BD2DE9F04104466F
:108860000E4615469846069F0A22314604F134000A
:1088700000F0D2FE00213D200155052D00D3042536
:10888000E562A564201DFFF7D0F804F11800FFF79A
:10889000CCF82461C5F10500A0616462BDE8F081F7
:1088A00070B505460E464C20FFF728FF044694B1EC
:1088B0001EB9A800FFF722FF00E030462063206BBE
:1088C00020B92046FFF77BFF002404E0A900A52281
:1088D000206B00F083FE204670BD2DE9FF4F81B074
:1088E000804616469A46DDE90E5BB8F1000F03D1CB
:1088F000F7F79EFC00BFFEE7052D01D2012000E046
:10890000002018B9F7F794FC00BFFEE73046109935
:10891000FFF7C6FF0446002C64D0701E216B01EBEC
:10892000800929F0070909F0070008B9012000E0D3
:10893000002018B9F7F77CFC00BFFEE700962A4636
:108940002046119B0299FFF788FF52464146484650
:10895000FFF766FE2060BBF1000F01D0CBF80040AE
:10896000FFF79FFEB4480068401CB3490860B34855
:10897000006840B9B14804600846006801280CD17D
:10898000FFF748FF09E0AE48006830B9AB4800681F
:10899000C06AA84201D8A9480460AA49E06A0968E7
:1089A000884202D9A749E06A0860A74800682064A5
:1089B000A5480068401CA4490860A449E06A096809
:1089C000884202D9A149E06A0860E16A01EB8101AD
:1089D000914A02EB8100211DFFF72AF80127FFF7DA
:1089E00069FE01E04FF0FF37012F09D1944800687C
:1089F00030B192480068C06AA84201D2FFF74BFE2E
:108A0000384605B0BDE8F08F70B50446FFF749FE63
:108A10008A480068844200D1002414B9874800685D
:108A200000E020460546281DFFF72AF8A86A18B17D
:108A300005F11800FFF724F8291D7B48FEF7F8FF21
:108A400083480068401C824908607F480068401CD9
:108A50007D490860FFF72EFE7948006810B10CB917
:108A6000FFF719FE70BD70B57A480068002873D111
:108A700079480068401C784908600846006868BB6F
:108A80006B480068006808B9012000E0002018B9B0
:108A9000F7F7CEFB00BFFEE765480568654800684C
:108AA00063490860634805606C480068401C6B4976
:108AB00008605F480068006808B9012000E00020F5
:108AC00020B14FF0FF306649086006E05848006862
:108AD000C068C46862496068086000BF5E4800689A
:108AE0005F490968884236D300BF51480068006872
:108AF00008B9012000E0002020B14FF0FF305849B4
:108B0000086027E04A480068C068C4686568524841
:108B10000068A84202D2524805601BE0201DFEF703
:108B2000AFFFA06A18B104F11800FEF7A9FF47498A
:108B3000E06A0968884202D94449E06A0860E16A4B
:108B400001EB8101344A02EB8100211DFEF770FF29
:108B5000CBE701E000BF04E042480068401C414907
:108B6000086070BD70B500253A48006818B9F7F77D
:108B70005FFB00BFFEE7FFF794FD36480068401E2C
:108B80003449086008460068002878D12A480068FF
:108B9000002874D0002621E02248C068C46804F18F
:108BA0001800FEF76DFF201DFEF76AFF2749E06AF7
:108BB0000968884202D92549E06A0860E16A01EB48
:108BC0008101154A02EB8100211DFEF731FF1B498F
:108BD000E06A0968C96A884200D301261148006822
:108BE00008B9012000E000200028D5D01D48006809
:108BF00060B106E0FFF737FF1A480068401E1949C8
:108C00000860184800680028F4D10126012E2FD0F2
:108C10001548006801282AE0D02D0020342E0020BD
:108C2000482E00205C2E0020702E0020842E002074
:108C3000F4020020F802002000030020F0020020CF
:108C40001003002008030020240300200C03002050
:108C5000FC02002014030020040300202003002055
:108C600028030020180300201C03002007E005D182
:108C700001250020F9490860FFF70DFD00BFFFF74F
:108C800019FD284670BD10B50446F54800684460DB
:108C9000F4480068844207D2F1480168091DF2488F
:108CA0000068FEF7D3FE0CE0ED480168091DEF48AF
:108CB0000068FEF7CBFEEE480068844201D2EC4823
:108CC000046010BDEB480068401CEA49086070472A
:108CD0002DE9F04104460E464FF000081CB9F7F7A5
:108CE000A7FA00BFFEE70EB1012000E0002018B98E
:108CF000F7F79EFA00BFFEE7FFF7E4FF206885194B
:108D0000D84920680968884209D92068A8420FD943
:108D1000D448006885420BD94FF0010808E020686C
:108D2000A84203D8CF480068854201D94FF0010816
:108D30002560B8F1000F07D0C9480068001DFEF794
:108D40009FFE2846FFF79FFFFFF70CFF07460FB96E
:108D5000FFF7A1FCBDE8F08170B5044600267CB1A8
:108D6000FFF7B0FFBF4800680519BD480068001D47
:108D7000FEF786FE2846FFF786FFFFF7F3FE06465E
:108D80000EB9FFF788FC70BD70B50446FFF789FC8B
:108D900014B9B348006800E020460646F56AFFF7BC
:108DA00089FC284670BD2DE9F04706460D464FF078
:108DB0000009052D01D2012000E0002018B9F7F7C5
:108DC00037FA00BFFEE7052D00D30425FFF769FC45
:108DD000A3480068864200D1002616B9A048006862
:108DE00000E030460446A76CAF4234D0BD4203D900
:108DF0002EB14FF0010902E00EB94FF00109D4F88D
:108E00002C80E16AA06C884200D1E562A564C5F1BE
:108E10000500A06107EB8701974A02EB81016069B9
:108E2000884213D1201DFEF72BFE9449E06A0968A1
:108E3000884202D99149E06A0860E16A01EB810148
:108E40008D4A02EB8100211DFEF7F2FDB9F1010F01
:108E500001D1FFF720FCFFF72DFCBDE8F08710B52E
:108E60008448006818B101207C4908602CE00BE0C0
:108E70008248006818B9F7F7DBF900BFFEE77F48C2
:108E80000068401E7D4908607C48006800EB800057
:108E9000794951F820000028EAD07849096801EBA7
:108EA0008101754A02EB810041684968416000F127
:108EB000080142688A4202D14168496841604168BC
:108EC000C968674A116000BF10BD70B50446FFF75E
:108ED000E8FB63480068844200D1002414B960486C
:108EE000006800E020460546281DFEF7C9FDA86A77
:108EF00018B105F11800FEF7C3FD291D6048FEF703
:108F000097FDFFF7D7FB8CB95E48006810B1FFF7FB
:108F1000C2FB0BE05A4800685B490968884203D1EC
:108F200000204F49086001E0FFF799FF70BD70B560
:108F3000054600262C461DB9F7F77AF900BFFEE773
:108F40004F496069884201D1012000E0002080B1D2
:108F50004E49A06A884201D1012000E0002001288A
:108F600007D0A06A08B9012000E00020012800D144
:108F70000126304670BD70B505461DB9F7F758F9A2
:108F800000BFFEE72C4644B335480068844224D035
:108F9000FFF787FB2046FFF7CAFF01281BD1201DE2
:108FA000FEF76EFD3549E06A0968884202D9334907
:108FB000E06A0860E16A01EB81012F4A02EB81005F
:108FC000211DFEF735FD2649E06A0968C96A884215
:108FD00001D3FFF760FBFFF76DFB70BD2DE9F0419A
:108FE000054600261DB9F7F723F900BFFEE72C461A
:108FF000F7F71EF907462046FFF799FF012826D10B
:109000001C480068F0B91649E06A0968C96A8842D4
:1090100001D3012000E000200646201DFEF730FDB0
:109020001649E06A0968884202D91449E06A086072
:10903000E16A01EB8101104A02EB8100211DFEF77C
:10904000F7FC04E004F118011048FEF7F1FC384683
:10905000F7F7F5F83046BDE8F08100001C0300206A
:10906000F002002004030020F8020020F402002097
:109070002803002014030020D02D00200C03002022
:10908000842E002010030020000300205C2E00200E
:1090900010B50446206BFFF792FB2046FFF78FFBCD
:1090A00010BD70B523E0FFF70DFEFD48006808B95C
:1090B000012000E000200546FFF754FDBDB9FFF791
:1090C000F0FAF748C068C468201DFEF7D9FCF548DF
:1090D0000068401EF3490860F3480068401EF249EA
:1090E0000860FFF7E7FA2046FFF7D2FF00BFEE481F
:1090F00000680028D7D170BD00BFFFF7D2FFEB4852
:1091000000680128F9D9FFF7C6FAF6E71FB5002075
:1091100000900190029003464FF48072E4A1039006
:10912000E548FFF7DAFB0446012C02D1FFF70FFAFE
:109130000446012C09D1F7F77BF80120DF490860CC
:109140000020DF490860FFF788FA1CB9F7F770F8CC
:1091500000BFFEE71FBD10B5F7F76AF80020D7493A
:109160000860FFF797FA10BD10B5FFF79AFAD448D8
:109170000468FFF79FFA204610BD70B5F7F758F85E
:109180000546CF4804682846F7F759F8204670BDD1
:10919000C448006870470146002002E0491C421C98
:1091A00090B20A78A52AF9D0800870472DE9FE43CD
:1091B00081460C461646204641684968416000F1E8
:1091C000080142688A4202D14168496841604168A9
:1091D000CF6800BF204641684968416000F108013E
:1091E00042688A4202D14168496841604168CD685D
:1091F000286BFFF7D0FF8046286CE96A334605F1FB
:109200003402CDE900180290AEA1B34800F0E2FDAF
:10921000B149484600F0F4F9BD42DBD1BDE8FE8318
:1092200070B50546FFF74EFD00202870ABA128461B
:1092300000F0E6F9AA480068441C00BF641E04EB75
:1092400084009A4951F8200008B9012000E000206C
:1092500040B904EB8400954A02EB80015222284673
:10926000FFF7A4FF002CE9D19E480068006808B908
:10927000012000E0002028B942229A4801682846CF
:10928000FFF794FF98480068006808B9012000E0E3
:10929000002028B94222944801682846FFF786FF3B
:1092A0007F48006808B9012000E0002020B944226E
:1092B0007B492846FFF77AFF8C48006808B90120EF
:1092C00000E0002020B9532288492846FFF76EFFAE
:1092D000FFF748FC70BD70B505460C461DB9F6F7A2
:1092E000A7FF00BFFEE78248016818312846FEF755
:1092F000ADFB7F480068001DFEF7C2FB601C30B963
:109300007B480168091D7948FEF792FB05E06C482F
:10931000006806193046FFF7B6FC70BD70B504460C
:109320000D461CB9F6F784FF00BFFEE770480168E0
:1093300018312046FEF77CFB6D480068001DFEF7E3
:109340009FFB5F48006846193046FFF79CFC70BDE4
:1093500070B50646F068C4681CB9F6F769FF00BF2F
:10936000FEE704F11800FEF78BFB62480068A0B925
:10937000201DFEF785FB6049E06A0968884202D932
:109380005D49E06A0860E16A01EB8101474A02EB4E
:109390008100211DFEF74CFB04E004F11801574841
:1093A000FEF746FB5249E06A0968C96A884201D360
:1093B000012500E00025284670BD10B504461CB903
:1093C000F6F736FF00BFFEE74D48006820603C48D6
:1093D0000068606010BD70B504460D461CB9F6F714
:1093E00027FF00BFFEE71DB9F6F722FF00BFFEE72B
:1093F000FFF757F92868401C08B900261FE04049CC
:1094000020680968884206D02D496068096888424A
:1094100001D8012613E02A4960680968081A2968FA
:1094200088420BD22868264A61681268511A401A8D
:1094300028602046FFF7C1FF002600E00126FFF765
:1094400039F9304670BD01202E4908607047014649
:1094500011B10A46506C00E00020704708B1024686
:10946000516470472249086870471449096809B96E
:10947000002005E01F49096809B9012000E0022029
:10948000704770B505462C464DB11949E06A096828
:10949000C96A884265D216480068C06A34E060E054
:1094A000702E002000030020FC020020D02D0020A0
:1094B00049444C4500000000F990000810030020CA
:1094C00004030020257309092563092575092575FD
:1094D0000925750D0A000000982E00200D0A0000D5
:1094E00008030020F4020020F8020020842E00204F
:1094F000F0020020140300200C0300205C2E00204A
:10950000200300201C030020C0F10500A061E16AD7
:1095100001EB8101254A02EB81016069884201D19A
:10952000012000E00020C0B1201DFEF7A9FA20486C
:109530000068C06AE0621F49E06A0968884202D98F
:109540001C49E06A0860E16A01EB8101174A02EBFD
:109550008100211DFEF76CFA03E015480068C06A1F
:10956000E06270BD70B505462C46EDB1A16CE06AB5
:10957000884219D0201DFEF783FAA06CE062E06AF1
:10958000C0F10500A0610B49E06A0968884202D970
:109590000849E06A0860E16A01EB8101034A02EBD5
:1095A0008100211DFEF744FA70BD0000D02D00207F
:1095B000F00200200C03002040EA01039B0703D0C7
:1095C00009E008C9121F08C0042AFAD203E011F802
:1095D000013B00F8013B521EF9D27047D2B201E0C4
:1095E00000F8012B491EFBD270470022F6E710B5A8
:1095F00013460A4604461946FFF7F0FF204610BD01
:10960000421E12F8013F002BFBD111F8013B02F87A
:10961000013B002BF9D1704710B5044604E00B78EC
:1096200000F8013B03B1491C521EF8D2204610BD80
:10963000421C10F8011B0029FBD1801A704710B59D
:10964000002200E0521C835C8C5CA34201D1002B01
:10965000F8D1D8B2E1B2401A10BD2DE9FE4F8046D4
:1096600081EA0300C00F0C46009021F0004123F076
:109670000045B8EB0200A94105D24046214690467C
:109680001C460B46024623F00040104347D0270DEE
:10969000C7F30A00C3F30A510290401A0190402810
:1096A0006BDAC3F3130040F4801B0098924620B19C
:1096B0000023D2EB030A63EB0B0B01985946C0F170
:1096C0004002504600F0A7F906460D46504659465E
:1096D000019A00F0AFF910EB08006141002487EA1D
:1096E000115284EAE7731A4340D0009A62B3019A98
:1096F000012A4FEA075215DC001B61EB02014FF013
:10970000004202EA0752CDE90042001C41F58011F7
:1097100032462B4600F0E6F903B0BDE8F08F404634
:109720002146F9E7001B61EB0201001C41F58013A3
:1097300000185B412018A2F5001747EB030140EA2F
:10974000D570B6196D4111E06D084FEA360645EA4D
:10975000C0754FEA0752001B61EB0201001C41F586
:10976000801149084FEA30000019514132462B461A
:1097700003B0BDE8F04F00F0A6B900980122400008
:109780000023D0EB020263EBE073009821464FEA1E
:10979000E074B8EB000061EB0401E9E783F00043FB
:1097A0005BE781F0004158E72DE9FE4F81EA0304B1
:1097B00004F0004421F0004100944FF0000B23F02E
:1097C000004350EA01045ED052EA03045BD0C3F3C5
:1097D0000A54C1F30A552C44A4F2F3340194A0FBBB
:1097E0000254C1F3130141F48011C3F3130343F492
:1097F000801301FB024400FB034E840A970A44EAEB
:10980000815447EA8357A4FB076802958D0A05FB3C
:1098100007854FEA932C04FB0C542705029D4FEA61
:10982000065847EA1637B5EB08056EEB070C870EAE
:10983000920E47EA811742EA8312A7FB0201B6EBB8
:109840000B0164EB00042B0D43EA0C335E1844EB70
:109850001C50DA465146E7FB0201C5F313044FEAF8
:109860000B3343EA14534FEA0432019C43EA0603E4
:10987000A4F10C040294009CCDE900B400F032F98C
:1098800003B0BDE8F08F00200146F9E72DE9F04D67
:1098900081EA030404F0004B21F0004514464FF028
:1098A000000A23F0004150EA050220D054EA0102E8
:1098B0001DD0C5F30A570246C5F31303C1F31300C5
:1098C000C1F30A5640F4801543F48013A7EB060851
:1098D000101BD64608F2FD3873EB050002D308F1E1
:1098E000010801E092185B41B8F1000F03DA002093
:1098F0000146BDE8F08D00204FF4801106468446F5
:109900000EE0171B73EB050705D3121B63EB050372
:1099100006434CEA010C49084FEA300092185B41BB
:1099200050EA0107EDD152EA030012D082EA0400A6
:1099300083EA0501084305D0101BAB4106D2012282
:10994000002306E000224FF0004302E06FF0010226
:1099500053101AEB06004CEB085110EB0A0041EBD8
:109960000B01BDE8F04D00F0AEB80EB5C10F80EAB6
:10997000E0700844CA07002140F233438DE80E002E
:109980000A460B4600F0AEF803B000BD00F00042FE
:1099900030F000400AD0C10D01F56071C0F316002F
:1099A00042EA0151C20840071143704700200146B6
:1099B000704701F0004330B421F0004150EA010249
:1099C00006D00A0DA2F56072C1F31301002A02DC71
:1099D00030BC00207047440F44EAC104C100E018C5
:1099E00030BC00EBC25000F037B830B50B46014632
:1099F00000202022012409E021FA02F59D4205D32E
:109A000003FA02F5491B04FA02F52844151EA2F1D7
:109A10000102F1DC30BD202A04DB203A00FA02F119
:109A2000002070479140C2F1200320FA03F319434C
:109A300090407047202A06DBCB17203A41FA02F00B
:109A400043EAE07306E041FA02F3D040C2F120029B
:109A500091400843194670470029A8BF7047401C31
:109A6000490008BF20F00100704710B4B0FA80FC34
:109A700000FA0CF050EA010404BF10BC704749B171
:109A8000CCF1200421FA04F411FA0CF118BF0121E1
:109A900021430843A3EB0C01CB1D4FEA00614FEAC1
:109AA000102042BF002010BC704700EBC350104490
:109AB0000029A4BF10BC7047401C490008BF20F01B
:109AC000010010BC704710B5141E73F1000408DAD1
:109AD000401C41F1000192185B411A4301D120F072
:109AE000010010BD2DE9F04D92469B4611B1B1FA2F
:109AF00081F202E0B0FA80F220329046FFF78BFF4D
:109B000004460F4640EA0A0041EA0B0153465A4612
:109B1000084313D0114653EA010019D0C8F140029E
:109B2000504600F0F7F805460E4650465946424664
:109B3000FFF771FF084305D0012004E020463946B5
:109B4000BDE8F08D0020054346EAE0762C4337431C
:109B50000A986305E40AA0EB08000022FD0A44EA23
:109B600047540A3002D500200146E9E701051019E3
:109B70006941DDE9084500196941BDE8F04DA2E7FA
:109B800070B521F0004303430CD0C1F30A55002403
:109B9000D5EB040564EB0403D617AD1AB34102DB21
:109BA0000020014670BD201841EB025170BD2DE927
:109BB000F04D00231A461B1A8A4103DB00200146A0
:109BC000BDE8F08DC1F30A52C1F3130141F48015D1
:109BD0004FF0000BD10702D100186D41521E002733
:109BE000044640F2FF11384601EB620A3E468046C9
:109BF000024600204FF4801100F08CF8C219714128
:109C0000BB1846EB0100B4EB030C75EB000C04D35E
:109C1000E41A65EB000517460E46241908F1010009
:109C20006D4180463428E3DDF91946EB0600091B37
:109C3000A84103D24FF0FF32134601E00022134641
:109C40001BEB070046EB0A51BDE8F04DFFF73BBFA9
:109C500070B5C1F30A5201F000450024C1F31301AD
:109C600040F2FF3341F480119A4201DA002070BDC6
:109C700040F233439A42A2F2334203DC524200F0F4
:109C800049F800E090402C43F1D0404270BD000004
:109C900030B5041E71F1000404DB4FF00044404273
:109CA00064EB0101141E73F1000405DB1C464FF048
:109CB0000043524263EB04038B4208BF824230BD33
:109CC00030B5041E71F1000404DB4FF00044404243
:109CD00064EB0101141E73F1000405DB1C464FF018
:109CE0000043524263EB0403994208BF904230BDE7
:109CF000064C074D06E0E06840F0010394E80700D9
:109D000098471034AC42F6D3F6F742FAD0BE0008BA
:109D1000F0BE0008202A04DB203A21FA02F00021DC
:109D2000704721FA02F3D040C2F12002914008436B
:109D3000194670470EB540F2334102910021CDE93A
:109D400000110A460B46FFF7CDFE03B000BD70B50B
:109D50008C1810F8015B15F0070301D110F8013BD6
:109D60002A1106D110F8012B03E010F8016B01F85D
:109D7000016B5B1EF9D12B0705D40023521E0DD4B5
:109D800001F8013BFAE710F8013BCB1A921C03E003
:109D900013F8015B01F8015B521EF9D5A142D8D33B
:109DA000002070BD0FB41CB50246002007AC00298E
:109DB0000BD0491ECDE90021054B6A462146069885
:109DC00001F050FE009A002111701CBC5DF814FBDC
:109DD0001DBC00080FB4084B10B504A902AA0398D3
:109DE00001F040FE044602A9002001F022FF2046B7
:109DF00010BC5DF814FB000033BC000803B40198EC
:109E00004100009850EAC12018BF04204A0D18BF35
:109E100040F0010040F2FF72B2EB515F08BF40F02A
:109E20000200012808BF052002B070474100080267
:109E300018BF04200A0E18BF40F001004FF07F4207
:109E400032EA010108BF40F00200012808BF0520E6
:109E50007047000010EE100A10B510EE901A4FF087
:109E6000684202EB40032DED028BB3F1654F3CBF1E
:109E700002EB4102B2F1654F7CD200BFC0F3C75381
:109E8000C1F3C7529A1A1B2A09DD10F0004F14BF04
:109E90009FED6E0A9FED6E0ABDEC028B10BD12F1B4
:109EA0001A0F1BDA11F0004F09D010F0004F0CBF51
:109EB0009FED680A9FED680ABDEC028B10BD80EE35
:109EC000208A18EE100AFFF7B1FF042808BF01F03E
:109ED000ABFDB0EE480ABDEC028B10BD4200B2EB08
:109EE000410F37D910F0004F19BFDFED5C1A9FED1D
:109EF0005C1ADFED5C1A9FED5C1AB0EE602A0A4630
:109F0000F1EE400A80F00041B0EE420A10460A1A13
:109F10005200B2F1807F34D2484010F0004FDFEDA4
:109F2000532A9FED533A1DBFBEEE002A71EEE21A8E
:109F300031EE431AB6EE002A04BF71EEA21A31EEDA
:109F4000031AF0EE402A42EE602A40EE020A82EE48
:109F5000A02A18E011F0004F04BF9FED461AF0EE62
:109F6000411AD4D010F0004F1CBFDFED431A9FED13
:109F7000431A00E026E004BFDFED411A9FED411ACD
:109F8000C5E780EE202A22EE020ADFED3F0ADFED70
:109F90003F2ABDEC028B40EE202ADFED3D0A40EE69
:109FA000220ADFED3C2A40EE202ADFED3B0A40EE9C
:109FB000220A22EE000A00EE201A31EE020A30EEEA
:109FC000210A10BD4FF07F42B2EB400F28BFB2EB29
:109FD000410F05D2BDEC028BBDE8104001F020BD61
:109FE00040EA01035B0008BF41F0FF410BD0B2EB38
:109FF000400F08BFB2EB410F08D120F0804000EEC7
:10A00000100A21F0804100EE901A37E7B2EB400FC2
:10A0100012BF5FEA410240F0FF4001F000413FF40F
:10A020002DAF4A0092EA40033FF528AF002AACBFAB
:10A030009FED1A1A9FED1A1A20EE010A60EE810AAE
:10A0400010EE100A10EE901A18E70000DB0FC9BFDF
:10A05000DB0FC93FDB0F4940DB0F49C00000C9BF20
:10A0600022AAFDB90000C93F22AAFD390060ED3ED9
:10A07000C30ACE3700000000000049C022AA7DBA02
:10A080000000494022AA7D3A2DAD65BD8FB8D53D6F
:10A090000FB511BE61C84C3EA8AAAABE0000804FF1
:10A0A0000000802F0000000070B52DED020B2DED9B
:10A0B0000A8B82B00D98C40F20F00045AE4885424F
:10A0C00048D3AE48854219D30C99C5F31300084311
:10A0D00009D09DED0C0B02B0BDEC0A8B02B0BDE8BF
:10A0E000704001F059BC002C14BF9FEDA50B9DEDF5
:10A0F0000C0B02B0BDEC0A8B02B070BD9FEDA20B41
:10A1000053EC102B9DED0C0B51EC100BFFF7D8FD11
:10A110000AD2022001F0A0FC02B0BDEC0A8B02B012
:10A12000BDE8704001F05CBC9FED990B53EC102B27
:10A130009DED0C0B51EC100BFFF7AAFD0AD202208B
:10A1400001F08AFC02B0BDEC0A8B02B0BDE87040A1
:10A1500001F056BC90489FED92BBA8425CD2924859
:10A16000854219D29148784400EBC40090ED000B71
:10A1700053EC102B9DED0C0B51EC100BFFF70EFB6D
:10A1800041EC1A0B8A48784400EBC40090ED009B28
:10A19000C4F10100041B36E09FED870B53EC102B3C
:10A1A0009DED0C0B51EC100BFFF7FEFA41EC100B80
:10A1B0008348784400EBC40090ED001B51EC100B79
:10A1C00053EC112BFFF749FAFFF742FD0446FFF766
:10A1D000CCFB41EC180B9FED7C0B53EC102BFFF7E5
:10A1E000E3FA9DED0C1B53EC112BFFF7DAFA41EC6F
:10A1F0001A0B9FED770B51EC180B53EC102BFFF75C
:10A20000D3FA41EC190B51EC1A0B53EC192BFFF755
:10A21000C5FACDE90C011BE06F48854217D29FEDCE
:10A22000700B53EC102B9DED0C0B51EC100BFFF74A
:10A2300014FA53EC1B2BFFF743FD08D29DED0C0BDA
:10A2400053EC1B2B51EC100BFFF707FA6EE00024C8
:10A250009DED0C0B53EC102B51EC100BFFF7A4FAF7
:10A2600041EC180B60480521B0EE480AF0EE680A90
:10A27000784401F065FA53EC182B51EC100BFFF702
:10A2800093FA9DED0C1B53EC112BFFF78AFA41EC6E
:10A29000180B9FED570B5CB353EC182B51EC100BC4
:10A2A000FFF77CFA9DED0C0B41EC1C0B53EC182BCB
:10A2B00051EC100BFFF778FA53EC1C2BFFF7E6FA82
:10A2C00053EC192BFFF76DFA53EC1A2BFFF766FAD4
:10A2D00053EC1B2BFFF765FACDE900016FF47F709B
:10A2E000844226DB01EB045001909DED000B00E75A
:10A2F00053EC102B51EC180BFFF750FA9DED0C0BA3
:10A3000041EC190B53EC182B51EC100BFFF74CFAE6
:10A3100053EC192BFFF7BAFA9DED0C1B53EC112BE4
:10A32000FFF73CFA53EC1B2BFFF73BFA41EC100B09
:10A33000DFE608464FF07A5101EB04519FED2E0BFA
:10A34000084453EC102B01909DED000B51EC100BC9
:10A35000FFF72AFA0D4645EC100B044651EC100BA2
:10A36000FFF74CFD042808BF01F04AFB45EC104BF9
:10A37000BFE6000000000000422E86400000F07F93
:10A380000000000000000000EF39FAFE422E864077
:10A3900051302DD5104987C0422ED63F0000000015
:10A3A000000000000000F03FB2A2F03F6E1B000072
:10A3B0005E1B000000000000FE822B654715F73F82
:10A3C000121B0000000000000000E0FE422EE63FED
:10A3D000763C7935EF39EA3D0000303E0000000060
:10A3E0009C7500883CE4377E841A00000000000061
:10A3F00000000000000000400000000000007001AC
:10A400002DE9F04D2DED040B2DED0E8B96B0DDE911
:10A410002550279CDDF890A025F0004624F0004848
:10A42000BAF1000F14BF0121002101EB4502FC49E4
:10A4300053184A1093422AD3002814BF0123002343
:10A4400003EB44030B44F7498B4220D358EA000145
:10A450009FEDF59B76D0DFF8D8B35D4503D1BAF117
:10A46000000F05D188E0BAF1000F08BF002100D02D
:10A47000012101EB450111F5001F08D8002814BF88
:10A480000121002101EB440111F5001F0BD99DEDC5
:10A49000261B9DED240B16B0BDEC0E8B04B0BDE861
:10A4A000F04D01F083BA0027002DBCBFE14988457B
:10A4B00021DAE1498845A8BF02271CDAC3451ADC26
:10A4C000DE4901EB2851142908DDC1F1340220FADC
:10A4D00002F101FA02F282420DD108E058B9C1F14D
:10A4E000140228FA02F101FA02F2424503D101F006
:10A4F0000101C1F1020756EA0A0124D1002C22DA37
:10A50000002D18BF022F01D0012F0AD0022001F028
:10A51000A3FA16B0BDEC0E8B04B0BDE8F04D01F00F
:10A5200023BA022001F098FA01F01EFA51EC100B48
:10A5300081F0004141EC100B16B0BDEC0E8B04B065
:10A54000BDE8F08D18E09FEDBEAB9FEDBF8B0028FE
:10A5500071D1B848804522D105F1804010F58010B6
:10A5600008BFBAF1000F07D0B3450ADC002CA8BF22
:10A570009DED260BE0DA0DE0B0EE490AF0EE690A37
:10A58000DAE7002C06DA9DED260B51EC100B81F07A
:10A5900000416FE0AE48784490ED000BCCE7D84521
:10A5A0004DD1002C48DA2EB186423AD1BAF1000FD3
:10A5B00042D126E0BAF1000F13D0022001F04CFA8C
:10A5C00001F00EFA8DED020B9DED240B8DED000BCD
:10A5D00010EE900A039961F31E0003909DED020BAB
:10A5E000AAE78DED02AB9DED240B1AEE901A10EE4A
:10A5F000900A8DED000B61F31E0003909DED020BA0
:10A600009AE78DED028B9DED240B18EE901A10EE5B
:10A61000900A8DED000B61F31E0003909DED020B7F
:10A620008AE709DA9DED240B51EC190B53EC102B42
:10A63000FFF72CF91EE020E09DED240B7CE786421D
:10A640001BDAB4F1804F0DD0A4F10050B0F1FF50EF
:10A6500013D1002D11DB9DED240B51EC100B01F0FB
:10A66000F9FA07E09DED240B53EC102B51EC100B85
:10A6700000F0C2BC41EC100B5EE79DED240B51ECE9
:10A68000100B01F0DBFABAF1000FCDE90E0142D157
:10A690009FED710B46B3A6F1E040B0F17F600CD0A6
:10A6A0005E4538D1002D00DAA7B3022F0CBF012080
:10A6B0004FF0FF30FFF759F9DCE7002D01DD002CEA
:10A6C0000DDA002D01DD002C1FDB002D16DA002C29
:10A6D00014DB012F08BF9FED620B3FF42DAFB0EEEE
:10A6E0004A0AF0EE6A0A27E7022F18BF002D0CD0A5
:10A6F000012F0AD1002DFFF61FAF06E0002DB8BFD5
:10A70000002C08DA012F3FF417AFB0EE480AF0EE44
:10A71000680A11E71BE0012000EBE57050EA070131
:10A7200015D0791EB0EE498AF0EE698A084308BF59
:10A730009FED4D8B4E480025804570DD4D494E48BC
:10A74000884514DDB0420DDB002C19DB2FE0012021
:10A7500001F082F916B0BDEC0E8B04B0BDE8F04DEF
:10A7600001F02EB9B34502DC002C09DC1FE0864263
:10A7700002DA002C1BDA03E05E452BDD002C16DD2F
:10A78000022001F069F901F02BF98DED020B53EC79
:10A790001A2B51EC180BFFF707F8CDE900010399CC
:10A7A000019861F31E0003909DED020BC4E60220A8
:10A7B00001F052F901F024F910EE901A18EE900A07
:10A7C0008DED020B8DED008B61F31E0003909DED6E
:10A7D000020BB1E69DED0E0B53EC192B51EC100B57
:10A7E000FEF7DCFF9FED260BCDE9080153EC102BA3
:10A7F0009DED080B51EC100BFEF7D6FF9FED221BD1
:10A8000053EC112BFEF7CDFF9DED081B53EC112BE4
:10A81000FEF7CAFF9FED1E1B53EC112B3CE08CE0B2
:10A82000FFFF1F00FFFF0F00000000000000F03FCF
:10A830000000F03F0000F07F0000404301FCFFFFFC
:10A84000000000000000F07F000000000000000099
:10A850003E18000000000000000000000000008022
:10A86000000000000000F0FF000000000000F0BF4A
:10A870000000E0410000F043FFFFEF3F0000000058
:10A88000000000000000D03F555555555555D53FA7
:10A89000000000000000E03FFEF783FF9DED080B85
:10A8A00041EC1A0B53EC102B51EC100BFEF77CFF14
:10A8B00053EC1A2BFEF778FF41EC1A0B9FEDFE0BC1
:10A8C00053EC102B9DED080B51EC100BFEF76CFFB9
:10A8D00041EC1B0B9FEDFA0B51EC1A0B53EC102BB8
:10A8E000FEF762FF41EC1A0B9FEDF70B53EC102BB8
:10A8F0009DED080B51EC100BFEF756FF53EC1A2B95
:10A90000FEF74CFF41EC1A0B51EC1B0B53EC1A2BCE
:10A91000FEF7A3FE0690CDE906519DED060B53EC24
:10A920001B2B51EC100BFEF739FF53EC1A2BFEF7E3
:10A9300038FF41EC100B00F0A1B90020B6F5801FE4
:10A940000EDA9FEDE30B53EC102B9DED0E0B51EC4B
:10A95000100BFEF729FFCDE90E016FF034000E4613
:10A9600000EB2650A0F2FF37C6F31300DA4940F09F
:10A970007F6646F040568842D8BF002408DDD7499C
:10A980008142C8BF012403DC0024A6F580167F1C89
:10A99000D348784400EBC4000F9690ED00CB9DEDBA
:10A9A0000E0B53EC1C2B51EC100BFEF7F7FE9DED3C
:10A9B0000E0B41EC1B0B53EC1C2B51EC100BFEF758
:10A9C0004CFE41EC100B51EC190B53EC102BFEF725
:10A9D0005DFF41EC1D0B51EC1B0B53EC1D2BFEF7E7
:10A9E000E3FE41EC1A0BBF488DED10AB7844109597
:10A9F00090ED000B4FF0005040EA660000EB844001
:10AA00008DED080B00F5002009909DED080B53EC2F
:10AA10001C2B51EC100BFEF7C1FE9DED0E1B53ECF1
:10AA2000112BFEF7BEFE41EC100B53EC102B9DEDED
:10AA3000100B51EC100BFEF7B7FE9DED080B41EC2F
:10AA40001C0B53EC102B9DED100B51EC100BFEF773
:10AA5000ABFE53EC1B2BFEF7A4FE53EC1C2BFEF7B6
:10AA60009DFE53EC1D2BFEF79FFE41EC1C0B53EC9F
:10AA70001A2B51EC1A0BFEF797FE41EC1B0B9A4870
:10AA80000621B0EE4B0AF0EE6B0A784400F058FE57
:10AA9000B0EE401AF0EE601AB0EE41DAF0EE61DA94
:10AAA00053EC1B2B51EC1B0BFEF77EFE53EC1D2BC6
:10AAB000FEF77AFE9DED100B41EC1B0B53EC1A2BAD
:10AAC00051EC100BFEF7C9FD53EC1C2BFEF76CFE8E
:10AAD00053EC1B2BFEF7C1FD9DED100B41EC1B0B46
:10AAE00053EC102B51EC100BFEF75EFE41EC1D0BEE
:10AAF0009FED7FEB53EC1E2BFEF7AFFD53EC1B2BB2
:10AB0000FEF7ABFD0890CDE908519DED080B53EC25
:10AB10001E2B51EC100BFEF741FE53EC1D2BFEF7E4
:10AB20003DFE53EC1B2BFEF73CFE9DED080B41EC6C
:10AB30001D0B53EC102B9DED100B51EC100BFEF781
:10AB400033FE41EC1B0B53EC1A2B51EC1D0BFEF7A3
:10AB50002BFE9DED080B41EC1A0B53EC102B51EC26
:10AB60001C0BFEF721FE53EC1A2BFEF776FD41EC91
:10AB70001A0B51EC1B0B53EC1A2BFEF76EFD0C90CD
:10AB8000CDE90C519DED0C0B53EC1B2B51EC100B34
:10AB9000FEF704FE53EC1A2BFEF703FE41EC1B0BF1
:10ABA0009FED550B53EC102B9DED0C0B51EC100B46
:10ABB000FEF7FAFD41EC1A0B9FED510B51EC1B0B0C
:10ABC00053EC102BFEF7F0FD41EC1B0B9FED4E0BF1
:10ABD00053EC102B9DED0C0B51EC100BFEF7E4FD2C
:10ABE00053EC1B2BFEF739FD41EC100B4848784421
:10ABF00000EBC40090ED001B51EC100B53EC112B3B
:10AC0000FEF72BFD41EC1B0B3846FEF7AEFECDE9FF
:10AC1000080153EC1B2B51EC1A0BFEF71EFD41EC07
:10AC2000100B3C48784400EBC40090ED00CB51EC95
:10AC3000100B53EC1C2BFEF710FD9DED081B53EC85
:10AC4000112BFEF70AFD0690CDE906519DED080B8C
:10AC500053EC102B9DED060B51EC100BFEF79EFDF7
:10AC600053EC1C2BFEF79AFD53EC1A2BFEF796FDC6
:10AC700053EC1B2BFEF795FD41EC100B9DED261BB5
:10AC800053EC102B8DED001B00959DED260B51EC28
:10AC9000100BFEF789FD9DED000B41EC1A0B53ECF8
:10ACA000102B9DED260B51EC100BFEF777FD9DED63
:10ACB000061B53EC112B2FE0000000604715F73FF7
:10ACC000FE822B654715F73F44DF5DF80BAE543E1F
:10ACD00000000000000040438E9803007AB60B008D
:10ACE0008A130000E8130000C212000000000000F8
:10ACF0000000000000000840000000E009C7EE3F2F
:10AD0000FD033ADC09C7EE3FF5015B14E02F3EBEC0
:10AD10004E11000008110000FEF746FD53EC1A2BFF
:10AD2000FEF79BFC9DED060B41EC1A0B53EC102B30
:10AD30009DED000B51EC100BFEF736FDCDE90C013B
:10AD40009DED0C0B51EC1A0B53EC102BFEF785FC10
:10AD5000CDE902010C46AA498C422FDB611A084357
:10AD600018D19DED0C0B53EC102B9DED020B51EC0B
:10AD7000100BFEF713FD41EC1B0B9FEDA30B51ECE9
:10AD80001A0B53EC102BFEF768FC53EC1B2BFEF751
:10AD900097FF2DD2022000F05FFE00F021FE10EEA2
:10ADA000901A18EE900A8DED020B8DED008B61F379
:10ADB0001E0003909DED020BFFF7BEBB944A24F0EA
:10ADC0000041914214D39349214408437FF4EFACEE
:10ADD0009DED0C0B53EC102B9DED020B51EC100B69
:10ADE000FEF7DCFC53EC1A2BFEF76AFF7FF6DFACB4
:10ADF00024F000408849894A002601EB2051824214
:10AE00002BDA481C4FF4801121FA00F02044844AC8
:10AE1000C0F30A517A44A1F2FF3192ED000B814A4E
:10AE20008DED080BCA4020EA0202C0F3130040F483
:10AE30008010C1F1140120FA01F60992002CB8BF6C
:10AE400076429DED080B53EC102B9DED0C0B51EC55
:10AE5000100BFEF7A3FCCDE90C019DED0C0B51ECA2
:10AE60001A0B53EC102BFEF7F8FB9FED6F0B0890BD
:10AE7000CDE9085153EC102B9DED080B51EC100B54
:10AE8000FEF792FC41EC1B0B9FED690B53EC102B72
:10AE90009DED080B51EC100BFEF786FC9DED0C0BA5
:10AEA00041EC1C0B53EC102B9DED080B51EC100BDF
:10AEB000FEF774FC53EC1A2BFEF773FC9FED5E1B40
:10AEC00053EC112BFEF770FC53EC1C2BFEF7C5FB6B
:10AED00041EC1A0B51EC1B0B53EC1A2BFEF7BDFB8C
:10AEE000CDE902019DED020B53EC1B2B51EC100B35
:10AEF000FEF754FC53EC1A2BFEF753FC9DED020BAE
:10AF000041EC1A0B53EC102B51EC100BFEF74CFCE0
:10AF1000CDE908014A489DED080B0521784400F071
:10AF20000FFC9DED081B51EC100B53EC112BFEF7A1
:10AF30003BFC9DED021B53EC112BFEF732FCCDE9DF
:10AF400006019DED020B53EC1A2B51EC100BFEF792
:10AF50002BFC53EC1A2BFEF780FB9FED3B0B41ECD7
:10AF60001A0B53EC102B9DED060B51EC100BFEF75A
:10AF700015FC9DED060B41EC1B0B53EC102B9DEDCE
:10AF8000020B51EC100BFEF70FFC53EC1B2BFEF7E2
:10AF90007DFC53EC1A2BFEF701FC9DED021B53ECDC
:10AFA000112BFEF7FBFB53EC192BFEF7FAFBCDE957
:10AFB000020101EB065001150029C8BF039015DC02
:10AFC0009DED020B324651EC100BFEF7D9FDFEF75A
:10AFD00015FF042808BF00F013FD32469DED020B5B
:10AFE00051EC100BFEF7CCFDCDE902019DED020BFB
:10AFF00051EC180B53EC102BFEF7D6FBFFF73ABBC6
:10B000000000904000000000FE822B654715973C31
:10B0100000CC904000346F3F01FCFFFF0000E03F98
:10B02000C00F0000FFFF0F0000000000432EE63FAE
:10B03000396CA80C615C20BEEF39FAFE422EE63F67
:10B04000600E000000000000000000000000004052
:10B0500010B52F499FED2C1B2DED020B84B00598E8
:10B0600020F000408842DCBF00209DED040B32DD63
:10B070002849884209D1049840B94FF0010000F0F6
:10B08000EBFC00F09DFC06B010BD05DB9DED040B54
:10B0900000F082FC06B010BD68469DED040B00F088
:10B0A0007BF810F0030011D0012818D09DED021B91
:10B0B0009DED000B02281AD000F08AFA51EC100B1B
:10B0C00081F0004106B041EC100B10BD9DED021B5C
:10B0D0009DED000B012000F0AFFB06B010BD9DED13
:10B0E000021B9DED000B00F073FA06B010BD0120AD
:10B0F00000F0A2FB51EC100B81F0004106B041ECD6
:10B10000100B10BD00000000000000000000000057
:10B11000FB21E93F0000F07F00B52DED048BB0EE80
:10B12000409AF0EE609A83B051EC190BFEF73FFDA8
:10B1300041EC180B18EE100A18EE901A8DED008BEA
:10B14000002818BF0120084320F00040C0F17F60B4
:10B1500000F1E040C00F14D019EE101A19EE900A59
:10B160008DED009B002918BF0121084320F000400D
:10B17000C0F17F6000F1E040C00F04BF012000F08B
:10B180006BFCB0EE480A03B0F0EE680ABDEC048B2D
:10B1900000BD0000000000002DE9F14F04462DED38
:10B1A000020B2DED088B8AB09FEDE70B80ED020BB3
:10B1B000139EE74826F0004585420ADC9DED120B00
:10B1C000002084ED000B0AB0BDEC088B03B0BDE895
:10B1D000F08FE0489FEDE0AB9FEDE1BBA84247DD7B
:10B1E000E14F9FEDE39B9FEDE48B9DED120B53EC44
:10B1F0001A2B51EC100B002E1CDDFEF7CFFA41ECA0
:10B20000100BBD4208D053EC1B2B51EC100BFEF77A
:10B21000C5FAC4E900010BE053EC192B51EC100BFB
:10B22000FEF7BCFA53EC182BFEF7B8FAC4E900019C
:10B230000120C8E7FEF711FA41EC100BBD4208D01F
:10B2400053EC1B2B51EC100BFEF707FAC4E900017D
:10B250000BE053EC192B51EC100BFEF7FEF953ECFD
:10B26000182BFEF7FAF9C4E900014FF0FF30AAE706
:10B27000C348A84279DB9DED120B51EC100B00F096
:10B28000DDFC41EC180B9FEDC00B53EC102BFEF7CF
:10B290008BFA9FEDBF1B53EC112BFEF7DEF9FEF787
:10B2A000D7FC0746FEF761FB41EC190B53EC1A2B58
:10B2B000FEF77AFA53EC182BFEF773FA41EC180BF1
:10B2C00053EC1B2B51EC190BFEF76EFADFF8C8A2FA
:10B2D00041EC100B4FEA15580125FA4453EC102BA2
:10B2E00051EC180BFEF75AFA032DC4E900013DD0CA
:10B2F000C1F30A5005EB4511A8EB0000113981425A
:10B3000034DA0AEB051BB0EE48AA9BED000BF0EE19
:10B3100068AA53EC102B51EC190BFEF745FA41ECDF
:10B320001B0B51EC1A0B53EC1B2BFEF737FA41ECBD
:10B33000180B51EC1A0B53EC182BFEF72FFA53ECA9
:10B340001B2BFEF72BFA9BED020B41EC1A0B53EC77
:10B35000102B51EC190BFEF727FA53EC1A2BFEF7C2
:10B360001DFA41EC100B6D1CB8E70EE0002EA8BFD3
:10B370003846BFF628AF94ED000B51EC100B81F06E
:10B380000041C4E9000178421DE7C6F3130040F410
:10B39000801EC6F30A50A0F2F530471100F01F05D9
:10B3A000C5F12000DDF848B0089000200690079015
:10B3B0000520EC467949002D07EB0002794408BFCF
:10B3C00051F8221009D051F8223001EB8201AB4034
:10B3D0004A68089922FA01F11943A1FB0E26A1FB44
:10B3E0000B131A449A4234BF0123002303EB0608CF
:10B3F0000CEB8003D3E901A60E448E4234BF012139
:10B40000002192448A4411B1924502D903E0924549
:10B4100001D2012100E00021C3E901A641444CF81A
:10B420002010011EA0F10100C4DC029800F10050C0
:10B43000850F0298DDE903678000DDF81480FEF7D0
:10B4400094FA41EC1A0B3046FEF774FC9FED541B46
:10B4500053EC112BFEF7A8F941EC1B0B3846FEF715
:10B4600069FC9FED511B53EC112BFEF79DF941EC4C
:10B47000180B4046FEF75EFC9FED4D1B53EC112B65
:10B48000FEF792F941EC190B51EC180B53EC192B08
:10B49000FEF7E3F853EC1B2BFEF7DFF853EC1A2B07
:10B4A000FEF7DBF8CDE90801002008909DED080BC0
:10B4B00053EC1A2B51EC100BFEF770F953EC1B2BCD
:10B4C000FEF76CF953EC182BFEF768F953EC192BC7
:10B4D000FEF767F99FED381B53EC112BFEF764F96B
:10B4E0009FED370B41EC180B53EC102B9DED080B27
:10B4F00051EC100BFEF758F953EC182BFEF7ADF892
:10B500009FED310B41EC180B53EC102B9DED080B0C
:10B5100051EC100BFEF748F953EC182BFEF79DF891
:10B5200041EC100B139810F0004F06D06D4251EC17
:10B53000100B81F0004141EC100B284684ED000B0C
:10B5400041E60000000000000000000000000000D4
:10B55000FB21E93F7CD9024000004054FB21F93F28
:10B560003163621A61B4D03DFB21F93F0000000055
:10B570000000601A61B4D03D7370032E8A19A33B9A
:10B58000FB2139410000000083C8C96D305FE43FF2
:10B59000000000000000E03F020B0000500A000025
:10B5A000000000000000103E000000000000103C01
:10B5B000000000000000103A182D4454FB21F93D12
:10B5C0003326A611460B113C00000054FB21F93D27
:10B5D00010B52DED040B2DED088B82B0B0EE419A25
:10B5E000F0EE619A0B9820F000449FED4BABB4F164
:10B5F000795F11DA9DED0A0B51EC100BFEF728FB79
:10B60000002801BFB0EE4A0AF0EE6A0A02B0BDECB3
:10B61000088B04BF04B010BD9DED0A0B53EC102B3A
:10B6200051EC100BFEF7C0F841EC180B3C4806211A
:10B63000B0EE480AF0EE680A784400F081F853EC66
:10B64000182B51EC100BFEF7AFF89DED0A0B41ECF7
:10B650001B0B53EC192B51EC100BFEF7A5F841EC2A
:10B66000190B53EC1B2B51EC180BFEF79DF853EC08
:10B67000192BFEF793F89FED2C0B41EC190B53ECB3
:10B68000102B51EC180BFEF78FF841EC100B2848EB
:10B69000844210DA53EC192B51EC100BFEF77EF8B4
:10B6A00053EC1A2BFEF77DF841EC100B02B0BDEC09
:10B6B000088B04B010BD1F48A042BCBF9FED1E1BED
:10B6C0008DED001B06DBA4F500100190002000901A
:10B6D0009DED001B51EC100B53EC112BFEF75EF8A7
:10B6E0009DED000B41EC180B53EC102B51EC1A0B99
:10B6F000FEF754F841EC1A0B53EC192B51EC180BD4
:10B70000FEF74CF853EC1A2BFEF74BF841EC100BFC
:10B71000CCE7000000000000000000000000F03F47
:10B720006C07000000000000000000000000E03F87
:10B730003333D33F0000E93F000000000000D23F58
:10B7400070B504462DED028B4D1E00EBC500B0EE2A
:10B75000408AF0EE608A90ED000B35F0060017D0BD
:10B7600053EC182B51EC100BFEF71EF841EC100BAC
:10B770006D1E04EBC50090ED001B51EC100B53EC5B
:10B78000112BFDF76AFF41EC100B35F00600E7D1F5
:10B79000022D36D0042D1CD0062D1CBFBDEC028B13
:10B7A00070BD53EC182B51EC100BFDF7FDFF94ED21
:10B7B0000A1B53EC112BFDF750FF53EC182BFDF730
:10B7C000F3FF94ED081B53EC112BFDF746FF41EC02
:10B7D000100B53EC182B51EC100BFDF7E5FF94ED1B
:10B7E000061B53EC112BFDF738FF53EC182BFDF71C
:10B7F000DBFF94ED040B53EC102BFDF72EFF41EC17
:10B80000100B53EC182B51EC100BFDF7CDFF94ED02
:10B81000021B53EC112BFDF720FF53EC182BFDF707
:10B82000C3FF94ED001B53EC112BFDF716FFBDEC8D
:10B83000028B41EC100B70BD31B504462DED040BAD
:10B840002DED0A8BB0EE41BAF0EE61BA0B989DED8A
:10B850000A0B20F00040B0F1795F0DDA51EC100BCB
:10B86000FEF7CCFA042808BF00F0CAF89DED0A0BD9
:10B87000BDEC0A8B05B030BD53EC102B51EC100B16
:10B88000FDF792FF41EC180B9DED0A0B53EC182BC2
:10B8900051EC100BFDF788FF41EC190B2C48B0EE72
:10B8A000480AF0EE680A05217844FFF749FF9FED4A
:10B8B0002ACBB0EE40AAF0EE60AA9CB353EC1C2B4E
:10B8C00051EC190BFDF770FF41EC1C0B53EC1A2BDC
:10B8D00051EC190BFDF768FF9FED210B41EC190BA3
:10B8E00053EC102B51EC1B0BFDF75EFF53EC192BA7
:10B8F000FDF754FF53EC182BFDF756FF53EC1B2BB1
:10B90000FDF74CFF53EC1C2BFDF748FF9DED0A1B88
:10B9100053EC112BFDF745FFBDEC0A8B05B041EC54
:10B92000100B30BDFFE753EC1A2B51EC180BFDF751
:10B930003BFF53EC1C2BFDF790FE53EC192BFDF74E
:10B9400033FF9DED0A1B53EC112BFDF786FEE3E759
:10B95000FC05000000000000495555555555C5BF70
:10B96000000000000000E03F9FED070B10B553EC16
:10B97000102B9FED070B51EC100BFDF787FF41ECEF
:10B98000100B10BD000000000000000000000000CF
:10B99000000000000000F03F10B553EC102B51ECFC
:10B9A000100BFDF75AFE41EC100B10BD10B553EC17
:10B9B000112B51EC100BFDF750FE41EC100B10BD9C
:10B9C0009FED050B10B553EC102B51EC100BFDF750
:10B9D0005DFF41EC100B10BD0000000000000000F6
:10B9E0009FED050B10B553EC102B51EC100BFDF730
:10B9F000DBFE41EC100B10BD0000000000000070E9
:10BA00009FED050B10B553EC102B51EC100BFDF70F
:10BA1000CBFE41EC100B10BD000000000000001038
:10BA200030EE200A704700009FED020A20EE000A67
:10BA3000704700000000001002E008C8121F08C193
:10BA4000002AFAD170477047002001E001C1121F9F
:10BA5000002AFBD1704700000149086070470000D0
:10BA60002C0300202DE9FF4F8BB09A460F46054668
:10BA7000002606E025280BD052460D9990476D1CF4
:10BA8000761C28780028F5D10FB03046BDE8F08F3D
:10BA90000024A0460122604900E0044315F8013F5C
:10BAA000203B02FA03F00842F7D128782E2817D15C
:10BAB00015F8010F44F004042A280ED06FF02F026D
:10BAC0002878A0F1300109290AD808EB880102EB97
:10BAD000410100EB01086D1CF2E757F8048B6D1C67
:10BAE000287869283ED006DC0028CDD063280BD00A
:10BAF000642804D136E0732810D075284BD0524604
:10BB00000D999047761C85E017F8040B8DF800001E
:10BB100000208DF80100E946012003E057F8049B5E
:10BB20004FF0FF3061074FF0000401D40AE0641CBD
:10BB300044450DDA8442FADB19F804100029F6D1E5
:10BB400006E0641C8442FCDB19F804100029F8D1DB
:10BB5000264404E019F8010B52460D999047641EE3
:10BB6000F8D257E001CF4FF00A0B002802DA40422A
:10BB70002D2102E0210504D52B218DF8241001216F
:10BB800003E0E10705D02021F7E70DF12009089136
:10BB90000CE00021F9E701CF4FF00A0BF9E7594615
:10BBA000FDF723FF01F1300209F8012D0028F6D13D
:10BBB000ADEB090000F1200B600701D44FF0010844
:10BBC000D84502DDA8EB0B0000E0002080460024F1
:10BBD00006E009A85246005D0D999047641C761C4A
:10BBE00008988442F5DB04E0302052460D999047D6
:10BBF000761CB8F10001A8F10108F5DC05E019F8A0
:10BC0000010B52460D999047761CBBF10001ABF138
:10BC1000010BF4DC6D1C34E7092801004A68002A96
:10BC200006D00A68531C0B6010704868401E4860BC
:10BC300070470A68531C0B601070704782B0CDE9E2
:10BC4000000121F0004001909DED000B02B051EC8D
:10BC5000100B704700B52DED048B83B041EC190B30
:10BC6000FDF7A5FF41EC180B18EE100A18EE901A1C
:10BC70008DED008B002818BF0120084320F0004004
:10BC8000C0F17F6000F1E040C00F14D019EE101A2F
:10BC900019EE900A8DED009B002918BF0121084381
:10BCA00020F00040C0F17F6000F1E040C00F04BF11
:10BCB0000120FFF7D1FE51EC180B03B0BDEC048B53
:10BCC00000BD000000000000000000000000E03F98
:10BCD000000000000000E0BF0000E0FE422EE63F52
:10BCE0000000E0FE422EE6BF763C7935EF39EA3DB2
:10BCF000763C7935EF39EABD3E5555555555C53F2A
:10BD000093BDBE166CC166BF2CDE25AF6A56113FCF
:10BD1000F16BD2C541BDBBBED0A4BE726937663ED1
:10BD2000000000000000F03F000000000000F83FAD
:10BD300000000000000000000000004003B8E23FE7
:10BD4000000000000000000006D0CF43EBFD4C3E99
:10BD5000033333333333E33FFFAB6FDBB66DDB3F8E
:10BD60004D268F515555D53F01411DA96074D13FD6
:10BD700065DBC9934A86CD3FEF4E454A287ECA3FD0
:10BD80003E5555555555C53F93BDBE166CC166BF52
:10BD90002CDE25AF6A56113FF16BD2C541BDBBBE4B
:10BDA000D0A4BE726937663E4C5555555555A53FD2
:10BDB0007751C1166CC156BF9015CB19A001FA3E40
:10BDC000AD529C804F7E92BEC4B1B4BD9EEE213E6A
:10BDD000D43888BEE9FAA8BD0000000000000000C9
:10BDE00000004054FB21F93F3163621A61B4D03D39
:10BDF0000000601A61B4D03D7370032E8A19A33B12
:10BE00000000002E8A19A33BC14920259A837B3963
:10BE100000000000000000006E83F9A22915444EC6
:10BE2000D15727FCC0DD34F5999562DB4190433C46
:10BE3000AB6351FE61C5BBDE3A6E24B7E0D24D4222
:10BE4000EA2E49061C92D1091CEB1DFE3EA729B122
:10BE5000F53582E88444BB2E26709CE9417E5FB4B0
:10BE600039D69139F43953838B5F849C3B28F9BDD3
:10BE7000FF97F81F0F9805DE8B112FEF1F6D0A5AE1
:10BE8000CF7E366DB709CB27663F464F2DEA5F9EC2
:10BE9000C7BA27757BF1E5EBF739073DEA92528A7D
:10BEA000B15FFB6B085D8D1FA6F810111111813F6A
:10BEB000D561C119A0012ABF7DFEB157E31DC73E60
:10BEC000EB9C2B8AE6E55ABE7CD5CF5A3AD9E53DA4
:10BED000F0BE000800000020300300004E9D000866
:10BEE000CCBF000830030020902F000048BA0008A3
:10BEF000411BFF01041A02041A03041A04041A0560
:10BF0000041A06041A07041A08041A09041A0A046F
:10BF10001A0B041A0C041A0D0402B20E1A43E01A8A
:10BF200090EC1A8AEC1AB8081ADA081ACB041AD656
:10BF30000C1A1C081AB3081A0E041A18041AA404BE
:10BF40001A1214C132FE35CDCCCC3D223F1A8004EA
:10BF5000111A400819041AA0041AC0041B20410C2D
:10BF600019041AF0041B7042081904343443645253
:10BF7000C81A8C10430243295B14A08601180835A7
:10BF8000FA8E3CDB0F493C011A4B30750409161C34
:10BF9000810227141A42DC726929F81A2C10323CEB
:10BFA000720A89B0013A32070244056B7A0397118D
:10BFB000680901020304060708090CA910C11AAA9E
:0CBFC000010111023E281AFF014100009F
:040000050800018965
:00000001FF
