:020000040800F2
:10000000A0330020F54D0008450200084702000813
:100010004B0200084F0200085302000800000000D5
:100020000000000000000000000000009D0100082A
:100030005702000800000000E10100080F7E0008E0
:100040000F4E00080F4E00080F4E00080F4E00081C
:100050000F4E00080F4E00080F4E00080F4E00080C
:100060005F040008A30400080F4E00080103000805
:10007000E30200083F0300080F4E00087502000865
:100080000F4E0008810200080F4E00080F4E0008B6
:100090000F4E00080F4E00080F4E00080F4E0008CC
:1000A0000F4E00087B030008A70300080F4E00084E
:1000B000A9030008D7030008030400080F4E000836
:1000C0000F4E00080F4E00080F4E00085B0400089A
:1000D0000F4E00085D0200080F4E00080F4E00088A
:1000E0000F4E00080F4E00080F4E00080F4E00087C
:1000F0000F4E00080F4E00080F4E00081B030008AB
:100100000F4E00080F4E00082F0400085D04000881
:100110000F4E00080F4E00084D0300085903000859
:100120000F4E00089B020008B50200080F4E0008A1
:100130000F4E00080F4E00080F4E00080F4E00082B
:100140000F4E00080F4E00080F4E00080F4E00081B
:10015000D50200080F4E00080F4E00080F4E000891
:100160000F4E00080F4E00080F4E00080F4E0008FB
:100170000F4E00080F4E00080F4E00080F4E0008EB
:100180000F4E00080F4E0008DFF80CD009F08CF974
:10019000004800471F4B0008A0330020234B19687C
:1001A0000868B0E8F04F80F309884FF0000080F352
:1001B000118870470000000003480068006880F361
:1001C000088862B600DF00BF08ED00E0DFF80C0031
:1001D000016841F470010160704700BF88ED00E0E4
:1001E000EFF30980114B1A681EF0100F08BF20EDC5
:1001F000108A20E9F04F106008B54FF0140080F32A
:10020000118808F0CCF94FF0000080F31188BDE8A8
:10021000084019680868B0E8F04F1EF0100F08BFDA
:10022000B0EC108A80F30988704700BFD00300202B
:10023000EFF311804FF0140181F31188704780F3C0
:1002400011887047704700BFFEE700BFFEE700BFA0
:10025000FEE700BFFEE770477047704710B540F2F9
:100260002551904806F0E7FE18B120218D4806F090
:10027000D9FE10BD10B58C498C4805F011FE10BD9B
:1002800010B58B498948303005F0E0FD20B1884930
:100290008648303005F004FE10BD10B5854986480B
:1002A00005F0D4FD28B18349834805F0F9FD01F03C
:1002B00019FD10BD10B581497F48183005F0F0FDDB
:1002C0007F4840787E49097840EA012000B27D49A4
:1002D000088010BD10B57C497748603005F0E0FD1E
:1002E00010BD10B573497148483805F0AFFD30B105
:1002F00070496E48483805F0D3FD00F09FFA10BDF4
:1003000010B572496948603805F0A0FD20B16F4909
:100310006648603805F0C4FD10BD10B56C496348EF
:10032000483005F093FD48B100216048483005F0A1
:10033000E3FC67495D48483005F0B2FD10BD10B5DB
:1003400059495A48303805F0ABFD10BD10B50121B0
:10035000604806F0CDFB10BD10B501215E4806F0E7
:10036000C7FB7A204F49888001215C4806F072FD66
:1003700001215B4806F06EFD10BD10B50121594802
:1003800006F0B6FB5748008800F0100028B1564828
:100390000068401E5449086004E053480068401C4F
:1003A0005149086010BD704710B50121880706F05B
:1003B0009FFB4FF08040008800F0100028B14B48B0
:1003C0000068401E4949086004E048480068401C35
:1003D0004649086010BD10B50121454806F088FB6C
:1003E0004348008800F0100028B142480068401ED1
:1003F0004049086004E03F480068401C3D490860EF
:1004000010BD10B501213C4806F072FB3A48008847
:1004100000F0100028B139480068401E37490860D4
:1004200004E036480068401C3449086010BD10B52F
:100430000121334806F05CFB3148008800F01000D1
:1004400028B130480068401E2E49086004E02D485D
:100450000068401C2B49086010BD7047704710B5FC
:10046000042005F0B5FDD8B12021274804F039FE5D
:100470000421264804F010FE012804D1002116486A
:1004800005F0B6FE09E00421204804F005FE20B97D
:10049000114805F0B1FE1E49086004201D4908609E
:1004A00010BD7047001001402080002070600240A5
:1004B0000080202000880010286402400080201066
:1004C000EC0500208400002000880020208000101F
:1004D0000080002800100040001400400048004048
:1004E000001401400000014064000020680000206A
:1004F000000400406C000020000800408000002044
:10050000000C00407000002000000240000C02407F
:1005100060000020143C014070B50446204608F0FD
:1005200027FC05462146F74808F029FCA0B1952292
:100530002146F44808F010FC0021F34805F0DCFBEC
:10054000F048F1490C310860EF48B838C0F8BC50A9
:100550000121ED4805F0D0FB70BD70B504460025C3
:1005600010E0605D68B1615DE84806F09EFC00BF88
:100570008021E64806F049FD0028F9D0681CC5B284
:1005800000E070BDEDE770B5044600250FE05CB1FA
:100590002146DE4806F089FC00BF8021DB4806F0DA
:1005A00034FD0028F9D000E070BD681CC5B2032DF1
:1005B000EDDB00BFF8E713B50C460020FFF7E3FFC3
:1005C000D3A0FFF7CAFF2346D2A29621D24808F053
:1005D000A9FFD148FFF7C1FFD0A0FFF7BEFFCDA212
:1005E0009621CD48009B08F09DFFCB48FFF7B5FF53
:1005F000CCA0FFF7B2FFFF20FFF7C5FFFF20FFF7FA
:10060000C2FFFF20FFF7BFFF1CBD70B505460C46BB
:10061000BFA0FFF7A2FF2246BEA1BF4808F09AFF85
:10062000BD48FFF79AFFBDA0FFF797FF2846FFF7E9
:1006300094FFBCA0FFF791FFFF20FFF7A4FF70BD60
:1006400077B585B00546FF26B4A103C9CDE90301FE
:10065000B4A000680290AEA00068019000240AE0F7
:100660000020B1490855B1490855AB490855A5497D
:100670000855601CC4B21E2CF2DB0A20A649087083
:10068000FF2048708870C870A2A1A848079A08F097
:1006900061FFA64901A808F053FB01A99E4808F094
:1006A0004FFB03A99C4808F04BFB29469A4808F0E9
:1006B00047FB98A19D48069A08F04CFF9B49964835
:1006C00008F03EFB02A9944808F03AFBFF20964947
:1006D000087048708870904808F032FB8E48FFF729
:1006E0001BFF08B070BDF7B584B005460E46FF2766
:1006F0008AA103C9CDE902018AA00068019084A003
:1007000000680090002408E00020874908558749C8
:10071000085581490855601CC4B20A2CF4DB0A2034
:100720007D490870FF2048708870C87079A17F48A3
:10073000069A08F00FFF7D49684608F001FB6946FC
:10074000754808F0FDFA02A9734808F0F9FA29463D
:10075000714808F0F5FA31466F4808F0F1FA01A93E
:100760006D4808F0EDFAFF206F49087048708870F6
:100770000020C8700871684808F0E2FA6648FFF780
:10078000CBFE07B0F0BD01B58EB069A2322101A841
:100790000E9B08F0C7FE01A8FFF7BEFE0FB000BD1C
:1007A00073B584B00546FF265CA103C9CDE90201FB
:1007B0005CA00068019056A00068009000240AE048
:1007C00000205949085559490855534908554D497C
:1007D0000855601CC4B21E2CF2DB0A204E4908707A
:1007E000FF2048708870C8704AA15048059A08F0E8
:1007F000B1FE4E49684608F0A3FA6946464808F03B
:100800009FFA02A9444808F09BFA2946424808F09A
:1008100097FA4649404808F093FA01A93E4808F083
:100820008FFAFF2040490870487088703A4808F0F5
:1008300087FA3948FFF770FE06B070BD1CB53F4817
:1008400000783E49497808443C49897808443B4946
:10085000C97808443949097908443849497908442C
:100860003649897908443549C97908443349097AB0
:100870000844C0B201903148007A00F00F000090A7
:100880009DF800000D2803D000212D4806F0E2FA63
:100890001CBD2A48007A00F00F000D2806D1274819
:1008A000007800F0010008B10D2070470020FCE73F
:1008B0002248007800F0020008B1012070470020B3
:1008C000FCE71CB51F4805F097FC1F49096840EA82
:1008D0000140092190FBF1F0009000243CE0194810
:1008E00005F08AFC1849096840EA0140092190FB9B
:1008F000F1F00190DDE90021881A002826DB01468D
:1009000025E0000046050020B8600240005000408D
:100910007400000025640000100400202E74787418
:100920003D22000022000000F6040020CE0400203A
:100930006A302E76616C3D25640000002806002098
:1009400000480040000C0040700000204142052992
:1009500000DA641C01980090022CC0DB01981CBDD9
:100960001CB54FF0804005F047FCFE49096840EA9D
:100970000140092190FBF1F00090002418E04FF0B5
:10098000804005F039FCF749096840EA0140092137
:1009900090FBF1F00190DDE90021881A002801DBCD
:1009A000014600E04142052900DA641C01980090EC
:1009B000022CE4DB01981CBD1CB5EB4805F01CFCC7
:1009C000EA49096840EA0140092190FBF1F00090F2
:1009D000002417E0E44805F00FFCE449096840EA08
:1009E0000140092190FBF1F00190DDE90021881A16
:1009F000002801DB014600E04142052900DA641CC1
:100A000001980090022CE5DB01981CBD1CB5D8486C
:100A100005F0F2FBD749096840EA0140092190FB43
:100A2000F1F00090002417E0D14805F0E5FBD14932
:100A3000096840EA0140092190FBF1F00190DDE9ED
:100A40000021881A002801DB014600E04142052907
:100A500000DA641C01980090022CE5DB01981CBDB3
:100A600001B581B000200090019800EBC00040006B
:100A7000009002E00098401E009000980028F9D1F4
:100A80000CBD01B581B00020009044F25061019886
:100A90004843009002E00098401E00900098002813
:100AA000F9D10CBD1CB501211F2004F0D9FC4FF673
:100AB000FF70009001208DF8040000208DF80600E2
:100AC00001208DF8070003208DF805006946AA482B
:100AD00004F080FA4FF6FF70009001208DF80400BA
:100AE00000208DF8060001208DF8070003208DF806
:100AF00005006946A14804F06DFA4FF6FF700090BA
:100B000001208DF8040000208DF8060001208DF8EA
:100B1000070003208DF805006946994804F05AFA49
:100B20001CBD1CB501217E2004F09AFCC020009061
:100B300000208DF8040001208DF8070002208DF8B8
:100B4000050069468F4804F045FA06200090002011
:100B50008DF8040001208DF8070002208DF80500B3
:100B60006946854804F036FA0420009000208DF88C
:100B7000040001208DF8070002208DF80500694669
:100B80007E4804F027FA1CBD1FB54FF4E06004F066
:100B900043F936208DF8000000208DF801008DF813
:100BA000020001208DF80300684604F03AF90121A3
:100BB000102004F088FC3220ADF8040040F2E73049
:100BC00002900020ADF80C00ADF8060001A96E48B7
:100BD00005F0C5FA01216C4805F08AFF0122114693
:100BE000694805F05DFF0021674805F001FB012120
:100BF000654805F03DFB1FBD1FB54FF4E06004F0F4
:100C00000BF937208DF8000000208DF801008DF8D9
:100C1000020001208DF80300684604F002F901216A
:100C2000202004F050FC3220ADF8040040F2E73000
:100C300002900020ADF80C00ADF8060001A9534861
:100C400005F08DFA0121514805F052FF01221146AD
:100C50004E4805F025FF00214C4805F0C9FA012156
:100C60004A4805F005FB1FBD00B58BB001210220ED
:100C700004F03AFC01210C2004F0F2FB03220621CF
:100C80003E4804F032FA032207213C4804F02DFAD2
:100C900003220821394804F028FA032209213748A1
:100CA00004F023FA4FF47070069002208DF81C00B7
:100CB00003208DF81D0000208DF81E0001208DF806
:100CC0001F0006A92D4804F085F9A420ADF82000E6
:100CD00040F6B83009904FF48070ADF8280000203D
:100CE000ADF8220008A92A4805F039FA6020ADF8CD
:100CF00004000120ADF8060000200390ADF81000BC
:100D00000121234805F0B4FA0021214805F070FACA
:100D100001A91F4805F0B8FA01A91D4805F0EDFA30
:100D200001A91B4805F036FB01A9194805F098FBFD
:100D30000121174805F08DFE0BB000BD00B58BB04A
:100D40000121082004F0BFFB0121084604F088FBC4
:100D5000022200210B4804F0C8F9022201210948AF
:100D600018E000006800002000080040800000201B
:100D7000000400406C000020000402400008024013
:100D8000000C02400000024000100040001400402F
:100D90000004014004F0A9F902221146FE4804F0C3
:100DA000A4F902220321FC4804F09FF90F200690C9
:100DB00002208DF81C0003208DF81D0000208DF806
:100DC0001E0001208DF81F0006A9F34804F002F967
:100DD000BA20ADF8200042F2107009900020ADF862
:100DE0002800ADF8220008A9EC4805F0B8F9602009
:100DF000ADF804000120ADF8060000200390ADF826
:100E000010000121E54805F033FA0021E34805F020
:100E1000EFF901A9E14805F037FA01A9DF4805F02B
:100E20006CFA01A9DD4805F0B5FA01A9DB4805F027
:100E300017FB0121D94805F00CFE0BB000BD00B531
:100E40008BB00121042004F03EFB01210D2004F0B1
:100E500007FB02220C21D24804F047F902220D219F
:100E6000CF4804F042F902220E21CD4804F03DF9AA
:100E700002220F21CA4804F038F94FF4704006905E
:100E800002208DF81C0003208DF81D0000208DF835
:100E90001E0001208DF81F0006A9C14804F09AF831
:100EA000A420ADF8200040F6B83009904FF48070CF
:100EB000ADF828000020ADF8220008A9B94805F0D7
:100EC0004EF96020ADF804000120ADF806000020C6
:100ED0000390ADF810000121B24805F0C9F90021D6
:100EE000B04805F085F901A9AE4805F0CDF901A992
:100EF000AC4805F002FA01A9AA4805F04BFA01A98D
:100F0000A84805F0ADFA0BB000BD00B589B00121CD
:100F1000080404F0E9FA0121084604F0A1FA0322CA
:100F200011469D4804F0E1F8032202219A4804F09A
:100F3000DCF80C20019002208DF8080003208DF8C9
:100F4000090000208DF80A0001208DF80B0001A98E
:100F5000914804F03FF80020ADF818004FF6FF70FC
:100F600007900020ADF82000ADF81A0006A98E48C1
:100F700005F0F5F80420ADF80C000020ADF80E00E7
:100F8000C820ADF814000120ADF8100003A9864870
:100F900005F0BCFC00231A460321844805F053FEEB
:100FA0000121824805F0A4FD012211467F4805F089
:100FB00077FD01217C4805F05BF900217B4805F0B5
:100FC00017F909B000BD00B589B00121084604F049
:100FD0007AFA0121022004F076FA0121032004F0BC
:100FE0003FFA01220F216C4804F07FF8012203210F
:100FF0006F4804F07AF8022204216D4804F075F875
:10100000022205216A4804F070F83820019002207D
:101010008DF8080003208DF8090000208DF80A00E3
:1010200001208DF80B0001A9614803F0D3FF4FF4B4
:101030000040019002208DF8080003208DF809007F
:1010400000208DF80A0001208DF80B0001A95248FC
:1010500003F0C0FF0020ADF818004FF6FF700790B6
:101060000020ADF82000ADF81A0006A94FF080402E
:1010700005F075F806A94F4805F071F80420ADF8A1
:101080000C000220ADF80E001420ADF81400012071
:10109000ADF8100003A9800705F038FC03A9454806
:1010A00005F034FC02231A460321580705F0CBFD56
:1010B00002231A4603213F4805F0C5FD0121880798
:1010C00005F016FD01213B4805F012FD01221146F5
:1010D000900705F0E5FC01221146364805F0E0FCDA
:1010E0000121880705F0C4F80121324805F0C0F855
:1010F00000214FF0804005F07BF800212D4805F0DD
:1011000077F84FF4C06003F087FE1D208DF80000D3
:1011100003208DF8010000208DF8020001208DF8D9
:101120000300684603F07DFE1C208DF800000420BB
:101130008DF8010000208DF8020001208DF80300D9
:10114000684603F06EFE09B000BD00B589B001210C
:10115000084604F0C9F90121102004F081F94FF488
:101160002060019002208DF8080003208DF809000E
:1011700000208DF80A0001208DF80B0001A90E480F
:1011800003F028FF012209210B4803F0AEFF0122E2
:101190000B21094812E0000000000240000C004052
:1011A000000C0240000800400000014000400140E7
:1011B00000040240000400400010024003F095FFCC
:1011C0000020ADF818004FF6FF7007900020ADF832
:1011D0002000ADF81A0006A9FE4804F0C0FF042064
:1011E000ADF80C000020ADF80E000A20ADF8140098
:1011F0000120ADF8100003A9F64805F087FB002395
:101200001A460321F34805F01EFD0121F14805F0BF
:101210006FFC01221146EF4805F042FC0121ED4828
:1012200005F066FC01221146EA4805F039FC01216F
:10123000E84805F01DF80021E64804F0D9FF4FF416
:10124000C06003F0E9FD19208DF8000001208DF841
:10125000010000208DF8020001208DF8030068468F
:1012600003F0DFFD09B000BD00B589B00121042005
:1012700004F029F90121082004F0F2F84FF440505D
:10128000019002208DF8080003208DF8090000204D
:101290008DF80A0001208DF80B0001A9CE4803F05B
:1012A00099FE0020ADF818004FF6FF70079000205F
:1012B000ADF82000ADF81A0006A9C84804F04FFFA9
:1012C00002220C21C44803F010FF02220D21C24863
:1012D00003F00BFF0420ADF80C000220ADF80E0067
:1012E000C820ADF814000120ADF8100003A9BB48D8
:1012F00005F00CFB02231A460321B84805F0A3FCB5
:101300000121B64805F0F4FB01221146B34805F06F
:10131000C7FB0121B14804F0ABFF0021AF4804F046
:1013200067FF0020AD49143108800120AB490880D7
:101330004FF4C06003F070FD1E208DF80000042003
:101340008DF8010000208DF8020001208DF80300C7
:10135000684603F066FD09B000BD00B589B0012103
:10136000082004F0B0F80121084604F079F80320C1
:10137000019002208DF8080003208DF8090000205C
:101380008DF80A0001208DF80B0001A9944803F0A4
:1013900021FE0020ADF818004FF6FF7007900020E6
:1013A000ADF82000ADF81A0006A98E4804F0D7FE6B
:1013B000022200218A4803F098FE02220121884877
:1013C00003F093FE0420ADF80C000220ADF80E00EF
:1013D000C820ADF814000120ADF8100003A9814821
:1013E00005F094FA02231A4603217E4805F02BFCEF
:1013F00001217C4805F07CFB01221146794805F06B
:101400004FFB0121774804F033FF0021754804F0B9
:10141000EFFE0020734914310880012071490880D3
:101420004FF4C06003F0F8FC32208DF80000042077
:101430008DF8010000208DF8020001208DF80300D6
:10144000684603F0EEFC09B000BD00B59BB0012179
:10145000654804F005F80121080204F045F8002071
:101460000290624803906248049000200590082092
:101470000690002007904FF480600890400009908B
:1014800080000A9040110B9040020C9000200D90BB
:1014900001200E9000200F90109002A9554804F0F2
:1014A000F1FB0121534804F027FC3C20009003206D
:1014B0008DF8040000208DF807006946484803F0C5
:1014C00089FD3C20009003208DF8040000208DF859
:1014D00007006946484803F07DFD002011901290F6
:1014E0001390149011A804F033F94FF08070159008
:1014F00001208DF858008DF85900002017901890A1
:10150000199008208DF8680015A938484C3804F067
:10151000F0F800230122022134484C3804F06FF91E
:1015200000230222032131484C3804F068F90023DB
:10153000032204212D484C3804F061F900230422D1
:1015400005212A484C3804F05AF9002305220C21C1
:1015500026484C3804F053F9002306220D21234875
:101560004C3804F04CF9002307220E211F484C3858
:1015700004F045F9002308220F211C484C3804F0E0
:101580003EF9012119484C3804F0E4F901211748CB
:101590004C3804F0D4F9012114484C3804F0EFF829
:1015A00012484C3804F087F91BB000BD08B54FF461
:1015B000E06003F031FC25208DF8000000208DF85C
:1015C00001008DF8020001208DF80300684603F049
:1015D00028FC08BD00000140000C0240000800404B
:1015E00000000240000C0040050040004C2001407B
:1015F000DC050020106402400008024010B596B0DF
:1016000004460121102003F06FFF0121084603F07A
:1016100027FF0121880503F023FF4FF4C0600090ED
:1016200002208DF8040000208DF806008DF80700D8
:1016300002208DF805006946FE4803F0CBFC072226
:101640000921FC4803F051FD07220A21F94803F063
:101650004CFD02940020ADF80C00ADF80E00ADF882
:101660001000ADF814000C20ADF8120002A9F248E9
:1016700005F068FB0121F04805F0ECFB4FF4A06099
:1016800003F0CAFB3A208DF8180000208DF81900ED
:101690008DF81A0001208DF81B0006A803F0C1FB8D
:1016A000E64804F04DFA4FF00060079000200A90E1
:1016B000E34809900A200B90DF48001D08900020A5
:1016C0000C904FF480600D9000200E900F904FF41E
:1016D000807010904002119004201290032013900B
:1016E00000201490159007A9D44804F0CBFA0122E9
:1016F0004021D14805F05BFC01221021CF4804F0C5
:1017000088FB0121CD4804F0F7FA16B010BD10B5E2
:1017100096B004460121480503F0A2FE01214804C9
:1017200003F0D1FE0121082003F09AFE6020009012
:1017300002208DF8040000208DF806008DF80700C7
:1017400002208DF805006946BE4803F043FC0722DD
:101750000521BC4803F0C9FC07220621B94803F063
:10176000C4FC02940020ADF80C00ADF80E00ADF8FA
:101770001000ADF814000C20ADF8120002A9B24818
:1017800005F0E0FA0121B04805F064FB4FF4A060D9
:1017900003F042FB11208DF8180000208DF819008D
:1017A0008DF81A0001208DF81B0006A803F039FB04
:1017B000A64804F0C5F94FF00060079040200A9059
:1017C000A348099046200B909F48001D08900020D8
:1017D0000C904FF480600D9000200E900F904FF40D
:1017E00080701090400211900420129003201390FA
:1017F00000201490159007A9944804F043FA0122A0
:101800008021914805F0D3FB012280218E4805F00C
:10181000CEFB012210218D4804F0FBFA01218B48F8
:1018200004F06AFA16B010BD10B596B00446012156
:10183000880403F048FE0121082003F011FE012175
:10184000480503F00DFE4FF44070009002208DF823
:10185000040000208DF806008DF8070002208DF8A6
:1018600005006946774803F0B5FB07220821754853
:1018700003F03BFC07220921724803F036FC029476
:101880000020ADF80C00ADF80E00ADF81000ADF87A
:1018900014000C20ADF8120002A96E4805F052FAAF
:1018A00001216C4805F0D6FA4FF4A06003F0B4FAB9
:1018B0000C208DF8180000208DF819008DF81A0002
:1018C00001208DF81B0006A803F0ABFA5F487838BA
:1018D00004F036F94FF00060079000200A905E484F
:1018E00009900A200B905B48001D089000200C9086
:1018F0004FF480600D9000200E900F904FF4807098
:1019000010904002119004201290032013900020A8
:101910001490159007A94D48783804F0B3F90122C6
:1019200040214C4805F043FB01224021494805F085
:101930003EFB012210214548783804F06AFA012163
:101940004248783804F0D8F916B010BD10B596B0FA
:1019500004460121C80403F0B6FD0121084603F046
:101960007FFD0121480503F07BFD0320009002204C
:101970008DF8040000208DF806008DF80700022085
:101980008DF8050069462B4803F024FB082200214E
:10199000284803F0AAFB08220121264803F0A5FBF2
:1019A00002940020ADF80C00ADF80E00ADF8100068
:1019B000ADF814000C20ADF8120002A9274805F07C
:1019C000C1F90121254805F045FA4FF4A06003F064
:1019D00023FA0D208DF8180000208DF819008DF8DD
:1019E0001A0001208DF81B0006A803F01AFA174808
:1019F000603804F0A5F84FF00060079000200A90CE
:101A00001748099008200B901448001D08900020EA
:101A10000C904FF480600D9000200E900F904FF4CA
:101A200080701090400211900420129003201390B7
:101A3000002017E000000240001001404064024016
:101A4000EC050020000C024000440040A060024071
:101A5000040000200048004028060020004C004000
:101A6000FB0500201490159007A9F94804F00AF925
:101A700001224021F74805F09AFA01224021F54859
:101A800005F095FA01221021F14804F0C2F9012174
:101A9000EF4804F031F916B010BD10B596B0044609
:101AA0000121480503F0DCFC0121080503F00BFDD2
:101AB00001210C2003F0D4FC0420009002208DF8BA
:101AC000040000208DF806008DF8070002208DF834
:101AD00005006946E04803F07DFA4FF4805000901D
:101AE00002208DF8040000208DF806008DF8070014
:101AF00002208DF805006946D84803F06BFA0822E9
:101B00000221D54803F0F1FA08220C21D34803F052
:101B1000ECFA4FF4A06003F07FF92F208DF8180045
:101B200005208DF819008DF81A0001208DF81B0092
:101B300006A803F076F902940020ADF80C00ADF889
:101B40000E00ADF81000ADF814000C20ADF8120036
:101B500002A9C34805F0F6F80121C14805F07AF959
:101B6000BB48783003F0ECFF4FF000600790402056
:101B70000A90BC48099096200B90B948001D089027
:101B800000200C904FF480600D9000200E900F907C
:101B900010904FF400301190002012900320139009
:101BA00000201490159007A9A948783004F06AF82D
:101BB00001228021AA4805F0FAF901221021A44847
:101BC000783004F026F90121A148783004F094F827
:101BD00016B010BD10B596B004460121202003F0C8
:101BE00083FC0121042003F03BFC0121880503F064
:101BF00037FCC020009002208DF8040000208DF8F2
:101C000006008DF8070003208DF80500694693480B
:101C100003F0E0F908220621904803F066FA082252
:101C200007218E4803F061FA02940020ADF80C0001
:101C3000ADF80E00ADF81000ADF814000C20ADF8B2
:101C4000120002A9884805F07DF80121864805F0B8
:101C500001F94FF4A06003F0DFF839208DF8180087
:101C600003208DF8190001208DF81A008DF81B0053
:101C700006A803F0D6F87D4803F062FF4FF020601D
:101C8000079000200A907A48099010200B9076481F
:101C9000001D089000200C904FF480600D900020F3
:101CA0000E900F904FF4807010904002119004201D
:101CB00012900320139000201490159007A96B48F0
:101CC00003F0E0FF01224021674805F070F901228E
:101CD0001021664804F09DF80121644804F00CF8D6
:101CE00016B010BD0EB50020029001900090604823
:101CF000007802282ED15E48407801905C48C07878
:101D00005B49897840EA0120009059490978584A8E
:101D100052781144564A92781144554AD27888181C
:101D2000C11700EB11610912A0EB0121C9B20291A8
:101D30004F4800799DF8081088420BD14C484079F3
:101D4000032807D19DF804004A490870BDF8000037
:101D5000494908800EBD00B585B00121082003F077
:101D60007FFB0121880303F0BFFB00208DF81000EA
:101D700001208DF813000C20039003A9364803F0CE
:101D800029F90221032005F0ABF90420009000207E
:101D90008DF8040010208DF8050001208DF8060054
:101DA000684604F0AFF808208DF8080000208DF890
:101DB00009008DF80A0001208DF80B0002A803F03D
:101DC00030F805B000BD70B504460D46012C0BD1AE
:101DD00029462A4805F069F800BF4021274805F048
:101DE00014F90028F9D028E0032C0BD12946244807
:101DF00005F05BF800BF4021214805F006F90028F6
:101E0000F9D01AE0042C0BD12946124805F04DF800
:101E100000BF40210F4805F0F8F80028F9D00CE089
:101E2000052C0AD129460E4805F03FF800BF402195
:101E30000B4805F0EAF80028F9D070BD00201149E0
:101E400048621149086011490860114908607047EB
:101E500040600240004C0040000C0240000802407C
:101E60000050004046050020001401402864024054
:101E700037060020570100205801002000100140C3
:101E80000048004000000140640000202408004099
:101E9000800000200020FE494862FE4908604FF0A3
:101EA00080414862FC490860FC490860FC490860C0
:101EB000FC490860FC490860FC490860FC4908606E
:101EC000704700204FF080414862F3490860704736
:101ED0000020F2490860F2490860704710B5002000
:101EE000F4490870002407E061210120FFF76BFF2F
:101EF0003220FEF7C6FD641C022CF5D30120ED490B
:101F000008707A20EC49087010BD10B50020EB492C
:101F10000870002407E061210320FFF754FF3220FE
:101F2000FEF7AFFD641C022CF5D30120E3490870D5
:101F30007A20E349087010BD2DE9F14FAEB0E1A061
:101F40002D9000202C908DF888008DF860002E9840
:101F5000122831D2DFE800F009313A41484F565F8C
:101F600068717A81888F96309DFE0221DE4803F0E9
:101F700093F888B100224FF40041DC4803F0AAF83E
:101F80004FF40041D94803F094F80446002221465A
:101F9000D7A0FEF755FB0FE00122D103D34803F091
:101FA00099F84FF40041D14803F083F80446002229
:101FB0002146D7A0FEF744FB66E10122DC48B0F9D8
:101FC00000004142DBA0FEF73BFB5DE10222DB4863
:101FD0000168DBA0FEF734FB56E10322DB48016811
:101FE000DBA0FEF72DFB4FE10422DC480168DCA0FA
:101FF000FEF726FB48E10522DD480168DDA0FEF77B
:102000001FFB41E1FEF75DFC044606222146DCA0F1
:10201000FEF716FB38E1FEF7A3FC04460722214633
:10202000DAA0FEF70DFB2FE1FEF7C6FC04460822FE
:102030002146D9A0FEF704FB26E1FEF7E7FC0446A3
:1020400009222146D7A0FEF7FBFA1DE1D848017905
:102050000A22D8A0FEF7F4FA16E10B22D74801783D
:10206000D7A0FEF7EDFA0FE10C22D8480188D8A0DE
:10207000FEF7E6FA08E10D22D8480168D8A0FEF77D
:10208000DFFA01E10E22DA480168DAA0FEF7D8FA99
:10209000FAE00121DB4802F0FFFF4FF400511790F6
:1020A000924802F0F9FF04460221D64802F0F4FFFC
:1020B00005464FF480418D4802F0EEFF06460421AC
:1020C000D04802F0E9FF4FF400411690CD4802F0ED
:1020D000E3FF07460821CB4802F0DEFF80464FF4BD
:1020E0008041C84802F0D8FF81461021C54802F05F
:1020F000D3FF4FF400511590C24802F0CDFF824645
:102100000821C14802F0C8FF4FF480511490BD4827
:1021100002F0C2FF10211390BB4802F0BDFF4FF444
:1021200080611290B74802F0B7FF83468021B5481E
:1021300002F0B2FF4FF480711190B24802F0ACFF90
:1021400010901798CDE90B65CDE90D401698CDE9B3
:10215000079800E019E0CDE90970DDE91312159840
:10216000CDE9042A03910690DDE91110CDE9001BA9
:102170000290A6A2282122A8109B07F0D3F91022D2
:1021800022A9ABA0FEF7AFFA7EE08021564802F00C
:1021900090FF04460121544802F08BFF0546402180
:1021A000514802F086FF06464FF40041964802F07F
:1021B00080FF07464FF480519E4802F07AFF804628
:1021C0004FF48061484802F074FF81464FF400618B
:1021D000984802F06EFF4FF400611790424802F0F9
:1021E00068FF82464FF48061874802F062FF8346B1
:1021F0004FF480513C4802F05CFF4FF400611690B0
:10220000814802F056FF4FF400511590364802F015
:1022100050FF4FF4804114907B4802F04AFF4FF486
:1022200080411390304802F044FF4FF480711290C7
:10223000804802F03EFF4FF4004111902A4802F01E
:1022400038FFCDE90B76CDE90D5410901798CDE904
:1022500007A0CDE90998DDE915211498CDE9051B02
:10226000CDE90302DDE911121398CDE900120290C5
:1022700066A2282122A8109B07F054F9112222A956
:102280006DA0FEF730FA00BF00BF2FB0BDE8F08FA1
:102290000000014064000020680000202404004089
:1022A0006C0000202408004080000020240C004026
:1022B0007000002089000020880000208B00002092
:1022C0008A00002031313131313131313131313118
:1022D00031313131313131313131303131313131EF
:1022E000313131310000000000040240000802409A
:1022F000524F424F5420322044414E4720434841E0
:10230000592053414E2058414E483A202020000089
:10231000524F424F5420322044414E4720434841BF
:10232000592053414E20444F3A2020200000000005
:1023300084000020494D553A00000000A000002014
:10234000474F432042414E3A00000000F80200206F
:1023500066696E616C5F43414D3A0000F0020020F7
:102360004C75632042616E5F43414D3A200000008E
:102370009800002047545F4C617A652000000000FF
:10238000454E434F4445525F464C2000454E434F17
:102390004445525F46522000454E434F4445525FEC
:1023A000524C2000454E434F4445525F525220004C
:1023B0002806002042544E3A000000005701002039
:1023C0006F6666736574203A0000000058010020B3
:1023D00064697374616E63653A000000FC0200205A
:1023E00046696E616C5F4C617A65723A000000006C
:1023F000F40200204C75632042616E204C617A65C6
:102400007200000000100240000C024025642564A8
:102410002564256425642564256425642564256474
:102420002564256425642564256425640000000076
:10243000493A0000000002404F55543A00000000A5
:1024400010B50121F94803F057FC10BD01B5F8485B
:1024500000680099884203DD0020F549086004E027
:10246000F3480068401CF2490860F1480068FFF733
:1024700063FD08BD10B5FEF79FFAEE490860FEF750
:10248000C5FAED490860FEF71CFAEC490860FEF752
:1024900067FAEB49086010BD2DE9F0412DED088B7E
:1024A00006460F46304606F000FE41EC190B9FED44
:1024B000E51BB0EE490AF0EE690A07F04FFBB0EEFB
:1024C000408AF0EE608A51EC180B06F0FFFD0446DE
:1024D000002C02DBA4F5E16401E004F5E164384678
:1024E00006F0E3FD41EC1B0B9FEDD61BB0EE4B0A53
:1024F000F0EE6B0A07F032FBB0EE409AF0EE609A15
:10250000304606F0D2FD41EC1B0B9FEDCE1BB0EE2A
:102510004B0AF0EE6B0A07F021FBB0EE40AAF0EE9A
:1025200060AA53EC192B51EC1A0B06F0D7FC41ECC6
:10253000180B06F0CBFD05462846211E01DB0A4696
:1025400000E04A42002801DB034600E043429A4291
:1025500005DA25464FF0FF30BC49086003E03546F8
:102560000120BA4908602846BDEC088BBDE8F0811F
:102570000146FA2901DDFA2102E0032900DA0221ED
:10258000C8B2704730B505460C4625B9B04800784A
:10259000B049C87716E0B04890ED000AB5EEC00A21
:1025A000F1EE10FA07DD2846FFF7E2FFA949C877E8
:1025B0000020887706E06842FFF7DAFFA549C87770
:1025C0000120887724B9A2480078A249C87516E08E
:1025D000A24890ED000AB5EEC00AF1EE10FA07DD50
:1025E0002046FFF7C5FF9B49C8750020887506E0A7
:1025F0006042FFF7BDFF9749C8750120887522B971
:10260000934800789349C87116E0954890ED000A08
:10261000B5EEC00AF1EE10FA07DD1046FFF7A8FF8D
:102620008C49C8710120887106E05042FFF7A0FF75
:102630008849C8710020887123B985480078854988
:10264000C87316E0874890ED000AB5EEC00AF1EEB7
:1026500010FA07DD1846FFF78BFF7E49C87301208B
:10266000887306E05842FFF783FF7A49C873002059
:10267000887330BD10B57C4C20607C4C21607C4C54
:1026800022607C4C236010BD724AD077D075D07127
:10269000D07370476F48C07F03280DDA6D48C07D46
:1026A000032809DA6B48C079032805DA6948C07B3A
:1026B000032801DA012070470020FCE701206E4961
:1026C000086070476D48006847F23051884201D079
:1026D000012070470020FCE710B5FFF7FFFB10BD9D
:1026E0006748B0F9000040427047B5EEC00AF1EE0D
:1026F00010FA09D26348D0ED000A70EE600AFDEED0
:10270000E00A10EE900A70475E48D0ED000A70EEC5
:10271000200AFDEEE00A10EE900AF4E710B52DED68
:102720000A8B044624B99FED580ABDEC0A8B10BDF4
:10273000002C25DA5548006806F0B7FC41EC190B6F
:10274000204606F0B2FC41EC1C0B9FED510B53EC04
:10275000102B06F0C9FB41EC1B0B9FED4F0B53EC0C
:10276000102B06F0BBFB41EC1A0B53EC192B06F0B7
:102770002DFC41EC180B06F0F3FC00EE100AD4E738
:102780004248006806F091FC41EC190B204606F027
:102790008CFC41EC1C0B9FED3E0B53EC102B06F018
:1027A000A3FB41EC1B0B9FED3C0B53EC102B06F0F5
:1027B000F4FA41EC1A0B53EC192B06F007FC41EC30
:1027C000180B06F0CDFC00EE100AAEE7F0EE400A62
:1027D000F5EEC00AF1EE10FA02DBB0EE600A7047C7
:1027E000B1EE600AFBE70146002901DB08467047AD
:1027F0004842FCE701462A48D0ED000AF1EE600AA3
:102800002848D0ED001A80EEA11A00EE901AF8EEDA
:10281000E01A2348D0ED000A41EE210AB0EE600A2A
:10282000FDEEC00A10EE900A70470000A060024062
:102830007C000020300300203403002038030020F7
:102840003C030020000000000020AC404C020020AF
:10285000A0010020040000200C0200201002002033
:102860001402002018020020340200203802002048
:102870002C0200203002002088020020CC01002021
:10288000840000206001002000000000B80100204A
:10289000EC51B81E85EBB13F9A9999999999B93F36
:1028A000980100209C010020B0EE402ADFEDFE2AB6
:1028B000B0EE620AB5EEC02AF1EE10FA03D2F1EEE4
:1028C000422AB0EE622AF5EEC00AF1EE10FA03D207
:1028D000F1EE602AF0EE620AB5EEC01AF1EE10FADF
:1028E00003D2F1EE412AB0EE621AF5EEC01AF1EE13
:1028F00010FA03D2F1EE612AF0EE621AB4EEC02AA9
:10290000F1EE10FA01DDB0EE420AF4EEC00AF1EE8B
:1029100010FA01DDB0EE600AB4EEC01AF1EE10FA62
:1029200001DDB0EE410AF4EEC01AF1EE10FA01DD5D
:10293000B0EE610A7047DD4800687047DC48006807
:10294000704710B52DED048BF0EE408AB0EE608A32
:10295000D848D0ED000AD84890ED000A07F0A8FF4B
:10296000B0EE409A08F0DBFBBDEEC00A10EE104A54
:10297000D24880ED008AD24880ED008AB0EE680A25
:1029800008F0C8FAF0EE000A20EE200ACD4880EDEB
:10299000000AB0EE680A06F045FFF0EE000A20EEED
:1029A000200AC94880ED000A90ED000AF2EE040A00
:1029B00020EE200AC54880ED000AB0EE680A08F053
:1029C000A9FAB0EE409AFFF790FE00EE100AB8EEBA
:1029D000C00ABF4880ED000ABA4890ED000AB74827
:1029E000D0ED000A30EE600ABA4880ED000AB54822
:1029F00090ED000AB148D0ED000A30EE200AB6484A
:102A000080ED000AB04890ED000AAD48D0ED000A14
:102A100030EE600AB14880ED000AAB4890ED000A44
:102A2000A748D0ED000A30EE200AAD4880ED000A3C
:102A3000AA48D0ED000AA84890ED000A06F0CAFDA9
:102A4000DFEDA80A20EE200AA748D0ED000A80EEAC
:102A5000201AA64880ED001AA5480168A34890ED09
:102A6000000ABDEEC00A10EE100AFFF715FD00EED9
:102A7000100AB8EEC00A9D4880ED000A9D4890ED0E
:102A8000000AB8EEC00A9C4880ED000A9248D0EDDA
:102A9000000A60EEA00A914890ED001AD0ED001AED
:102AA00041EE210AB0EE600A08F039FB9148D0ED02
:102AB000000AF8EEE00A20EE200A904880ED000AB5
:102AC0008748D0ED000A844890ED000A06F082FDA8
:102AD000DFED840A20EE200A8348D0ED000A80EE64
:102AE000201A874880ED001A86480168844890EDD6
:102AF000000ABDEEC00A10EE100AFFF7CDFC00EE92
:102B0000100AB8EEC00A7E4880ED000A794890EDC0
:102B1000000AB8EEC00A7C4880ED000A6E48D0ED8D
:102B2000000A60EEA00A6E4890ED001AD0ED001A7F
:102B300041EE210AB0EE600A08F0F1FA6D48D0EDDE
:102B4000000AF8EEE00A20EE200A704880ED000A44
:102B50006348D0ED000A5F4890ED000A06F03AFDA8
:102B6000DFED600A20EE200A5F48D0ED000A80EE1B
:102B7000201A674880ED001A66480168644890EDA5
:102B8000000ABDEEC00A10EE100AFFF785FC00EE49
:102B9000100AB8EEC00A5E4880ED000A554890ED74
:102BA000000AB8EEC00A5C4880ED000A4948D0ED42
:102BB000000A60EEA00A4A4890ED001AD0ED001A13
:102BC00041EE210AB0EE600A08F0A9FA4948D0EDBA
:102BD000000AF8EEE00A20EE200A504880ED000AD4
:102BE0003E48D0ED000A3B4890ED000A06F0F2FCAA
:102BF000DFED3C0A20EE200A3B48D0ED000A80EED3
:102C0000201A474880ED001A46480168444890ED74
:102C1000000ABDEEC00A10EE100AFFF73DFC00EE00
:102C2000100AB8EEC00A3E4880ED000A314890ED27
:102C3000000AB8EEC00A3C4880ED000A2548D0EDF5
:102C4000000A60EEA00A254890ED001AD0ED001AA7
:102C500041EE210AB0EE600A08F061FA2548D0ED95
:102C6000000AF8EEE00A20EE200A304880ED000A63
:102C7000BDEC048B10BD10B52DED028BB0EE408A7B
:102C80002B48006847F23051884268D19FED290AED
:102C900028EE000A284880ED000AD0ED000A9FEDDA
:102CA000270AFFF74EFE4BE06F12833AB80100206F
:102CB000E801002074020020780200206802002051
:102CC0006C02002050020020540200207C020020F0
:102CD00080020020580200205C02002060020020D8
:102CE000640200200000E144AC010020200200202A
:102CF0003C0300204C0200201002002000020020B3
:102D00001C020020380300200C020020FC010020DF
:102D100024020020300300201402002004020020BE
:102D2000280200203403002018020020080200209E
:102D3000CC0100200000E1437002002000000000F0
:102D40001FED020AFE4880ED000AFE4880ED000AF1
:102D5000FD4880ED000AFD4880ED000A21E0FC48B6
:102D60000068FC490968401AFB490968081A00EE26
:102D7000100AB8EEC00AF948D0ED000A20EE200A89
:102D8000F748D0ED000AC0EE208AF64890ED000A20
:102D9000F54880ED000AD0ED000AB0EE680AFFF7B2
:102DA000D0FDB5EEC08AF1EE10FA75D0EF4800689C
:102DB000052870D2DFE800F00371879DB300EC486E
:102DC00090ED000AFAEE040AB4EEE00AF1EE10FA11
:102DD00008D390ED000AF2EE040AB4EEE00AF1EE38
:102DE00010FA1CDDD94890ED000A30EE080A80ED9B
:102DF000000AD54890ED000A30EE480A80ED000A3E
:102E0000D04890ED000A30EE080A80ED000ACC4868
:102E100090ED000A30EE480A80ED000A3BE0D5480C
:102E200090ED000AD448D0ED000A60EE200AC748B1
:102E300090ED000A00EE880A80ED000ACD4890ED82
:102E4000000ACE48D0ED000A60EE200ABE4890EDA0
:102E5000000A00EE880A80ED000AC64890ED000ADC
:102E6000C748D0ED000A60EE200AB64890ED000A8F
:102E700000EEC80A80ED000ABE4890ED000AC14885
:102E8000D0ED000A60EE200AAD4890ED000A00EE99
:102E9000C80A80ED000A58E058E0AB4890ED000AFF
:102EA00030EE480A80ED000AA64890ED000A30EEA8
:102EB000080A80ED000AA24890ED000A30EE480AA8
:102EC00080ED000A41E0A14890ED000A30EE080ACA
:102ED00080ED000A9B4890ED000A30EE080A80ED74
:102EE000000A974890ED000A30EE480A80ED000A8B
:102EF0002BE0964890ED000A30EE080A80ED000ABB
:102F0000914890ED000A30EE480A80ED000A8C48A6
:102F100090ED000A30EE480A80ED000A15E08B487B
:102F200090ED000A30EE080A80ED000A864890ED28
:102F3000000A30EE480A80ED000A824890ED000A4F
:102F400030EE080A80ED000A00BF00BF7C48D0EDDB
:102F5000001A7C4890ED001A7B48D0ED000A7B48AF
:102F600090ED000AFFF7A0FC8748D0ED000AF8EECC
:102F7000E00A80EE801ABDEEC10A844880ED000AA6
:102F80008348006881490968884203DD7F480068FA
:102F90007F49086001207F490860BDEC028B10BDAD
:102FA00010B5044600207C4908607C480460FCB9E8
:102FB0000020774908601FED9F0A794880ED000ADC
:102FC00047F2305064490860764908601FEDA50A51
:102FD000644880ED000A0020644908607249086076
:102FE00072490860724908601FEDAC0AFFF743FEA2
:102FF00010BD10B55B4890ED000AB5EEC00AF1EEC9
:1030000010FA05D15948006810B96748006890B1B6
:103010001FEDB60A534880ED000A002053490860AE
:10302000614908604A4800684A4908604D4890ED87
:10303000000AFFF720FE10BD5E48C0ED000A5E48A2
:1030400080ED000A704770B52DED028B05460C46E9
:10305000B0EE408A40480068A8420BD14E48006854
:10306000A04207D14E4890ED000AB4EE480AF1EEB6
:1030700010FA18D0484804604548006810B9052087
:10308000434908603248006832490860444880ED8E
:10309000008A31480560002048490860314890EDB9
:1030A000000AFFF7E8FDBDEC028B70BD70B52DED99
:1030B000028B0446B0EE408A0D463B480068A042B1
:1030C0000BD1284890ED000AB4EE480AF1EE10FA50
:1030D00003D126480068A84279D01F48006847F20B
:1030E0003051884222D124202B4908600C202849E5
:1030F000086047F23050844218DA01202B490860FA
:10310000B5EEC08AF1EE10FA03DD11480068A04266
:1031100008DCB5EEC08AF1EE10FA07D20C48006860
:10312000A04203DAB1EE480AB0EE408A1E480460BD
:103130000E4805600B4880ED008A00201F4940E0E2
:10314000080200200402002000020020FC010020F0
:10315000F0010020D8010020CC010020A8010020AF
:1031600078010020E001002070020020B40100205E
:103170007C020020500200200C02002010020020DF
:1031800014020020180200205C010020C001002071
:10319000B8010020B0010020BC010020C4010020C3
:1031A000E4010020D0010020D4010020E80100202B
:1031B00088020020980100209C010020C801002006
:1031C00005E00860FE4890ED000AFFF754FDBDECF5
:1031D000028B70BD10B52DED028BB0EE408A044617
:1031E0002146B0EE480A47F23050FFF75FFFBDECD2
:1031F000028B10BD70B504460D469FEDF20A2946BC
:103200002046FFF720FF70BD10B52DED088BF0EEC6
:10321000408A0446B0EE608AB0EE419AEA4890EDEA
:10322000000AB8EEC00AB4EE680AF1EE10FA0DD149
:10323000E6480068A04209D1E54890ED000AB8EEE2
:10324000C00AB4EE480AF1EE10FA5ED0BDEEE80A0C
:10325000DD4880ED000ADF4991ED000AB8EEC00AB2
:1032600038EEC00ABDEEC00A10EE100A9FEDD50A76
:103270002146FFF7E8FED748D0ED000AF8EEE00A55
:1032800078EE600AB0EE600AFFF7A0FADFEDD20A2E
:10329000B4EEE00AF1EE10FA14DDCE4890ED000A2B
:1032A000B8EEC00AB4EEC08AF1EE10FA02DDB0EE5C
:1032B000490A01E0B1EE490A10EE101A084605F07D
:1032C00024FF13E0C34890ED000AB8EEC00A38EEC0
:1032D000400A10EE101A084605F017FF41EC1B0BD0
:1032E0009FEDBE0B53EC102B05F0FEFD41EC1A0BCD
:1032F00005F036FF09EE900A0021B0EE690AFDEEF6
:10330000C80A10EE900AFFF7D1FEBDEC088B10BD85
:1033100010B5B448006801283DDDAD490968AD4AE3
:103320001268881AFFF75FFA0A280CDAAD480168BC
:103330000068401CAB4A1060B1F5FA7F2BDD00201D
:10334000FFF72EFE10BDA7480068FA2808DD05200B
:103350009E490860A4490860FB20A249086004E077
:1033600005209A490860A04908609A480068984971
:103370000968884205DDBFEE000A914880ED000A29
:1033800004E0B7EE000A8E4880ED000A8C4890ED0C
:10339000000AFFF770FC00BFD4E710B52DED028BDB
:1033A000924890ED000AB5EEC00AF1EE10FA08D18D
:1033B0008D48006828B18648006847F2305188423D
:1033C00002DBBDEC028B10BD7D4890ED000AB5EE2E
:1033D000C00AF1EE10FA7DD08548006847F23051FE
:1033E000884278D1764890ED000AB5EEC00AF1EE39
:1033F00010FA08DD764800687E490968401A754968
:103400000968884210DB6E4890ED000AB5EEC00AEC
:10341000F1EE10FA7DD26E480068764909680844DA
:103420006C490968884274DD6E48006805285BDADB
:1034300067490968674A1268881AFFF7D4F9322881
:1034400016DA634800686C49086000206649086025
:103450005E4908609FED5B0A594880ED000A022032
:1034600060490860564890ED000AFFF704FCA8E7A1
:103470005748006857490968884236DD5A4890ED38
:10348000000AB8EEC00A4E48D0ED000A60EE200AED
:10349000584890ED000AB8EEC00AC0EE801AB0EEAF
:1034A000611AB0EE410AFFF791F949490968494AA2
:1034B0001268881AFFF797F900EE900AB8EEE01A42
:1034C000F1EE040A40EE010A474890ED000AB8EE1A
:1034D000C00A01E0C9E044E080EE801AB0EE418A03
:1034E000B0EE480AFFF7C7FBBEE03F4890ED000A88
:1034F000B8EEC00A3248D0ED000A60EE200A3D481E
:1035000090ED000AB8EEC00AC0EE801AB0EE611A63
:1035100000E020E0B0EE410AFFF758F92C490968B5
:103520002C4A1268881AFFF75EF900EE900AB8EE8E
:10353000E01AF1EE040A50EE410A2B4890ED000A21
:10354000B8EEC00A80EE801AB0EE418AB0EE480AAA
:10355000FFF791FB88E01A4890ED000AFFF78BFB1C
:1035600082E0174890ED000AB5EEC00AF1EE10FABD
:103570001FDD174890ED000AB8EEC00A1A48D0EDDA
:10358000000AF8EEE00A0E4890ED001A00EEC10ABB
:103590001A48D0ED000AF8EEE00A70EE600A0D4815
:1035A00090ED000AB8EEC00AF4EEC00AF1EE10FA8F
:1035B00049D3034890ED000AB5EEC00A20E00000B0
:1035C000E001002000000000D0010020BC0100202C
:1035D000D4010020F001002000004842FCA9F1D2F3
:1035E0004D62403FE8010020B8010020E4010020C6
:1035F000CC01002094010020EC010020900100206B
:10360000F1EE10FA2BD2F84890ED000AB8EEC00A9D
:10361000F648D0ED000AF8EEE00AF54890ED001A01
:1036200000EEC10AF348D0ED000AF8EEE00A70EEB1
:10363000200AF14890ED000AB8EEC00AF4EEC00A84
:10364000F1EE10FA0BDDE8490968EB4A1268881AB6
:10365000FFF764F8B0EE408AFFF70DFB04E0E448A2
:1036600090ED000AFFF707FBABE6E4490968E24A80
:103670001268881AFFF752F8B0EE408AFFF7FBFA9B
:1036800000BF9EE600B5DE480068022815DA1FED8F
:10369000330ADC4880ED000A1FED360AD44880ED7D
:1036A000000A0020D849086047F23050D749086026
:1036B000D74908600020CC490860D6480068401C03
:1036C000D4490860D4490968884204DAD3480068BC
:1036D000FEF7DAFF0EE0D0480068CE490860D04817
:1036E000006820B1CD480068FEF7CEFF02E0002060
:1036F000FEF7CAFF00BDC74A1268521CC54B1A60CC
:10370000824207DDB94A12680A44B84B1A600022A7
:10371000C04B1A6070472DE9F041FEF7E1FFB64952
:103720000860FFF7F5FDBF480068002821DDAF48BD
:103730000068BC49096888422AD0AC480068B94989
:10374000096888420EDAA9480068B74909688842C2
:103750001EDAA6480068FFF74DF804460121FFF77E
:10376000CAFF15E04FF0FF31B0480068FFF7C3FF14
:103770000EE09E480068002806DD4FF0FF31AC489F
:103780000068FFF7B8FF03E0FFF77CFFBDE8F081BA
:10379000A848006898490968884205D0FFF7FDFDF0
:1037A00095480068A3490860A3480068F0B38F48B3
:1037B000D0ED000AF8EEE00AA04890ED001A60EEA5
:1037C000810AB0EE600AFEF790FF04468748D0ED0C
:1037D000000AF8EEE00A9A4890ED001A60EE810ABD
:1037E000B0EE600AFEF781FF05468048D0ED000A82
:1037F000F8EEE00A934890ED001A60EE810AB0EE10
:10380000600AFEF772FF06467848D0ED000AF8EE2F
:10381000E00A8D4890ED001A60EE810AB0EE600A71
:10382000FEF763FF074623462A4600E020E03146C4
:10383000FEF7A8FE854890ED000ABDEEC00A10EE26
:10384000103A834890ED000ABDEEC00A10EE102A2F
:10385000804890ED000ABDEEC00A10EE101A7E48B6
:1038600090ED000ABDEEC00A10EE100AFEF702FF4E
:1038700000BF8BE710B57948807988B37748007826
:1038800000F0800060B376480078764981F82B001C
:1038900081F8270081F82F00012081F82E000020F8
:1038A00081F8260081F82A0043F6982004F0F4FD00
:1038B000FA206C4981F8330044F6206004F0ECFDF6
:1038C0000020684981F82B0081F8270081F82F003B
:1038D00081F8330000224FF40051634801F0FAFBF5
:1038E0005E48807988BB5D48007800F0800060B356
:1038F0005E4800785B4981F82B0081F8270081F849
:103900002F00012081F82E00002081F8260081F888
:103910002A0043F6982004F0BFFDFA20514981F8AF
:10392000330044F6206004F0B7FD00204D4981F8D3
:103930002B0081F8270081F82F0081F83300002246
:103940004FF40051484801F0C5FB4448407800F06E
:103950008000D8B12820434981F82B0081F8270046
:1039600081F82F00002081F82E00012081F8260028
:1039700081F82A0044F6206004F08EFD00203949C9
:1039800081F82F0081F8270081F82B0010BD334803
:10399000407800F0400020B1FA20324981F833002D
:1039A00003E000202F4981F83300704710B52DED5A
:1039B0000A8B04469FED2E0AF0EE409AA4F16400B3
:1039C00000EE100AB8EEC00AB0EEC00AF0EE408A6F
:1039D000B0EE080AF4EEC08AF1EE10FA4CD89FED72
:1039E000250ABDEC0A8B10BDD4010020B8010020CF
:1039F000E001002090010020F0010020D80100200B
:103A0000E8010020E4010020B4010020CC010020E6
:103A1000D0010020C8010020A4010020A001002046
:103A200088020020BC010020C0010020F801002015
:103A3000C4010020F4010020B00100200802002091
:103A40000402002000020020FC01002028020020C7
:103A500024020020200200201C0200202806002052
:103A6000F80200200400002000040240FC020020B4
:103A7000D578693D000000005FED030A68EEA00AFA
:103A8000B0EE600A07F068FBB0EE409AB2EE0C0AA6
:103A9000F4EEC08AF1EE10FA02D29FEDF88A19E036
:103AA00019EE100A05F031FB41EC1C0B9FEDF40BF5
:103AB00053EC102B05F018FA41EC1B0B9FEDF20BA9
:103AC00053EC102B05F069F941EC1A0B05F048FB9B
:103AD00008EE100A18EE100A05F017FB41EC1A0B5D
:103AE0009FEDEB0B53EC102B05F022FB03D29FED67
:103AF000EA0AB0EE408AB0EE480ABDEC0A8B10BD6F
:103B000010B52DED028B04462046FFF74FFFB0EEB7
:103B1000408A622C05DB662C03DC0020FFF740FAAC
:103B20000EE0612C05DA0020B1EE480AFFF752FBE7
:103B300006E0672C04DD0020B0EE480AFFF74AFBE0
:103B4000BDEC028B10BD10B50446022C0AD0032C2C
:103B50000DD0042C11D0052C13D13221CF48FFF702
:103B600049FB0EE03221CE48FFF744FB09E0322149
:103B70004FF4E170FFF73EFB03E00020FFF710FA7F
:103B800000BF00BF10BD10B52DED0A8BF0EE408ACE
:103B90001FED480AB0EE40CA1FED4A0AB0EE408A57
:103BA0009FEDC00AC8EE800A10EE904A204605F04C
:103BB000ACFA41EC1B0B9FEDBC1BB0EE4B0AF0EED8
:103BC0006B0A06F04DF8B0EE40AAF0EE60AA9FED49
:103BD000B80B53EC102B51EC1A0B05F085F941ECA6
:103BE000190B05F0BDFA08EE100A9FEDB30AB4EE0A
:103BF000C08AF1EE10FA04DD9FEDAF0AB0EE408A04
:103C00000AE09FEDAE0AB4EEC08AF1EE10FA03D2DC
:103C10009FEDAA0AB0EE408A9FEDA20A78EEC00A94
:103C20009FEDA01A80EE810ADFEDA40A20EE200AA3
:103C300010EE104A204605F068FA41EC1B0B9FED90
:103C4000A00B53EC102B05F04FF941EC1A0B9FED34
:103C50009E0B53EC102B05F0A0F841EC190B05F06E
:103C60007FFA08EE100A9FED9A0AB4EEC08AF1EED0
:103C700010FA04DD9FED960AB0EE408A0AE09FED4F
:103C8000950AB4EEC08AF1EE10FA03D29FED910AC4
:103C9000B0EE408ABDEEC80A8F4880ED000ABDEE46
:103CA000C80A8E4880ED000ABDEC0A8B10BD10B525
:103CB0002DED088BF0EE408A1FED920AF0EE409A4F
:103CC0001FED940AB0EE408A28EEA80A10EE101AF2
:103CD000084605F01AFA41EC1B0BB0EE4B0AF0EE69
:103CE0006B0A07F0DFF9B0EE40AAF0EE60AA51ECE3
:103CF0001A0B05F035FA09EE100A9FED790AC9EEA4
:103D0000000A9FED780A20EE800AB0EE408A9FED0F
:103D10006A0AB4EEC08AF1EE10FA04DD9FED660A7D
:103D2000B0EE408A0AE09FED650AB4EEC08AF1EE7B
:103D300010FA03D29FED610AB0EE408ABDEEC80AC8
:103D4000694880ED000A00686849086066480068B4
:103D5000002808DB64480068632804DCB2EE080A27
:103D6000634880ED000A60480068642808DB5E480C
:103D70000068702804DC9FED5F0A5D4880ED000A52
:103D800059480068712808DB574800687C2804DC23
:103D9000B2EE060A564880ED000A534800687D28B6
:103DA00008DB51480068862804DCB2EE050A50485A
:103DB00080ED000A4C480068872808DB4A48006804
:103DC000942804DC9FED4C0A494880ED000A4648DF
:103DD0000068952808DB444800689A2804DC9FEDB9
:103DE000470A434880ED000A3F4800689B2808DBEB
:103DF0003D480068AA2804DC9FED410A3C4880ED5C
:103E0000000A39480068AB2808DB37480068B42846
:103E100004DC9FED3C0A364880ED000A3248006819
:103E2000B52808DB30480068C72804DC9FED360A57
:103E30002F4880ED000A2C480068C82808DB2A4873
:103E40000068FA2804DC9FED300A294880ED000A5A
:103E5000254890ED000AB8EEC00A2548D0ED000ACA
:103E600020EE200AF2EE040A80EE201ABDEEC10A0E
:103E70001E4880ED000ABDEC088B10BD2AC6993D96
:103E8000C3F5285C8FC2B53F333333333333B33F8D
:103E90007B14AE47E17AC43F0AD7233E3EFEFFFFC4
:103EA000BAFAFFFF00A07F459A9999999999F13F35
:103EB0000000000000805A4000007A4300004842A1
:103EC000666666666666E63F0000000000C08240E7
:103ED0000000164400800944080300200C03002061
:103EE00000401C4500000C43F0020020F8020020B6
:103EF0000003002066663641CDCC2441CDCC1C4168
:103F000000001C4166661A416666164110B52DED2B
:103F1000088BF0EE408A9FEDFD0AF0EE409A9FED8F
:103F2000FB0AB0EE408A28EEA80A10EE101A0846E6
:103F300005F0EBF841EC1B0BB0EE4B0AF0EE6B0A10
:103F400007F0B0F8B0EE40AAF0EE60AA51EC1A0B00
:103F500005F006F909EE100ADFEDED0A89EE200AF8
:103F6000DFEDEC0A20EE200AB0EE408A1FED2E0AAB
:103F7000B4EEC08AF1EE10FA04DD1FED310AB0EEA6
:103F8000408A0AE01FED330AB4EEC08AF1EE10FA5F
:103F900003D21FED360AB0EE408ABDEEC80ADE48F5
:103FA00080ED000A0068DD490860DB4800683C28B5
:103FB00009DBD9480068B0F5AF7F04DC9FEDD80A73
:103FC000D84880ED000AD44890ED000AB8EEC00A47
:103FD000D448D0ED000A20EE200AF2EE040A80EE6A
:103FE000201ABDEEC10ACD4880ED000ABDEC088B59
:103FF00010BDCD4801680068401CCB4A10606429A0
:1040000007D2CA484089CA4909680844C8490860B3
:104010000BE0C74800686421B0FBF1F0C5490860B7
:104020000020C1490860C2490860C34801680068AF
:10403000401CC14A1060642907D2BC480089BF49AE
:1040400009680844BD4908600BE0BC480068642169
:10405000B0FBF1F0BA4908600020B7490860B749E1
:104060000860B84801680068401CB64A10606429BE
:1040700007D2AE488089B44909680844B24908604B
:104080000BE0B14800686421B0FBF1F0AF49086073
:104090000020AC490860AC490860AD480168006880
:1040A000401CAB4A1060782907D2A048C089A949B2
:1040B00009680844A74908600BE0A6480068782111
:1040C000B0FBF1F0A44908600020A1490860A149B3
:1040D0000860A24801680068401CA04A10600A29D4
:1040E00007D2924880889E49096808449C49086024
:1040F0000BE09B4800680A21B0FBF1F09949086089
:104100000020964908609649086097480168006851
:10411000401C954A1060322907D28448C0889349D0
:1041200009680844914908600BE090480068322112
:10413000B0FBF1F08E49086000208B4908608B4984
:1041400008608C4801680068401C8A4A1060322967
:1041500007D276480088884909680844864908607B
:104160000BE0854800683221B0FBF1F0834908601C
:1041700000208049086080490860704773B52DEDC4
:10418000028B142505269FED610AB0EE408A7C481B
:104190000079322805DB7A480079C82801DC012043
:1041A00000E0002004467648007800F00800D0B90E
:1041B0007348007800F01000A8B97148007800F04A
:1041C000200080B96E48007800F0400058B954B122
:1041D0006B48407800F0400028B90020FEF7E0FE70
:1041E000BDEC028B7CBD6648407800F0020030B127
:1041F0009DF80C50B7EE000AB0EE408A05E09DF83D
:1042000008509FED600AB0EE408A5D48007800F0EB
:10421000080098B15A48007800F0100070B958486A
:10422000007800F0200048B95548007800F04000C0
:1042300020B929465448FEF7DDFFF4E050480078E5
:1042400000F00800A0B94E48007800F0100078B1E6
:104250004B48007800F0200050B94948007800F041
:10426000400028B9294640F24650FEF7C3FFDAE085
:104270004348007800F00800A0B94148007800F0F9
:10428000100078B93E48007800F0200050B13C485A
:10429000007800F0400028B929464FF4E170FEF79D
:1042A000A9FFC0E03648007800F0080098B934480B
:1042B000007800F0100070B93148007800F020005C
:1042C00048B92F48007800F0400020B129462F4817
:1042D000FEF790FFA7E02A48007800F0080098B1A8
:1042E0002748007800F0100070B92548007800F0E9
:1042F000200048B12248007800F0400020B929464B
:104300000020FEF777FF8EE042E000000000000092
:10431000000052430000DC42F4020020FC020020B6
:1043200066661E410403002048030020DC050020CF
:104330004C03002090000020500300205403002074
:1043400094000020580300205C0300209C00002003
:104350006003002064030020980000206803002010
:104360006C030020A00000207003002074030020D4
:10437000AC000020780300207C030020A80000206F
:1043800028060020CDCC4C3E3EFEFFFFBAFAFFFFD0
:10439000FA48007800F0080098B1F848007800F07A
:1043A000100070B9F548007800F0200048B9F348D3
:1043B000007800F0400020B12946F148FEF71AFFCE
:1043C00031E0EE48007800F00800A0B9EB48007832
:1043D00000F0100078B1E948007800F0200050B1FA
:1043E000E648007800F0400028B929464FF4617093
:1043F000FEF700FF17E0E148007800F0080090B9F0
:10440000DE48007800F0100068B1DC48007800F069
:10441000200040B9D948007800F0400018B1294682
:10442000D848FEF7E7FED548007800F00800D0B97C
:10443000D248007800F01000A8B9D048007800F009
:10444000200080B9CD48007800F0400058B954B140
:10445000FEF738F938B1C948407800F0400010B98B
:104460000020FEF79DFD14B1FEF7C3FD27E0C34811
:10447000007932280EDAFEF725F928B10020B1EED6
:10448000480AFEF7A7FE1AE00020B1EE480AFEF740
:10449000A1FE14E0B9480079C8280EDDFEF712F934
:1044A00028B10020B0EE480AFEF794FE07E0002095
:1044B000B0EE480AFEF78EFE01E0FEF79AFD00BF5F
:1044C0008EE610B50020B04988704FF40041AF4827
:1044D00000F0E2FD012804D10220AB49C8700120A0
:1044E00010BD6420A849C8700020F9E710B500206D
:1044F000A54988704FF40041A44800F0CDFD012883
:104500000BD1A348007840B964209F49C8700020AF
:10451000A0490860A049086010BDFCF74DFA041ED0
:1045200001DB204600E060429C490968884208DDC2
:1045300097480078012804D102209349C8700120CF
:10454000EAE732209049C8700120914908700020A4
:10455000E2E710B500208C49887204218B4800F0F6
:104560009BFD012804D102208749C872012010BD9B
:1045700064208549C8720020F9E710B504218348FA
:1045800000F08AFD01280BD18548007840B96420ED
:104590007D49C8720020834908608349086010BDC6
:1045A000FCF734FA041E01DB204600E060427F493C
:1045B0000968884208DD7A480078012804D1022081
:1045C0007149C8720120EAE732206F49C8720120A0
:1045D000734908700020E2E710B500206A49887628
:1045E0004FF48041694800F057FD012804D10220B2
:1045F0006549C876012010BD64206349C876002053
:10460000F9E710B50020604988764FF480415F4893
:1046100000F042FD01280BD16548007840B96420C4
:104620005949C8760020634908606349086010BD95
:10463000FCF747F9041E01DB204600E060425F49B9
:104640000968884208DD5A480078012804D1022010
:104650004D49C8760120EAE732204B49C87601204F
:10466000534908700020E2E710B5002046498874DD
:104670000121464800F010FD012804D102204249E2
:10468000C874012010BD64203F49C8740020F9E7B8
:1046900010B501213D4800F0FFFC01280CD148482D
:1046A000007848B964203849C87400204FF0804130
:1046B00048624449086010BDFCF752F9041E01DB52
:1046C000204600E0604240490968884208DD3C48D5
:1046D0000078012804D102202B49C8740120EAE7A0
:1046E00032202949C8740120354908700020E2E7CA
:1046F00010B5FCF761F935490968441A002C01DB53
:10470000204600E0604214282ADDFCF755F92F49C5
:104710000968884203DD01201B49887002E00020FF
:1047200019498870FCF748F928490968441A002C8F
:1047300001DB204600E06042254908600846006829
:10474000FA2801DDFA200860214800680A2802DA08
:104750000A201F4908601E4800780B49C87002E013
:1047600002200949C87010BD10B5FCF74FF919496E
:104770000968441A002C2FDB20462EE02806002072
:104780007CFCFFFFF8F8FFFF04000020001002404F
:104790001403002024080040800000202003002093
:1047A00015030020240400406C0000202403002096
:1047B00017030020240C0040700000202803002074
:1047C00016030020680000202C0300202C0200208B
:1047D0001803002030020020604214282ADDFCF774
:1047E00015F9DE490968884203DD0120DC49887239
:1047F00002E00020DA498872FCF708F9D749096815
:10480000441A002C01DB204600E06042D5490860D4
:1048100008460068FA2801DDFA200860D1480068DF
:104820000A2802DA0A20CF490860CE480078CC492D
:10483000C87202E00220CA49C87210BD10B5FCF768
:1048400040F8C9490968441A002C01DB204600E001
:10485000604214282ADDFCF734F8C349096888420D
:1048600003DD0120BE49887602E00020BC4988763D
:10487000FCF727F8BC490968441A002C01DB2046E4
:1048800000E06042B749086008460068FA2801DD88
:10489000FA200860B34800680A2802DA0A20B14901
:1048A0000860B0480078AE49C87602E00220AC4902
:1048B000C87610BD10B5FCF753F8AC490968441A26
:1048C000002C01DB204600E0604214282ADDFCF7C2
:1048D00047F8A6490968884203DD0120A049887489
:1048E00002E000209E498874FCF73AF89F49096865
:1048F000441A002C01DB204600E060429949086020
:1049000008460068FA2801DDFA200860954800682A
:104910000A2802DA0A2093490860924800789049F0
:10492000C87402E002208E49C87410BD09E011204D
:10493000FDF78CFD01218E4802F08CFA0F2003F068
:10494000ABFDF4E704E0FFF754FB032003F0A4FD04
:10495000F9E71FE08748007800F0010060B1854862
:10496000C07920B184480078FFF7CAF807E05021E9
:104970000C20FFF703FC02E00A20FEF711FBFFF713
:10498000B7FEFFF7F1FEFFF759FFFFF793FF032094
:1049900003F082FDDEE706E0FDF76CFDFEF7BBFEEF
:1049A000032003F079FDF7E71FB5FCF77BF8FCF770
:1049B000B8F8FCF708FBFCF7C8FBFCF7CEFCFCF7EB
:1049C00053FCFCF742FDFCF717F94FF4E130FCF71C
:1049D00015FE4FF4E130FCF79AFE4FF4E130FCF79E
:1049E00023FF4FF46120FDF758F84FF4E130FDF755
:1049F000F1F8FDF771FE00BFFFF763FD08B9012470
:104A000000E00024FFF7A5FD08B9012000E0002028
:104A10000443FFF729FE08B9012000E00020044309
:104A2000FFF7DAFD08B9012000E000200443002C64
:104A3000E2D100BFFFF75AFD08B9012400E00024CD
:104A4000FFF79BFD08B9012000E000200443FFF7B9
:104A50001FFE08B9012000E000200443FFF7D1FD4C
:104A600008B9012000E000200443002CE2D100201E
:104A700042490860FDF70EFA002000900190029074
:104A800003464FF480723EA10390424803F0C5FAFA
:104A9000002000900190029003464FF480723EA1E6
:104AA0000390424803F0B9FA002000900190029070
:104AB00003464FF480723EA10390424803F0ADFAE2
:104AC000002041490860264981F8380081F8370004
:104AD00081F83D0081F83C0081F8420081F84100F6
:104AE0001CE02448007800F0010088B1374890EDC0
:104AF000000AB8EEC00AFFF709FA3548008800EE50
:104B0000100AB8EE400AFFF7D2F8FEF7B3FE02E053
:104B10001420FEF745FA052003F0BEFCE1E71FB5BF
:104B2000002000900190029003464FF4807229A16A
:104B300003902B4803F071FA00200090019002903E
:104B400003464FF4807227A10390294803F065FAC9
:104B500003F07CFE002004B010BD000030020020F5
:104B60000400002018030020340200203802002036
:104B7000004800402806002057010020B400002013
:104B80007461736B526F626F74416E616C7974699A
:104B900063730000974900087461736B446965751D
:104BA0004B6869656E436F436175000053490008A7
:104BB0007461736B446965754B6869656E436F43D7
:104BC0006175310045490008E80200209800002086
:104BD000580100207461736B4D61696E0000000024
:104BE000A94900087461736B4779726F0000000077
:104BF0002D4900080CB50020019000907248006813
:104C000040F480307049086000BF6F48006800F4CD
:104C1000003000900198401C0190009818B901984C
:104C2000B0F5A06FF1D16848006800F4003010B111
:104C30000120009001E0002000900098012846D15A
:104C400061484030006840F080505F494031086062
:104C50005E48006840F480405C4908605A4808306B
:104C600000685949083108600846006840F400406F
:104C700008600846006840F4A05008605448091FC6
:104C80000860081F006840F08070091F086000BFBE
:104C90004D48006800F000700028F9D040F205602F
:104CA0004C49086048480830006820F00300464935
:104CB000083108600846006840F00200086000BF44
:104CC00041480830006800F00C000828F8D10CBDFD
:104CD00010B53D48006840F001003B4908600020E5
:104CE000394908310860384800683B49084036496E
:104CF00008603A48091D0860081F006820F48020F9
:104D0000091F0860002030490C310860FFF772FF6E
:104D10004FF000603249086010BD70B500200022DD
:104D2000022300240221284D08352D6805F00C00CF
:104D300020B1042806D0082834D107E0294D2A4E96
:104D4000356033E0294D284E35602FE01E4D2D1D76
:104D50002D68C5F380541C4D2D1D2D6805F03F01B5
:104D600054B1224DB5FBF1F5174E361D3668C6F32A
:104D7000881605FB06F209E01A4DB5FBF1F5124E57
:104D8000361D3668C6F3881605FB06F20E4D2D1D3E
:104D90002D68C5F301456D1C6B00B2FBF3F5124E97
:104DA000356003E00F4D104E356000BF00BF064D6B
:104DB00008352D68C5F303150D4E705D0A4D2D683D
:104DC000C540094E356070BD00380240007000409B
:104DD00008544007003C0240FFFFF6FE103000245C
:104DE00008ED00E00024F4008003002000127A00A7
:104DF000840300200648804706480047FEE7FEE798
:104E0000FEE7FEE7FEE7FEE7FEE7FEE7FEE7FEE77A
:104E1000D14C00088901000832490143324A11602F
:104E2000704770B5002100230F22C4781CB32E4CAC
:104E3000246804F4E064C4F5E064C4F30721C1F11C
:104E40000404E3B20A4144789C40E1B284781440FF
:104E500021430C07210E254C05786155047804F098
:104E60001F050124AC4005786D11AD0005F1E0256A
:104E7000C5F8004109E0047804F01F050124AC40A6
:104E80001B4D0678761145F8264070BD194A0A4038
:104E90000243154B1B1F1A60704739B1124A121D8D
:104EA00012680243104B1B1D1A6006E00E4A121DC9
:104EB000126882430C4B1B1D1A607047042808D1EE
:104EC0004FF0E021096941F004014FF0E022116147
:104ED00007E04FF0E021096921F004014FF0E022E2
:104EE000116170470000FA050CED00E000E400E0FD
:104EF00080E100E080FFFF1F10B504468C4884422B
:104F000008D10121084600F000FB0021012000F03B
:104F1000FCFA5EE08748844208D10121022000F0BB
:104F2000F4FA0021022000F0F0FA52E082488442B4
:104F300008D10121042000F0E8FA0021042000F04B
:104F4000E4FA46E07D48844208D10121082000F0BF
:104F5000DCFA0021082000F0D8FA3AE078488442D0
:104F600008D10121102000F0D0FA0021102000F01B
:104F7000CCFA2EE07348844208D10121202000F0B1
:104F8000C4FA0021202000F0C0FA22E06E488442DA
:104F900008D10121402000F0B8FA0021402000F0A3
:104FA000B4FA16E06948844208D10121802000F05B
:104FB000ACFA0021802000F0A8FA0AE0644884429C
:104FC00007D10121801500F0A0FA0021A01500F002
:104FD0009CFA10BDF0B50A4600210023002400BF52
:104FE0003DE0012505FA01F3156805EA03049C423A
:104FF00034D105684F000326BE40B54305601579DE
:105000004E00B5400668354305601579012D02D084
:105010001579022D16D185684F000326BE40B54391
:10502000856055794E00B540866835438560456892
:1050300001268E40B5434560456896798E40B6B2EC
:1050400035434560C5684F000326BE40B543C56083
:10505000D5794E00B540C6683543C560491C102956
:10506000BFD3F0BD4FF6FF710160002101714171A6
:105070008171C171704708B54FF480320092009A77
:105080000A430092009AC261C161009AC261C2697A
:105090000092C269009208BD0246002013690B40CD
:1050A0000BB1012000E0002070470146086980B282
:1050B00070470246002053690B400BB1012000E00D
:1050C000002070470146486980B2704701837047ED
:1050D000418370470AB1018300E041837047416119
:1050E000704742694A4042617047F0B5002300248E
:1050F0004D07ED0E02FA05F3CE1000F1200555F82C
:1051000026504E07F70E0F26BE40B543CF1000F1D4
:10511000200646F82750CE1000F1200555F82650FD
:1051200045EA0304CE1000F1200545F82640F0BD05
:10513000000002400004024000080240000C02404F
:10514000001002400014024000180240001C0240FF
:1051500000200240FA48006840F00100F849086069
:105160000020F74908310860F5480068F549084013
:10517000F3490860F448091D0860081F006820F41E
:105180008020091F08600020ED490C31086070473D
:105190000021EB4A921C117011460870704710B53F
:1051A00001460022002300204A11012A02D1E44CCA
:1051B000236808E0022A03D1E14C7034236802E03E
:1051C000DF4C7434236801F01F02012494401C401A
:1051D0000CB1012000E0002010BD38B50020009087
:1051E0000024002500BF3120FFF7D9FF05460098B5
:1051F000401C00900098B0F5A06F01D0002DF2D0B7
:105200003120FFF7CCFF08B1012400E00024204644
:1052100038BD01460020CA4A106820F0F80040EA74
:10522000C10010607047C949086070470021C44A36
:10523000703211701170012802D004280AD104E0E4
:105240000121BF4A7032117005E00521BC4A70325D
:10525000117000E000BF00BF7047BD490860704793
:1052600070B5049C41EA82150126C6EB530645EA57
:105270000645054345EA0465B14E361D356070BDEF
:10528000B24908667047820142EA0172AC4B84332E
:105290001A607047AD4988667047AC49C86470476A
:1052A00002460020A64B0833186820F0EC6042EA62
:1052B00001031843A24B08331860704702460020D0
:1052C0009F4B0833186820F0784042EA01031843E6
:1052D0009B4B08331860704701460020984A0832FB
:1052E000106820F0030008431060704794480830AD
:1052F000006800F00C00704701460020904A083218
:10530000106820F0F000084310607047014600204C
:105310008B4A0832106820F4E05008431060704750
:1053200001460020864A0832106820F4604040EAB6
:10533000C10010607047F0B5002100220024022552
:10534000002602237E4F08373F6807F00C0121B189
:10535000042905D0082937D105E07E4F076036E0E3
:105360007D4F076033E0764F3F1D3F68C7F380569F
:10537000734F3F1D3F6807F03F036EB1764FB7FB99
:10538000F3F7DFF8BCC10CF1040CDCF800C0CCF37F
:10539000881C07FB0CF40CE06E4FB7FBF3F7DFF84B
:1053A000A0C10CF1040CDCF800C0CCF3881C07FB96
:1053B0000CF4634F3F1D3F68C7F301477F1C7D001E
:1053C000B4FBF5F7076002E0624F076000BF00BF63
:1053D0005B4F08373F6807F0F00109095F4F7A5CBF
:1053E0000768D7404760564F08373F6807F4E051D9
:1053F000890A5A4F7A5C4768D7408760504F083710
:105400003F6807F46041490B544F7A5C4768D740C6
:10541000C760F0BD002100F44072B2F5407F0AD1B0
:10542000474A0832116821F4F8114D4A02401143ED
:10543000434A08321160424A70321268C0F30B03CB
:105440001A433F4B70331A60704741494439086032
:1054500070473F49403908607047424908607047CB
:1054600039B1374A303212680243354B30331A6053
:1054700006E0334A303212688243314B30331A60CF
:10548000704739B12E4A3432126802432C4B343300
:105490001A6006E02A4A343212688243284B3433B9
:1054A0001A60704739B1264A383212680243244BD9
:1054B00038331A6006E0224A383212688243204BA1
:1054C00038331A60704739B11D4A403212680243BE
:1054D0001B4B40331A6006E0194A4032126882437F
:1054E000174B40331A60704739B1154A443212687D
:1054F0000243134B44331A6006E0114A44321268E7
:1055000082430F4B44331A60704739B10C4A103252
:10551000126802430A4B10331A6006E0084A103240
:1055200012688243064B10331A607047E1B1044A97
:10553000143212680243024B14331A6019E000005F
:1055400000380240FFFFF6FE103000240000474202
:10555000800E47420024F40000127A0094030020D9
:10556000FFFCFF0F5C0147425B4A126882435A4BC3
:105570001A60704739B1584A121D12680243564BDF
:105580001B1D1A6006E0544A121D12688243524BDA
:105590001B1D1A60704739B14F4A0C321268024322
:1055A0004D4B0C331A6006E04B4A0C3212688243B2
:1055B000494B0C331A60704739B1474A10321268B0
:1055C0000243454B10331A6006E0434A103212681A
:1055D0008243414B10331A60704739B13E4A3C3226
:1055E000126802433C4B3C331A6006E03A4A3C32B4
:1055F00012688243384B3C331A60704739B1364ADF
:10560000403212680243344B40331A6006E0324A9B
:10561000403212688243304B40331A60704739B1D0
:105620002D4A4432126802432B4B44331A6006E081
:10563000294A443212688243274B44331A60704728
:1056400039B1254A4C3212680243234B4C331A605D
:1056500006E0214A4C32126882431F4B4C331A60D9
:10566000704739B11C4A5032126802431A4B50330A
:105670001A6006E0184A503212688243164B5033C3
:105680001A60704739B1144AD21F12780243124B84
:10569000DB1F1A7006E0104AD21F127882430E4BAD
:1056A000DB1F1A7070470C486030006840F0807053
:1056B000094960310860704701460020064A083AEF
:1056C00012680A400AB1012000E000207047024938
:1056D000891F0870704700001438024010B501217E
:1056E0000802FFF769FF00214FF48070FFF764FFA5
:1056F00010BD30B50246002000235068F84C204011
:105700000D790C6844EA0524204350609068F54CFC
:105710002040D1E903542C438D682C434D7944EA51
:10572000450420439060D06A20F470000C7D641E14
:10573000E4B2234340EA0350D06230BD002101604F
:10574000017141718160C160016101210175704782
:105750000021E54A1168E54A1140D0E900231A43C7
:1057600083681A43C3681A431143E14AC2F8041319
:1057700070470021016041608160C160704721B1C4
:10578000826842F00102826003E0826822F0010236
:10579000826070470A4600214168D64B1940114388
:1057A000416070474162826270470A460021416849
:1057B00021F01F0111434160704738B1CA4909689F
:1057C00041F40001CA4AC2F8041306E0C649096858
:1057D00021F40001C64AC2F80413704738B1C24927
:1057E000096841F48001C24AC2F8041306E0BE49C8
:1057F000096821F48001BE4AC2F804137047F0B56D
:1058000004460D4600200021092D11DDE068A5F1B8
:105810000A0606EB4607072606FA07F18843A5F1B4
:105820000A0606EB460603FA06F10843E0600CE0C0
:10583000206905EB4507072606FA07F1884305EBC3
:10584000450603FA06F108432061072A0FDA606B68
:10585000561E06EB86071F2606FA07F18843561EDA
:1058600006EB860605FA06F10843606322E00D2A7E
:105870000FDA206BD61F06EB86071F2606FA07F104
:105880008843D61F06EB860605FA06F10843206317
:1058900010E0E06AA2F10D0606EB86071F2606FA65
:1058A00007F18843A2F10D0606EB860605FA06F11C
:1058B0000843E062F0BD816841F08041816070473B
:1058C000014600208A6802F480020AB1012000E04B
:1058D0000020704721B1826842F48062826003E058
:1058E000826822F480628260704721B1826842F04F
:1058F0000202826003E0826822F002028260704746
:1059000010B50A4600210023416821F46041531E6E
:1059100041EA4331416010BD21B1426842F4006266
:10592000426003E0426822F4006242607047014630
:10593000C86C80B270476C48001D0068704721B188
:10594000826842F48072826003E0826822F480728E
:105950008260704721B1826842F40072826003E085
:10596000826822F400728260704738B15E4909682B
:1059700041F400515E4AC2F8041306E05A4909682E
:1059800021F400515A4AC2F804137047F0B5044696
:105990001546002000220026092911DDE068A1F14A
:1059A0000A0707EB470C072707FA0CF29043A1F10F
:1059B0000A0707EB470703FA07F21043E0600CE021
:1059C000206901EB410C072707FA0CF2904301EB29
:1059D000410703FA07F210432061A06BC0F30156A0
:1059E000EF1C06F1010CA7EB0C0707EB870C1F2738
:1059F00007FA0CF29043EF1C06F1010CA7EB0C0721
:105A000007EB870701FA07F21043A063F0BD10B55A
:105A10000A4600210023816B21F44011531E41EA04
:105A20000351816310BD08B5002300930090009BD3
:105A30000B440093009B1A6008BD0A460021816850
:105A400021F470211143816070470A46002181686A
:105A500021F44011114381607047816841F4800155
:105A600081607047014600208A6802F480020AB112
:105A7000012000E00020704721B1426842F48062BA
:105A8000426003E0426822F480624260704721B1C4
:105A9000426842F48052426003E0426822F480523D
:105AA0004260704708B5024600200090009201F164
:105AB0002800009B184400900098006880B208BD40
:105AC00010B50B460021D9B2012404FA01F11AB134
:105AD00044680C43446002E044688C43446010BD59
:105AE000FFFEFFFCFDF7FFC004230140E030FCFF98
:105AF00000200140FFFD3FFF0246002013680B40DD
:105B00000BB1012000E000207047CA4302607047DB
:105B100070B502460020002300240B1255680126B0
:105B20008E4005EA060415681D4015B10CB1012030
:105B300000E0002070BD00220A12D34303607047CA
:105B4000016821F001010160002101604160816074
:105B5000C160016121214161DB49884204D13D21BD
:105B6000D94A103A91608CE0D7491831884205D162
:105B70004FF47461D44A103A916082E0D2493031D6
:105B8000884205D14FF47411CF4A103A916078E001
:105B9000CD494831884205D14FF07461CA4A103A64
:105BA00091606EE0C8496031884204D1C749C64A55
:105BB000103AD16065E0C4497831884204D1C449C3
:105BC000C14A103AD1605CE0BF499031884204D1AB
:105BD000C049BD4A103AD16053E0BB49A831884260
:105BE00005D14FF03D51B84A103AD16049E0BA4969
:105BF000884204D13D21B84A083A116041E0B649D3
:105C00001831884205D14FF47461B34A083A1160E3
:105C100037E0B1493031884205D14FF47411AE4AB2
:105C2000083A11602DE0AC494831884205D14FF067
:105C30007461A94A083A116023E0A749603188429B
:105C400004D1A249A44A121F11601AE0A249783176
:105C5000884204D19E49A04A121F116011E09E495A
:105C60009031884204D19B499B4A121F116008E081
:105C70009949A831884204D14FF03D51964A121FEC
:105C80001160704710B500220268944B1A40CC682E
:105C90000B6823434C6923438C692343CC6923431A
:105CA0000C6A23434C6A23438C6A23434C6B234383
:105CB0008C6B23431A430260426922F00702D1E948
:105CC0000B3423431A4342610B6943604B68836082
:105CD0008B68C36010BD0021016041608160C160BC
:105CE000016141618161C161016241628162C162A0
:105CF000016341638163704721B1026842F0010290
:105D0000026003E0026822F001020260704721B1E4
:105D1000026842F40042026003E0026822F400429A
:105D20000260704721B1026842F02002026003E085
:105D3000026822F02002026070474160704701460D
:105D4000486880B2704722B1036843F400230360BF
:105D500003E0036823F4002303600161704721B16D
:105D6000026842F48022026003E0026822F480228A
:105D7000026070470AB1016100E0C16070470146EE
:105D800000200A6802F400220AB1012000E000208D
:105D90007047014600200A6802F001020AB10120A2
:105DA00000E000207047014600204A6902F03800F8
:105DB000704730B503460A4600200024464DAB42EA
:105DC00002D24149103901E04349103902F000552F
:105DD0000DB14C6800E00C68414D2C4004EA02050E
:105DE0000DB1012000E0002030BD02463A4B9A423E
:105DF00002D23548103801E03748103801F000531E
:105E00001BB1374B0B40C36002E0354B0B40836046
:105E1000704710B501F080034BB122B1436943F0E4
:105E20008003436103E0436923F0800343618029D9
:105E30000BD02AB1036801F01E042343036004E081
:105E4000036801F01E04A343036010BD70B5024651
:105E5000002000240025204EB24202D21A4B103BF3
:105E600001E01D4B103B1F4E0E4036B11E2606EAC8
:105E7000D124166806EA040502E0566906F080059A
:105E800001F000560EB15C6800E01C68144E34400E
:105E900004EA010616B10DB1012000E0002070BD3A
:105EA00002460D4B9A4202D20748103801E00A48D8
:105EB000103801F000531BB1094B0B40C36002E0E6
:105EC000074B0B4083607047106002403D0000208C
:105ED000400F002000003D20106402403F801CF075
:105EE0007D0F7D0F3C0F3C0F002044490860091DC9
:105EF0000860091D0860091D086041483F491431C8
:105F00000860704700213D498279002A3AD00A464C
:105F1000126803689A430B461A600A1D12680368E8
:105F20009A430B1D1A60027911440A6803681A43E8
:105F30000A60324A0832126803689A432F4B0833CA
:105F40001A601A1D126803689A432C4B0C331A60AE
:105F50004279102A0ED11A1F126803681A43274B80
:105F600008331A601A1D126803681A43234B0C3356
:105F70001A600DE02149427911440A6803681A4306
:105F80000A6005E0027911440A6803689A430A60CE
:105F900070470021016001710C2141710021817164
:105FA00070471649103109680143144A10321160D4
:105FB000704701460020114A143212680A400AB1A3
:105FC000012000E0002070470C4914310860704740
:105FD000014600200022094B1B6803EA0102074B1F
:105FE00014331B680B4013B10AB1012000E00020FC
:105FF000704702491431086070470000003C0140BE
:10600000FFFF7F0010B50446FE48844208D10121FD
:106010000846FFF7D1FA00210120FFF7CDFA9DE0F5
:10602000B4F1804F08D101210846FFF7B4FA0021EE
:106030000120FFF7B0FA91E0F348844208D1012132
:106040000220FFF7A8FA00210220FFF7A4FA85E05A
:10605000EE48844208D101210420FFF79CFA002178
:106060000420FFF798FA79E0E948844208D1012139
:106070000820FFF790FA00210820FFF78CFA6DE066
:10608000E448844208D101211020FFF784FA00215E
:106090001020FFF780FA61E0DF48844208D1012137
:1060A0002020FFF778FA00212020FFF774FA55E04E
:1060B000DA48844208D101210220FFF77DFA00214D
:1060C0000220FFF779FA49E0D548844209D101213D
:1060D0000804FFF771FA00214FF48030FFF76CFAE3
:1060E0003CE0D048844209D101214804FFF764FA1A
:1060F00000214FF40030FFF75FFA2FE0CA488442D6
:1061000009D101218804FFF757FA00214FF48020BC
:10611000FFF752FA22E0C548844208D1012140200D
:10612000FFF739FA00214020FFF735FA16E0C048A2
:10613000844208D101218020FFF72DFA0021802020
:10614000FFF729FA0AE0BB48844207D101218015F4
:10615000FFF721FA0021A015FFF71DFA10BD00225C
:106160000288A84B98420ED0AC4B98420BD0B0F1AD
:10617000804F08D0A44B984205D0A44B984202D03F
:10618000A34B984204D14FF68F731A404B881A43A1
:10619000A04B984207D0A04B984204D04FF6FF4343
:1061A0001A400B891A4302804B68C3620B8803852F
:1061B000944B984202D0994B984201D18B7A038636
:1061C0000123838270474FF0FF314160002101803D
:1061D00001814180817270470185828270470A4641
:1061E000002101884FF68F731940114301807047D9
:1061F00041627047C16270470146486A7047014674
:10620000088D704721B1028842F00202028004E04A
:1062100002884FF6FD731A400280704721B1028850
:1062200042F00402028004E002884FF6FB731A4039
:106230000280704721B1028842F08002028004E0AF
:1062400002884FF67F731A400280704702884FF62B
:10625000F7731A40028002880A430280704702885E
:106260004FF6FF431A40028002880A4302807047BB
:1062700021B1028842F00102028004E002884FF658
:10628000FE731A400280704770B50024002200237C
:10629000058C4FF6FE7635400584028C8388048B8E
:1062A0004FF68F752C40B51E2C400D882C43751E63
:1062B0002A408D892A434D882A43524DA84202D054
:1062C000564DA84213D14FF6F7752A40CD892A437F
:1062D0004FF6FB752A408D882A434FF6FF652B4009
:1062E0004FF6FF552B400D8A2B434D8A2B4383805D
:1062F00004838D684563028470BD70B5002400225C
:106300000023058C4FF6EF7635400584028C838898
:10631000048B48F6FF752C404FF6FF452C400D8846
:106320004FF6FF7606EA05252C434FF6DF752A4027
:106330008D8906EA05152A434D8806EA05152A4384
:10634000304DA84202D0354DA8421DD14FF67F7581
:106350002A40CD894FF6FF7606EA05152A434FF607
:10636000BF752A408D8806EA05152A434FF6FF358A
:106370002B404FF2FF752B400D8A06EA85052B4313
:106380004D8A06EA85052B43838004838D688563E7
:10639000028470BD70B5002400220023058C4FF6E6
:1063A000FF6635400584028C8388848B4FF68F7599
:1063B0002C404FF6FC752C400D882C434FF6FF55B2
:1063C0002A408D894FF6FF7606EA05252A434D8837
:1063D00006EA05252A430B4DA84202D00F4DA842DC
:1063E00038D14FF2FF752A40CD894FF6FF7606EA85
:1063F00005252A434FF6FF352A408D8806EA0525F4
:106400002A4319E000000140000400400008004059
:10641000000C004000100040001400400004014047
:106420000040014000440140004801400018004085
:10643000001C0040002000404EF6FF752B404DF63A
:10644000FF752B400D8A06EA05152B434D8A06EA97
:1064500005152B43838084838D68C563028470BDDA
:1064600070B5002200230024058C4EF6FF763540DF
:106470000584038C8488828B48F6FF752A404FF68A
:10648000FF452A400D884FF6FF7606EA05252A4388
:106490004DF6FF752B408D8906EA05352B434D8857
:1064A00006EA05352B43FE4DA84202D0FD4DA84219
:1064B00008D14BF6FF752C400D8A4FF6FF7606EAA1
:1064C00085152C43848082838D680564038470BDA8
:1064D000002101804180818081608181C1810182B0
:1064E0004182704770B503460020002418461830DA
:1064F00001258D40ACB21D8CA5431D8409B108292E
:106500000AD100EB610005684FF68F7635400560D3
:106510000568154305600FE00D1FC5F34E052844BF
:10652000056848F6FF763540056005684FF6FF764A
:1065300006EA02263543056070BD416370478163FA
:106540007047C1637047016470470A460021018BA0
:106550004FF68F7319401143018370470A4600219B
:10656000018B48F6FF7319404FF6FF7303EA0223CD
:106570001943018370470A460021818B4FF68F73C0
:1065800019401143818370470A460021818B48F6E8
:10659000FF7319404FF6FF7303EA02231943818307
:1065A00070470A460021018B4FF6F77319401143DB
:1065B000018370470A460021018B4FF2FF73194097
:1065C0004FF6FF7303EA02231943018370470A461B
:1065D0000021818B4FF6F773194011438183704777
:1065E0000A460021818B4FF2FF7319404FF6FF736B
:1065F00003EA02231943818370470A460021018B75
:106600004FF6FB7319401143018370470A4600217E
:10661000018B4FF6FF3319404FF6FF7303EA022355
:106620001943018370470A460021818B4FF6FB73A3
:1066300019401143818370470A460021818B4FF630
:10664000FF3319404FF6FF7303EA02231943818396
:1066500070470A460021018B4FF67F7319401143A2
:10666000018370470A460021018BC1F30E014FF6EA
:10667000FF7303EA02231943018370470A4600218E
:10668000818B4FF67F7319401143818370470A460F
:106690000021818BC1F30E014FF6FF7303EA022341
:1066A0001943818370470A460021018C4FF6FD7320
:1066B00019401143018470470A460021018C4FF6AE
:1066C000F77319401143018470470A460021018C79
:1066D0004FF6DF7319404FF6FF7303EA02131943B5
:1066E000018470470A460021018C4FF67F731940E0
:1066F0004FF6FF7303EA02131943018470470A46F9
:106700000021018C4FF6FF5319404FF6FF7303EA47
:1067100002231943018470470A460021018C4FF27D
:10672000FF7319404FF6FF7303EA022319430184F4
:1067300070470A460021018C4DF6FF7319404FF651
:10674000FF7303EA023319430184704730B5002315
:1067500001248C40A3B2048C9C430484048C02FA70
:1067600001F5ADB22C43048430BD30B500230424C0
:106770008C40A3B2048C9C430484048C02FA01F57F
:10678000ADB22C43048430BD828B4FF2FF331A40EC
:106790008283828B4FF6FF7303EA01231A438283BD
:1067A0007047F0B50C461546002100220026078CE4
:1067B0004EF6FF7C07EA0C070784818B028C4FF6AC
:1067C000FF7707EA043640F6FF4739404FF6FF7778
:1067D00007EA052739434FF6FF7707EA03373943BE
:1067E00045F6FF773A4046F480573A438183028466
:1067F000F0BD828B4FF6F3731A408283828B0A437B
:1068000082837047F0B50C46154600210022002611
:10681000078C4FF6FF6C07EA0C070784818B028C0C
:106820004FF6FF7707EA04264FF60C7739404FF60C
:10683000FF7707EA03172F4339434FF2FF573A40D8
:1068400046F480773A4381830284F0BD028B4FF295
:10685000FF331A400283028B4FF6FF7303EA0123D2
:106860001A4302837047F0B50C46154600210022FA
:106870000026078C4FF6EF7C07EA0C070784018B94
:10688000028C4FF6FF7707EA041640F6FF473940BF
:106890004FF6FF7707EA033739434FF6FF7703E0F8
:1068A000000001400004014007EA052739434FF684
:1068B0005F773A4046F010073A4301830284F0BD07
:1068C000028B4FF6F3731A400283028B0A43028352
:1068D0007047F0B50C46154600210022068C4FF695
:1068E000FE773E400684018B028C4FF60C763140D9
:1068F0007E1C06EA03162E4331434FF6F5763240EE
:1069000044F00106324301830284F0BD70B50546B0
:106910000C46208850B92389A28861882846FFF751
:10692000D8FFE1882846FFF7CBFF25E02088042820
:106930000AD12389A28861882846FFF794FFE1885D
:106940002846FFF783FF17E0208808280AD123890B
:10695000A28861882846FFF755FFE1882846FFF79F
:1069600048FF09E02389A28861882846FFF719FFBC
:10697000E1882846FFF708FF70BD002101804180B3
:10698000012181800021C180018170472DE9F04102
:1069900005460C4600260127608808B9022600E05B
:1069A0000026A088012801D1022700E001272088C5
:1069B000A0B92389A28861882846FFF78AFFE18869
:1069C0002846FFF77DFF23893A4631462846FFF7E0
:1069D0004AFFE1882846FFF739FF13E02389A288A0
:1069E00061882846FFF73FFFE1882846FFF72EFF22
:1069F00023893A4631462846FFF76BFFE18828464F
:106A0000FFF75EFFBDE8F0810146486B7047014625
:106A1000886B70470146C86B70470146086C704729
:106A20000A884B881A438B881A43CB881A430B89F0
:106A30001A434B891A438B891A43A0F844207047A4
:106A40000021018041808180C1800181418181815B
:106A5000704731B1B0F8442042F40042A0F844201D
:106A600005E0B0F84420C2F30E02A0F844207047BD
:106A700021B1828842F00402828004E082884FF6CD
:106A8000FB731A408280704721B1828842F0010274
:106A9000828004E082884FF6FE731A40828070473D
:106AA0001AB183890B43838102E083898B438381FD
:106AB00070478182704702460020138A0B400BB159
:106AC000012000E000207047CA430282704730B5C1
:106AD0000246002000230024158A05EA0103958957
:106AE00005EA010413B10CB1012000E0002030BD23
:106AF000CA430282704741EA0203A0F84830704757
:106B00001AB183890B43838102E083898B4383819C
:106B1000704721B1828842F00802828004E08288B6
:106B20004FF6F7731A408280704701894FF6F8726A
:106B30001140018170470A46002101894FF68F7389
:106B4000194011430181704730B504460D4629466E
:106B50002046FFF7F0FF208940F00700208130BD7C
:106B60002DE9F04104460D4616461F46602D06D11C
:106B70003B46012231462046FFF775FE05E03B46C5
:106B8000012231462046FFF7A4FE29462046FFF7A2
:106B9000D2FF208940F007002081BDE8F08130B5A8
:106BA0000C4600210189C9B24FF6FF7505EA03259D
:106BB000154325432943018130BD2DE9F0410546A8
:106BC0000E4617469846002443463A463146284624
:106BD000FFF7E5FF2C894FF6F870044044F00704F6
:106BE0004FF68F70044044F070042C81BDE8F081B2
:106BF000F0B504460D4616461F463B46324629462A
:106C00002046FFF7CCFF208940F480402081F0BD72
:106C100082884FF68F731A40828082880A4382806E
:106C2000704702894FF6F8731A40028102890A43BD
:106C30000281704702894FF67F731A4002810289F0
:106C40000A4302817047F0B50C4615461E460021E6
:106C5000002200230189028B038C4FF6F87739401C
:106C600021434FF6FC473A4040F201173A434FF6B2
:106C7000DD773B404FF6FF7707EA06172F433B438C
:106C8000018102830384F0BD21B1828842F0800239
:106C9000828004E082884FF67F731A4082807047BA
:106CA000A0F850107047000010B50446F748844221
:106CB00008D101211020FEF77FFC00211020FEF7F3
:106CC0007BFC3EE0F248844209D101214804FEF7F2
:106CD00062FC00214FF40030FEF75DFC31E0ED482E
:106CE000844209D101218804FEF755FC00214FF4AC
:106CF0008020FEF750FC24E0E748844209D10121BE
:106D0000C804FEF748FC00214FF40020FEF743FCC6
:106D100017E0E248844209D101210805FEF73BFC57
:106D200000214FF48010FEF736FC0AE0DC48844274
:106D300007D101212020FEF73FFC00212020FEF793
:106D40003BFC10BD2DE9FF4705460E460024A14639
:106D500000BFA046B08900B100BF2C8A24F4405483
:106D6000F08804432C82AC8941F20C608443B088E3
:106D700031890843718908430443AC81AC8A24F407
:106D80004074B0890443AC826846FEF7D4FABF4829
:106D9000854202D0C248854202D1DDF80C9001E064
:106DA000DDF80890A88900F4004040B109EBC90063
:106DB00000EB091031684900B0FBF1F707E009EB7F
:106DC000C90000EB091031688900B0FBF1F76420BD
:106DD000B7FBF0F004012009642101FB1078A889B9
:106DE00000F4004040B1322000EBC800B0FBF1F0ED
:106DF00000F00700044308E0322000EB0810642193
:106E0000B0FBF1F000F00F0004432C81BDE8FF87D8
:106E10004FF41651016000218180C18001810C2155
:106E2000418100218181704710B502460020108AFF
:106E300020F470600B884C8823438C882343CC88D3
:106E400023431843108210BD0021018041808180BE
:106E5000C180704721B1828942F40052828104E0EE
:106E600082894DF6FF731A4082817047028B02F4CB
:106E70007F420283028B0A430283704721B18289D9
:106E800042F40042828103E08289C2F30E028281D1
:106E9000704721B1828A42F40062828204E0828AD1
:106EA0004FF2FF731A4082827047C1F3080282805A
:106EB000704701468888C0F308007047028A4FF681
:106EC000F0731A400282028A0A430282704721B19B
:106ED000828942F00202828104E082894FF6FD73CA
:106EE0001A408281704782894FF2FF731A40828173
:106EF00082890A4382817047028A4FF6DF731A4003
:106F00000282028A0A430282704721B1028A42F455
:106F10008042028204E0028A4BF6FF731A4002822A
:106F20007047818941F001018181704721B1828AD6
:106F300042F00802828204E0828A4FF6F7731A4018
:106F400082827047028BD2B20283028B42EA012214
:106F50000283704721B1828A42F02002828204E0DB
:106F6000828A4FF6DF731A408282704721B1828A8B
:106F700042F01002828204E0828A4FF6EF731A40D8
:106F800082827047828A4FF6FB731A408282828A1D
:106F90000A438282704721B1828A42F002028282D1
:106FA00004E0828A4FF6FD731A40828270471AB15C
:106FB000838A0B43838202E0838A8B4383827047F8
:106FC000F0B50346002400260025002040F66A178D
:106FD000B94200D100BF1846C1F3421401F01F06A8
:106FE000012707FA06F5012C01D10C3004E0022C30
:106FF00001D1103000E014301AB107682F43076048
:1070000002E00768AF430760F0BD02460020B1F51B
:10701000007F00D100BF13880B400BB1012000E0BE
:107020000020704701F40072B2F5007F00D100BF6C
:10703000CA430280704770B5024600240023002531
:10704000002040F66A16B14200D100BFC1F34215DC
:1070500001F01F03012606FA03F3012D02D19689E0
:10706000334006E0022D02D1168A334001E0968AB1
:1070700033400C12012606FA04F41688344013B18A
:107080000CB1012000E0002070BD000000100140A4
:107090000044004000480040004C004000500040C8
:1070A0000014014010B50022002340F66A14A142EA
:1070B00000D100BF0A1201249440A3B2DC43048033
:1070C00010BD000010B501218803FEF775FA0021FC
:1070D0004FF48040FEF770FA10BD1A4908607047FF
:1070E00030B500228B071C0F0F2303FA04F2154B57
:1070F00008338C1053F824309343124C08348D100D
:1071000044F8253023468C1053F824308C07240F84
:1071100000FA04F423430B4C08348D1044F8253056
:1071200030BD094908607047084908607047002071
:1071300004492031096801F4807109B1012000E09F
:107140000020704700380140DC002742000427423D
:1071500000F1080141604FF0FF31816000F108014A
:10716000C160016100210160704700210161704729
:10717000426853684B6043688B6053689960516004
:107180004160086103685B1C0360704710B50246EC
:107190000B685C1C0CB9106907E002F1080000E004
:1071A0004068446824689C42FAD944684C604C6842
:1071B000A160886041600A611468641C146010BD9D
:1071C0000146D1E901309860D1E9010358600A69AC
:1071D0005068884201D188685060002008611068BA
:1071E000401E10601068704770B504460D461CB90B
:1071F000F9F71EF800BFFEE700F0F3FDD4E90F1227
:10720000206801FB020060600020A0632068A0608D
:10721000E06B401E226C216800FB0210E0604FF022
:10722000FF306064A06475B9206908B9012000E0EE
:10723000002080B904F1100001F02AFC01280AD1D5
:1072400000F0C9FD07E004F11000FFF781FF04F131
:107250002400FFF77DFF00F0CDFD012070BD2DE97A
:10726000F04705460E4617464FF00009DDB15020A5
:1072700000F0E4FD0446B4B105FB06F000F101089E
:10728000404600F0DBFD2060206848B1E5632664DD
:1072900001212046FFF7A8FF84F84D70A14602E0C7
:1072A000204600F02CFEB9F1000F03D1F8F7C0FF23
:1072B00000BFFEE74846BDE8F08710B5044600F081
:1072C00090FD11E0606A08B9012000E0002050B98B
:1072D00004F1240001F0DCFB08B101F054FCA06CC7
:1072E000401EA06400E002E0A06C0028EADC00BFC1
:1072F0004FF0FF30A06400F07DFD00F072FD11E062
:10730000206908B9012000E0002050B904F1100004
:1073100001F0BEFB08B101F036FC606C401E6064F9
:1073200000E002E0606C0028EADC00BF4FF0FF30B4
:10733000606400F05FFD10BD70B5044600F051FDC3
:10734000A06BE16B884201D1012000E000200546DE
:1073500000F050FD284670BD70B504460E46154637
:10736000206C38B9206838BB606801F09BFC0020B5
:10737000606021E07DB93146226CA06801F0BCFC60
:10738000216CA0680844A060D4E90110884213D39E
:107390002068A06010E03146226CE06801F0ACFC8F
:1073A000216CE068401AE0602168E068884203D2FE
:1073B000216C6068401AE060A06B401CA06370BD47
:1073C000FFB583B004460D461E4600271CB9F8F7EA
:1073D0002FFF00BFFEE70DB9206C08B9012000E0C7
:1073E000002018B9F8F724FF00BFFEE700BF00F047
:1073F000F8FCA06BE16B884217D232462946204642
:10740000FFF7AAFF606A08B9012000E0002038B940
:1074100004F1240001F03CFB012801D100F0DBFC69
:1074200000F0E8FC012007B0F0BD059818B900F0A5
:10743000E1FC0020F7E71FB901A801F05EFB01277E
:1074400000F0D8FC00F0DEFF00F0CBFC606C401CCC
:1074500008B900206064A06C401C08B90020A0643A
:1074600000F0C8FC05A901A801F055FBC0B92046F1
:10747000FFF762FF70B104F11000059901F0CBFA3B
:107480002046FFF71AFF00F00DFF0028AFD100F0F3
:10749000A2FCACE72046FFF710FF00F003FFA6E7D1
:1074A0002046FFF70AFF00F0FDFE0020BBE770B5A5
:1074B0000546502000F0C2FC0446E4B100206060A4
:1074C0002060A060E060A0630120E06300202064F1
:1074D000401E6064A06484F84D5004F11000FFF772
:1074E00037FE04F12400FFF733FE00231A46194645
:1074F0002046FFF765FF1CB9F8F79AFE00BFFEE7CC
:10750000204670BD70B504461CB9F8F791FE00BF67
:10751000FEE701F047FB616888420CD1E068401E3D
:10752000E060E06828B900231A4619462046FFF7B4
:1075300047FF012500E00025284670BD70B50446D0
:1075400000F04FFCA06B08B9012000E000200546C8
:1075500000F050FC284670BD70B504460D4620680A
:1075600070B1216CE0680844E0606168E0688842BE
:1075700001D32068E0602846226CE16801F0BCFB82
:1075800070BD2DE9FF4182B004460D461E464FF006
:1075900000081CB9F8F74CFE00BFFEE70DB9206CDF
:1075A00008B9012000E0002018B9F8F741FE00BF3B
:1075B000FEE700BF00F015FCA06B80B3E76829462A
:1075C0002046FFF7C9FFB6B9A06B401EA063206834
:1075D00010B901F0E7FA6060206908B9012000E005
:1075E0000020B0B904F1100001F052FA012810D1C6
:1075F00000F0F1FB0DE0E760606A08B9012000E0EF
:10760000002030B904F1240001F042FA08B100F082
:10761000E2FB00F0EFFB012006B0BDE8F081FFE7E0
:10762000049818B900F0E6FB0020F5E7B8F1000F68
:1076300004D1684601F061FA4FF0010800F0DAFB6E
:1076400000F0E0FE00F0CDFB606C401C08B90020AB
:107650006064A06C401C08B90020A06400F0CAFB64
:1076600004A9684601F057FA08BB2046FFF766FFF9
:10767000B8B1206830B900F0B4FB606801F0A1FA3D
:1076800000F0B8FB04F12400049901F0C4F920468D
:10769000FFF713FE00F006FE00288BD100F09BFBE5
:1076A00088E72046FFF709FE00F0FCFD82E7204650
:1076B000FFF703FE00F0F6FD0020ADE770B50446CD
:1076C0000E461CB9F8F7B4FD00BFFEE701F06AFAF8
:1076D0006168884204D1E068401CE06001250BE04D
:1076E0000023324619462046FFF74BFF0546012D81
:1076F00002D1E068401CE060284670BD70B50646C7
:107700000D46022200213046FFF7A9FD044604B1D0
:10771000A5631CB9F8F78CFD00BFFEE7204670BDDD
:107720002DE9F04704460F46154698461CB9F8F770
:107730007FFD00BFFEE70FB9206C08B9012000E013
:10774000002018B9F8F774FD00BFFEE7F8F770FDE8
:107750008146A06BE16B88421BD2424639462046E7
:10776000FFF7FAFDA06C401C70B9606A08B90120EF
:1077700000E0002058B904F1240001F089F930B18B
:107780002DB10120286002E0A06C401CA0640126FD
:1077900000E000264846F8F752FD3046BDE8F08785
:1077A0002DE9F04104460F4615461CB9F8F740FD97
:1077B00000BFFEE70FB9206C08B9012000E00020EF
:1077C00018B9F8F735FD00BFFEE7F8F731FD804640
:1077D000A06BE8B139462046FFF7BEFEA06B401E05
:1077E000A063606C401C70B9206908B9012000E0FA
:1077F000002058B904F1100001F04AF930B12DB160
:107800000120286002E0606C401C6064012600E0FA
:1078100000264046F8F713FD3046BDE8F08170B50C
:1078200004461CB9F8F704FD00BFFEE700F0D9FAE2
:10783000A56B00F0DFFA284670BD70B504461CB990
:10784000F8F7F6FC00BFFEE7A56B284670BD0146C1
:1078500000200BE03D4A02EBC00252688A4204D18C
:1078600000223A4B43F8302002E0401C0828F1D3B4
:1078700000BF704710B504461CB9F8F7D9FC00BF2B
:10788000FEE72046FFF7E3FF206800F038FB2046C4
:1078900000F035FB10BD014691F84C00704780F8B0
:1078A0004C107047014691F84D00704770B5044682
:1078B0001CB9F8F7BDFC00BFFEE7A06B08B90120BA
:1078C00000E000200546284670BD70B504461CB98E
:1078D000F8F7AEFC00BFFEE7A06BE16B884201D178
:1078E000012000E000200546284670BD0246002029
:1078F0000BE0164B53F8303033B9144B43F83010CB
:1079000003EBC0035A6002E0401C0828F1D300BF1B
:10791000704770B504460D4600F063FA606C401C79
:1079200008B900206064A06C401C08B90020A06465
:1079300000F060FAA06B20B9294604F1240001F0A0
:107940008DF82046FFF7B9FC70BD0000440600200A
:107950002DE9F04104460D4616461F464FF000083B
:1079600065602461B5420CD8F01BA169884202D33E
:107970004FF0010811E0211DF0480068FFF706FCF8
:107980000BE0BE4204D2BD4202D34FF0010804E036
:10799000211DEB480068FFF7F9FB4046BDE8F08188
:1079A0002DE9FE4305460E4617461C46DDF82880A5
:1079B0004FF00009E348006808B30096019702956C
:1079C000ACB901F0F2F8012808D10023424669461B
:1079D000DC480068FFF7F4FC814610E000231A46FB
:1079E0006946D8480068FFF7EBFC814607E00023B2
:1079F00022466946D3480068FFF792FE8146484612
:107A0000BDE8FE832DE9F84381462BE0CC480068B1
:107A1000C0680568CA480068C068C468201DFFF7D0
:107A2000CFFB2046616A8847E06901281AD1A06926
:107A30004619AE4207D966602461211DC04800681E
:107A4000FFF7A4FB0EE0002003462A460146009003
:107A50002046FFF7A5FF07461FB9F8F7E9FB00BF6F
:107A6000FEE700BFB6480068006808B9012000E0E2
:107A700000200028CAD0B248D0F80080AF48006883
:107A8000AF490860AD48C0F80080BDE8F88370B524
:107A9000044600F009FF0546AB480068854206D25F
:107AA000A9480068FFF7AEFF0120206001E0002038
:107AB0002060A5480560284670BD70B586B002A854
:107AC000FFF7E5FF064650E0059C44B1606908B940
:107AD000012000E0002010B9201DFFF771FB039882
:107AE00030B1012826D0022825D003283BD136E02A
:107AF0000498A2698118034632462046FFF728FF02
:107B0000012816D12046616A8847E069012810D112
:107B1000002000900498A1694218002319462046CD
:107B2000FFF73EFF05461DB9F8F782FB00BFFEE7F1
:107B300000BF19E018E00498A061A06908B1012015
:107B400000E0002018B9F8F773FB00BFFEE7A0695A
:107B50008119334632462046FFF7FAFE04E02046FC
:107B600000F0CDF900E000BF00BF00231A4603A9D2
:107B700074480068FFF705FD0028A5D106B070BD68
:107B8000F8B505460F466E480068C068C468201DF9
:107B9000FFF716FBE069012817D1A06941192B46B0
:107BA0003A462046FFF7D4FE01280ED100200346B6
:107BB0002A46014600902046FFF7F2FE06461EB90F
:107BC000F8F736FB00BFFEE700BF2046616A884732
:107BD000F8BDF8B504460E4600F014FC6846FFF701
:107BE00056FF05460098A0B946B9AC4206D800F049
:107BF00059FB29462046FFF7C3FF0CE0611B5148A3
:107C00000068FFF786FE00F04DFB20B900F0E3F8B6
:107C100001E000F047FBF8BD0146494A12681268CE
:107C20000AB9012200E000220A600A6822B9444A27
:107C30001268D268106800E00020704708B500BFE5
:107C40006846FFF7E9FF044620460099FFF7C1FFA9
:107C5000FFF733FFF4E710B500F0C3F839480068C8
:107C600090B93A48FFF774FA3948FFF771FA374884
:107C70003349086036483149086000220C210A2047
:107C8000FFF7EDFA2F49086000F0B4F810BD1FB5FA
:107C90000024FFF7E0FF2B48006868B100200223B2
:107CA000CDE90030029003464FF4007229A1039001
:107CB0002A4800F0B2F904461CB9F8F7B9FA00BF37
:107CC000FEE7204604B010BD2DE9F04706460D46FC
:107CD00017469846DDF820904DB900240DB10120DB
:107CE00000E00020A0B9F8F7A3FA00BFFEE72820C3
:107CF00000F0A4F804465CB1FFF7ADFF2660A56173
:107D0000E761C4F82080C4F82490201DFFF72DFA05
:107D10002046BDE8F08770B50446264600F061F8BD
:107D2000706908B1012000E00020054600F062F80B
:107D3000284670BD01460A46106A7047A803002015
:107D4000A4030020AC030020B00300208406002020
:107D500098060020546D7220537663003D7C000825
:107D6000001F4FF080730360001F0160001F00239D
:107D7000036014380260001FDB1E03602038704768
:107D80002A48006842F21071B0FBF1F0401E4FF03B
:107D9000E021486107200861704710B52448006859
:107DA00040F47C00224908600846006840F07C40AE
:107DB0000860FFF7E5FF00201E490860F8F706FAA3
:107DC0001D48006840F040401B490860F8F7F4F98E
:107DD000002010BD70474FF0805015491C390860D5
:107DE000704710B5F8F724FA12480068401C114992
:107DF000086010BD10B50F480068401E0D490860AE
:107E00000846006810B90020F8F719FA10BD10B53F
:107E10004FF0805006491C390860F8F709FA00F065
:107E2000C2F90020F8F70BFA10BD00008003002013
:107E300020ED00E0B403002034EF00E02DE9F04134
:107E400004464FF0000800F0DDFA3D48006898B99C
:107E50003C493D4A1160002151604FF420513B4A9A
:107E600051600021116037484FF4205141601146A4
:107E7000016001203249086044B1103404F0070069
:107E800020B104F00700C0F108000444002C31D0F8
:107E9000B4F5205F2ED22C4F3846056801E02F46FE
:107EA0002D686868A04202D228680028F7D12748C8
:107EB00085421FD0386800F110082868386068686B
:107EC000001B202810D92E196868001B70606C6098
:107ED00071681D4800E00068026852688A42FAD35F
:107EE00002683260066000BF194968680968081AAC
:107EF0001749086000F0D6F94046BDE8F08170B53A
:107F000006463546B6B1103D2C4600F07BFA616856
:107F10000D4800E00068026852688A42FAD302689D
:107F2000226004600A4960680968084408490860DA
:107F300000F0B8F970BD064800687047704700004F
:107F4000CC030020B0060020B8030020C0030020AE
:107F5000C803002010B5002407E004EB8401FE4AAA
:107F600002EB8100FFF7F4F8641C052CF5D3FB4805
:107F7000FFF7EEF8FA48FFF7EBF8FA48FFF7E8F8F2
:107F8000F948FFF7E5F8F948FFF7E2F8F348F84950
:107F90000860F348F749086010BD2DE9F041044638
:107FA0000E4615469846069F0A22314604F13400D3
:107FB00000F0D2FE00213D200155052D00D30425FF
:107FC000E562A564201DFFF7D0F804F11800FFF763
:107FD000CCF82461C5F10500A0616462BDE8F081C0
:107FE00070B505460E464C20FFF728FF044694B1B5
:107FF0001EB9A800FFF722FF00E030462063206B87
:1080000020B92046FFF77BFF002404E0A900A52249
:10801000206B00F083FE204670BD2DE9FF4F81B03C
:10802000804616469A46DDE90E5BB8F1000F03D193
:10803000F8F7FEF800BFFEE7052D01D2012000E0B1
:10804000002018B9F8F7F4F800BFFEE730461099A1
:10805000FFF7C6FF0446002C64D0701E216B01EBB5
:10806000800929F0070909F0070008B9012000E09C
:10807000002018B9F8F7DCF800BFFEE700962A46A2
:108080002046119B0299FFF788FF52464146484619
:10809000FFF766FE2060BBF1000F01D0CBF8004077
:1080A000FFF79FFEB4480068401CB3490860B3481E
:1080B000006840B9B14804600846006801280CD146
:1080C000FFF748FF09E0AE48006830B9AB480068E8
:1080D000C06AA84201D8A9480460AA49E06A0968B0
:1080E000884202D9A749E06A0860A748006820646E
:1080F000A5480068401CA4490860A449E06A0968D2
:10810000884202D9A149E06A0860E16A01EB810175
:10811000914A02EB8100211DFFF72AF80127FFF7A2
:1081200069FE01E04FF0FF37012F09D19448006844
:1081300030B192480068C06AA84201D2FFF74BFEF6
:10814000384605B0BDE8F08F70B50446FFF749FE2C
:108150008A480068844200D1002414B98748006826
:1081600000E020460546281DFFF72AF8A86A18B146
:1081700005F11800FFF724F8291D7B48FEF7F8FFEA
:1081800083480068401C824908607F480068401CA2
:108190007D490860FFF72EFE7948006810B10CB9E0
:1081A000FFF719FE70BD70B57A480068002873D1DA
:1081B00079480068401C784908600846006868BB38
:1081C0006B480068006808B9012000E0002018B979
:1081D000F8F72EF800BFFEE76548056865480068B7
:1081E00063490860634805606C480068401C6B493F
:1081F00008605F480068006808B9012000E00020BE
:1082000020B14FF0FF306649086006E0584800682A
:10821000C068C46862496068086000BF5E48006862
:108220005F490968884236D300BF5148006800683A
:1082300008B9012000E0002020B14FF0FF3058497C
:10824000086027E04A480068C068C468656852480A
:108250000068A84202D2524805601BE0201DFEF7CC
:10826000AFFFA06A18B104F11800FEF7A9FF474953
:10827000E06A0968884202D94449E06A0860E16A14
:1082800001EB8101344A02EB8100211DFEF770FFF2
:10829000CBE701E000BF04E042480068401C4149D0
:1082A000086070BD70B500253A48006818B9F7F746
:1082B000BFFF00BFFEE7FFF794FD36480068401E91
:1082C0003449086008460068002878D12A480068C8
:1082D000002874D0002621E02248C068C46804F158
:1082E0001800FEF76DFF201DFEF76AFF2749E06AC0
:1082F0000968884202D92549E06A0860E16A01EB11
:108300008101154A02EB8100211DFEF731FF1B4957
:10831000E06A0968C96A884200D3012611480068EA
:1083200008B9012000E000200028D5D01D480068D1
:1083300060B106E0FFF737FF1A480068401E194990
:108340000860184800680028F4D10126012E2FD0BB
:108350001548006801282AE0B02E0020142F0020C4
:10836000282F00203C2F0020502F0020642F0020B9
:10837000D4030020D8030020E0030020D003002015
:10838000F0030020E803002004040020EC03002098
:10839000DC030020F4030020E4030020000400209C
:1083A00008040020F8030020FC03002007E005D1AA
:1083B00001250020F9490860FFF70DFD00BFFFF718
:1083C00019FD284670BD10B50446F54800684460A4
:1083D000F4480068844207D2F1480168091DF24858
:1083E0000068FEF7D3FE0CE0ED480168091DEF4878
:1083F0000068FEF7CBFEEE480068844201D2EC48EC
:10840000046010BDEB480068401CEA4908607047F2
:108410002DE9F04104460E464FF000081CB9F7F76D
:1084200007FF00BFFEE70EB1012000E0002018B9F1
:10843000F7F7FEFE00BFFEE7FFF7E4FF20688519AF
:10844000D84920680968884209D92068A8420FD90C
:10845000D448006885420BD94FF0010808E0206835
:10846000A84203D8CF480068854201D94FF00108DF
:108470002560B8F1000F07D0C9480068001DFEF75D
:108480009FFE2846FFF79FFFFFF70CFF07460FB937
:10849000FFF7A1FCBDE8F08170B5044600267CB171
:1084A000FFF7B0FFBF4800680519BD480068001D10
:1084B000FEF786FE2846FFF786FFFFF7F3FE064627
:1084C0000EB9FFF788FC70BD70B50446FFF789FC54
:1084D00014B9B348006800E020460646F56AFFF785
:1084E00089FC284670BD2DE9F04706460D464FF041
:1084F0000009052D01D2012000E0002018B9F7F78E
:1085000097FE00BFFEE7052D00D30425FFF769FCA9
:10851000A3480068864200D1002616B9A04800682A
:1085200000E030460446A76CAF4234D0BD4203D9C8
:108530002EB14FF0010902E00EB94FF00109D4F855
:108540002C80E16AA06C884200D1E562A564C5F187
:108550000500A06107EB8701974A02EB8101606982
:10856000884213D1201DFEF72BFE9449E06A09686A
:10857000884202D99149E06A0860E16A01EB810111
:108580008D4A02EB8100211DFEF7F2FDB9F1010FCA
:1085900001D1FFF720FCFFF72DFCBDE8F08710B5F7
:1085A0008448006818B101207C4908602CE00BE089
:1085B0008248006818B9F7F73BFE00BFFEE77F4826
:1085C0000068401E7D4908607C48006800EB800020
:1085D000794951F820000028EAD07849096801EB70
:1085E0008101754A02EB810041684968416000F1F0
:1085F000080142688A4202D1416849684160416885
:10860000C968674A116000BF10BD70B50446FFF726
:10861000E8FB63480068844200D1002414B9604834
:10862000006800E020460546281DFEF7C9FDA86A3F
:1086300018B105F11800FEF7C3FD291D6048FEF7CB
:1086400097FDFFF7D7FB8CB95E48006810B1FFF7C4
:10865000C2FB0BE05A4800685B490968884203D1B5
:1086600000204F49086001E0FFF799FF70BD70B529
:10867000054600262C461DB9F7F7DAFD00BFFEE7D8
:108680004F496069884201D1012000E0002080B19B
:108690004E49A06A884201D1012000E00020012853
:1086A00007D0A06A08B9012000E00020012800D10D
:1086B0000126304670BD70B505461DB9F7F7B8FD07
:1086C00000BFFEE72C4644B335480068844224D0FE
:1086D000FFF787FB2046FFF7CAFF01281BD1201DAB
:1086E000FEF76EFD3549E06A0968884202D93349D0
:1086F000E06A0860E16A01EB81012F4A02EB810028
:10870000211DFEF735FD2649E06A0968C96A8842DD
:1087100001D3FFF760FBFFF76DFB70BD2DE9F04162
:10872000054600261DB9F7F783FD00BFFEE72C467E
:10873000F7F77EFD07462046FFF799FF012826D16F
:108740001C480068F0B91649E06A0968C96A88429D
:1087500001D3012000E000200646201DFEF730FD79
:108760001649E06A0968884202D91449E06A08603B
:10877000E16A01EB8101104A02EB8100211DFEF745
:10878000F7FC04E004F118011048FEF7F1FC38464C
:10879000F7F755FD3046BDE8F0810000FC030020EE
:1087A000D0030020E4030020D8030020D4030020DD
:1087B00008040020F4030020B02E0020EC03002069
:1087C000642F0020F0030020E00300203C2F002055
:1087D00010B50446206BFFF792FB2046FFF78FFB96
:1087E00010BD70B523E0FFF70DFEFD48006808B925
:1087F000012000E000200546FFF754FDBDB9FFF75A
:10880000F0FAF748C068C468201DFEF7D9FCF548A7
:108810000068401EF3490860F3480068401EF249B2
:108820000860FFF7E7FA2046FFF7D2FF00BFEE48E7
:1088300000680028D7D170BD00BFFFF7D2FFEB481A
:1088400000680128F9D9FFF7C6FAF6E71FB500203E
:1088500000900190029003464FF48072E4A10390CF
:10886000E548FFF7DAFB0446012C02D1FFF70FFAC7
:108870000446012C09D1F7F7DBFC0120DF49086031
:108880000020DF490860FFF788FA1CB9F7F7D0FC31
:1088900000BFFEE71FBD10B5F7F7CAFC0020D7499F
:1088A0000860FFF797FA10BD10B5FFF79AFAD448A1
:1088B0000468FFF79FFA204610BD70B5F7F7B8FCC3
:1088C0000546CF4804682846F7F7B9FC204670BD36
:1088D000C448006870470146002002E0491C421C61
:1088E00090B20A78A52AF9D0800870472DE9FE4396
:1088F00081460C461646204641684968416000F1B1
:10890000080142688A4202D1416849684160416871
:10891000CF6800BF204641684968416000F1080106
:1089200042688A4202D14168496841604168CD6825
:10893000286BFFF7D0FF8046286CE96A334605F1C3
:108940003402CDE900180290AEA1B34800F002FE57
:10895000B149484600F0F4F9BD42DBD1BDE8FE83E1
:1089600070B50546FFF74EFD00202870ABA12846E4
:1089700000F0E6F9AA480068441C00BF641E04EB3E
:1089800084009A4951F8200008B9012000E0002035
:1089900040B904EB8400954A02EB8001522228463C
:1089A000FFF7A4FF002CE9D19E480068006808B9D1
:1089B000012000E0002028B942229A480168284698
:1089C000FFF794FF98480068006808B9012000E0AC
:1089D000002028B94222944801682846FFF786FF04
:1089E0007F48006808B9012000E0002020B9442237
:1089F0007B492846FFF77AFF8C48006808B90120B8
:108A000000E0002020B9532288492846FFF76EFF76
:108A1000FFF748FC70BD70B505460C461DB9F7F769
:108A200007FC00BFFEE78248016818312846FEF7C0
:108A3000ADFB7F480068001DFEF7C2FB601C30B92B
:108A40007B480168091D7948FEF792FB05E06C48F8
:108A5000006806193046FFF7B6FC70BD70B50446D5
:108A60000D461CB9F7F7E4FB00BFFEE7704801684C
:108A700018312046FEF77CFB6D480068001DFEF7AC
:108A80009FFB5F48006846193046FFF79CFC70BDAD
:108A900070B50646F068C4681CB9F7F7C9FB00BF9B
:108AA000FEE704F11800FEF78BFB62480068A0B9EE
:108AB000201DFEF785FB6049E06A0968884202D9FB
:108AC0005D49E06A0860E16A01EB8101474A02EB17
:108AD0008100211DFEF74CFB04E004F1180157480A
:108AE000FEF746FB5249E06A0968C96A884201D329
:108AF000012500E00025284670BD10B504461CB9CC
:108B0000F7F796FB00BFFEE74D48006820603C4841
:108B10000068606010BD70B504460D461CB9F7F7DB
:108B200087FB00BFFEE71DB9F7F782FB00BFFEE73A
:108B3000FFF757F92868401C08B900261FE0404994
:108B400020680968884206D02D4960680968884213
:108B500001D8012613E02A4960680968081A2968C3
:108B600088420BD22868264A61681268511A401A56
:108B700028602046FFF7C1FF002600E00126FFF72E
:108B800039F9304670BD01202E4908607047014612
:108B900011B10A46506C00E00020704708B102464F
:108BA000516470472249086870471449096809B937
:108BB000002005E01F49096809B9012000E00220F2
:108BC000704770B505462C464DB11949E06A0968F1
:108BD000C96A884265D216480068C06A34E060E01D
:108BE000502F0020E0030020DC030020B02E0020E6
:108BF00049444C450000000039880008F00300207B
:108C0000E4030020257309092563092575092575E5
:108C10000925750D0A000000782F00200D0A0000BC
:108C2000E8030020D4030020D8030020642F002094
:108C3000D0030020F4030020EC0300203C2F002090
:108C400000040020FC030020C0F10500A061E16ADF
:108C500001EB8101254A02EB81016069884201D163
:108C6000012000E00020C0B1201DFEF7A9FA204835
:108C70000068C06AE0621F49E06A0968884202D958
:108C80001C49E06A0860E16A01EB8101174A02EBC6
:108C90008100211DFEF76CFA03E015480068C06AE8
:108CA000E06270BD70B505462C46EDB1A16CE06A7E
:108CB000884219D0201DFEF783FAA06CE062E06ABA
:108CC000C0F10500A0610B49E06A0968884202D939
:108CD0000849E06A0860E16A01EB8101034A02EB9E
:108CE0008100211DFEF744FA70BD0000B02E002067
:108CF000D0030020EC03002040EA01039B0703D0CF
:108D000009E008C9121F08C0042AFAD203E011F8CA
:108D1000013B00F8013B521EF9D27047D2B201E08C
:108D200000F8012B491EFBD270470022F6E710B570
:108D300013460A4604461946FFF7F0FF204610BDC9
:108D4000421E12F8013F002BFBD111F8013B02F843
:108D5000013B002BF9D1704710B5044604E00B78B5
:108D600000F8013B03B1491C521EF8D2204610BD49
:108D7000421C10F8011B0029FBD1801A704710B566
:108D8000002200E0521C835C8C5CA34201D1002BCA
:108D9000F8D1D8B2E1B2401A10BD2DE9FE4F80469D
:108DA00081EA0300C00F0C46009021F0004123F03F
:108DB0000045B8EB0200A94105D240462146904645
:108DC0001C460B46024623F00040104347D0270DB7
:108DD000C7F30A00C3F30A510290401A01904028D9
:108DE0006BDAC3F3130040F4801B0098924620B165
:108DF0000023D2EB030A63EB0B0B01985946C0F139
:108E00004002504600F0DEF906460D4650465946EF
:108E1000019A00F0F6F910EB08006141002487EA9E
:108E2000115284EAE7731A4340D0009A62B3019A60
:108E3000012A4FEA075215DC001B61EB02014FF0DB
:108E4000004202EA0752CDE90042001C41F58011C0
:108E500032462B4600F02DFA03B0BDE8F08F4046B5
:108E60002146F9E7001B61EB0201001C41F580136C
:108E700000185B412018A2F5001747EB030140EAF8
:108E8000D570B6196D4111E06D084FEA360645EA16
:108E9000C0754FEA0752001B61EB0201001C41F54F
:108EA000801149084FEA30000019514132462B46E3
:108EB00003B0BDE8F04F00F0EDB90098012240008A
:108EC0000023D0EB020263EBE073009821464FEAE7
:108ED000E074B8EB000061EB0401E9E783F00043C4
:108EE0005BE781F0004158E72DE9FE4F81EA03047A
:108EF00004F0004421F0004100944FF0000B23F0F7
:108F0000004350EA01045ED052EA03045BD0C3F38D
:108F10000A54C1F30A552C44A4F2F3340194A0FB83
:108F20000254C1F3130141F48011C3F3130343F45A
:108F3000801301FB024400FB034E840A970A44EAB3
:108F4000815447EA8357A4FB076802958D0A05FB05
:108F500007854FEA932C04FB0C542705029D4FEA2A
:108F6000065847EA1637B5EB08056EEB070C870E77
:108F7000920E47EA811742EA8312A7FB0201B6EB81
:108F80000B0164EB00042B0D43EA0C335E1844EB39
:108F90001C50DA465146E7FB0201C5F313044FEAC1
:108FA0000B3343EA14534FEA0432019C43EA0603AD
:108FB000A4F10C040294009CCDE900B400F079F90E
:108FC00003B0BDE8F08F00200146F9E72DE9F04D30
:108FD00081EA030404F0004B21F0004514464FF0F1
:108FE000000A23F0004150EA050220D054EA0102B1
:108FF0001DD0C5F30A570246C5F31303C1F313008E
:10900000C1F30A5640F4801543F48013A7EB060819
:10901000101BD64608F2FD3873EB050002D308F1A9
:10902000010801E092185B41B8F1000F03DA00205B
:109030000146BDE8F08D00204FF4801106468446BD
:109040000EE0171B73EB050705D3121B63EB05033B
:1090500006434CEA010C49084FEA300092185B4184
:1090600050EA0107EDD152EA030012D082EA04006F
:1090700083EA0501084305D0101BAB4106D201224B
:10908000002306E000224FF0004302E06FF00102EF
:1090900053101AEB06004CEB085110EB0A0041EBA1
:1090A0000B01BDE8F04D00F0F5B80EB5C10F80EA38
:1090B000E0700844CA07002140F233438DE80E00F7
:1090C0000A460B4600F0F5F803B000BD70B5C1F3D9
:1090D0000A5201F000450024C1F3130140F2FF33AE
:1090E00041F480119A4201DA002070BD40F233430E
:1090F0009A42A2F2334203DC524200F072F800E0DE
:1091000090402C43F1D0404270BD00F0004230F05E
:1091100000400AD0C10D01F56071C0F3160042EAAB
:109120000151C208400711437047002001467047B3
:1091300030B5041E71F1000404DB4FF000444042DE
:1091400064EB0101141E73F1000405DB1C464FF0B3
:109150000043524263EB0403994208BF904230BD82
:1091600001F0004330B421F0004150EA010206D082
:109170000A0DA2F56072C1F31301002A02DC30BCB3
:1091800000207047440F44EAC104C100E01830BC1D
:1091900000EBC25000F047B830B50B460146002046
:1091A0002022012409E021FA02F59D4205D303FAA9
:1091B00002F5491B04FA02F52844151EA2F101022A
:1091C000F1DC30BD202A04DB203A00FA02F1002055
:1091D00070479140C2F1200320FA03F319439040F5
:1091E0007047202A04DB203A21FA02F00021704760
:1091F00021FA02F3D040C2F12002914008431946FF
:109200007047202A06DBCB17203A41FA02F043EAE6
:10921000E07306E041FA02F3D040C2F1200291402F
:109220000843194670470029A8BF7047401C4900F1
:1092300008BF20F00100704710B4B0FA80FC00FABB
:109240000CF050EA010404BF10BC704749B1CCF1E6
:10925000200421FA04F411FA0CF118BF0121214372
:109260000843A3EB0C01CB1D4FEA00614FEA10202D
:1092700042BF002010BC704700EBC35010440029CF
:10928000A4BF10BC7047401C490008BF20F001007B
:1092900010BC704710B5141E73F1000408DA401CAE
:1092A00041F1000192185B411A4301D120F0010005
:1092B00010BD2DE9F04D92469B4611B1B1FA81F2F5
:1092C00002E0B0FA80F220329046FFF77BFF0446BE
:1092D0000F4640EA0A0041EA0B0153465A4608434A
:1092E00013D0114653EA010019D0C8F1400250468C
:1092F000FFF777FF05460E46504659464246FFF7B0
:1093000061FF084305D0012004E020463946BDE84E
:10931000F08D0020054346EAE0762C4337430A9857
:109320006305E40AA0EB08000022FD0A44EA475462
:109330000A3002D500200146E9E70105101969410C
:10934000DDE9084500196941BDE8F04DA2E770B5B7
:1093500021F0004303430CD0C1F30A550024D5EBA0
:10936000040564EB0403D617AD1AB34102DB0020F9
:10937000014670BD201841EB025170BD2DE9F04D42
:1093800000231A461B1A8A4103DB00200146BDE870
:10939000F08DC1F30A52C1F3130141F480154FF06F
:1093A000000BD10702D100186D41521E0027044660
:1093B00040F2FF11384601EB620A3E468046024603
:1093C00000204FF48011FFF70CFFC2197141BB1848
:1093D00046EB0100B4EB030C75EB000C04D3E41A6C
:1093E00065EB000517460E46241908F101006D4192
:1093F00080463428E3DDF91946EB0600091BA84135
:1094000003D24FF0FF32134601E0002213461BEB5C
:10941000070046EB0A51BDE8F04DFFF73BBF2DE9D1
:10942000FE4FC3F30A5701F000450024C1F30A566A
:10943000C3F31303C1F3130143F4801312EB020AC5
:10944000A64641F48011009543EB030CA7F1010BF4
:1094500016E0B0EB0A0061EB0C01071E71F100078A
:1094600007DA4FF00008D0EB080085F0004568EB04
:109470000101171A73EB0107EBD3761E001849415F
:109480005E45F6DA50EA010209D0CDE900E5002296
:1094900013460296FFF70DFF03B0BDE8F08F20469C
:1094A0000099F9E700207047064C074D06E0E06898
:1094B00040F0010394E8070098471034AC42F6D31B
:1094C000F6F766FE30BA000850BA000870B58C187E
:1094D00010F8015B15F0070301D110F8013B2A11C8
:1094E00006D110F8012B03E010F8016B01F8016BB5
:1094F0005B1EF9D12B0705D40023521E0DD401F8B1
:10950000013BFAE710F8013BCB1A921C03E013F879
:10951000015B01F8015B521EF9D5A142D8D30020AE
:1095200070BD00000FB41CB50246002007AC002936
:109530000BD0491ECDE90021054B6A46214606980D
:1095400002F036F8009A002111701CBC5DF814FB83
:1095500069B700080FB4084B10B504A902AA039814
:1095600002F026F8044602A9002002F008F920467D
:1095700010BC5DF814FB00007FB7000803B401982D
:109580004100009850EAC12018BF04204A0D18BFBE
:1095900040F0010040F2FF72B2EB515F08BF40F0B3
:1095A0000200012808BF052002B0704741000802F0
:1095B00018BF04200A0E18BF40F001004FF07F4290
:1095C00032EA010108BF40F00200012808BF05206F
:1095D0007047000010EE100A10B510EE901A4FF010
:1095E000684202EB40032DED028BB3F1654F3CBFA7
:1095F00002EB4102B2F1654F7CD200BFC0F3C7530A
:10960000C1F3C7529A1A1B2A09DD10F0004F14BF8C
:109610009FED6E0A9FED6E0ABDEC028B10BD12F13C
:109620001A0F1BDA11F0004F09D010F0004F0CBFD9
:109630009FED680A9FED680ABDEC028B10BD80EEBD
:10964000208A18EE100AFFF7B1FF042808BF01F0C6
:10965000E7FEB0EE480ABDEC028B10BD4200B2EB53
:10966000410F37D910F0004F19BFDFED5C1A9FEDA5
:109670005C1ADFED5C1A9FED5C1AB0EE602A0A46B8
:10968000F1EE400A80F00041B0EE420A10460A1A9C
:109690005200B2F1807F34D2484010F0004FDFED2D
:1096A000532A9FED533A1DBFBEEE002A71EEE21A17
:1096B00031EE431AB6EE002A04BF71EEA21A31EE63
:1096C000031AF0EE402A42EE602A40EE020A82EED1
:1096D000A02A18E011F0004F04BF9FED461AF0EEEB
:1096E000411AD4D010F0004F1CBFDFED431A9FED9C
:1096F000431A00E026E004BFDFED411A9FED411A56
:10970000C5E780EE202A22EE020ADFED3F0ADFEDF8
:109710003F2ABDEC028B40EE202ADFED3D0A40EEF1
:10972000220ADFED3C2A40EE202ADFED3B0A40EE24
:10973000220A22EE000A00EE201A31EE020A30EE72
:10974000210A10BD4FF07F42B2EB400F28BFB2EBB1
:10975000410F05D2BDEC028BBDE8104001F04DBEBB
:1097600040EA01035B0008BF41F0FF410BD0B2EBC0
:10977000400F08BFB2EB410F08D120F0804000EE4F
:10978000100A21F0804100EE901A37E7B2EB400F4B
:1097900012BF5FEA410240F0FF4001F000413FF498
:1097A0002DAF4A0092EA40033FF528AF002AACBF34
:1097B0009FED1A1A9FED1A1A20EE010A60EE810A37
:1097C00010EE100A10EE901A18E70000DB0FC9BF68
:1097D000DB0FC93FDB0F4940DB0F49C00000C9BFA9
:1097E00022AAFDB90000C93F22AAFD390060ED3E62
:1097F000C30ACE3700000000000049C022AA7DBA8B
:109800000000494022AA7D3A2DAD65BD8FB8D53DF7
:109810000FB511BE61C84C3EA8AAAABE0000804F79
:109820000000802F10EE101A08B5444A6846B2EBCB
:10983000410F28D94FF0E640B0EB410F94BF002014
:109840004FF0FF3000900098002861DB60EE000AC6
:1098500010F0010F45D010F0020FDFED391A9FED27
:10986000391A00EEE11ADFED381A40EE811A21EEC6
:10987000A01AF0EE400A40EE010A08BFF1EE600ABD
:10988000B0EE600A08BD314B21F0004293423CD952
:1098900011F0004FDFED2E0A20EE201ADFED2D0A29
:1098A00019BF31EE601A71EE200A31EE201A71EE06
:1098B000600ABDEEE01A11EE100A9FED271A00F0C3
:1098C000030000EEC10A9FED251A009000EEC10AC8
:1098D0009FED231A00EEC10A9FED221A00EEC10A85
:1098E000B1E79FED211A9FED210A10F0020F00EE63
:1098F000810A9FED1F1A00EE801AB7EE000A00EEF3
:10990000810A18BFB1EE400A08BD01F091FD9AE747
:1099100010EE100A4000B0F17F4F3CBFB7EE000AD6
:1099200008BD07D14FF0010001F03CFEBDE8084042
:1099300001F066BDBDE8084001F05CBDB61F927E37
:10994000336D4C39DA82083CA0AA2ABE490E49463A
:1099500083F9223F0000004B0000C93F00A0FD3901
:109960000020A2331A61342CB93AB2BACA9F2A3DF8
:10997000DDFFFFBE10B510EE104A4FF019406849E8
:10998000002200EB44002DED028B884257D8DFED1A
:10999000650A14F0004F60EE200A14BFBEEE001AF4
:1099A000B6EE001A71EE200AFDEEE00A10EE900A03
:1099B00000EE900AF8EEE00A9FED5B1A00EEC10A95
:1099C0009FED5A1A00EEC10ADFED590A9FED591AB0
:1099D00000EE201ADFED580A40EE010A9FED571AFB
:1099E000574B00F0030100EE201A21EE000A7B44E1
:1099F00003EB8103D3ED000A524B7B4403EB81035D
:109A000093ED001A504B41EE000A7B4403EB8101B9
:109A1000801091ED000A70EE800AEABB00EE100A99
:109A2000B8EEC01ADFED491A9FED490ABDEC028B72
:109A300001EE210ABCEEC00A20EE200A10BD4FF054
:109A4000FF40A0431BD04FF0CE40B0EB440F82BF8D
:109A5000B7EE000ABDEC028B10BD3E48B0EB440FE0
:109A600028BF012293D2022001F09CFD14F0004F88
:109A700015D0BDEC028BBDE8104001F0D1BC14F54F
:109A8000000F02BF9FED340ABDEC028B10BDBDEC90
:109A9000028BBDE8104000E007E001F0ABBCBDEC7C
:109AA000028BBDE8104001F0B3BC00EBD07359103D
:109AB0004FF07E5202EBC15100EE101AA0EB630092
:109AC00002EBC05060EE200A00EE100A20EE208A61
:109AD00018EE100A88B118EE100AB0F1FF4F15D039
:109AE00018EE100AFFF762FD042808BF01F098FC89
:109AF000B0EE480ABDEC028B10BD022001F052FD11
:109B0000BDEC028BBDE8104001F08ABC022001F0E0
:109B100049FDBDEC028BBDE8104001F079BC0000AE
:109B20000000501E3BAAB8400070313EF4FD0537DE
:109B300012BB2A3D12BB2A3EFFFFFF3EFFFF7F3FC5
:109B4000F61F0000FA1F0000CA1F00000000004BB3
:109B500000007E4E0000A0850000000010B52DED35
:109B6000040B86B09DED060B10EE100A10EE901A55
:109B70008DED000B002818BF0120084320F00040A5
:109B8000C0F17F6000F1E040C00F21D19DED080BD6
:109B900010EE101A10EE900A8DED000B002918BF80
:109BA0000121084320F00040C0F17F6000F1E04057
:109BB000C00F0DD129490798B1EB400F04BF06989B
:109BC000002842D00998400004BF089800283CD0E3
:109BD0009DED080B53EC102B9DED060B51EC100B7B
:109BE000FFF71DFCCDE902019DED020B40F2FF7174
:109BF00010EE900A8DED000B31EA105021D007983D
:109C0000039900F0004001F00041884219D09DED19
:109C1000080B8DED040B9DED020B8DED000B10EE8E
:109C2000900A059961F31E0005909DED041B9DEDC2
:109C3000020B51EC110B53EC102BFFF752F9CDE94D
:109C400002019DED020B0AB010BD012001F0AAFC3B
:109C50000AB0BDE8104001F093BB00000000E0FF37
:109C60002DE9F04D2DED040B2DED0E8B96B0DDE9B9
:109C70002550279CDDF890A025F0004624F00048F0
:109C8000BAF1000F14BF0121002101EB4502FC498C
:109C900053184A1093422AD3002814BF01230023EB
:109CA00003EB44030B44F7498B4220D358EA0001ED
:109CB0009FEDF59B76D0DFF8D8B35D4503D1BAF1BF
:109CC000000F05D188E0BAF1000F08BF002100D0D5
:109CD000012101EB450111F5001F08D8002814BF30
:109CE0000121002101EB440111F5001F0BD99DED6D
:109CF000261B9DED240B16B0BDEC0E8B04B0BDE809
:109D0000F04D01F031BB0027002DBCBFE149884573
:109D100021DAE1498845A8BF02271CDAC3451ADCCD
:109D2000DE4901EB2851142908DDC1F1340220FA83
:109D300002F101FA02F282420DD108E058B9C1F1F4
:109D4000140228FA02F101FA02F2424503D101F0AD
:109D50000101C1F1020756EA0A0124D1002C22DADE
:109D6000002D18BF022F01D0012F0AD0022001F0D0
:109D700019FC16B0BDEC0E8B04B0BDE8F04D01F03F
:109D8000DBBA022001F00EFC01F0D6FA51EC100B08
:109D900081F0004141EC100B16B0BDEC0E8B04B00D
:109DA000BDE8F08D18E09FEDBEAB9FEDBF8B0028A6
:109DB00071D1B848804522D105F1804010F580105E
:109DC00008BFBAF1000F07D0B3450ADC002CA8BFCA
:109DD0009DED260BE0DA0DE0B0EE490AF0EE690ADF
:109DE000DAE7002C06DA9DED260B51EC100B81F022
:109DF00000416FE0AE48784490ED000BCCE7D845C9
:109E00004DD1002C48DA2EB186423AD1BAF1000F7A
:109E100042D126E0BAF1000F13D0022001F0C2FBBC
:109E200001F0BEFA8DED020B9DED240B8DED000BC4
:109E300010EE900A039961F31E0003909DED020B52
:109E4000AAE78DED02AB9DED240B1AEE901A10EEF1
:109E5000900A8DED000B61F31E0003909DED020B47
:109E60009AE78DED028B9DED240B18EE901A10EE03
:109E7000900A8DED000B61F31E0003909DED020B27
:109E80008AE709DA9DED240B51EC190B53EC102BEA
:109E9000FFF79CF81EE020E09DED240B7CE7864256
:109EA0001BDAB4F1804F0DD0A4F10050B0F1FF5097
:109EB00013D1002D11DB9DED240B51EC100B01F0A3
:109EC0006FFC07E09DED240B53EC102B51EC100BB5
:109ED00000F0C2BC41EC100B5EE79DED240B51EC91
:109EE000100B01F051FCBAF1000FCDE90E0142D187
:109EF0009FED710B46B3A6F1E040B0F17F600CD04E
:109F00005E4538D1002D00DAA7B3022F0CBF012027
:109F10004FF0FF30FFF7C9F8DCE7002D01DD002C22
:109F20000DDA002D01DD002C1FDB002D16DA002CD0
:109F300014DB012F08BF9FED620B3FF42DAFB0EE95
:109F40004A0AF0EE6A0A27E7022F18BF002D0CD04C
:109F5000012F0AD1002DFFF61FAF06E0002DB8BF7C
:109F6000002C08DA012F3FF417AFB0EE480AF0EEEC
:109F7000680A11E71BE0012000EBE57050EA0701D9
:109F800015D0791EB0EE498AF0EE698A084308BF01
:109F90009FED4D8B4E480025804570DD4D494E4864
:109FA000884514DDB0420DDB002C19DB2FE00120C9
:109FB00001F0F8FA16B0BDEC0E8B04B0BDE8F04D20
:109FC00001F0DEB9B34502DC002C09DC1FE086425B
:109FD00002DA002C1BDA03E05E452BDD002C16DDD7
:109FE000022001F0DFFA01F0DBF98DED020B53ECFA
:109FF0001A2B51EC180BFEF777FFCDE900010399FE
:10A00000019861F31E0003909DED020BC4E602204F
:10A0100001F0C8FA01F0D4F910EE901A18EE900A87
:10A020008DED020B8DED008B61F31E0003909DED15
:10A03000020BB1E69DED0E0B53EC192B51EC100BFE
:10A04000FEF74CFF9FED260BCDE9080153EC102BDA
:10A050009DED080B51EC100BFEF746FF9FED221B08
:10A0600053EC112BFEF73DFF9DED081B53EC112B1C
:10A07000FEF73AFF9FED1E1B53EC112B3CE08CE0EA
:10A08000FFFF1F00FFFF0F00000000000000F03F77
:10A090000000F03F0000F07F0000404301FCFFFFA4
:10A0A000000000000000F07F000000000000000041
:10A0B0000E1C0000000000000000000000000080F6
:10A0C000000000000000F0FF000000000000F0BFF2
:10A0D0000000E0410000F043FFFFEF3F0000000000
:10A0E000000000000000D03F555555555555D53F4F
:10A0F000000000000000E03FFEF7F3FE9DED080BBE
:10A1000041EC1A0B53EC102B51EC100BFEF7ECFE4C
:10A1100053EC1A2BFEF7E8FE41EC1A0B9FEDFE0BF9
:10A1200053EC102B9DED080B51EC100BFEF7DCFEF1
:10A1300041EC1B0B9FEDFA0B51EC1A0B53EC102B5F
:10A14000FEF7D2FE41EC1A0B9FEDF70B53EC102BF0
:10A150009DED080B51EC100BFEF7C6FE53EC1A2BCD
:10A16000FEF7BCFE41EC1A0B51EC1B0B53EC1A2B07
:10A17000FEF713FE0690CDE906519DED060B53EC5C
:10A180001B2B51EC100BFEF7A9FE53EC1A2BFEF71C
:10A19000A8FE41EC100B00F0A1B90020B6F5801F1D
:10A1A0000EDA9FEDE30B53EC102B9DED0E0B51ECF3
:10A1B000100BFEF799FECDE90E016FF034000E464C
:10A1C00000EB2650A0F2FF37C6F31300DA4940F047
:10A1D0007F6646F040568842D8BF002408DDD74944
:10A1E0008142C8BF012403DC0024A6F580167F1C31
:10A1F000D348784400EBC4000F9690ED00CB9DED62
:10A200000E0B53EC1C2B51EC100BFEF767FE9DED73
:10A210000E0B41EC1B0B53EC1C2B51EC100BFEF7FF
:10A22000BCFD41EC100B51EC190B53EC102BFEF75D
:10A23000CDFE41EC1D0B51EC1B0B53EC1D2BFEF71F
:10A2400053FE41EC1A0BBF488DED10AB78441095CE
:10A2500090ED000B4FF0005040EA660000EB8440A8
:10A260008DED080B00F5002009909DED080B53ECD7
:10A270001C2B51EC100BFEF731FE9DED0E1B53EC29
:10A28000112BFEF72EFE41EC100B53EC102B9DED25
:10A29000100B51EC100BFEF727FE9DED080B41EC67
:10A2A0001C0B53EC102B9DED100B51EC100BFEF71B
:10A2B0001BFE53EC1B2BFEF714FE53EC1C2BFEF77E
:10A2C0000DFE53EC1D2BFEF70FFE41EC1C0B53EC67
:10A2D0001A2B51EC1A0BFEF707FE41EC1B0B9A48A8
:10A2E0000621B0EE4B0AF0EE6B0A784400F0A6FFB0
:10A2F000B0EE401AF0EE601AB0EE41DAF0EE61DA3C
:10A3000053EC1B2B51EC1B0BFEF7EEFD53EC1D2BFE
:10A31000FEF7EAFD9DED100B41EC1B0B53EC1A2BE5
:10A3200051EC100BFEF739FD53EC1C2BFEF7DCFD56
:10A3300053EC1B2BFEF731FD9DED100B41EC1B0B7D
:10A3400053EC102B51EC100BFEF7CEFD41EC1D0B26
:10A350009FED7FEB53EC1E2BFEF71FFD53EC1B2BE9
:10A36000FEF71BFD0890CDE908519DED080B53EC5D
:10A370001E2B51EC100BFEF7B1FD53EC1D2BFEF71D
:10A38000ADFD53EC1B2BFEF7ACFD9DED080B41EC36
:10A390001D0B53EC102B9DED100B51EC100BFEF729
:10A3A000A3FD41EC1B0B53EC1A2B51EC1D0BFEF7DC
:10A3B0009BFD9DED080B41EC1A0B53EC102B51EC5F
:10A3C0001C0BFEF791FD53EC1A2BFEF7E6FC41EC5B
:10A3D0001A0B51EC1B0B53EC1A2BFEF7DEFC0C9006
:10A3E000CDE90C519DED0C0B53EC1B2B51EC100BDC
:10A3F000FEF774FD53EC1A2BFEF773FD41EC1B0BBB
:10A400009FED550B53EC102B9DED0C0B51EC100BED
:10A41000FEF76AFD41EC1A0B9FED510B51EC1B0B43
:10A4200053EC102BFEF760FD41EC1B0B9FED4E0B28
:10A4300053EC102B9DED0C0B51EC100BFEF754FD63
:10A4400053EC1B2BFEF7A9FC41EC100B4848784459
:10A4500000EBC40090ED001B51EC100B53EC112BE2
:10A46000FEF79BFC41EC1B0B3846FEF71EFECDE9C8
:10A47000080153EC1B2B51EC1A0BFEF78EFC41EC40
:10A48000100B3C48784400EBC40090ED00CB51EC3D
:10A49000100B53EC1C2BFEF780FC9DED081B53ECBE
:10A4A000112BFEF77AFC0690CDE906519DED080BC5
:10A4B00053EC102B9DED060B51EC100BFEF70EFD2F
:10A4C00053EC1C2BFEF70AFD53EC1A2BFEF706FD8E
:10A4D00053EC1B2BFEF705FD41EC100B9DED261BED
:10A4E00053EC102B8DED001B00959DED260B51ECD0
:10A4F000100BFEF7F9FC9DED000B41EC1A0B53EC31
:10A50000102B9DED260B51EC100BFEF7E7FC9DED9B
:10A51000061B53EC112B2FE0000000604715F73F9E
:10A52000FE822B654715F73F44DF5DF80BAE543EC6
:10A5300000000000000040438E9803007AB60B0034
:10A540001A160000B81700005215000000000000A5
:10A550000000000000000840000000E009C7EE3FD6
:10A56000FD033ADC09C7EE3FF5015B14E02F3EBE68
:10A57000DE13000098130000FEF7B6FC53EC1A2B14
:10A58000FEF70BFC9DED060B41EC1A0B53EC102B68
:10A590009DED000B51EC100BFEF7A6FCCDE90C0174
:10A5A0009DED0C0B51EC1A0B53EC102BFEF7F5FB49
:10A5B000CDE902010C46AA498C422FDB611A0843FF
:10A5C00018D19DED0C0B53EC102B9DED020B51ECB3
:10A5D000100BFEF783FC41EC1B0B9FEDA30B51EC22
:10A5E0001A0B53EC102BFEF7D8FB53EC1B2BFEF78A
:10A5F0009FFD2DD2022000F0D5FF00F0D1FE10EE1D
:10A60000901A18EE900A8DED020B8DED008B61F320
:10A610001E0003909DED020BFFF7BEBB944A24F091
:10A620000041914214D39349214408437FF4EFAC95
:10A630009DED0C0B53EC102B9DED020B51EC100B10
:10A64000FEF74CFC53EC1A2BFEF772FD7FF6DFACE5
:10A6500024F000408849894A002601EB20518242BB
:10A660002BDA481C4FF4801121FA00F02044844A70
:10A67000C0F30A517A44A1F2FF3192ED000B814AF6
:10A680008DED080BCA4020EA0202C0F3130040F42B
:10A690008010C1F1140120FA01F60992002CB8BF14
:10A6A00076429DED080B53EC102B9DED0C0B51ECFD
:10A6B000100BFEF713FCCDE90C019DED0C0B51ECDA
:10A6C0001A0B53EC102BFEF768FB9FED6F0B0890F5
:10A6D000CDE9085153EC102B9DED080B51EC100BFC
:10A6E000FEF702FC41EC1B0B9FED690B53EC102BAA
:10A6F0009DED080B51EC100BFEF7F6FB9DED0C0BDE
:10A7000041EC1C0B53EC102B9DED080B51EC100B86
:10A71000FEF7E4FB53EC1A2BFEF7E3FB9FED5E1B09
:10A7200053EC112BFEF7E0FB53EC1C2BFEF735FB33
:10A7300041EC1A0B51EC1B0B53EC1A2BFEF72DFBC3
:10A74000CDE902019DED020B53EC1B2B51EC100BDC
:10A75000FEF7C4FB53EC1A2BFEF7C3FB9DED020B77
:10A7600041EC1A0B53EC102B51EC100BFEF7BCFB19
:10A77000CDE908014A489DED080B0521784400F019
:10A780005DFD9DED081B51EC100B53EC112BFEF7FA
:10A79000ABFB9DED021B53EC112BFEF7A2FBCDE9A9
:10A7A00006019DED020B53EC1A2B51EC100BFEF73A
:10A7B0009BFB53EC1A2BFEF7F0FA9FED3B0B41ECA1
:10A7C0001A0B53EC102B9DED060B51EC100BFEF702
:10A7D00085FB9DED060B41EC1B0B53EC102B9DED07
:10A7E000020B51EC100BFEF77FFB53EC1B2BFEF71B
:10A7F000EDFB53EC1A2BFEF771FB9DED021B53ECA6
:10A80000112BFEF76BFB53EC192BFEF76AFBCDE91E
:10A81000020101EB065001150029C8BF039015DCA9
:10A820009DED020B324651EC100BFEF790FDFEF74A
:10A83000A5FE042808BF00F0C3FD32469DED020BC3
:10A8400051EC100BFEF783FDCDE902019DED020BEB
:10A8500051EC180B53EC102BFEF746FBFFF73ABBFD
:10A860000000904000000000FE822B654715973CD9
:10A8700000CC904000346F3F01FCFFFF0000E03F40
:10A8800090130000FFFF0F0000000000432EE63F82
:10A89000396CA80C615C20BEEF39FAFE422EE63F0F
:10A8A000F010000000000000000000000000004068
:10A8B00010B510EE100A2DED068BB7EE001A10EE53
:10A8C000901AB0EE418A0022A0F5000CDFEDFE9A4E
:10A8D0004FF00073BCF1FE4F4FF07F4403EB410C8F
:10A8E00080F0B481BCF1804FC0F02082F749014470
:10A8F0009FEDF73AB1F5005F40F2D48200F5802178
:10A90000CB0C03F00F0101EE901AC3F307137F3B4A
:10A91000A0EBC350B8EEE12A00EE100A1A44DFEDB6
:10A92000ED2AF0EE411A42EE221AF0EE613A70EE94
:10A93000232A30EE632A12EE900A00F500606FF3CE
:10A940000B0001EE900A73EEE13A33EE804AC1EE5D
:10A95000223A22EE230A10EE100A00F500606FF38F
:10A960000B0000EE100A00EE612A00EE442A62EEAF
:10A97000232A70EE221A21EEA12ADFEDD73A02EE49
:10A98000233A23EE023A20EE012A22EE811A03EE48
:10A99000211A32EE010A10EE100A00F500606FF382
:10A9A0000B0000EE100A72EE401A31EE812A9FED84
:10A9B000CB1A60EE011A9FEDCA1A20EE011A9FED24
:10A9C000C90A02EE001A31EE810A10EE100A00F5F3
:10A9D00000606FF30B0000EE100AC34871EEC01A5E
:10A9E00031EE812A784400EBC10090ED003AD0EDC1
:10A9F000011A100101EE100AF8EEC12A32EE211AF6
:10AA000031EE001A31EE031A31EE221A11EE100A5D
:10AA100000F500606FF30B0009EE100A39EE621AC0
:10AA200031EE431A31EE400A30EE610A32EE40AAAE
:10AA300010EE900A002100F500606FF30B0008EEA5
:10AA4000900A084670EEE8AAFEF72CFD29EE280AC7
:10AA500000F00C01F0EEC00A10EE900AB0F18B4F3E
:10AA60000DDD10EE900AB4EB400F08D310EE100A83
:10AA70004FF08B4262F31E0008EE900A13E069EE7D
:10AA80002A0A38EEAA1A4AEE010A30EE201A11EE0E
:10AA9000100A00F500606FF30B0008EE900A30EE2C
:10AAA000680A70EE209A0C20FEF7FCFC38EEA90A2A
:10AAB000B5EEC00AF1EE10FA34BFFEEE000AF6EE73
:10AAC000000A30EE800ABDEEC00A10EE100A011135
:10AAD00000EE101AF8EEC00A00EE100AB8EEC00A36
:10AAE00038EEC00A30EE290ADFED801A9FED801A99
:10AAF00000EE211ADFED7F1A7F4900F00F0040EED3
:10AB0000011A21EE800A794401EB800191ED001ACF
:10AB10007A49794401EB8001D1ED001A784901EEC0
:10AB2000801A794401EB8000764990ED000A31EEFD
:10AB3000001AB0EEE00A10EE100A884215DA10EEA4
:10AB4000100AB4EB400F10D39FED6F0A30EE800A6D
:10AB5000DFED6E0A20EE200A68EE010ABDEC068BDE
:10AB6000BCEEC00A20EE200A10BD10EE100A6849A3
:10AB7000884243DA10EE100AB4EB400F3ED3BDEE2C
:10AB8000E00A68EE010A10EE100A00EBD0725110D4
:10AB9000C90501F17E5100EE101AA0EB6200C0055C
:10ABA00060EE200A00F17E5000EE100A60EE808A0E
:10ABB00018EE900AB4EB400F0FD1022000F0F2FC27
:10ABC00000F026FC10EE101A18EE100ABDEC068BF1
:10ABD00061F31E0000EE100A10BD18EE900A40004E
:10ABE00011D018EE900AFEF7E1FC042808BF00F02F
:10ABF00017FCB0EE680ABDEC068B10BDF5EEC00A7E
:10AC0000F1EE10FA0FD2022000F0CCFC00F008FCAC
:10AC100010EE101A18EE100ABDEC068B61F31E0040
:10AC200000EE100A10BD022000F0BCFC00F0F0FBAA
:10AC300010EE101AB0EE480A10EE100ABDEC068BAA
:10AC400061F31E0000EE100A10BD00BFBCF1804F82
:10AC50006CD300BF00F1FF43B3F1FE4F24D200BF1D
:10AC6000B0EEC00A10EE100AC1F3C7537F2B0DDB04
:10AC7000972BBFF63BAEC3F196034FF0010C0CFAD5
:10AC800003F3A3F1010C1CEA010F08D0012000F02E
:10AC900089FCBDEC068BBDE8104000F0B1BB0B4257
:10ACA00018BFBFEE008A21E643001CBF4FF080733F
:10ACB000B3EB400F34D96FF01A02DFED161A20EE15
:10ACC000210A10EE100A27E000000000001080C0EA
:10ACD000ABAAAA3E0000803D7EE24C3E00B0384266
:10ACE000D49AB8BB3BAA3842B00E0000FC59633777
:10ACF000C9FF753A1872313D4E0E0000820E0000F9
:10AD0000F20D00000000FC420000FE420000004B7B
:10AD1000000040430000004D10F0004FA0D1E5E5D9
:10AD2000A0F50003B3F1FE4F21D2DFE503EB4103B1
:10AD3000B3F1007F11D3F5EEC00AF1EE10FA05D1A0
:10AD4000430018BFB4EB400F76D883E701F0004111
:10AD500041F0FC5100EE901A7CE7B3F1807F06D2FF
:10AD600010EE903AA3F5000300EE903A72E720F05F
:10AD700000426FF0FF4C604C02EB0C03A34210D377
:10AD800021F000439C44A4450BD3B0F17E5F18BF73
:10AD90005FEA410C50D0B2F1FF4F98BFB3F1FF4FC3
:10ADA00005D9BDEC068BBDE8104000F026BBB0F124
:10ADB000FF4F0FD0C1F3C7527F2A09DB972A11DA60
:10ADC000C2F19602012303FA02F2531E0B4205D090
:10ADD000002208E011F0004F55D128E00A4218BFC8
:10ADE000012200D1022210F5000F13D028B3B0F1D8
:10ADF000004F26D010F1814F4FD04FF0FE42B2EB02
:10AE0000400F94BF01200020012202EBE171884233
:10AE100039D10CE011F0004F02D0012A38D032E0D5
:10AE2000012A02BF9FED350ABDEC068B10BD9FEDD8
:10AE3000340ABDEC068B10BD2FE011F0004F0CD191
:10AE400021E0B1F1FF4F1ED011F5000F05D011F038
:10AE5000004F15D00AB1012A08D0022000F0A2FB51
:10AE6000BDEC068BBDE8104000F0BABA022000F03D
:10AE700099FB00F0B5FABDEC068BB1EE400A10BDAF
:10AE80000AB1012A04D0B0EE690ABDEC068B10BDF0
:10AE9000BDEC068B9FED1B0A10BDBDEC068BB7EE1B
:10AEA000000A10BD30EE410AB5EE001A9FED172AD8
:10AEB00000EE413AB6EE001A60EE001A00EE431AB8
:10AEC00061EEC11A9FED101A20EE011A20EE020A5F
:10AED0009FED0F2A01EE820A71EE001A11EE900A20
:10AEE00000F500606FF30B0009EE100A31EE491A0D
:10AEF00031EE00AA9CE50000FFFF3F00000080FF4C
:10AF00000000807F0000008000B0B841D49A38BBB8
:10AF10003BAAB84100B510EE101A2DED028B81B09E
:10AF2000524A6846B2EB410F2ED94FF0E640B0EBE3
:10AF3000410F94BF00204FF0FF3000900098B0EE1A
:10AF4000408A00286ADB10F0010F4BD068EE080A37
:10AF50009FED471A9FED470A00EE810A9FED461AC2
:10AF600010F0020F00EE801AB7EE000A00EE810A20
:10AF700002BF01B0BDEC028B00BD00BF01B0B1EE5D
:10AF8000400ABDEC028B00BD3C4B21F000429342D5
:10AF900041D911F0004FDFED3A0A20EE201ADFED23
:10AFA000390A19BF31EE601A71EE200A31EE201A0B
:10AFB00071EE600ABDEEE01A11EE100A9FED321A32
:10AFC00000F0030000EEC10A9FED301A009000EE81
:10AFD000C10A9FED2F1A00EEC10A9FED2E1A00EE56
:10AFE000C10AABE728EE080A9FED2B1ADFED2B0A0A
:10AFF00010F0020F40EE410A9FED291A00EE201AD0
:10B0000061EE000AB0EE480A08EE200AB6D101B09F
:10B01000BDEC028B00BD00F00BFA8FE718EE100AB2
:10B020004000B0F17F4F0DD218EE100AFEF7BEFAC5
:10B03000042808BF00F0F4F9B0EE480A01B0BDECF6
:10B04000028B00BD09D1012000F0ACFA01B0BDECCB
:10B05000028B5DF804EB00F0D3B901B0B0EE480A02
:10B06000BDEC028B5DF804EB00F0C4B9B61F927E14
:10B07000B93AB2BACA9F2A3DDDFFFFBE490E494622
:10B0800083F9223F0000004B0000C93F00A0FD39BA
:10B090000020A2331A61342C336D4C39DA82083C1B
:10B0A000A0AA2ABE00B52DED048BB0EE409AF0EEBA
:10B0B000609A83B051EC190BFEF760F941EC180B64
:10B0C00018EE100A18EE901A8DED008B002818BFAC
:10B0D0000120084320F00040C0F17F6000F1E04013
:10B0E000C00F14D019EE101A19EE900A8DED009BC6
:10B0F000002918BF0121084320F00040C0F17F6003
:10B1000000F1E040C00F04BF012000F04BFAB0EEA8
:10B11000480A03B0F0EE680ABDEC048B00BD10B520
:10B120002DED028BB1EEC08A18EE100A20F000401F
:10B13000C0F1FF40C00F0AD010EE100A20F000400E
:10B14000C0F1FF40C00F04BF012000F02BFAB0EEA9
:10B15000480ABDEC028B10BD10B510EE104A2DED63
:10B16000028B4FF07F40B0EEC08AB0EB440F55D356
:10B1700018EE101A2C4A914220DD18EE101AB0EB8E
:10B18000410F1BD318EE101A284AF7EE008A91429D
:10B1900007DD18EE101AB0EB410F28BFB0EE680AB9
:10B1A00035D238EE080AFEF7E5FB70EE280AB0EE5D
:10B1B000001A81EE200A38EEC00A28E018EE101AB4
:10B1C000B1F1665F0FDA18EE101AB0EB410F0AD337
:10B1D00018EE100AFEF7EAF9042808BF00F020F97B
:10B1E000B0EE480A13E028EE080ADFED110ADFEDA1
:10B1F000111A9FED111A40EE210A60EE800A30EE1E
:10B20000010A80EE801AB0EE480A08EE010A002C0E
:10B21000B8BFB1EE400ABDEC028B10BDBDEC028B95
:10B22000BDE8104000F0E6B8549F0C3FB32C10412D
:10B23000C6E252BFB2117BBB1A2A1E4070B504464B
:10B240002DED028B4D1E00EBC500B0EE408AF0EEF6
:10B25000608A90ED000B35F0060017D053EC182BE8
:10B2600051EC100BFDF740FE41EC100B6D1E04EB92
:10B27000C50090ED001B51EC100B53EC112BFDF7AA
:10B280008CFD41EC100B35F00600E7D1022D36D0D5
:10B29000042D1CD0062D1CBFBDEC028B70BD53ECE1
:10B2A000182B51EC100BFDF71FFE94ED0A1B53EC0D
:10B2B000112BFDF772FD53EC182BFDF715FE94EDE5
:10B2C000081B53EC112BFDF768FD41EC100B53EC00
:10B2D000182B51EC100BFDF707FE94ED061B53ECF9
:10B2E000112BFDF75AFD53EC182BFDF7FDFD94EDE6
:10B2F000040B53EC102BFDF750FD41EC100B53ECFD
:10B30000182B51EC100BFDF7EFFD94ED021B53ECE5
:10B31000112BFDF742FD53EC182BFDF7E5FD94EDE5
:10B32000001B53EC112BFDF738FDBDEC028B41ECFB
:10B33000100B70BD000000009FED070B10B553EC23
:10B34000102B9FED070B51EC100BFDF73FFE41EC6E
:10B35000100B10BD00000000000000000000000005
:10B36000000000000000F03F10B553EC112B51EC31
:10B37000100BFDF712FD41EC100B10BD000000009A
:10B380009FED050B10B553EC102B51EC100BFDF796
:10B390001DFE41EC100B10BD00000000000000007D
:10B3A0009FED050B10B553EC102B51EC100BFDF776
:10B3B0009BFD41EC100B10BD000000000000007070
:10B3C0009FED050B10B553EC102B51EC100BFDF756
:10B3D0008BFD41EC100B10BD0000000000000010C0
:10B3E000DFED030AB7EE001A81EE200A7047000075
:10B3F0000000000030EE000A704730EE200A70476F
:10B40000DFED020A80EEA00A704700000000000095
:10B410009FED020A20EE000A704700000000007055
:10B420009FED020A20EE000A7047000000000010A5
:10B430002DE9F0014FF07F42B2EB410F9FBF4FF07B
:10B44000FF310160BDE8F00170474FF0004242EA71
:10B450000123C1F3C752783A551112F01F0C434C27
:10B46000CCF120067C44C1F3C752A2F178024FEA26
:10B47000621204EB820254F8254008BFD2E901565B
:10B4800012D0556804FA0CF425FA06F73C43976885
:10B4900005FA0CF527FA06F8D26807FA0CFCF24018
:10B4A00045EA08054CEA0206A4FB034CA5FB03523F
:10B4B000A6FB03631D449D4234BF012600261319D9
:10B4C000334416B1934202D903E0934201D20122E0
:10B4D00000E00022624402F1200C9206DC0C42EAF9
:10B4E000443200EE102A5B03DFED210AF8EEC01AA9
:10B4F00000EE103A4FEA9C1C11F0004FB8EE400AE3
:10B50000C0F800C020EE201A00EE105ADFED190A34
:10B51000B8EE400A20EE200A71EE810A70EE800A31
:10B5200010EE902A02F500626FF30B0200EE902AF3
:10B5300070EEE11A31EEC11ADFED101A30EE411A49
:10B540009FED0D0A20EE800A01EE210A9FED0C1AF4
:10B5500000EE810A04BFBDE8F0017047CCF18051D4
:10B560000160BDE8F001B1EE400A7047A805000097
:10B57000000000360000802C22AAFD29DB0FC92F15
:10B580000000C92F02E008C8121F08C1002AFAD122
:10B5900070477047002001E001C1121F002AFBD153
:10B5A0007047000001490860704700000C0400204B
:10B5B0002DE9FF4F8BB09A460F460546002606E060
:10B5C00025280BD052460D9990476D1C761C287883
:10B5D0000028F5D10FB03046BDE8F08F0024A0461A
:10B5E0000122604900E0044315F8013F203B02FAC4
:10B5F00003F00842F7D128782E2817D115F8010F4B
:10B6000044F004042A280ED06FF02F022878A0F10D
:10B61000300109290AD808EB880102EB410100EB4F
:10B6200001086D1CF2E757F8048B6D1C2878692817
:10B630003ED006DC0028CDD063280BD0642804D18E
:10B6400036E0732810D075284BD052460D9990479C
:10B65000761C85E017F8040B8DF8000000208DF8AB
:10B660000100E946012003E057F8049B4FF0FF304A
:10B6700061074FF0000401D40AE0641C44450DDA70
:10B680008442FADB19F804100029F6D106E0641CA4
:10B690008442FCDB19F804100029F8D1264404E0A8
:10B6A00019F8010B52460D999047641EF8D257E0E5
:10B6B00001CF4FF00A0B002802DA40422D2102E0B0
:10B6C000210504D52B218DF82410012103E0E10789
:10B6D00005D02021F7E70DF1200908910CE00021A9
:10B6E000F9E701CF4FF00A0BF9E75946FDF754FD92
:10B6F00001F1300209F8012D0028F6D1ADEB090067
:10B7000000F1200B600701D44FF00108D84502DD9D
:10B71000A8EB0B0000E000208046002406E009A80A
:10B720005246005D0D999047641C761C089884422F
:10B73000F5DB04E0302052460D999047761CB8F1B5
:10B740000001A8F10108F5DC05E019F8010B5246EB
:10B750000D999047761CBBF10001ABF1010BF4DCB5
:10B760006D1C34E7092801004A68002A06D00A68DF
:10B77000531C0B6010704868401E486070470A6890
:10B78000531C0B601070704782B0CDE9000121F0AE
:10B79000004001909DED000B02B051EC100B704782
:10B7A00000B52DED048B83B041EC190BFDF7E6FDE0
:10B7B00041EC180B18EE100A18EE901A8DED008B64
:10B7C000002818BF0120084320F00040C0F17F602E
:10B7D00000F1E040C00F14D019EE101A19EE900AD3
:10B7E0008DED009B002918BF0121084320F0004087
:10B7F000C0F17F6000F1E040C00F04BF0120FFF7FF
:10B80000D1FE51EC180B03B0BDEC048B00BD000061
:10B81000000000000000F03F000000000000F83FC2
:10B8200000000000000000000000004003B8E23FFC
:10B83000000000000000000006D0CF43EBFD4C3EAE
:10B84000033333333333E33FFFAB6FDBB66DDB3FA3
:10B850004D268F515555D53F01411DA96074D13FEB
:10B8600065DBC9934A86CD3FEF4E454A287ECA3FE5
:10B870003E5555555555C53F93BDBE166CC166BF67
:10B880002CDE25AF6A56113FF16BD2C541BDBBBE60
:10B89000D0A4BE726937663E0000000000000000C0
:10B8A0000000B33FB2BE7D3A00002E40DFCF5138DA
:10B8B00000007E40BF51FABA00E0A44019DAC3BAD2
:10B8C00000E0C840C2ED8AB90040EB40CD1F2CBA61
:10B8D000001006412AFFFABA00C01541DFCFD13768
:10B8E00000D024419A97703A0050334189478E36F0
:10B8F00000404141E75B9D3800B04E41C00A98B915
:10B9000000A05B41558F943A00306841DA92C0BA8A
:10B910000040744162B3C63A0000803F00A0853FFA
:10B9200000908B3F00C0913F0030983F00F09E3F59
:10B9300000F0A53F0050AD3F0000B53F0000BD3F07
:10B940000060C53F0020CE3F0040D73F00C0E03F31
:10B9500000C0EA3F0020F53F000000007D36AC3912
:10B960007D3C3839EBDCF438320A7E39124C26390A
:10B970009B6AED39A4EE83397F661E39F6398A3920
:10B980002B426539A48211395B991F39C3EECD3939
:10B99000DDE7C637A5A22F390000803FC3AA853F47
:10B9A000C2958B3FD3C3913FF037983F32F59E3F0E
:10B9B000D7FEA53F3F58AD3FF304B53FA408BD3FB8
:10B9C0002A67C53F8C24CE3FFD44D73FDFCCE03F04
:10B9D000C7C0EA3F7D25F53F0000803F0030983F1B
:10B9E0000000B53F0040D73F00000000320A7E391A
:10B9F0007F661E395B991F390000803FF037983F02
:10BA0000F304B53FFD44D73F0000000000000000F4
:10BA1000000000006E83F9A22915444ED15727FC7F
:10BA2000C0DD34F5999562DB4190433CAB6351FE38
:10BA300050BA00080000002010040000CC94000858
:10BA400060BB000810040020902F000094B500088F
:10BA5000411BFF01041A02041A03041A04041A0504
:10BA6000041A06041A07041A08041A09041A0A0414
:10BA70001A0B041A0C041A0D04112A0E052A0F05BC
:10BA800072101A8440C1195701A11AFCB41A2CA9CA
:10BA90001A200823F8021A5E0C1A12081AB8081A9B
:10BAA000580832A01A620829CC1ADA081ACB041AEC
:10BAB000D60D1A1C081AB3081A0E041A18045AA430
:10BAC00038C162FA223F1A8004111A400819041A78
:10BAD000A0041AC0041B20410C19041AF0042334DA
:10BAE000421A700434F0429652781A48102BC84219
:10BAF000533264180835FA8E3CC3F5483801127287
:10BB0000054B3075040118A91C027B112D295C8F8F
:10BB10003E0401342342017269231C021A2C108155
:10BB2000323C320A3264F2C82927992B01291A22A1
:10BB3000351A27041AD6040A1181413207023C053E
:10BB40002B7A03B349A46808020304060708090C0A
:10BB5000A910C11AAA010111023E281AFF014100D1
:040000050800018965
:00000001FF
