:020000040800F2
:10000000A03200202D4900084502000847020008E0
:100010004B0200084F0200085302000800000000D5
:100020000000000000000000000000009D0100082A
:100030005702000800000000E101000847790008AD
:100040004749000847490008474900084749000850
:100050004749000847490008474900084749000840
:100060005D040008A10400084749000801030008D6
:10007000E30200083F030008474900087502000832
:10008000474900088102000847490008474900081D
:100090004749000847490008474900084749000800
:1000A000474900087B030008474900084749000802
:1000B000A7030008D5030008010400084749000809
:1000C0004749000847490008474900085904000803
:1000D000474900085D0200084749000847490008F1
:1000E00047490008474900084749000847490008B0
:1000F0004749000847490008474900081B03000812
:1001000047490008474900082D0400085B0400081F
:1001100047490008474900084D03000859030008F3
:10012000474900089B020008B5020008474900083B
:10013000474900084749000847490008474900085F
:10014000474900084749000847490008474900084F
:10015000D5020008474900084749000847490008F8
:10016000474900084749000847490008474900082F
:10017000474900084749000847490008474900081F
:100180004749000847490008DFF80CD008F034FE62
:100190000048004737460008A0320020234B19686A
:1001A0000868B0E8F04F80F309884FF0000080F352
:1001B000118870470000000003480068006880F361
:1001C000088862B600DF00BF08ED00E0DFF80C0031
:1001D000016841F470010160704700BF88ED00E0E4
:1001E000EFF30980114B1A681EF0100F08BF20EDC5
:1001F000108A20E9F04F106008B54FF0140080F32A
:10020000118807F068FF4FF0000080F31188BDE807
:10021000084019680868B0E8F04F1EF0100F08BFDA
:10022000B0EC108A80F30988704700BFD00200202C
:10023000EFF311804FF0140181F31188704780F3C0
:1002400011887047704700BFFEE700BFFEE700BFA0
:10025000FEE700BFFEE770477047704710B540F2F9
:100260002551904806F083FC18B120218D4806F0F6
:1002700075FC10BD10B58C498C4805F0ADFB10BD68
:1002800010B58B498948303005F07CFB20B1884996
:100290008648303005F0A0FB10BD10B58549864872
:1002A00005F070FB28B18349834805F095FB01F008
:1002B0001DFD10BD10B581497F48183005F08CFB3D
:1002C0007F4840787E49097840EA012000B27D49A4
:1002D000088010BD10B57C497748603005F07CFB84
:1002E00010BD10B573497148483805F04BFB30B16B
:1002F00070496E48483805F06FFB00F09FFA10BD5A
:1003000010B572496948603805F03CFB20B16F496F
:100310006648603805F060FB10BD10B56C49634855
:10032000483005F02FFB48B100216048483005F007
:100330007FFA67495D48483005F04EFB10BD10B5A7
:1003400059495A48303805F047FB10BD10B5012116
:10035000604806F069F910BD10B501215E4806F04D
:1003600063F97A204F49888001215C4806F00EFB32
:1003700001215B4806F00AFB10BD10B50121594868
:1003800006F052F95748008800F0100028B156488E
:100390000068401E5449086004E053480068401C4F
:1003A0005149086010BD10B50121880706F03CF9DD
:1003B0004FF08040008800F0100028B14B480068E2
:1003C000401E4A49086004E048480068401C47490C
:1003D000086010BD10B50121454806F025F94448D4
:1003E000008800F0100028B142480068401E4149D2
:1003F000086004E03F480068401C3E49086010BDAA
:1004000010B501213C4806F00FF93B48008800F088
:10041000100028B139480068401E3849086004E0DF
:1004200036480068401C3549086010BD10B50121F0
:10043000334806F0F9F83248008800F0100028B17F
:1004400030480068401E2F49086004E02D480068CD
:10045000401C2C49086010BD7047704710B504203F
:1004600005F052FBD8B12021274804F0D6FB042127
:10047000264804F0ADFB012804D10021164805F000
:1004800053FC09E00421214804F0A2FB20B91248E2
:1004900005F04EFC1E49086004201E49086010BD8E
:1004A0007047000000100140208000207060024072
:1004B0000080202000880010286402400080201066
:1004C000EC04002064000020008800202080001040
:1004D0000080002800100040001400400048004048
:1004E00000140140000001404400002048000020AA
:1004F000000400404C000020000800406000002084
:10050000000C00405000002000000240000C02409F
:1005100040000020143C014070B50446204608F01D
:10052000C3F905462146F74808F0C5F9A0B1952260
:100530002146F44808F0ACF90021F34805F078F9B9
:10054000F048F1490C310860EF48B838C0F8BC50A9
:100550000121ED4805F06CF970BD70B50446002529
:1005600010E0605D68B1615DE84806F03AFA00BFEE
:100570008021E64806F0E5FA0028F9D0681CC5B2EB
:1005800000E070BDEDE770B5044600250FE05CB1FA
:100590002146DE4806F025FA00BF8021DB4806F040
:1005A000D0FA0028F9D000E070BD681CC5B2032D58
:1005B000EDDB00BFF8E713B50C460020FFF7E3FFC3
:1005C000D3A0FFF7CAFF2346D2A29621D24808F053
:1005D00061FCD148FFF7C1FFD0A0FFF7BEFFCDA25D
:1005E0009621CD48009B08F055FCCB48FFF7B5FF9E
:1005F000CCA0FFF7B2FFFF20FFF7C5FFFF20FFF7FA
:10060000C2FFFF20FFF7BFFF1CBD70B505460C46BB
:10061000BFA0FFF7A2FF2246BEA1BF4808F052FCD0
:10062000BD48FFF79AFFBDA0FFF797FF2846FFF7E9
:1006300094FFBCA0FFF791FFFF20FFF7A4FF70BD60
:1006400077B585B00546FF26B4A103C9CDE90301FE
:10065000B4A000680290AEA00068019000240AE0F7
:100660000020B1490855B1490855AB490855A5497D
:100670000855601CC4B21E2CF2DB0A20A649087083
:10068000FF2048708870C870A2A1A848079A08F097
:1006900019FCA64901A808F0EFF801A99E4808F046
:1006A000EBF803A99C4808F0E7F829469A4808F0B7
:1006B000E3F898A19D48069A08F004FC9B499648E7
:1006C00008F0DAF802A9944808F0D6F8FF20964915
:1006D000087048708870904808F0CEF88E48FFF790
:1006E0001BFF08B070BDF7B584B005460E46FF2766
:1006F0008AA103C9CDE902018AA00068019084A003
:1007000000680090002408E00020874908558749C8
:10071000085581490855601CC4B20A2CF4DB0A2034
:100720007D490870FF2048708870C87079A17F48A3
:10073000069A08F0C7FB7D49684608F09DF86946AF
:10074000754808F099F802A9734808F095F8294609
:10075000714808F091F831466F4808F08DF801A90A
:100760006D4808F089F8FF206F490870487088705C
:100770000020C8700871684808F07EF86648FFF7E6
:10078000CBFE07B0F0BD01B58EB069A2322101A841
:100790000E9B08F07FFB01A8FFF7BEFE0FB000BD67
:1007A00073B584B00546FF265CA103C9CDE90201FB
:1007B0005CA00068019056A00068009000240AE048
:1007C00000205949085559490855534908554D497C
:1007D0000855601CC4B21E2CF2DB0A204E4908707A
:1007E000FF2048708870C8704AA15048059A08F0E8
:1007F00069FB4E49684608F03FF86946464808F0EC
:100800003BF802A9444808F037F82946424808F066
:1008100033F84649404808F02FF801A93E4808F04F
:100820002BF8FF2040490870487088703A4808F05B
:1008300023F83948FFF770FE06B070BD1CB53F487D
:1008400000783E49497808443C49897808443B4946
:10085000C97808443949097908443849497908442C
:100860003649897908443549C97908443349097AB0
:100870000844C0B201903148007A00F00F000090A7
:100880009DF800000D2803D000212D4806F07EF8C9
:100890001CBD2A48007A00F00F000D2806D1274819
:1008A000007800F0010008B10D2070470020FCE73F
:1008B0001CB5244805F03CFA2349096840EA014088
:1008C0000A2190FBF1F00090002417E01D4805F08C
:1008D0002FFA1D49096840EA01400A2190FBF1F016
:1008E0000190DDE90021881A002801DB014600E0C3
:1008F0004142052900DA641C01980090022CE5DBD6
:1009000001981CBD46040020B86002400050004021
:100910007400000025640000100300202E74787419
:100920003D22000022000000F6030020CE0300203C
:100930006A302E76616C3D25640000002805002099
:100940000048004000000140440000201CB54FF06A
:10095000804005F0EDF9F849096840EA01400A21B4
:1009600090FBF1F00090002418E04FF0804005F07B
:10097000DFF9F149096840EA01400A2190FBF1F0F2
:100980000190DDE90021881A002801DB014600E022
:100990004142322900DA641C01980090022CE4DB09
:1009A00001984100002901DB08461CBD4842FCE7D4
:1009B0001CB5E24805F0BCF9E149096840EA01408C
:1009C000642190FBF1F00090002417E0DB4805F073
:1009D000AFF9DB49096840EA0140642190FBF1F07E
:1009E0000190DDE90021881A002801DB014600E0C2
:1009F0004142322900DA641C01980090022CE5DBA8
:100A000001981CBD70471CB5CE4805F091F9CE4940
:100A1000096840EA0140642190FBF1F00090002455
:100A200017E0C84805F084F9C749096840EA014061
:100A3000642190FBF1F00190DDE90021881A002883
:100A400001DB014600E04142322900DA641C0198D2
:100A50000090022CE5DB01981CBD01B581B000209F
:100A60000090019800EBC0004000009002E0009868
:100A7000401E009000980028F9D10CBD01B581B04E
:100A80000020009044F2506101984843009002E039
:100A90000098401E009000980028F9D10CBD1CB5AC
:100AA00001211F2004F078FA4FF6FF70009001201A
:100AB0008DF8040000208DF8060001208DF8070055
:100AC00003208DF805006946A04804F01FF84FF692
:100AD000FF70009001208DF8040000208DF80600C2
:100AE00001208DF8070003208DF80500694698481D
:100AF00004F00CF84FF6FF70009001208DF8040010
:100B000000208DF8060001208DF8070003208DF8E5
:100B1000050069468F4803F0F9FF1CBD1CB5012193
:100B20007E2004F039FAC020009000208DF80400E7
:100B300001208DF8070002208DF8050069468648DF
:100B400003F0E4FF0620009000208DF8040001204F
:100B50008DF8070002208DF8050069467B4803F0F8
:100B6000D5FF0420009000208DF8040001208DF8AE
:100B7000070002208DF805006946754803F0C6FF9E
:100B80001CBD1FB54FF4E06003F0E2FE36208DF887
:100B9000000000208DF801008DF8020001208DF882
:100BA0000300684603F0D9FE0121102004F027FA63
:100BB0003220ADF8040040F2E73002900020ADF89A
:100BC0000C00ADF8060001A9644805F064F80121A5
:100BD000624805F029FD01221146604805F0FCFC41
:100BE00000215E4805F0A0F801215C4805F0DCF822
:100BF0001FBD1FB54FF4E06003F0AAFE37208DF84B
:100C0000000000208DF801008DF8020001208DF811
:100C10000300684603F0A1FE0121202004F0EFF953
:100C20003220ADF8040040F2E73002900020ADF829
:100C30000C00ADF8060001A9494805F02CF8012187
:100C4000474805F0F1FC01221146454805F0C4FC77
:100C50000021434805F068F80121414805F0A4F857
:100C60001FBD00B58BB00121022004F0D9F901218C
:100C70000C2004F091F903220621354803F0D1FF3E
:100C800003220721324803F0CCFF03220821304819
:100C900003F0C7FF032209212D4803F0C2FF4FF4E0
:100CA0007070069002208DF81C0003208DF81D0046
:100CB00000208DF81E0001208DF81F0006A9244891
:100CC00003F024FFA420ADF8200040F6B8300990CE
:100CD0004FF48070ADF828000020ADF8220008A97C
:100CE000204804F0D8FF6020ADF804000120ADF8E2
:100CF000060000200390ADF810000121194805F00E
:100D000053F80021174805F00FF801A9154805F020
:100D100057F801A9134805F08CF801A9114805F00E
:100D2000D5F801A90F4805F037F901210D4805F064
:100D30002CFC0BB000BD0000480000200008004063
:100D400060000020000400404C000020000402402D
:100D500000080240000C0240000002400010004069
:100D6000001400400004014000B58BB001210820B0
:100D700004F045F90121084604F00EF90222002191
:100D8000FE4803F04EFF02220121FC4803F049FF18
:100D900002221146F94803F044FF02220321F748DA
:100DA00003F03FFF0F20069002208DF81C00032067
:100DB0008DF81D0000208DF81E0001208DF81F0009
:100DC00006A9EE4803F0A2FEBA20ADF8200042F2D8
:100DD000107009900020ADF82800ADF8220008A995
:100DE000E74804F058FF6020ADF804000120ADF89A
:100DF000060000200390ADF810000121E04804F047
:100E0000D3FF0021DE4804F08FFF01A9DC4804F085
:100E1000D7FF01A9DA4805F00CF801A9D84805F078
:100E200055F801A9D64805F0B7F80121D44805F0D6
:100E3000ACFB0BB000BD00B58BB00121042004F069
:100E4000DEF801210D2004F0A7F802220C21CD4884
:100E500003F0E7FE02220D21CA4803F0E2FE02225F
:100E60000E21C84803F0DDFE02220F21C54803F021
:100E7000D8FE4FF47040069002208DF81C0003202D
:100E80008DF81D0000208DF81E0001208DF81F0038
:100E900006A9BC4803F03AFEA420ADF8200040F6B5
:100EA000B83009904FF48070ADF828000020ADF8FC
:100EB000220008A9B44804F0EEFE6020ADF804005A
:100EC0000120ADF8060000200390ADF810000121CC
:100ED000AD4804F069FF0021AB4804F025FF01A9EB
:100EE000A94804F06DFF01A9A74804F0A2FF01A9D9
:100EF000A54804F0EBFF01A9A34805F04DF80BB09D
:100F000000BD00B589B00121080404F089F8012171
:100F1000084604F041F803221146984803F081FE88
:100F200003220221954803F07CFE0C200190022050
:100F30008DF8080003208DF8090000208DF80A00C4
:100F400001208DF80B0001A98C4803F0DFFD002083
:100F5000ADF818004FF6FF7007900020ADF82000A4
:100F6000ADF81A0006A9894804F095FE0420ADF8F2
:100F70000C000020ADF80E00C820ADF814000120D0
:100F8000ADF8100003A9814805F05CFA00231A4669
:100F900003217F4805F0F3FB01217D4805F044FB68
:100FA000012211467A4805F017FB0121774804F029
:100FB000FBFE0021764804F0B7FE09B000BD00B585
:100FC00089B00121084604F01AF80121022004F03A
:100FD00016F80121032003F0DFFF01220F216748EB
:100FE00003F01FFE012203216A4803F01AFE0222C9
:100FF0000421684803F015FE02220521654803F02C
:1010000010FE3820019002208DF8080003208DF892
:10101000090000208DF80A0001208DF80B0001A9BD
:101020005C4803F073FD4FF40040019002208DF8FE
:10103000080003208DF8090000208DF80A00012027
:101040008DF80B0001A94D4803F060FD0020ADF8BC
:1010500018004FF6FF7007900020ADF82000ADF8A3
:101060001A0006A94FF0804004F015FE06A94A4870
:1010700004F011FE0420ADF80C000220ADF80E00C3
:101080001420ADF814000120ADF8100003A980076A
:1010900005F0D8F903A9404805F0D4F902231A460F
:1010A0000321580705F06BFB02231A4603213A4837
:1010B00005F065FB0121880705F0B6FA01213648E5
:1010C00005F0B2FA01221146900705F085FA0122D7
:1010D0001146314805F080FA0121880704F064FECA
:1010E00001212D4804F060FE00214FF0804004F003
:1010F0001BFE0021284804F017FE4FF4C06003F0E7
:1011000027FC1D208DF8000003208DF80100002031
:101110008DF8020001208DF80300684603F01DFCE5
:101120001C208DF8000004208DF8010000208DF8AF
:10113000020001208DF80300684603F00EFC09B0A0
:1011400000BD00B589B00121084603F069FF012107
:10115000102003F021FF4FF42060019002208DF851
:10116000080003208DF8090000208DF80A000120F6
:101170008DF80B0001A9094812E0000000000240B0
:10118000000C0040000C024000080040000001403C
:1011900000400140000402400004004000100240F2
:1011A00003F0B4FC01220921FE4803F03AFD0122BC
:1011B0000B21FC4803F035FD0020ADF818004FF678
:1011C000FF7007900020ADF82000ADF81A0006A9C6
:1011D000F54804F060FD0420ADF80C000020ADF8E7
:1011E0000E000A20ADF814000120ADF8100003A98C
:1011F000ED4805F027F900231A460321EA4805F0D7
:10120000BEFA0121E84805F00FFA01221146E6482E
:1012100005F0E2F90121E44805F006FA0122114641
:10122000E14805F0D9F90121DF4804F0BDFD0021B6
:10123000DD4804F079FD4FF4C06003F089FB19200C
:101240008DF8000001208DF8010000208DF80200CB
:1012500001208DF80300684603F07FFB09B000BD54
:1012600000B589B00121042003F0C9FE0121082046
:1012700003F092FE4FF44050019002208DF80800D8
:1012800003208DF8090000208DF80A0001208DF858
:101290000B0001A9C54803F039FC0020ADF8180087
:1012A0004FF6FF7007900020ADF82000ADF81A004F
:1012B00006A9BF4804F0EFFC02220C21BB4803F052
:1012C000B0FC02220D21B94803F0ABFC0420ADF8BC
:1012D0000C000220ADF80E00C820ADF8140001206B
:1012E000ADF8100003A9B24805F0ACF802231A4685
:1012F0000321AF4805F043FA0121AD4805F094F908
:1013000001221146AA4805F067F90121A84804F016
:101310004BFD42F21071A64804F006FD0020A449DE
:10132000143108800120A24908804FF4C06003F006
:101330000FFB1E208DF8000004208DF80100002016
:101340008DF8020001208DF80300684603F005FBCC
:1013500009B000BD00B589B00121082003F04FFE9F
:101360000121084603F018FE0320019002208DF8A9
:10137000080003208DF8090000208DF80A000120E4
:101380008DF80B0001A98B4803F0C0FB0020ADF8DD
:1013900018004FF6FF7007900020ADF82000ADF860
:1013A0001A0006A9844804F076FC02220021814834
:1013B00003F037FC022201217E4803F032FC0420B6
:1013C000ADF80C000220ADF80E00C820ADF81400F6
:1013D0000120ADF8100003A9774805F033F8022387
:1013E0001A460321744805F0CAF90121724805F034
:1013F0001BF901221146704805F0EEF801216E48F4
:1014000004F0D2FC42F210716B4804F08DFC002015
:101410006949143108800120674908804FF4C06091
:1014200003F096FA32208DF8000004208DF80100B8
:1014300000208DF8020001208DF80300684603F0BB
:101440008CFA09B000BD00B59BB001215B4803F0E8
:10145000A3FD0121080203F0E3FD0020029058489B
:101460000390584804900020059008200690002022
:1014700007904FF4806008904000099080000A9027
:1014800040110B9040020C9000200D9001200E9016
:1014900000200F90109002A94B4804F08FF9012111
:1014A000494804F0C5F93C20009003208DF8040061
:1014B00000208DF8070069463E4803F027FB3C20DA
:1014C000009003208DF8040000208DF80700694685
:1014D0003E4803F01BFB002011904FF44030129067
:1014E000002013904FF47060149011A803F0CCFE0C
:1014F0004FF08070159001208DF858008DF859003C
:10150000002017901890199008208DF8680015A9F0
:101510002B484C3803F089FE04230122022128487D
:101520004C3803F008FF04230222032124484C38DE
:1015300003F001FF04230322194621484C3803F02D
:10154000FAFE04231A4605211D484C3803F0F3FE29
:10155000042305220C211A484C3803F0ECFE042326
:1015600006220D2116484C3803F0E5FE042307221D
:101570000E2113484C3803F0DEFE042308220F210D
:101580000F484C3803F0D7FE01210D484C3803F0CA
:101590007DFF01210A484C3803F06DFF0121084806
:1015A0004C3815E00010024000000140000C0240E1
:1015B0000008004000000240000C00400500400010
:1015C0004C200140DC04002010640240000802406E
:1015D00003F071FEFE4803F00AFF1BB000BD08B522
:1015E0004FF4E06003F0B4F925208DF800000020EE
:1015F0008DF801008DF8020001208DF80300684687
:1016000003F0ABF908BD10B596B0044601211020D7
:1016100003F006FD0121084603F0BEFC0121880508
:1016200003F0BAFC4FF4C060009002208DF8040073
:1016300000208DF806008DF8070002208DF80500C7
:101640006946E44803F062FA07220921E14803F001
:10165000E8FA07220A21DF4803F0E3FA02940020A7
:10166000ADF80C00ADF80E00ADF81000ADF81400A8
:101670000C20ADF8120002A9D74805F0FFF80121AF
:10168000D54805F083F94FF4A06003F061F93A20E2
:101690008DF8180000208DF819008DF81A0001202F
:1016A0008DF81B0006A803F058F9CC4803F0E4FFBE
:1016B0004FF00060079000200A90C94809900A2066
:1016C0000B90C548001D089000200C904FF48060DE
:1016D0000D9000200E900F904FF4807010904002FB
:1016E0001190042012900320139000201490159064
:1016F00007A9BA4804F062F801224021B64805F073
:10170000F2F901221021B54804F01FF90121B34874
:1017100004F08EF816B010BD10B596B00446012145
:10172000480503F039FC0121480403F068FC01215D
:10173000082003F031FC6020009002208DF80400A6
:1017400000208DF806008DF8070002208DF80500B6
:101750006946A44803F0DAF907220521A14803F0FD
:1017600060FA072206219F4803F05BFA02940020EA
:10177000ADF80C00ADF80E00ADF81000ADF8140097
:101780000C20ADF8120002A9974805F077F8012166
:10179000954805F0FBF84FF4A06003F0D9F811204C
:1017A0008DF8180000208DF819008DF81A0001201E
:1017B0008DF81B0006A803F0D0F88C4803F05CFFFE
:1017C0004FF00060079040200A90894809903C2023
:1017D0000B908548001D089000200C904FF480600D
:1017E0000D9000200E900F904FF4807010904002EA
:1017F0001190042012900320139000201490159053
:1018000007A97A4803F0DAFF01228021764805F023
:101810006AF901228021744805F065F9012210213E
:10182000724804F092F80121704804F001F816B0F3
:1018300010BD10B596B004460121880403F0DFFB0B
:101840000121082003F0A8FB0121480503F0A4FBB7
:101850004FF44070009002208DF8040000208DF8B5
:1018600006008DF8070002208DF8050069465D48E6
:1018700003F04CF9072208215A4803F0D2F9072255
:101880000921584803F0CDF902940020ADF80C006E
:10189000ADF80E00ADF81000ADF814000C20ADF856
:1018A000120002A9534804F0E9FF0121514805F054
:1018B0006DF84FF4A06003F04BF80C208DF8180081
:1018C00000208DF819008DF81A0001208DF81B00FA
:1018D00006A803F042F84548783803F0CDFE4FF0F3
:1018E0000060079000200A90434809900A200B905E
:1018F0004048001D089000200C904FF480600D902F
:1019000000200E900F904FF48070109040021190C4
:10191000042012900320139000201490159007A922
:101920003248783803F04AFF01224021314805F05F
:10193000DAF8012240212F4805F0D5F801221021C4
:101940002A48783804F001F801212848783803F053
:101950006FFF16B010BD10B596B004460121C80443
:1019600003F04DFB0121084603F016FB0121480559
:1019700003F012FB0320009002208DF804000020E9
:101980008DF806008DF8070002208DF805006946E5
:10199000104803F0BBF8082200210E4803F041F97B
:1019A000082201210B4803F03CF902940020ADF815
:1019B0000C00ADF80E00ADF81000ADF814000C20CE
:1019C000ADF8120002A90D4804F058FF012117E0FC
:1019D000002001400000024000100140406402402D
:1019E000EC040020000C024000440040A0600240D3
:1019F000040000200048004028050020004C004062
:101A0000FB4804F0C3FF4FF4A06002F0A1FF0D20DB
:101A10008DF8180000208DF819008DF81A000120AB
:101A20008DF81B0006A802F098FFF24803F024FE90
:101A30004FF00060079000200A90EF4809900820BE
:101A40000B90EB48001D089000200C904FF4806034
:101A50000D9000200E900F904FF480701090400277
:101A600011900420129003201390002014901590E0
:101A700007A9E04803F0A2FE01224021DC4805F05E
:101A800032F801224021DA4805F02DF80122102118
:101A9000D84803F05AFF0121D64803F0C9FE16B01A
:101AA00010BD10B596B004460121480503F074FA44
:101AB0000121080503F0A3FA01210C2003F06CFAC0
:101AC0000420009002208DF8040000208DF806000C
:101AD0008DF8070002208DF805006946C74803F01D
:101AE00015F84FF48050009002208DF8040000207B
:101AF0008DF806008DF8070002208DF80500694674
:101B0000BF4803F003F808220221BC4803F089F81B
:101B100008220C21BA4803F084F84FF4A06002F0C8
:101B200017FF2F208DF8180005208DF819008DF86B
:101B30001A0001208DF81B0006A802F00EFF029487
:101B40000020ADF80C00ADF80E00ADF81000ADF8B7
:101B500014000C20ADF8120002A9AA4804F08EFE71
:101B60000121A84804F012FFA248783003F084FD58
:101B70004FF00060079040200A90A34809909620FB
:101B80000B90A048001D089000200C904FF480603E
:101B90000D9000200E900F9010904FF40030119097
:101BA000002012900320139000201490159007A994
:101BB0009048783003F002FE01228021914804F021
:101BC00092FF012210218B48783003F0BEFE0121E4
:101BD0008848783003F02CFE16B010BD10B596B0D2
:101BE00004460121202003F01BFA0121042003F008
:101BF000D3F90121880503F0CFF9C020009002201D
:101C00008DF8040000208DF806008DF807000220F2
:101C10008DF8050069467A4802F078FF082206210F
:101C2000774802F0FEFF08220721754802F0F9FF0D
:101C300002940020ADF80C00ADF80E00ADF81000D5
:101C4000ADF814000C20ADF8120002A96F4804F0A2
:101C500015FE01216D4804F099FE4FF4A06002F0DA
:101C600077FE39208DF8180003208DF81900012027
:101C70008DF81A008DF81B0006A802F06EFE64486D
:101C800003F0FAFC4FF02060079000200A906148B2
:101C9000099010200B905D48001D089000200C90CA
:101CA0004FF480600D9000200E900F904FF48070E4
:101CB00010904002119004201290032013900020F5
:101CC0001490159007A9524803F078FD0122402195
:101CD0004E4804F008FF012210214D4803F035FE64
:101CE00001214B4803F0A4FD16B010BD0EB5002035
:101CF0000290019000904748007802282ED1454874
:101D0000407801904348C0784249897840EA0120F0
:101D10000090404909783F4A527811443D4A9278F0
:101D200011443C4AD2788818C11700EB116109129E
:101D3000A0EB0121C9B20291364800799DF8081044
:101D400088420BD133484079032807D19DF804001D
:101D500031490870BDF80000304908800EBD00B55B
:101D600085B00121082003F017F90121880303F051
:101D700057F900208DF8100001208DF813000C2079
:101D8000039003A91D4802F0C1FE0221032004F0C4
:101D900043FF0420009000208DF8040010208DF8EF
:101DA000050001208DF80600684603F047FE082074
:101DB0008DF8080000208DF809008DF80A00012038
:101DC0008DF80B0002A802F0C8FD05B000BD70B58B
:101DD00004460D46012C25D12946114804F001FE88
:101DE00000BF40210E4804F0ACFE0028F9D042E0CC
:101DF000004C004040600240FB040020000C024008
:101E00000008024000500040460400200014014039
:101E1000286402403705002024010020260100200C
:101E200000100140032C0BD12946FE4804F0D9FDD7
:101E300000BF4021FB4804F084FE0028F9D01AE0DE
:101E4000042C0BD12946F84804F0CBFD00BF4021FB
:101E5000F54804F076FE0028F9D00CE0052C0AD1F4
:101E60002946F24804F0BDFD00BF4021EF4804F0D0
:101E700068FE0028F9D070BD0020ED494862ED49A8
:101E80000860ED490860ED49086070470020E849A6
:101E90004862E84908604FF080414862E8490860BC
:101EA000E8490860E8490860E3490860E3490860D8
:101EB00070470020E0490860E04908607047002052
:101EC000E0490860E0490860704710B50020DF492C
:101ED0000870002407E061210120FFF778FF32201D
:101EE000FEF7CCFD641C022CF5D30120D749087005
:101EF0007A20D749087010BD10B50020D549087068
:101F0000002407E061210320FFF761FF3220FEF784
:101F1000B5FD641C022CF5D30120CE4908707A204F
:101F2000CD49087010BD2DE9F14FAEB0CBA02D907A
:101F300000202C908DF888008DF860002E981228D3
:101F400031D2DFE800F00931383F464D5662697002
:101F5000777E8A91989FABFD0221C94802F038FE36
:101F600088B100224FF40041C64802F04FFE4FF402
:101F70000041C44802F039FE044600222146C2A0B6
:101F8000FEF75EFB0FE00122D103BE4802F03EFEE9
:101F90004FF40041BB4802F028FE044600222146CF
:101FA000C1A0FEF74DFB54E20122C7480168C7A05B
:101FB000FEF746FB4DE20222C6480168C6A0FEF7C6
:101FC0003FFB46E20322C7480168C7A0FEF738FB83
:101FD0003FE20422C7480168C7A0FEF731FB38E2A0
:101FE000FEF7E6FC044605222146C5A0FEF728FBC5
:101FF0002FE20622C54890ED000ABDEEC00A10EEA1
:10200000101AC3A0FEF71CFB23E20722C348016895
:10201000C3A0FEF715FB1CE20A22C4480168C4A055
:10202000FEF70EFB15E20922C5480168C5A0FEF7C0
:1020300007FB0EE2C748017A0822C7A0FEF700FBA3
:1020400007E20B22C64890ED000ABDEEC00A10EE72
:10205000101AC4A0FEF7F4FAFBE10C22C448016890
:10206000C4A0FEF7EDFAF4E10D22C6480178C6A03F
:10207000FEF7E6FAEDE10E22C6480188C6A0FEF79B
:10208000DFFAE6E10F22C74890ED000ABDEEC00A74
:1020900010EE101AC4A0FEF7D3FADAE10121C44809
:1020A00002F096FD4FF400511790764802F090FD33
:1020B00004460221BE4802F08BFD05464FF48041E4
:1020C000704802F085FD06460421B94802F080FD03
:1020D0004FF400411690B64802F07AFD07460821F9
:1020E000B34802F075FD80464FF48041B04802F0DD
:1020F0006FFD81461021AE4802F06AFD4FF4005199
:102100001590AB4802F064FD82460821A94802F010
:102110005FFD4FF480511490A54802F059FD102145
:102120001390A44802F054FD4FF480611290A0482F
:1021300002F04EFD834680219D4802F049FD00E0FB
:1021400028E04FF480711190994802F041FD109001
:102150001798CDE90B65CDE90D401698CDE90798A4
:10216000CDE90970DDE913121598CDE9042A039130
:102170000690DDE91110CDE9001B02908EA2282106
:1021800022A8109B06F086FE102222A970A0FEF75E
:10219000AAFA5EE180213A4802F027FD04460121B7
:1021A000374802F022FD05464021354802F01DFD6A
:1021B00006464FF400417F4802F017FD07464FF4F2
:1021C0008051864802F011FD80464FF480612C4812
:1021D00002F00BFD81464FF40061804802F005FDDE
:1021E0004FF400611790264802F0FFFC82464FF43E
:1021F0008061704802F0F9FC83464FF4805120481A
:1022000002F0F3FC4FF4006116906A4802F0EDFC16
:102210004FF4005115901A4802F0E7FC4FF480414A
:102220001490DDE000480040004C004000500040A9
:10223000000001404400002024080040600000200D
:1022400048000020240400404C00002069000020C9
:10225000680000206B0000206A000020313131311D
:10226000313131313131313131313131313131315E
:102270003131303131313131313131310000000013
:102280000004024000080240524F424F54203220C6
:1022900044414E4720434841592053414E20584124
:1022A0004E483A2020200000524F424F5420322006
:1022B00044414E4720434841592053414E20444F0A
:1022C0003A20202000000000B4010020494D553A7A
:1022D0000000000080000020474F432042414E3A5A
:1022E00000000000E80000205649205452492042D6
:1022F000414E3A0020020020544F433A00000000B3
:10230000454E20584F41593A000000008C000020F3
:102310004A6F79537469636B3A00000090000020A3
:102320004C75635F42616E3A00000000940000202B
:10233000476F635F42616E5F6175746F3A000000C2
:102340007800002047545F4C415A45525F54524137
:10235000493A0000280500204241544552593A00AC
:1023600018020020726573756C74203A000000003A
:102370001C02002066696E616C5F726573756C7417
:102380003A000000240100206F6666736574203AED
:10239000000000002601002064697374616E6365AB
:1023A0003A0000002C020020747261636B3A000056
:1023B00000100240000C0240256425642564256459
:1023C00025642564256425642564256425642564C5
:1023D0002564256425642564000000000000024097
:1023E000FE4802F002FC4FF480411390FC4802F0DA
:1023F000FCFB4FF480711290FA4802F0F6FB4FF4A8
:1024000000411190F64802F0F0FBCDE90B76CDE9E2
:102410000D5410901798CDE907A0CDE90998DDE992
:1024200014121698CDE9050BCDE90312DDE911125E
:102430001398CDE900120290AFF28402282122A85D
:10244000109B06F027FD112222A9E7A0FEF74BF909
:1024500000BF00BF2FB0BDE8F08F10B50121E448E8
:1024600003F0E6F910BD01B5E24800680099884222
:1024700003DD0020DF49086004E0DE480068401CFE
:10248000DC490860DB480068FFF74DFD08BD01B579
:102490009DF80000052801DA002008BD9DF8000025
:1024A000FBE730B504461D4624B9D3480078D34B2A
:1024B000D87311E0002C07DDE0B2FFF7E8FFCF4B47
:1024C000D8730120987307E06342D8B2FFF7DFFFAB
:1024D000CA4BD8730020987321B9C7480078C74BFE
:1024E000D87211E0002907DDC8B2FFF7D0FFC34B57
:1024F000D8720020987207E04B42D8B2FFF7C7FFAE
:10250000BE4BD8720120987222B9BB480078BB4BF1
:10251000D87111E0002A07DDD0B2FFF7B8FFB74B42
:10252000D8710120987107E05342D8B2FFF7AFFF8E
:10253000B24BD8710020987125B9AF480078AF4BE5
:10254000D87011E0002D07DDE8B2FFF7A0FFAB4B1C
:10255000D8700020987007E06B42D8B2FFF797FF61
:10256000A64BD8700120987030BDA44AD073D072A9
:10257000D071D0707047A148C07B03280DDA9F4806
:10258000C07A032809DA9D48C079032805DA9B48F8
:10259000C078032801DA012070470020FCE7012001
:1025A0009749086070479748006847F23051884261
:1025B00001D0012070470020FCE710B5FFF785FC33
:1025C00010BD9148B0F9000040427047B5EEC00A16
:1025D000F1EE10FA09D28D48D0ED000A70EE600AD3
:1025E000FDEEE00A10EE900A70478848D0ED000A30
:1025F00070EE200AFDEEE00A10EE900AF4E710B546
:102600002DED0A8B044624B99FED810ABDEC0A8B9F
:1026100010BD002C25DA7F48006806F0E2FA41EC94
:10262000190B204606F0DDFA41EC1C0B9FED7A0BEE
:1026300053EC102B06F0F4F941EC1B0B9FED780BDB
:1026400053EC102B06F0E6F941EC1A0B53EC192B66
:1026500006F058FA41EC180B06F0E7FA00EE100A03
:10266000D4E76C48006806F0BCFA41EC190B204630
:1026700006F0B7FA41EC1C0B9FED670B53EC102BE7
:1026800006F0CEF941EC1B0B9FED650B53EC102BC4
:1026900006F01FF941EC1A0B53EC192B06F032FA35
:1026A00041EC180B06F0C1FA00EE100AAEE7F0EEAE
:1026B000400AF5EEC00AF1EE10FA02DBB0EE600A55
:1026C0007047B1EE600AFBE70146002901DB0846CE
:1026D00070474842FCE701465348D0ED000AF1EE4E
:1026E000600A5248D0ED001A80EEA11A00EE901A4E
:1026F000F8EEE01A4C48D0ED000A41EE210AB0EEA7
:10270000600AFDEEC00A10EE900A7047B0EE402A53
:10271000DFED472AB0EE620AB5EEC02AF1EE10FAFC
:1027200003D2F1EE422AB0EE622AF5EEC00AF1EED3
:1027300010FA03D2F1EE602AF0EE620AB5EEC01A8A
:10274000F1EE10FA03D2F1EE412AB0EE621AF5EE84
:10275000C01AF1EE10FA03D2F1EE612AF0EE621A1D
:10276000B4EEC02AF1EE10FA01DDB0EE420AF4EE4A
:10277000C00AF1EE10FA01DDB0EE600AB4EEC01A44
:10278000F1EE10FA01DDB0EE410AF4EEC01AF1EEFE
:1027900010FA01DDB0EE610A70471E48006870470C
:1027A00024480068704710B52DED028BB0EE408ACA
:1027B0001448006847F23051884245D19FED140A11
:1027C0001D4880ED000A1D4880ED000A1C4880ED80
:1027D000000A1C4880ED000A81E00000000C024065
:1027E00000040240000002404F55543A000000002F
:1027F000A06002405C0000206C010020040000206A
:10280000D001002094010020640000202C01002051
:102810000000000080010020333333333333D33FD3
:10282000000000000000E03F64010020680100207B
:102830006F12833AAC010020CC010020C8010020B7
:10284000C4010020C0010020F8480068F849096868
:10285000401AF8490968081A00EE100AB8EEC00AD2
:10286000F0EE408AF448D0ED000A88EEA00AF34862
:10287000D0ED000A30EE200AF148D0ED000A20EE3B
:10288000200AF0EE408AB0EE680A06F0EBFBF0EEAC
:10289000000A20EE200AEB4880ED000AB0EE680A3C
:1028A00006F038FBF0EE000A20EE200AE64880ED44
:1028B000000AE44890ED000AE448D0ED000A30EE4A
:1028C000200AE34880ED000ADF4890ED000ADF4867
:1028D000D0ED000A30EE600ADE4880ED000AB5EE69
:1028E000C08AF1EE10FA73D0DB480068052820D2C8
:1028F000DFE800F003203A546F00D54890ED000A5D
:1029000030EE080A80ED000AD24890ED000A30EE61
:10291000480A80ED000ACC4890ED000A30EE080A23
:1029200080ED000AC74890ED000A30EE480A80EDBD
:10293000000A68E0C74890ED000A30EE480A80EDD2
:10294000000AC14890ED000A30EE080A80ED000A46
:10295000BC4890ED000AC148D0ED000A08EE600ABC
:10296000B84880ED000A4EE0B94890ED000A30EE1C
:10297000080A80ED000AB44890ED000AB748D0ED8F
:10298000000A08EE200AB04880ED000AAD4890ED3C
:10299000000A30EE480A80ED000A34E0AC4890EDC1
:1029A000000A30EE080A80ED000AAA4890ED000AFD
:1029B000AA48D0ED000A08EE600AA64880ED000A99
:1029C000A04890ED000A30EE480A80ED000A1AE0B7
:1029D0001AE09F4890ED000AA048D0ED000A08EEEA
:1029E000200A9B4880ED000A9A4890ED000A30EEDC
:1029F000480A80ED000A944890ED000A30EE080A7B
:102A000080ED000A00BF00BF8E48D0ED001A8E484E
:102A100090ED001A8F48D0ED000A8D4890ED000A25
:102A2000FFF774FE8E48D0ED000AF8EEE00A80EE63
:102A3000801ABDEEC10A8B4880ED000A8A48006802
:102A400088490968884203DD86480068864908602D
:102A5000012086490860BDEC028B10BD10B504460C
:102A600000208349086083480460FCB900207E4947
:102A700008601FED990A754880ED000A47F2305052
:102A80006C4908607C4908601FED9F0A7B4880ED17
:102A9000000A002070490860794908607949086097
:102AA000794908601FEDA60AFFF77DFE10BD10B53D
:102AB000724890ED000AB5EEC00AF1EE10FA05D1A9
:102AC0006548006810B96E48006890B11FEDB00A03
:102AD0006A4880ED000A00205F4908606849086084
:102AE0005248006852490860644890ED000AFFF7B8
:102AF0005AFE10BD6548C0ED000A654880ED000A29
:102B0000704770B52DED028B05460C46B0EE408A3D
:102B100048480068A8420BD155480068A04207D138
:102B20004A4890ED000AB4EE480AF1EE10FA18D0C7
:102B30004F4804604C48006810B905204A490860B5
:102B40003A4800683A490860404880ED008A3948B0
:102B5000056000204F490860484890ED000AFFF7E3
:102B600022FEBDEC028B70BD70B52DED028B0446CC
:102B7000B0EE408A0D4642480068A0420BD13F4863
:102B800090ED000AB4EE480AF1EE10FA03D1324893
:102B90000068A84237D02748006847F23051884281
:102BA00022D13220324908600F202F49086047F2B5
:102BB0003050844218DA012032490860B5EEC08AEC
:102BC000F1EE10FA03DD19480068A04208DCB5EE0A
:102BD000C08AF1EE10FA07D214480068A04203DA66
:102BE000B1EE480AB0EE408A254804601A480560F4
:102BF000224880ED008A0020264908601F4890ED99
:102C0000000AFFF7D0FDBDEC028B70BD10B52DEDB5
:102C1000028BB0EE408A04462146B0EE480A47F2E5
:102C20003050FFF7A1FFBDEC028B10BDB4010020B6
:102C3000A001002094010020440100205001002048
:102C400074010020CC010020C8010020A801002050
:102C5000C0010020C40100207C01002034010020BC
:102C60002801002088010020800100207801002038
:102C7000840100208C01002098010020A401002084
:102C80009C010020AC010020D00100206401002044
:102C9000680100209001002070B504460D469FEDAC
:102CA000FE0A29462046FFF72CFF70BD70B52DEDBA
:102CB000088BF0EE408A0446B0EE608AB0EE419A8E
:102CC000F64890ED000AB8EEC00AB4EE680AF1EEDC
:102CD00010FA0DD1F2480068A04209D1F14890EDF8
:102CE000000AB8EEC00AB4EE480AF1EE10FA5ED05F
:102CF000BDEEE80AE94880ED000AEB4991ED000AD3
:102D0000B8EEC00A38EEC00ABDEEC00A10EE100AD6
:102D10009FEDE10A2146FFF7F4FEE34890ED000A3B
:102D2000B8EEC00A38EE400ABDEEC00A10EE105AE6
:102D3000002D01DB284600E06842642814DDDA48F3
:102D400090ED000AB8EEC00AB4EEC08AF1EE10FAB7
:102D500002DDB0EE490A01E0B1EE490A10EE101AA8
:102D6000084605F04FFF13E0CF4890ED000AB8EE9B
:102D7000C00A38EE400A10EE101A084605F042FF6D
:102D800041EC1B0B9FEDC90B53EC102B05F048FEDB
:102D900041EC1A0B05F049FF09EE900A0021B0EE54
:102DA000690AFDEEC80A10EE900AFFF7DDFEBDECE1
:102DB000088B70BD10B5BF48006801283DDDB949DA
:102DC0000968B94A1268881AFFF77EFC06280CDAEF
:102DD000B84801680068401CB64A1060B1F5FA7F37
:102DE0002BDD0020FFF73AFE10BDB2480068FA283C
:102DF00008DD0520AA490860AF490860FB20AD49FD
:102E0000086004E00520A6490860AB490860A648B0
:102E10000068A4490968884205DDBFEE000AA7489A
:102E200080ED000A04E0B7EE000AA44880ED000A35
:102E3000A24890ED000AFFF7B6FC00BFD4E710B53A
:102E40002DED028B9E4890ED000AB5EEC00AF1EE22
:102E500010FA08D19848006828B19248006847F2F3
:102E60003051884202DBBDEC028B10BD934890EDDF
:102E7000000AB5EEC00AF1EE10FA7CD09148006865
:102E800047F23051884277D18C4890ED000AB5EE78
:102E9000C00AF1EE10FA08DD824800688A49096824
:102EA000401A81490968884210DB844890ED000A85
:102EB000B5EEC00AF1EE10FA7ED27A480068824977
:102EC0000968084478490968884275DD79480068CE
:102ED00003285CDA73490968734A1268881AFFF795
:102EE000F3FB0A2816DA6F4800687849086000206A
:102EF000714908606A4908609FED670A6F4880ED74
:102F0000000A02206B4908606C4890ED000AFFF748
:102F10004AFCA8E76348006863490968884237DDCE
:102F2000654890ED000AB8EEC00A6448D0ED000A8A
:102F300060EE200A644890ED000AB8EEC00AC0EEC8
:102F4000801AB0EE611AB0EE410AFFF7B0FB5549A6
:102F50000968554A1268881AFFF7B6FB00EE900A16
:102F6000B8EEE01A5A48D0ED000A40EE010A524885
:102F700090ED000A01E0CBE047E0B8EEC00A80EE39
:102F8000801AB0EE418AB0EE480AFFF70CFCBEE0B2
:102F9000494890ED000AB8EEC00A4848D0ED000A52
:102FA00060EE200A484890ED000AB8EEC00AC0EE74
:102FB000801AB0EE611A00E021E0B0EE410AFFF79E
:102FC00076FB38490968384A1268881AFFF77CFB93
:102FD00000EE900AB8EEE01A3D48D0ED000A50EE3F
:102FE000410A354890ED000AB8EEC00A80EE801A1A
:102FF000B0EE418AB0EE480AFFF7D5FB87E02F48D4
:1030000090ED000AFFF7CFFB81E02C4890ED000A1D
:10301000B5EEC00AF1EE10FA1FDD224890ED000A6D
:10302000B8EEC00A2448D0ED000AF8EEE00A2348C2
:1030300090ED001A00EEC10A2648D0ED000AF8EE25
:10304000E00A70EE600A184890ED000AB8EEC00A77
:10305000F4EEC00AF1EE10FA48D3184890ED000AD9
:10306000B5EEC00AF1EE10FA4CD20E4890ED000A0F
:10307000B8EEC00A1048D0ED000AF8EEE00A0F489A
:1030800090ED001A00EEC10A1248D0ED000AF8EEE9
:10309000E00A70EE200A1FE0000000009801002006
:1030A000840100209C010020B40100207B14AE4765
:1030B000E17A743FAC01002080010020A4010020CF
:1030C000A80100209401002060010020B001002030
:1030D000400100205C010020FD4890ED000AB8EEA0
:1030E000C00AF4EEC00AF1EE10FA0BDDF9490968E6
:1030F000F74A1268881AFFF782FAB0EE408AFFF7A3
:1031000052FB04E0F44890ED000AFFF74CFBAAE6FE
:10311000F2490968EE4A1268881AFFF770FAB0EEB1
:10312000408AFFF740FB00BF9DE600B5EC48006811
:10313000022815DA1FED280AEA4880ED000A1FED83
:103140002A0AE54880ED000A0020E749086047F2B6
:103150003050E6490860E64908600020DD49086013
:10316000E4480068401CE3490860E3490968884274
:1031700004DAE2480068FFF7F8F90EE0DE4800687C
:10318000DC490860DE48006820B1DC480068FFF7D1
:10319000ECF902E00020FFF7E8F900BDD54A12681B
:1031A000521CD44B1A60824207DDD64A12680A4488
:1031B000D44B1A600022CF4B1A6070472DE9F041C2
:1031C000FFF7FFF9C2490860FFF7F4FDCE48006839
:1031D000002821DDCB480068CB49096888422AD005
:1031E000C8480068C849096888420EDAC5480068BE
:1031F000C649096888421EDAC2480068FFF76BFAC0
:1032000004460121FFF7CAFF15E04FF0FF31C04827
:103210000068FFF7C3FF0EE0BA480068002806DD2B
:103220004FF0FF31BB480068FFF7B8FF03E0FFF73E
:103230007CFFBDE8F081B8480068A549096888426C
:1032400005D0FFF7FCFDA2480068B3490860B34809
:103250000068E8B3AB48D0ED000AF8EEE00AB048E9
:1032600090ED001A60EE810AB0EE600AFFF7AEF949
:103270000446A448D0ED000AF8EEE00AA94890ED13
:10328000001A60EE810AB0EE600AFFF79FF905466A
:103290009C48D0ED000AF8EEE00AA34890ED001A31
:1032A00060EE810AB0EE600AFFF790F90646954895
:1032B000D0ED000AF8EEE00A9C4890ED001A60EEAE
:1032C000810AB0EE600AFFF781F90746234600E065
:1032D00003E02A463146FFF7E4F800BFA9E770B5DE
:1032E0002DED028B0F2505261FED950AB0EE408AC5
:1032F0008F4800791E2805DB8D480079B42801DC51
:10330000012000E0002004468948407800F00200D7
:1033100028B178259FED870AB0EE408A04E0322577
:10332000B6EE000AB0EE408A8148007800F008004E
:1033300098B17F48007800F0100070B97C480078A0
:1033400000F0200048B97A48007800F0400020B929
:1033500029460020FFF7A0FCB1E07548007800F096
:103360000800A0B97248007800F0100078B17048E9
:10337000007800F0200050B96D48007800F040005F
:1033800028B929464FF4E160FFF786FC97E06848CA
:10339000007800F00800A0B96548007800F010003F
:1033A00078B96348007800F0200050B16048007898
:1033B00000F0400028B929464FF46170FFF76CFC1B
:1033C0007DE05B48007800F0080098B95848007824
:1033D00000F0100070B95648007800F0200048B99D
:1033E0005348007800F0400020B129465248FFF7CA
:1033F00053FC64E04E48007800F00800A0B14C484F
:10340000007800F0100078B94948007800F02000FA
:1034100050B14748007800F0400028B929464FF4E1
:10342000E170FFF739FC4AE04148007800F00800FD
:1034300098B13F48007800F0100070B93C4800781F
:1034400000F0200048B93A48007800F0400020B170
:1034500029463A48FFF720FC31E03548007800F073
:103460000800A0B93248007800F0100078B1304868
:10347000007800F0200050B12D48007800F04000A6
:1034800028B9294640F24650FFF706FC17E02848C5
:10349000007800F0080090B92548007800F010008E
:1034A00068B12348007800F0200040B92048007837
:1034B00000F0400018B129462148FFF7EDFB1C48F9
:1034C000007800F0080010B9194800783AE04DE0A3
:1034D000B40100209C010020A4010020A0010020D4
:1034E000AC010020A80100207C01002094010020F4
:1034F0009801002090010020700100206C01002044
:10350000D0010020800100208401002088010020DB
:10351000BC0100208C010020B801002078010020AF
:10352000CC010020C8010020C4010020C0010020FF
:10353000280500206666663F7CFCFFFF3EFEFFFF1D
:10354000BAFAFFFF00F0100080B9FA48007800F0E6
:10355000200058B9F748007800F0400030B92CB18D
:10356000FFF721F810B10020FFF778FA14B1FFF748
:103570009EFA27E0EF48007914280EDAFFF713F8D7
:1035800028B10020B1EE480AFFF740FB1AE0002006
:10359000B1EE480AFFF73AFB14E0E6480079B42898
:1035A0000EDDFFF700F828B10020B0EE480AFFF763
:1035B0002DFB07E00020B0EE480AFFF727FB01E0F3
:1035C000FFF775FABDEC028B70BDDB48016800683F
:1035D000401CD94A1060322907D2D8484089D849BE
:1035E00009680844D64908600BE0D54800683221D4
:1035F000B0FBF1F0D34908600020CF490860D04902
:103600000860D14801680068401CCF4A1060322928
:1036100007D2CA480089CD4909680844CB490860E7
:103620000BE0CA4800683221B0FBF1F0C8490860DD
:103630000020C5490860C5490860C648016800689F
:10364000401CC44A1060322907D2BC488089C24954
:1036500009680844C04908600BE0BF48006832218F
:10366000B0FBF1F0BD4908600020BA490860BA49D2
:103670000860BB4801680068401CB94A10603229E4
:1036800007D2AE48C089B74909680844B5490860FF
:103690000BE0B44800683221B0FBF1F0B249086099
:1036A0000020AF490860AF490860B0480168006871
:1036B000401CAE4A1060322907D2A0480088AC49AD
:1036C00009680844AA4908600BE0A948006832214B
:1036D000B0FBF1F0A74908600020A4490860A449A4
:1036E0000860A54801680068401CA34A10603229A0
:1036F00007D292484088A149096808449F49086058
:103700000BE09E4800683221B0FBF1F09C49086054
:10371000002099490860994908609A480168006842
:10372000401C984A1060322907D284488088964904
:1037300009680844944908600BE093480068322106
:10374000B0FBF1F09149086000208E4908608E4975
:103750000860704701B57748407800F0200040B11C
:103760009DF800008A4981F82F00002081F82E0082
:1037700011E07048407800F0040040B19DF800006E
:10378000834981F82F00012081F82E0003E00220F8
:103790007F4981F82F0008BD6648407800F002009C
:1037A00010B37C480068F8B97B48006890B996204F
:1037B000774981F8230081F8270081F82B00002049
:1037C00081F8220081F8260081F82A000120724940
:1037D000086009E000206E4981F8230081F8270085
:1037E00081F82B006C4908605248407800F00200D4
:1037F00068490860704701B50120654988769DF8E1
:103800000000C87602E0012004F0E2FB01216348D9
:1038100001F0DEF90128F6D002205D49C876FEF7F6
:1038200048FB08BD10B54348407800F0200018B3AD
:1038300082205B490860084600785549C876002018
:1038400088764FF42F7004F0C3FB072054490860BA
:10385000084600784E49C8760020887640F26C70A1
:1038600004F0B6FB28204E49086008460078484915
:10387000C8760020887607E0FDF79AF8B0F5F36F78
:1038800002DD02204249C8762A48407800F0040050
:1038900098B11E203E49C8760120887602E00120BA
:1038A00004F096FB01213D4801F092F90128F6D081
:1038B00002203749C876FEF7FCFA10BD10B51D4846
:1038C000407800F00200C0B91A48407800F00400C7
:1038D00098B101228021334801F098F94FF48041DA
:1038E0002E4801F075F920B9012240212D4801F040
:1038F0008DF901202C4908700FE02B48007860B149
:1039000000224021274801F081F90022802125482A
:1039100001F07CF900202449087010BD10B54FF467
:10392000E67022490860012280211E4801F06EF9EC
:10393000002449E02805002044020020DC04002087
:1039400048020020700000204C020020500200209D
:103950007400002054020020580200207C00002047
:103960005C02002060020020780000206402002039
:1039700068020020800000206C02002070020020FD
:1039800084000020740200207802002088000020BB
:103990000400002028020020100200200010024035
:1039A00020020020000402407C020020E8000020E9
:1039B00002E0012004F00CFB4FF48041F84801F0D4
:1039C00007F90128F5D0641C642CF1DB40F2DC50CF
:1039D00004F0FEFA01229102F24801F017F94FF4C7
:1039E000FA7004F0F5FA01224021EE4801F00EF9D8
:1039F00000240BE002E0012004F0EAFA4FF4004159
:103A0000E74801F0E5F80128F5D0641C642CF1DBEF
:103A100000240BE002E0012004F0DAFA4FF4004148
:103A2000DF4801F0D5F80028F5D0641C642CF1DBE8
:103A30004FF47A7004F0CCFA00224FF48061D94838
:103A400001F0E4F840F2DC5004F0C2FA00240BE08C
:103A500002E0012004F0BCFA4FF40041D04801F02C
:103A6000B7F80128F5D0641C642CF1DB4FF4FA7030
:103A700004F0AEFA00224021CA4801F0C7F84FF422
:103A8000FA6004F0A5FA00228021C64801F0BEF8D1
:103A900000240AE002E0012004F09AFA0221C04862
:103AA00001F096F80128F6D0641C642CF2DB10BDFE
:103AB00010B54FF4E670BC49086002E00A2004F03B
:103AC00087FABA480068B0F5EB7FF7DC01224021A5
:103AD000B44801F09BF841F2883004F079FA0A20EA
:103AE000B34981F82B0081F8270081F823000120D9
:103AF00081F8220081F8260081F82A0041F28830FE
:103B000004F066FA40F23A20A749086000224021FA
:103B1000A44801F07BF800240DE004E0012004F04B
:103B200057FAFFF7DCFB4FF480619D4801F050F835
:103B30000128F3D0641C642CEFDB40F6B83004F0AD
:103B400047FA00209A4981F8230081F8270081F87C
:103B50002B0010BD10B59748407800F0080050B118
:103B60009448407800F0020028B9012280218D4855
:103B700001F04CF811E08F48007800F0020060B1CD
:103B800000228021874801F041F80020884981F80F
:103B90002B0081F8270081F8230010BD10B585485F
:103BA000407800F0400078B34FF480617C4801F029
:103BB0000FF848BB1E207E4981F82B0081F82700B2
:103BC00081F82300002081F8220081F8260081F886
:103BD0002A0042F2107004F0FBF90122D102714870
:103BE00001F014F842F2107004F0F2F9002070496C
:103BF00081F82B0081F8270081F8230000224FF480
:103C00000061684801F002F810BD10B569484078BD
:103C100000F0800058B31420654981F82B0081F82A
:103C2000270081F82300012081F8220081F8260076
:103C300081F82A0000240BE002E0012004F0C8F91A
:103C40004FF48061564800F0C3FF0128F5D0641C92
:103C5000642CF1DB40F6B83004F0BAF90020544986
:103C600081F8230081F8270081F82B0000BF10BDE8
:103C700010B50A20FEF7F2FE96204D4981F82B0080
:103C800081F8270081F82300002081F8220081F8C4
:103C9000260081F82A0043F6982004F099F90122C1
:103CA000D102404800F0B2FF41F6583004F090F9DC
:103CB00000203F4981F82B0081F8270081F823007C
:103CC00000224FF40061374800F0A0FF10BD10B58E
:103CD00038488079002846D04FF48061304800F0A1
:103CE00077FF00283FD13348007800F0800000289B
:103CF00039D00120304908700A20FEF7AFFE2F4866
:103D000000782B4981F82B0081F8270081F82300E7
:103D1000002081F8220081F8260081F82A0002E0C4
:103D2000642004F055F92348007800F08000002852
:103D3000F6D10122D1021B4800F068FF43F698201B
:103D400004F046F900201A4981F82B0081F8270079
:103D500081F8230000224FF40061124800F056FF62
:103D600000201549087010BD10B5044613480460C2
:103D70004A2C09D19FED120A124880ED000A124820
:103D8000006812490860B9E24B2C23D19FED100A5C
:103D90000C4880ED000A0C4800680C490860ADE250
:103DA0000010024000040240E800002080000020D3
:103DB0000400002028050020430200201C020020EF
:103DC0009A996541180200209400002024020020E6
:103DD000333367414C2C09D19FEDFD0AFD4880ED3E
:103DE000000AFD480068FD49086087E24D2C09D1B2
:103DF0009FEDFB0AF74880ED000AF7480068F74995
:103E000008607BE24E2C09D19FEDF60AF14880ED67
:103E1000000AF1480068F14908606FE24F2C09D1AF
:103E20009FEDF10AEB4880ED000AEB480068EB4992
:103E3000086063E2502C09D19FEDEC0AE54880ED63
:103E4000000AE5480068E549086057E2512C0AD1AC
:103E50009FEDE70ADF4880ED000ADF480068801D1B
:103E6000DE4908604AE2522C0AD19FEDE20AD948A5
:103E700080ED000AD8480068401DD84908603DE23E
:103E8000532C0AD19FEDDC0AD24880ED000AD248BB
:103E90000068401DD149086030E2542C0AD19FEDE2
:103EA000D70ACC4880ED000ACB480068401DCB49BA
:103EB000086023E2552C0AD19FEDD10AC54880ED58
:103EC000000AC5480068401FC449086016E2562C25
:103ED0000AD19FEDCC0ABF4880ED000ABE480068B9
:103EE000401FBE49086009E2572C0AD19FEDC60A5F
:103EF000B84880ED000AB8480068401FB74908601C
:103F0000FCE1582C0AD19FEDC10AB24880ED000AAD
:103F1000B1480068401FB1490860EFE1592C0AD14F
:103F20009FEDBB0AAB4880ED000AAB480068001F5C
:103F3000AA490860E2E15A2C0AD19FEDB60AA548C9
:103F400080ED000AA4480068001FA4490860D5E17C
:103F50005B2C0AD19FEDB00A9E4880ED000A9E4876
:103F60000068001F9D490860C8E15C2C0AD19FEDE4
:103F7000AB0A984880ED000A97480068001F9749EF
:103F80000860BBE15D2C0AD19FEDA50A914880ED48
:103F9000000A91480068001F90490860AEE15E2C5D
:103FA0000AD19FEDA00A8B4880ED000A8A4800687C
:103FB000C01E8A490860A1E15F2C0AD19FED9A0AD0
:103FC000844880ED000A84480068C01E8349086068
:103FD00094E1602C0AD19FED950A7E4880ED000A9D
:103FE0007D480068C01E7D49086087E1612C0AD1C8
:103FF0009FED8F0A774880ED000A77480068C01E61
:10400000764908607AE1622C0AD19FED8A0A7148EC
:1040100080ED000A70480068801E704908606DE1FC
:10402000632C0AD19FED840A6A4880ED000A6A4831
:104030000068801E6949086060E1642C0AD19FED28
:104040007F0A644880ED000A63480068801E634967
:10405000086053E1652C0AD19FED790A5D4880ED37
:10406000000A5D480068801E5C49086046E1662CD5
:104070000AD19FED740A574880ED000A564800683F
:10408000801E5649086039E1672C0AD19FED6E0AFF
:10409000504880ED000A50480068401E4F490860B3
:1040A0002CE1682C0AD19FED690A4A4880ED000A8C
:1040B00049480068401E494908601FE1692C0AD13F
:1040C0009FED630A434880ED000A43480068401EA4
:1040D0004249086012E16A2C0AD19FED5E0A3D4810
:1040E00080ED000A3C480068401E3C49086005E13C
:1040F0006B2C0AD19FED580A364880ED000A3648ED
:104100000068401E35490860F8E06C2C0AD19FED2C
:10411000530A304880ED000A2F480068401E2F499E
:104120000860EBE06D2C09D19FED4D0A294880ED28
:10413000000A2948006829490860DFE06E2C09D18F
:104140009FED480A234880ED000A23480068234970
:104150000860D3E06F2C09D19FED430A1D4880ED24
:10416000000A1D4800681D490860C7E0702C09D18D
:104170009FED3E0A174880ED000A1748006817496E
:104180000860BBE0712C09D19FED390A114880ED20
:10419000000A1148006811490860AFE0722C09D18B
:1041A0009FED340A0B4880ED000A0B4800680B496C
:1041B0000860A3E0732C61D19FED2F0A054880EDC4
:1041C000000A05480068401C0449086096E055E074
:1041D000CDCC684118020020940000202402002069
:1041E00066666A4100006C419A996D4133336F41B4
:1041F000CDCC704166667241000074419A99754158
:1042000033337741CDCC784166667A4100007C41FA
:104210009A997D4133337F416666804133338141D2
:1042200000008241CDCC82419A99834166668441E7
:104230003333854100008641CDCC86419A99874130
:10424000666688413333894100008A41CDCC8A417A
:104250009A998B4166668C4133338D4100008E41C3
:10426000CDCC8E419A998F4166669041333391410E
:1042700000009241CDCC92419A999341742C0AD17D
:104280009FEDFC0AFC4880ED000AFC480068401CD9
:10429000FB49086032E0752C0AD19FEDFA0AF64816
:1042A00080ED000AF5480068401CF549086025E0EB
:1042B000762C0AD19FEDF40AEF4880ED000AEF4812
:1042C0000068401CEE49086018E0772C0AD19FED89
:1042D000EF0AE94880ED000AE8480068801CE849D8
:1042E00008600BE0782C09D19FEDE90AE24880EDE7
:1042F000000AE2480068801CE149086000EE104AAC
:10430000B8EEC00ADC48D0ED000A20EE200AF2EE3A
:10431000040A80EE201ABDEEC10ADE4880ED000AD4
:104320004FF48061DC4800F053FC38B9DB4800787A
:1043300020B9D2480068DA4908600FE04FF4806184
:10434000D54800F045FC48B9D448007830B9D54884
:10435000807918B1CA480068D149086010BD10B50D
:104360002DED028BB0EE408ACE48C07900B39FEDB0
:10437000CE0AB4EEC08AF1EE10FA0ADB9FEDCB0A4A
:10438000B4EEC08AF1EE10FA03D80A20FEF766FBFD
:104390001CE09FEDC50AB4EEC08AF1EE10FA08D217
:1043A0000020C34991ED000AB1EE400AFEF72EFC51
:1043B0000CE09FEDBE0AB4EEC08AF1EE10FA05DD06
:1043C0000020BB4991ED000AFEF720FCBDEC028BFA
:1043D00010BDB448407800F00100F0B1B548007855
:1043E000662805DD0720B449C8760120887614E0E8
:1043F000B0480078622805DA0720AF49C876002067
:1044000088760AE0AB480078622806DBA948007885
:10441000662802DC0220A849C8767047A0480068D8
:10442000A6490968884203DAA44800689C490860E4
:104430009B480068A2490968884203DDA0480068DB
:10444000974908609F490968954A1268881A0028A8
:1044500001DB014600E04142012931DD9948006855
:104460008F490968884204DD0120934981F82E00B4
:1044700003E00020904981F82E0092490968884A9B
:104480001268881A002801DB014600E0414201EB76
:10449000810149008C4A116010460068FA2802DD4B
:1044A000FA201146086088480068322802DA322073
:1044B00085490860844800787F4981F82F0003E02F
:1044C00000207D4981F82F00704710B5754840786D
:1044D00000F00200A0B17348407800F0040078B109
:1044E0006F48006876490968884209DA6C480068B4
:1044F000401C6B4908604FF4967003F069FD18E0AA
:104500006848407800F0020098B16648407800F0B2
:10451000200070B16248006868490968884208DD77
:104520005F480068401E5E4908604FF4C87003F0A1
:104530004FFD10BD05E01120FDF795FF0F2003F0A2
:1045400047FDF8E70DE05748007800F0010010B192
:10455000FEF7C5FE02E00020FEF780FA032003F01C
:1045600037FDF0E704E0FEF729FE032003F030FDFD
:10457000F9E71FB5FCF793FAFCF7D0FAFCF71FFD3B
:10458000FCF7DFFDFCF76CFEFCF75DFFFCF731FB91
:104590004FF4E130FDF737F84FF4E130FDF7BCF8A8
:1045A0004FF4E130FDF745F94FF46120FDF779FA5A
:1045B0004FF4E130FDF712FB0720FFF71CF9FDF780
:1045C000FCFFFDF763FC00204049087001204049D2
:1045D0000870002000900190029003464FF4807212
:1045E0003CA10390404803F0B4FA002000900190F1
:1045F000029003464FF480723CA10390404803F0C0
:10460000A8FA04203F49087001203F4908704FF480
:104610001670234908600DE004E0FFF703F901205C
:1046200003F0D6FC1F48007800F001000028F4D108
:10463000FEF714FAF0E71FB50020009001900290F9
:1046400003464FF4807231A10390334803F081FA9E
:10465000002000900190029003464FF480722FA139
:104660000390314803F075FA03F08CFE002004B08B
:1046700010BD0000666694411802002094000020DE
:10468000240200203333954100009641CDCC964161
:104690009A9997411C02002000100240430200201A
:1046A000E8000020280500200000C4420000CC42A1
:1046B0002C0200202301002004000020EC00002038
:1046C000F000002080000020FC0100209C00002061
:1046D000420200207461736B526F626F74416E61AD
:1046E0006C79746963730000654500087461736BCD
:1046F000446965754B6869656E436F436175000079
:1047000045450008DD010020D70100207461736B6E
:104710004D61696E00000000734500087461736BA1
:104720004779726F00000000354500080CB5002085
:10473000019000907248006840F480307049086031
:1047400000BF6F48006800F4003000900198401CE2
:104750000190009818B90198B0F5A06FF1D16848A0
:10476000006800F4003010B10120009001E000204A
:1047700000900098012846D161484030006840F020
:1047800080505F49403108605E48006840F48040D6
:104790005C4908605A480830006859490831086087
:1047A0000846006840F4004008600846006840F48D
:1047B000A05008605448091F0860081F006840F0B6
:1047C0008070091F086000BF4D48006800F000704D
:1047D0000028F9D040F205604C490860484808308C
:1047E000006820F003004649083108600846006868
:1047F00040F00200086000BF41480830006800F047
:104800000C000828F8D10CBD10B53D48006840F0F8
:1048100001003B49086000203949083108603848E8
:1048200000683B490840364908603A48091D08605D
:10483000081F006820F48020091F0860002030490C
:104840000C310860FFF772FF4FF0006032490860DA
:1048500010BD70B500200022022300240221284D43
:1048600008352D6805F00C0020B1042806D0082872
:1048700034D107E0294D2A4E356033E0294D284ECA
:1048800035602FE01E4D2D1D2D68C5F380541C4D45
:104890002D1D2D6805F03F0154B1224DB5FBF1F5FA
:1048A000174E361D3668C6F3881605FB06F209E07A
:1048B0001A4DB5FBF1F5124E361D3668C6F3881653
:1048C00005FB06F20E4D2D1D2D68C5F301456D1C2F
:1048D0006B00B2FBF3F5124E356003E00F4D104E46
:1048E000356000BF00BF064D08352D68C5F30315C0
:1048F0000D4E705D0A4D2D68C540094E356070BD86
:10490000003802400070004008544007003C02405C
:10491000FFFFF6FE1030002408ED00E00024F40054
:104920008002002000127A0084020020064880479E
:1049300006480047FEE7FEE7FEE7FEE7FEE7FEE784
:10494000FEE7FEE7FEE7FEE70948000889010008E8
:1049500032490143324A1160704770B5002100238B
:104960000F22C4781CB32E4C246804F4E064C4F510
:10497000E064C4F30721C1F10404E3B20A414478BE
:104980009C40E1B28478144021430C07210E254C51
:1049900005786155047804F01F050124AC400578C2
:1049A0006D11AD0005F1E025C5F8004109E004787E
:1049B00004F01F050124AC401B4D0678761145F824
:1049C000264070BD194A0A400243154B1B1F1A604E
:1049D000704739B1124A121D12680243104B1B1D59
:1049E0001A6006E00E4A121D126882430C4B1B1D12
:1049F0001A607047042808D14FF0E021096941F09E
:104A000004014FF0E022116107E04FF0E021096955
:104A100021F004014FF0E022116170470000FA0517
:104A20000CED00E000E400E080E100E080FFFF1F0B
:104A300010B504468C48844208D10121084600F094
:104A400000FB0021012000F0FCFA5EE08748844270
:104A500008D10121022000F0F4FA0021022000F028
:104A6000F0FA52E08248844208D10121042000F08B
:104A7000E8FA0021042000F0E4FA46E07D48844290
:104A800008D10121082000F0DCFA0021082000F004
:104A9000D8FA3AE07848844208D10121102000F089
:104AA000D0FA0021102000F0CCFA2EE073488442A6
:104AB00008D10121202000F0C4FA0021202000F0BC
:104AC000C0FA22E06E48844208D10121402000F063
:104AD000B8FA0021402000F0B4FA16E06948844298
:104AE00008D10121802000F0ACFA0021802000F0E4
:104AF000A8FA0AE06448844207D10121801500F039
:104B0000A0FA0021A01500F09CFA10BDF0B50A46ED
:104B100000210023002400BF3DE0012505FA01F338
:104B2000156805EA03049C4234D105684F0003264A
:104B3000BE40B543056015794E00B5400668354363
:104B400005601579012D02D01579022D16D18568E1
:104B50004F000326BE40B543856055794E00B540F1
:104B6000866835438560456801268E40B5434560BB
:104B7000456896798E40B6B235434560C5684F00AA
:104B80000326BE40B543C560D5794E00B540C66822
:104B90003543C560491C1029BFD3F0BD4FF6FF71E6
:104BA00001600021017141718171C171704708B5C7
:104BB0004FF480320092009A0A430092009AC26138
:104BC000C161009AC261C2690092C269009208BDC7
:104BD0000246002013690B400BB1012000E00020C9
:104BE00070470146086980B2704702460020536949
:104BF0000B400BB1012000E00020704701464869DE
:104C000080B2704701837047418370470AB10183C6
:104C100000E0418370474161704742694A40426108
:104C20007047F0B5002300244D07ED0E02FA05F39E
:104C3000CE1000F1200555F826504E07F70E0F262E
:104C4000BE40B543CF1000F1200646F82750CE10E5
:104C500000F1200555F8265045EA0304CE1000F176
:104C6000200545F82640F0BD000002400004024047
:104C700000080240000C02400010024000140240F4
:104C800000180240001C024000200240FA48006860
:104C900040F00100F84908600020F7490831086039
:104CA000F5480068F5490840F3490860F448091DD3
:104CB0000860081F006820F48020091F0860002099
:104CC000ED490C31086070470021EB4A921C1170CD
:104CD00011460870704710B50146002200230020DD
:104CE0004A11012A02D1E44C236808E0022A03D1C8
:104CF000E14C7034236802E0DF4C7434236801F027
:104D00001F02012494401C400CB1012000E000204F
:104D100010BD38B5002000900024002500BF3120D0
:104D2000FFF7D9FF05460098401C00900098B0F5A9
:104D3000A06F01D0002DF2D03120FFF7CCFF08B1D9
:104D4000012400E00024204638BD01460020CA4A64
:104D5000106820F0F80040EAC10010607047C949AF
:104D6000086070470021C44A703211701170012828
:104D700002D004280AD104E00121BF4A7032117028
:104D800005E00521BC4A7032117000E000BF00BF91
:104D90007047BD490860704770B5049C41EA8215B0
:104DA0000126C6EB530645EA0645054345EA046578
:104DB000B14E361D356070BDB2490866704782013C
:104DC00042EA0172AC4B84331A607047AD49886681
:104DD0007047AC49C864704702460020A64B0833B0
:104DE000186820F0EC6042EA01031843A24B083334
:104DF00018607047024600209F4B0833186820F067
:104E0000784042EA010318439B4B0833186070470F
:104E100001460020984A0832106820F00300084339
:104E20001060704794480830006800F00C0070472C
:104E300001460020904A0832106820F0F000084334
:104E400010607047014600208B4A0832106820F439
:104E5000E05008431060704701460020864A08323F
:104E6000106820F4604040EAC10010607047F0B55F
:104E70000021002200240225002602237E4F08374D
:104E80003F6807F00C0121B1042905D0082937D16A
:104E900005E07E4F076036E07D4F076033E0764FD8
:104EA0003F1D3F68C7F38056734F3F1D3F6807F0B3
:104EB0003F036EB1764FB7FBF3F7DFF8BCC10CF1DF
:104EC000040CDCF800C0CCF3881C07FB0CF40CE0ED
:104ED0006E4FB7FBF3F7DFF8A0C10CF1040CDCF860
:104EE00000C0CCF3881C07FB0CF4634F3F1D3F68E8
:104EF000C7F301477F1C7D00B4FBF5F7076002E0B4
:104F0000624F076000BF00BF5B4F08373F6807F084
:104F1000F00109095F4F7A5C0768D7404760564F38
:104F200008373F6807F4E051890A5A4F7A5C4768AE
:104F3000D7408760504F08373F6807F46041490BFE
:104F4000544F7A5C4768D740C760F0BD002100F439
:104F50004072B2F5407F0AD1474A0832116821F405
:104F6000F8114D4A02401143434A08321160424A47
:104F700070321268C0F30B031A433F4B70331A6050
:104F8000704741494439086070473F4940390860DB
:104F9000704742490860704739B1374A3032126869
:104FA0000243354B30331A6006E0334A3032126820
:104FB0008243314B30331A60704739B12E4A343254
:104FC000126802432C4B34331A6006E02A4A34320A
:104FD00012688243284B34331A60704739B1264A2D
:104FE000383212680243244B38331A6006E0224AF2
:104FF000383212688243204B38331A60704739B117
:105000001D4A4032126802431B4B40331A6006E0CF
:10501000194A403212688243174B40331A60704776
:1050200039B1154A443212680243134B44331A60B3
:1050300006E0114A4432126882430F4B44331A602F
:10504000704739B10C4A1032126802430A4B1033D0
:105050001A6006E0084A103212688243064B103389
:105060001A607047E1B1044A143212680243024BDD
:1050700014331A6019E0000000380240FFFFF6FE0A
:105080001030002400004742800E47420024F40004
:1050900000127A0094020020FFFCFF0F5C014742DF
:1050A0005B4A126882435A4B1A60704739B1584ABA
:1050B000121D12680243564B1B1D1A6006E0544A2B
:1050C000121D12688243524B1B1D1A60704739B182
:1050D0004F4A0C32126802434D4B0C331A6006E003
:1050E0004B4A0C3212688243494B0C331A607047AA
:1050F00039B1474A103212680243454B10331A60E7
:1051000006E0434A103212688243414B10331A6062
:10511000704739B13E4A3C32126802433C4B3C3343
:105120001A6006E03A4A3C3212688243384B3C33FC
:105130001A60704739B1364A403212680243344B24
:1051400040331A6006E0324A403212688243304BE4
:1051500040331A60704739B12D4A44321268024315
:105160002B4B44331A6006E0294A443212688243CA
:10517000274B44331A60704739B1254A4C321268C4
:105180000243234B4C331A6006E0214A4C3212682A
:1051900082431F4B4C331A60704739B11C4A50325E
:1051A000126802431A4B50331A6006E0184A503214
:1051B00012688243164B50331A60704739B1144A53
:1051C000D21F12780243124BDB1F1A7006E0104AFE
:1051D000D21F127882430E4BDB1F1A7070470C48A7
:1051E0006030006840F080700949603108607047A5
:1051F00001460020064A083A12680A400AB1012016
:1052000000E0002070470249891F087070470000C5
:105210001438024010B501210802FFF769FF002190
:105220004FF48070FFF764FF10BD30B502460020D8
:1052300000235068F84C20400D790C6844EA05249E
:10524000204350609068F54C2040D1E903542C4332
:105250008D682C434D7944EA450420439060D06A20
:1052600020F470000C7D641EE4B2234340EA035036
:10527000D06230BD00210160017141718160C16067
:1052800001610121017570470021E54A1168E54A75
:105290001140D0E900231A4383681A43C3681A43B4
:1052A0001143E14AC2F804137047002101604160D4
:1052B0008160C160704721B1826842F00102826062
:1052C00003E0826822F00102826070470A460021F2
:1052D0004168D64B19401143416070474162826278
:1052E00070470A460021416821F01F0111434160C7
:1052F000704738B1CA49096841F40001CA4AC2F886
:10530000041306E0C649096821F40001C64AC2F840
:105310000413704738B1C249096841F48001C24A98
:10532000C2F8041306E0BE49096821F48001BE4AB0
:10533000C2F804137047F0B504460D460020002162
:10534000092D11DDE068A5F10A0606EB46070726E0
:1053500006FA07F18843A5F10A0606EB460603FAAA
:1053600006F10843E0600CE0206905EB45070726DD
:1053700006FA07F1884305EB450603FA06F10843F0
:105380002061072A0FDA606B561E06EB86071F2680
:1053900006FA07F18843561E06EB860605FA06F163
:1053A0000843606322E00D2A0FDA206BD61F06EB5C
:1053B00086071F2606FA07F18843D61F06EB8606E6
:1053C00005FA06F10843206310E0E06AA2F10D0639
:1053D00006EB86071F2606FA07F18843A2F10D06A1
:1053E00006EB860605FA06F10843E062F0BD816827
:1053F00041F0804181607047014600208A6802F4D4
:1054000080020AB1012000E00020704721B18268CB
:1054100042F48062826003E0826822F480628260EB
:10542000704721B1826842F00202826003E0826824
:1054300022F002028260704710B50A460021002364
:10544000416821F46041531E41EA4331416010BD7F
:1054500021B1426842F40062426003E0426822F4F3
:105460000062426070470146C86C80B270476C4869
:10547000001D0068704721B1826842F4807282602A
:1054800003E0826822F480728260704721B18268F2
:1054900042F40072826003E0826822F4007282604B
:1054A000704738B15E49096841F400515E4AC2F85C
:1054B000041306E05A49096821F400515A4AC2F817
:1054C00004137047F0B5044615460020002200265C
:1054D000092911DDE068A1F10A0707EB470C07274E
:1054E00007FA0CF29043A1F10A0707EB470703FA0A
:1054F00007F21043E0600CE0206901EB410C072744
:1055000007FA0CF2904301EB410703FA07F210434C
:105510002061A06BC0F30156EF1C06F1010CA7EB54
:105520000C0707EB870C1F2707FA0CF29043EF1CC0
:1055300006F1010CA7EB0C0707EB870701FA07F24E
:105540001043A063F0BD10B50A4600210023816B13
:1055500021F44011531E41EA0351816310BD08B587
:10556000002300930090009B0B440093009B1A6063
:1055700008BD0A460021816821F470211143816031
:1055800070470A460021816821F44011114381606F
:105590007047816841F480018160704701460020B6
:1055A0008A6802F480020AB1012000E000207047FE
:1055B00021B1426842F48062426003E0426822F412
:1055C00080624260704721B1426842F4805242607A
:1055D00003E0426822F480524260704708B50246F8
:1055E00000200090009201F12800009B18440090D8
:1055F0000098006880B208BD10B50B460021D9B2F2
:10560000012404FA01F11AB144680C43446002E039
:1056100044688C43446010BDFFFEFFFCFDF7FFC0F3
:1056200004230140E030FCFF00200140FFFD3FFF6C
:105630000246002013680B400BB1012000E000205F
:105640007047CA430260704770B5024600200023CD
:1056500000240B12556801268E4005EA06041568E1
:105660001D4015B10CB1012000E0002070BD0022EA
:105670000A12D34303607047016821F00101016001
:105680000021016041608160C160016121214161AF
:10569000DB49884204D13D21D94A103A91608CE01F
:1056A000D7491831884205D14FF47461D44A103A71
:1056B000916082E0D2493031884205D14FF47411B3
:1056C000CF4A103A916078E0CD494831884205D1FF
:1056D0004FF07461CA4A103A91606EE0C849603177
:1056E000884204D1C749C64A103AD16065E0C4492E
:1056F0007831884204D1C449C14A103AD1605CE093
:10570000BF499031884204D1C049BD4A103AD160A6
:1057100053E0BB49A831884205D14FF03D51B84A0A
:10572000103AD16049E0BA49884204D13D21B84AD3
:10573000083A116041E0B6491831884205D14FF46A
:105740007461B34A083A116037E0B1493031884298
:1057500005D14FF47411AE4A083A11602DE0AC49FE
:105760004831884205D14FF07461A94A083A116066
:1057700023E0A7496031884204D1A249A44A121FFC
:1057800011601AE0A2497831884204D19E49A04AAA
:10579000121F116011E09E499031884204D19B494B
:1057A0009B4A121F116008E09949A831884204D130
:1057B0004FF03D51964A121F1160704710B50022FC
:1057C0000268944B1A40CC680B6823434C6923430E
:1057D0008C692343CC6923430C6A23434C6A2343DB
:1057E0008C6A23434C6B23438C6B23431A43026024
:1057F000426922F00702D1E90B3423431A43426184
:105800000B6943604B6883608B68C36010BD0021E7
:10581000016041608160C160016141618161C1617C
:10582000016241628162C1620163416381637047C9
:1058300021B1026842F00102026003E0026822F036
:1058400001020260704721B1026842F40042026026
:1058500003E0026822F400420260704721B102684E
:1058600042F02002026003E0026822F0200202609F
:105870007047416070470146486880B2704722B166
:10588000036843F40023036003E0036823F4002368
:1058900003600161704721B1026842F48022026016
:1058A00003E0026822F48022026070470AB10161BD
:1058B00000E0C1607047014600200A6802F400223F
:1058C0000AB1012000E000207047014600200A686C
:1058D00002F001020AB1012000E0002070470146F9
:1058E00000204A6902F03800704730B503460A4686
:1058F00000200024464DAB4202D24149103901E05C
:105900004349103902F000550DB14C6800E00C68B5
:10591000414D2C4004EA02050DB1012000E00020B9
:1059200030BD02463A4B9A4202D23548103801E067
:105930003748103801F000531BB1374B0B40C360A0
:1059400002E0354B0B408360704710B501F08003D7
:105950004BB122B1436943F08003436103E04369E3
:1059600023F08003436180290BD02AB1036801F042
:105970001E042343036004E0036801F01E04A343F4
:10598000036010BD70B50246002000240025204EA3
:10599000B24202D21A4B103B01E01D4B103B1F4E8E
:1059A0000E4036B11E2606EAD124166806EA040522
:1059B00002E0566906F0800501F000560EB15C6801
:1059C00000E01C68144E344004EA010616B10DB123
:1059D000012000E0002070BD02460D4B9A4202D229
:1059E0000748103801E00A48103801F000531BB195
:1059F000094B0B40C36002E0074B0B4083607047CC
:105A0000106002403D000020400F002000003D20BB
:105A1000106402403F801CF07D0F7D0F3C0F3C0F57
:105A2000002044490860091D0860091D0860091D1F
:105A3000086041483F4914310860704700213D49E2
:105A40008279002A3AD00A46126803689A430B46C4
:105A50001A600A1D126803689A430B1D1A600279C6
:105A600011440A6803681A430A60324A083212680D
:105A700003689A432F4B08331A601A1D1268036893
:105A80009A432C4B0C331A604279102A0ED11A1FFC
:105A9000126803681A43274B08331A601A1D1268EC
:105AA00003681A43234B0C331A600DE021494279F5
:105AB00011440A6803681A430A6005E00279114438
:105AC0000A6803689A430A60704700210160017107
:105AD0000C2141710021817170471649103109680C
:105AE0000143144A10321160704701460020114AE8
:105AF000143212680A400AB1012000E00020704709
:105B00000C49143108607047014600200022094BFF
:105B10001B6803EA0102074B14331B680B4013B1E7
:105B20000AB1012000E000207047024914310860EA
:105B300070470000003C0140FFFF7F0010B50446A5
:105B4000FE48844208D101210846FFF7D1FA00211E
:105B50000120FFF7CDFA9DE0B4F1804F08D101217B
:105B60000846FFF7B4FA00210120FFF7B0FA91E0F0
:105B7000F348844208D101210220FFF7A8FA00214E
:105B80000220FFF7A4FA85E0EE48844208D1012103
:105B90000420FFF79CFA00210420FFF798FA79E02F
:105BA000E948844208D101210820FFF790FA00213A
:105BB0000820FFF78CFA6DE0E448844208D1012107
:105BC0001020FFF784FA00211020FFF780FA61E02F
:105BD000DF48844208D101212020FFF778FA002114
:105BE0002020FFF774FA55E0DA48844208D10121F9
:105BF0000220FFF77DFA00210220FFF779FA49E041
:105C0000D548844209D101210804FFF771FA002127
:105C10004FF48030FFF76CFA3CE0D048844209D161
:105C200001214804FFF764FA00214FF40030FFF728
:105C30005FFA2FE0CA48844209D101218804FFF7A6
:105C400057FA00214FF48020FFF752FA22E0C548AE
:105C5000844208D101214020FFF739FA0021402079
:105C6000FFF735FA16E0C048844208D101218020B0
:105C7000FFF72DFA00218020FFF729FA0AE0BB4840
:105C8000844207D101218015FFF721FA0021A015D8
:105C9000FFF71DFA10BD00220288A84B98420ED0D3
:105CA000AC4B98420BD0B0F1804F08D0A44B984237
:105CB00005D0A44B984202D0A34B984204D14FF692
:105CC0008F731A404B881A43A04B984207D0A04BC1
:105CD000984204D04FF6FF431A400B891A430280C2
:105CE0004B68C3620B880385944B984202D0994B52
:105CF000984201D18B7A03860123838270474FF04B
:105D0000FF31416000210180018141808172704733
:105D10000185828270470A46002101884FF68F7301
:105D2000194011430180704741627047C16270475A
:105D30000146486A70470146088D704721B10288C4
:105D400042F00202028004E002884FF6FD731A401E
:105D50000280704721B1028842F00402028004E010
:105D600002884FF6FB731A400280704721B1028807
:105D700042F08002028004E002884FF67F731A40EE
:105D80000280704702884FF6F7731A40028002883B
:105D90000A430280704702884FF6FF431A40028090
:105DA00002880A430280704721B1028842F0010252
:105DB000028004E002884FF6FE731A4002807047AA
:105DC00070B5002400220023058C4FF6FE76354086
:105DD0000584028C8388048B4FF68F752C40B51E8A
:105DE0002C400D882C43751E2A408D892A434D88EE
:105DF0002A43524DA84202D0564DA84213D14FF625
:105E0000F7752A40CD892A434FF6FB752A408D88C5
:105E10002A434FF6FF652B404FF6FF552B400D8A66
:105E20002B434D8A2B43838004838D684563028412
:105E300070BD70B5002400220023058C4FF6EF766C
:105E400035400584028C8388048B48F6FF752C400E
:105E50004FF6FF452C400D884FF6FF7606EA0525E4
:105E60002C434FF6DF752A408D8906EA05152A4333
:105E70004D8806EA05152A43304DA84202D0354D1B
:105E8000A8421DD14FF67F752A40CD894FF6FF7687
:105E900006EA05152A434FF6BF752A408D8806EAA3
:105EA00005152A434FF6FF352B404FF2FF752B4067
:105EB0000D8A06EA85052B434D8A06EA85052B43A4
:105EC000838004838D688563028470BD70B500246F
:105ED00000220023058C4FF6FF6635400584028CB6
:105EE0008388848B4FF68F752C404FF6FC752C40C1
:105EF0000D882C434FF6FF552A408D894FF6FF76CB
:105F000006EA05252A434D8806EA05252A430B4D56
:105F1000A84202D00F4DA84238D14FF2FF752A4057
:105F2000CD894FF6FF7606EA05252A434FF6FF3561
:105F30002A408D8806EA05252A4319E00000014021
:105F40000004004000080040000C00400010004029
:105F500000140040000401400040014000440140A2
:105F60000048014000180040001C00400020004094
:105F70004EF6FF752B404DF6FF752B400D8A06EA55
:105F800005152B434D8A06EA05152B438380848330
:105F90008D68C563028470BD70B5002200230024A3
:105FA000058C4EF6FF7635400584038C8488828B01
:105FB00048F6FF752A404FF6FF452A400D884FF6F8
:105FC000FF7606EA05252A434DF6FF752B408D899D
:105FD00006EA05352B434D8806EA05352B43FE4D71
:105FE000A84202D0FD4DA84208D14BF6FF752C40C7
:105FF0000D8A4FF6FF7606EA85152C43848082834E
:106000008D680564038470BD00210180418081801A
:1060100081608181C18101824182704770B50346F0
:10602000002000241846183001258D40ACB21D8C8C
:10603000A5431D8409B108290AD100EB6100056858
:106040004FF68F76354005600568154305600FE013
:106050000D1FC5F34E052844056848F6FF76354008
:10606000056005684FF6FF7606EA022635430560AF
:1060700070BD4163704781637047C16370470164BD
:1060800070470A460021018B4FF68F731940114368
:10609000018370470A460021018B48F6FF731940BF
:1060A0004FF6FF7303EA02231943018370470A4640
:1060B0000021818B4FF68F73194011438183704704
:1060C0000A460021818B48F6FF7319404FF6FF7393
:1060D00003EA02231943818370470A460021018B9A
:1060E0004FF6F77319401143018370470A460021A8
:1060F000018B4FF2FF7319404FF6FF7303EA02233F
:106100001943018370470A460021818B4FF6F773CC
:1061100019401143818370470A460021818B4FF259
:10612000FF7319404FF6FF7303EA0223194381837B
:1061300070470A460021018B4FF6FB73194011434B
:10614000018370470A460021018B4FF6FF33194047
:106150004FF6FF7303EA02231943018370470A468F
:106160000021818B4FF6FB731940114381837047E7
:106170000A460021818B4FF6FF3319404FF6FF731B
:1061800003EA02231943818370470A460021018BE9
:106190004FF67F7319401143018370470A4600216F
:1061A000018BC1F30E014FF6FF7303EA022319437B
:1061B000018370470A460021818B4FF67F73194097
:1061C0001143818370470A460021818BC1F30E0180
:1061D0004FF6FF7303EA02231943818370470A468F
:1061E0000021018C4FF6FD73194011430184704763
:1061F0000A460021018C4FF6F773194011430184C0
:1062000070470A460021018C4FF6DF7319404FF6A4
:10621000FF7303EA02131943018470470A46002101
:10622000018C4FF67F7319404FF6FF7303EA021398
:106230001943018470470A460021018C4FF6FF5331
:1062400019404FF6FF7303EA022319430184704794
:106250000A460021018C4FF2FF7319404FF6FF737D
:1062600003EA02231943018470470A460021018C86
:106270004DF6FF7319404FF6FF7303EA02331943DB
:106280000184704730B5002301248C40A3B2048CF4
:106290009C430484048C02FA01F5ADB22C430484BF
:1062A00030BD30B5002304248C40A3B2048C9C4341
:1062B0000484048C02FA01F5ADB22C43048430BD91
:1062C000828B4FF2FF331A408283828B4FF6FF732B
:1062D00003EA01231A4382837047F0B50C46154642
:1062E000002100220026078C4EF6FF7C07EA0C07EF
:1062F0000784818B028C4FF6FF7707EA043640F65D
:10630000FF4739404FF6FF7707EA052739434FF635
:10631000FF7707EA0337394345F6FF773A4046F4FB
:1063200080573A4381830284F0BD828B4FF6F3732A
:106330001A408283828B0A4382837047F0B50C46F1
:106340001546002100220026078C4FF6FF6C07EA55
:106350000C070784818B028C4FF6FF7707EA04262F
:106360004FF60C7739404FF6FF7707EA03172F43B4
:1063700039434FF2FF573A4046F480773A438183DE
:106380000284F0BD028B4FF2FF331A400283028B6E
:106390004FF6FF7303EA01231A4302837047F0B5F7
:1063A0000C461546002100220026078C4FF6EF7C94
:1063B00007EA0C070784018B028C4FF6FF7707EA88
:1063C000041640F6FF4739404FF6FF7707EA0337D8
:1063D00039434FF6FF7703E000000140000401401D
:1063E00007EA052739434FF65F773A4046F0100732
:1063F0003A4301830284F0BD028B4FF6F3731A40D7
:106400000283028B0A4302837047F0B50C4615469F
:1064100000210022068C4FF6FE773E400684018B59
:10642000028C4FF60C7631407E1C06EA03162E4392
:1064300031434FF6F576324044F001063243018392
:106440000284F0BD70B505460C46208850B92389FA
:10645000A28861882846FFF7D8FFE1882846FFF721
:10646000CBFF25E0208804280AD12389A2886188EF
:106470002846FFF794FFE1882846FFF783FF17E0DF
:10648000208808280AD12389A28861882846FFF736
:1064900055FFE1882846FFF748FF09E02389A288D5
:1064A00061882846FFF719FFE1882846FFF708FFB3
:1064B00070BD002101804180012181800021C180C7
:1064C000018170472DE9F04105460C460026012761
:1064D000608808B9022600E00026A088012801D1C2
:1064E000022700E001272088A0B92389A2886188BB
:1064F0002846FFF78AFFE1882846FFF77DFF2389BA
:106500003A4631462846FFF74AFFE1882846FFF71A
:1065100039FF13E02389A28861882846FFF73FFFEF
:10652000E1882846FFF72EFF23893A463146284660
:10653000FFF76BFFE1882846FFF75EFFBDE8F081BB
:106540000146486B70470146886B70470146C86B2F
:1065500070470146086C70470A884B881A438B883D
:106560001A43CB881A430B891A434B891A438B89E8
:106570001A43A0F8442070470021018041808180A7
:10658000C180018141818181704731B1B0F84420DF
:1065900042F40042A0F8442005E0B0F84420C2F3E1
:1065A0000E02A0F84420704721B1828842F0040214
:1065B000828004E082884FF6FB731A408280704725
:1065C00021B1828842F00102828004E082884FF685
:1065D000FE731A40828070471AB183890B4383810E
:1065E00002E083898B438381704781827047024632
:1065F0000020138A0B400BB1012000E000207047FF
:10660000CA430282704730B50246002000230024AE
:10661000158A05EA0103958905EA010413B10CB155
:10662000012000E0002030BDCA430282704741EAE9
:106630000203A0F8483070471AB183890B43838165
:1066400002E083898B438381704721B1828842F0C5
:106650000802828004E082884FF6F7731A40828035
:10666000704701894FF6F8721140018170470A4660
:10667000002101894FF68F73194011430181704742
:1066800030B504460D4629462046FFF7F0FF208925
:1066900040F00700208130BD2DE9F04104460D4651
:1066A00016461F46602D06D13B4601223146204644
:1066B000FFF775FE05E03B46012231462046FFF715
:1066C000A4FE29462046FFF7D2FF208940F00700AC
:1066D0002081BDE8F08130B50C4600210189C9B2A6
:1066E0004FF6FF7505EA032515432543294301812C
:1066F00030BD2DE9F04105460E4617469846002468
:1067000043463A4631462846FFF7E5FF2C894FF6C7
:10671000F870044044F007044FF68F70044044F0D2
:1067200070042C81BDE8F081F0B504460D46164694
:106730001F463B46324629462046FFF7CCFF2089BC
:1067400040F480402081F0BD82884FF68F731A405C
:10675000828082880A438280704702894FF6F873EC
:106760001A40028102890A430281704702894FF66A
:106770007F731A40028102890A4302817047F0B593
:106780000C4615461E460021002200230189028B7B
:10679000038C4FF6F877394021434FF6FC473A40D7
:1067A00040F201173A434FF6DD773B404FF6FF7753
:1067B00007EA06172F433B43018102830384F0BDA0
:1067C00021B1828842F08002828004E082884FF604
:1067D0007F731A4082807047A0F850107047000005
:1067E00010B50446F748844208D101211020FEF775
:1067F0007FFC00211020FEF77BFC3EE0F248844243
:1068000009D101214804FEF762FC00214FF4003059
:10681000FEF75DFC31E0ED48844209D10121880496
:10682000FEF755FC00214FF48020FEF750FC24E0D9
:10683000E748844209D10121C804FEF748FC002141
:106840004FF40020FEF743FC17E0E248844209D1F0
:1068500001210805FEF73BFC00214FF48010FEF7F4
:1068600036FC0AE0DC48844207D101212020FEF7F3
:106870003FFC00212020FEF73BFC10BD2DE9FF4727
:1068800005460E460024A14600BFA046B08900B1CF
:1068900000BF2C8A24F44054F08804432C82AC8935
:1068A00041F20C608443B088318908437189084300
:1068B0000443AC81AC8A24F44074B0890443AC82B4
:1068C0006846FEF7D4FABF48854202D0C2488542E6
:1068D00002D1DDF80C9001E0DDF80890A88900F401
:1068E000004040B109EBC90000EB091031684900D4
:1068F000B0FBF1F707E009EBC90000EB09103168C4
:106900008900B0FBF1F76420B7FBF0F00401200927
:10691000642101FB1078A88900F4004040B13220C6
:1069200000EBC800B0FBF1F000F00700044308E002
:10693000322000EB08106421B0FBF1F000F00F00F2
:1069400004432C81BDE8FF874FF4165101600021FC
:106950008180C18001810C214181002181817047AA
:1069600010B502460020108A20F470600B884C8815
:1069700023438C882343CC8823431843108210BDC3
:106980000021018041808180C180704721B18289CE
:1069900042F40052828104E082894DF6FF731A406E
:1069A00082817047028B02F47F420283028B0A438A
:1069B0000283704721B1828942F40042828103E060
:1069C0008289C2F30E028281704721B1828A42F429
:1069D0000062828204E0828A4FF2FF731A40828250
:1069E0007047C1F308028280704701468888C0F36F
:1069F00008007047028A4FF6F0731A400282028A3A
:106A00000A430282704721B1828942F002028281E8
:106A100004E082894FF6FD731A40828170478289B3
:106A20004FF2FF731A40828182890A438281704744
:106A3000028A4FF6DF731A400282028A0A430282F8
:106A4000704721B1028A42F48042028204E0028A45
:106A50004BF6FF731A4002827047818941F00101B1
:106A60008181704721B1828A42F00802828204E06B
:106A7000828A4FF6F7731A4082827047028BD2B235
:106A80000283028B42EA01220283704721B1828A8B
:106A900042F02002828204E0828A4FF6DF731A40BD
:106AA0008282704721B1828A42F01002828204E021
:106AB000828A4FF6EF731A4082827047828A4FF6BD
:106AC000FB731A408282828A0A438282704721B114
:106AD000828A42F00202828204E0828A4FF6FD73CB
:106AE0001A40828270471AB1838A0B43838202E084
:106AF000838A8B4383827047F0B5034600240026C7
:106B00000025002040F66A17B94200D100BF1846A0
:106B1000C1F3421401F01F06012707FA06F5012C04
:106B200001D10C3004E0022C01D1103000E014300F
:106B30001AB107682F43076002E00768AF43076098
:106B4000F0BD02460020B1F5007F00D100BF1388E0
:106B50000B400BB1012000E00020704701F40072EF
:106B6000B2F5007F00D100BFCA430280704770B504
:106B70000246002400230025002040F66A16B14298
:106B800000D100BFC1F3421501F01F03012606FA30
:106B900003F3012D02D19689334006E0022D02D184
:106BA000168A334001E0968A33400C12012606FA19
:106BB00004F41688344013B10CB1012000E0002029
:106BC00070BD00000010014000440040004800403B
:106BD000004C0040005000400014014010B500225D
:106BE000002340F66A14A14200D100BF0A1201241A
:106BF0009440A3B2DC43048010BD000010B5012115
:106C00008803FEF775FA00214FF48040FEF770FA12
:106C100010BD1A490860704730B500228B071C0F61
:106C20000F2303FA04F2154B08338C1053F8243069
:106C30009343124C08348D1044F8253023468C10B1
:106C400053F824308C07240F00FA04F423430B4C30
:106C500008348D1044F8253030BD0949086070476C
:106C6000084908607047002004492031096801F490
:106C7000807109B1012000E0002070470038014018
:106C8000DC0027420004274200F1080141604FF078
:106C9000FF31816000F10801C160016100210160E4
:106CA0007047002101617047426853684B60436838
:106CB0008B605368996051604160086103685B1C98
:106CC0000360704710B502460B685C1C0CB9106974
:106CD00007E002F1080000E04068446824689C4234
:106CE000FAD944684C604C68A160886041600A61D0
:106CF0001468641C146010BD0146D1E9013098602D
:106D0000D1E9010358600A695068884201D1886856
:106D10005060002008611068401E106010687047C5
:106D200070B504460D461CB9F9F782FA00BFFEE7BC
:106D300000F0F3FDD4E90F12206801FB020060604F
:106D40000020A0632068A060E06B401E226C2168D8
:106D500000FB0210E0604FF0FF306064A06475B982
:106D6000206908B9012000E0002080B904F110007A
:106D700001F02AFC01280AD100F0C9FD07E004F166
:106D80001000FFF781FF04F12400FFF77DFF00F002
:106D9000CDFD012070BD2DE9F04705460E46174692
:106DA0004FF00009DDB1502000F0E4FD0446B4B11D
:106DB00005FB06F000F10108404600F0DBFD206015
:106DC000206848B1E563266401212046FFF7A8FF4B
:106DD00084F84D70A14602E0204600F02CFEB9F187
:106DE000000F03D1F9F724FA00BFFEE74846BDE8DB
:106DF000F08710B5044600F090FD11E0606A08B914
:106E0000012000E0002050B904F1240001F0DCFB77
:106E100008B101F054FCA06C401EA06400E002E048
:106E2000A06C0028EADC00BF4FF0FF30A06400F047
:106E30007DFD00F072FD11E0206908B9012000E03D
:106E4000002050B904F1100001F0BEFB08B101F0C0
:106E500036FC606C401E606400E002E0606C00285C
:106E6000EADC00BF4FF0FF30606400F05FFD10BD52
:106E700070B5044600F051FDA06BE16B884201D172
:106E8000012000E00020054600F050FD284670BDBE
:106E900070B504460E461546206C38B9206838BBDC
:106EA000606801F09BFC0020606021E07DB9314604
:106EB000226CA06801F0BCFC216CA0680844A060B2
:106EC000D4E90110884213D32068A06010E0314655
:106ED000226CE06801F0ACFC216CE068401AE060D4
:106EE0002168E068884203D2216C6068401AE06043
:106EF000A06B401CA06370BDFFB583B004460D4677
:106F00001E4600271CB9F9F793F900BFFEE70DB93B
:106F1000206C08B9012000E0002018B9F9F788F9C1
:106F200000BFFEE700BF00F0F8FCA06BE16B8842F9
:106F300017D2324629462046FFF7AAFF606A08B9F1
:106F4000012000E0002038B904F1240001F03CFBEE
:106F5000012801D100F0DBFC00F0E8FC012007B0C3
:106F6000F0BD059818B900F0E1FC0020F7E71FB963
:106F700001A801F05EFB012700F0D8FC00F0DEFF65
:106F800000F0CBFC606C401C08B900206064A06C71
:106F9000401C08B90020A06400F0C8FC05A901A8A5
:106FA00001F055FBC0B92046FFF762FF70B104F154
:106FB0001000059901F0CBFA2046FFF71AFF00F008
:106FC0000DFF0028AFD100F0A2FCACE72046FFF790
:106FD00010FF00F003FFA6E72046FFF70AFF00F0CE
:106FE000FDFE0020BBE770B50546502000F0C2FC56
:106FF0000446E4B1002060602060A060E060A0630F
:107000000120E06300202064401E6064A06484F8D6
:107010004D5004F11000FFF737FE04F12400FFF794
:1070200033FE00231A4619462046FFF765FF1CB9B8
:10703000F9F7FEF800BFFEE7204670BD70B50446C4
:107040001CB9F9F7F5F800BFFEE701F047FB6168EE
:1070500088420CD1E068401EE060E06828B9002357
:107060001A4619462046FFF747FF012500E0002594
:10707000284670BD70B5044600F04FFCA06B08B9FF
:10708000012000E00020054600F050FC284670BDBD
:1070900070B504460D46206870B1216CE068084464
:1070A000E0606168E068884201D32068E0602846BB
:1070B000226CE16801F0BCFB70BD2DE9FF4182B09C
:1070C00004460D461E464FF000081CB9F9F7B0F80B
:1070D00000BFFEE70DB9206C08B9012000E00020D8
:1070E00018B9F9F7A5F800BFFEE700BF00F015FCDE
:1070F000A06B80B3E76829462046FFF7C9FFB6B901
:10710000A06B401EA063206810B901F0E7FA606030
:10711000206908B9012000E00020B0B904F1100096
:1071200001F052FA012810D100F0F1FB0DE0E76008
:10713000606A08B9012000E0002030B904F12400A1
:1071400001F042FA08B100F0E2FB00F0EFFB012091
:1071500006B0BDE8F081FFE7049818B900F0E6FB3F
:107160000020F5E7B8F1000F04D1684601F061FA9C
:107170004FF0010800F0DAFB00F0E0FE00F0CDFB7C
:10718000606C401C08B900206064A06C401C08B909
:107190000020A06400F0CAFB04A9684601F057FA79
:1071A00008BB2046FFF766FFB8B1206830B900F091
:1071B000B4FB606801F0A1FA00F0B8FB04F1240010
:1071C000049901F0C4F92046FFF713FE00F006FE13
:1071D00000288BD100F09BFB88E72046FFF709FED3
:1071E00000F0FCFD82E72046FFF703FE00F0F6FD0D
:1071F0000020ADE770B504460E461CB9F9F718F843
:1072000000BFFEE701F06AFA6168884204D1E068D5
:10721000401CE06001250BE0002332461946204661
:10722000FFF74BFF0546012D02D1E068401CE060EE
:10723000284670BD70B506460D4602220021304634
:10724000FFF7A9FD044604B1A5631CB9F8F7F0FFE8
:1072500000BFFEE7204670BD2DE9F04704460F460B
:10726000154698461CB9F8F7E3FF00BFFEE70FB9D3
:10727000206C08B9012000E0002018B9F8F7D8FF09
:1072800000BFFEE7F8F7D4FF8146A06BE16B8842B0
:107290001BD2424639462046FFF7FAFDA06C401C3F
:1072A00070B9606A08B9012000E0002058B904F103
:1072B000240001F089F930B12DB10120286002E0ED
:1072C000A06C401CA064012600E000264846F8F7A8
:1072D000B6FF3046BDE8F0872DE9F04104460F4681
:1072E00015461CB9F8F7A4FF00BFFEE70FB9206CE4
:1072F00008B9012000E0002018B9F8F799FF00BF95
:10730000FEE7F8F795FF8046A06BE8B139462046C6
:10731000FFF7BEFEA06B401EA063606C401C70B9FE
:10732000206908B9012000E0002058B904F11000DC
:1073300001F04AF930B12DB10120286002E0606C03
:10734000401C6064012600E000264046F8F777FF05
:107350003046BDE8F08170B504461CB9F8F768FF07
:1073600000BFFEE700F0D9FAA56B00F0DFFA28466F
:1073700070BD70B504461CB9F8F75AFF00BFFEE7B0
:10738000A56B284670BD014600200BE03D4A02EB8C
:10739000C00252688A4204D100223A4B43F830209E
:1073A00002E0401C0828F1D300BF704710B5044626
:1073B0001CB9F8F73DFF00BFFEE72046FFF7E3FFEB
:1073C000206800F038FB204600F035FB10BD014678
:1073D00091F84C00704780F84C107047014691F8C6
:1073E0004D00704770B504461CB9F8F721FF00BF87
:1073F000FEE7A06B08B9012000E000200546284602
:1074000070BD70B504461CB9F8F712FF00BFFEE767
:10741000A06BE16B884201D1012000E0002005460D
:10742000284670BD024600200BE0164B53F8303062
:1074300033B9144B43F8301003EBC0035A6002E039
:10744000401C0828F1D300BF704770B504460D46B4
:1074500000F063FA606C401C08B900206064A06C06
:10746000401C08B90020A06400F060FAA06B20B9AD
:10747000294604F1240001F08DF82046FFF7B9FCFD
:1074800070BD0000440500202DE9F04104460D4682
:1074900016461F464FF0000865602461B5420CD8BF
:1074A000F01BA169884202D34FF0010811E0211DB1
:1074B000F0480068FFF706FC0BE0BE4204D2BD4274
:1074C00002D34FF0010804E0211DEB480068FFF7EC
:1074D000F9FB4046BDE8F0812DE9FE4305460E4626
:1074E00017461C46DDF828804FF00009E348006885
:1074F00008B3009601970295ACB901F0F2F80128A3
:1075000008D1002342466946DC480068FFF7F4FCD6
:10751000814610E000231A466946D8480068FFF704
:10752000EBFC814607E0002322466946D348006809
:10753000FFF792FE81464846BDE8FE832DE9F843F9
:1075400081462BE0CC480068C0680568CA480068DE
:10755000C068C468201DFFF7CFFB2046616A8847DA
:10756000E06901281AD1A0694619AE4207D96660C0
:107570002461211DC0480068FFF7A4FB0EE0002035
:1075800003462A46014600902046FFF7A5FF07461E
:107590001FB9F8F74DFE00BFFEE700BFB648006810
:1075A000006808B9012000E000200028CAD0B248D5
:1075B000D0F80080AF480068AF490860AD48C0F817
:1075C0000080BDE8F88370B5044600F009FF054669
:1075D000AB480068854206D2A9480068FFF7AEFFB5
:1075E0000120206001E000202060A54805602846B9
:1075F00070BD70B586B002A8FFF7E5FF064650E003
:10760000059C44B1606908B9012000E0002010B970
:10761000201DFFF771FB039830B1012826D0022806
:1076200025D003283BD136E00498A269811803468F
:1076300032462046FFF728FF012816D12046616A0E
:107640008847E069012810D1002000900498A169C2
:107650004218002319462046FFF73EFF05461DB994
:10766000F8F7E6FD00BFFEE700BF19E018E0049858
:10767000A061A06908B1012000E0002018B9F8F766
:10768000D7FD00BFFEE7A069811933463246204688
:10769000FFF7FAFE04E0204600F0CDF900E000BF5D
:1076A00000BF00231A4603A974480068FFF705FDD0
:1076B0000028A5D106B070BDF8B505460F466E4846
:1076C0000068C068C468201DFFF716FBE069012848
:1076D00017D1A06941192B463A462046FFF7D4FE40
:1076E00001280ED1002003462A460146009020467C
:1076F000FFF7F2FE06461EB9F8F79AFD00BFFEE757
:1077000000BF2046616A8847F8BDF8B504460E46BA
:1077100000F014FC6846FFF756FF05460098A0B934
:1077200046B9AC4206D800F059FB29462046FFF77F
:10773000C3FF0CE0611B51480068FFF786FE00F0B4
:107740004DFB20B900F0E3F801E000F047FBF8BD85
:107750000146494A126812680AB9012200E0002273
:107760000A600A6822B9444A1268D268106800E0C8
:107770000020704708B500BF6846FFF7E9FF0446E0
:1077800020460099FFF7C1FFFFF733FFF4E710B57C
:1077900000F0C3F83948006890B93A48FFF774FA26
:1077A0003948FFF771FA374833490860364831499C
:1077B000086000220C210A20FFF7EDFA2F4908602B
:1077C00000F0B4F810BD1FB50024FFF7E0FF2B4810
:1077D000006868B100200223CDE900300290034622
:1077E0004FF4007229A103902A4800F0B2F9044630
:1077F0001CB9F8F71DFD00BFFEE7204604B010BD20
:107800002DE9F04706460D4617469846DDF82090CC
:107810004DB900240DB1012000E00020A0B9F8F717
:1078200007FD00BFFEE7282000F0A4F804465CB185
:10783000FFF7ADFF2660A561E761C4F82080C4F8BA
:107840002490201DFFF72DFA2046BDE8F08770B583
:107850000446264600F061F8706908B1012000E096
:107860000020054600F062F8284670BD01460A4631
:10787000106A7047A8020020A4020020AC02002079
:10788000B00200208405002098050020546D72206D
:107890005376630075770008001F4FF08073036014
:1078A000001F0160001F0023036014380260001FE6
:1078B000DB1E0360203870472A48006842F21071CE
:1078C000B0FBF1F0401E4FF0E02148610720086155
:1078D000704710B52448006840F47C0022490860D5
:1078E0000846006840F07C400860FFF7E5FF002094
:1078F0001E490860F8F76AFC1D48006840F04040E7
:107900001B490860F8F758FC002010BD70474FF085
:10791000805015491C390860704710B5F8F788FC8D
:1079200012480068401C1149086010BD10B50F488E
:107930000068401E0D4908600846006810B9002024
:10794000F8F77DFC10BD10B54FF0805006491C398A
:107950000860F8F76DFC00F0C2F90020F8F76FFC42
:1079600010BD00008002002020ED00E0B4020020E5
:1079700034EF00E02DE9F04104464FF0000800F03C
:10798000DDFA3D48006898B93C493D4A1160002144
:1079900051604FF420513B4A51600021116037483B
:1079A0004FF42051416011460160012032490860C6
:1079B00044B1103404F0070020B104F00700C0F116
:1079C00008000444002C31D0B4F5205F2ED22C4F97
:1079D0003846056801E02F462D686868A04202D24B
:1079E00028680028F7D1274885421FD0386800F161
:1079F0001008286838606868001B202810D92E19E4
:107A00006868001B70606C6071681D4800E0006869
:107A1000026852688A42FAD302683260066000BF88
:107A2000194968680968081A1749086000F0D6F90A
:107A30004046BDE8F08170B506463546B6B1103D0A
:107A40002C4600F07BFA61680D4800E0006802688F
:107A500052688A42FAD30268226004600A49606868
:107A6000096808440849086000F0B8F970BD064884
:107A70000068704770470000CC020020B00500206D
:107A8000B8020020C0020020C802002010B5002467
:107A900007E004EB8401FE4A02EB8100FFF7F4F8F3
:107AA000641C052CF5D3FB48FFF7EEF8FA48FFF706
:107AB000EBF8FA48FFF7E8F8F948FFF7E5F8F94876
:107AC000FFF7E2F8F348F8490860F348F74908601F
:107AD00010BD2DE9F04104460E4615469846069F16
:107AE0000A22314604F1340000F0D2FE00213D208C
:107AF0000155052D00D30425E562A564201DFFF77F
:107B0000D0F804F11800FFF7CCF82461C5F10500A6
:107B1000A0616462BDE8F08170B505460E464C2058
:107B2000FFF728FF044694B11EB9A800FFF722FF13
:107B300000E030462063206B20B92046FFF77BFF32
:107B4000002404E0A900A522206B00F083FE20465B
:107B500070BD2DE9FF4F81B0804616469A46DDE99B
:107B60000E5BB8F1000F03D1F8F762FB00BFFEE730
:107B7000052D01D2012000E0002018B9F8F758FBCC
:107B800000BFFEE730461099FFF7C6FF0446002C01
:107B900064D0701E216B01EB800929F0070909F000
:107BA000070008B9012000E0002018B9F8F740FBF1
:107BB00000BFFEE700962A462046119B0299FFF778
:107BC00088FF524641464846FFF766FE2060BBF1FB
:107BD000000F01D0CBF80040FFF79FFEB4480068CB
:107BE000401CB3490860B348006840B9B14804601C
:107BF0000846006801280CD1FFF748FF09E0AE48AD
:107C0000006830B9AB480068C06AA84201D8A948EA
:107C10000460AA49E06A0968884202D9A749E06A73
:107C20000860A74800682064A5480068401CA44973
:107C30000860A449E06A0968884202D9A149E06A5B
:107C40000860E16A01EB8101914A02EB8100211D8C
:107C5000FFF72AF80127FFF769FE01E04FF0FF3731
:107C6000012F09D19448006830B192480068C06A79
:107C7000A84201D2FFF74BFE384605B0BDE8F08FB1
:107C800070B50446FFF749FE8A480068844200D177
:107C9000002414B98748006800E020460546281DE6
:107CA000FFF72AF8A86A18B105F11800FFF724F8C1
:107CB000291D7B48FEF7F8FF83480068401C824975
:107CC00008607F480068401C7D490860FFF72EFE71
:107CD0007948006810B10CB9FFF719FE70BD70B596
:107CE0007A480068002873D179480068401C7849B8
:107CF00008600846006868BB6B480068006808B9FF
:107D0000012000E0002018B9F8F792FA00BFFEE762
:107D10006548056865480068634908606348056010
:107D20006C480068401C6B4908605F480068006848
:107D300008B9012000E0002020B14FF0FF30664973
:107D4000086006E058480068C068C4686249606816
:107D5000086000BF5E4800685F490968884236D302
:107D600000BF51480068006808B9012000E0002009
:107D700020B14FF0FF305849086027E04A480068BA
:107D8000C068C468656852480068A84202D2524878
:107D900005601BE0201DFEF7AFFFA06A18B104F1DB
:107DA0001800FEF7A9FF4749E06A0968884202D92E
:107DB0004449E06A0860E16A01EB8101344A02EB60
:107DC0008100211DFEF770FFCBE701E000BF04E05A
:107DD00042480068401C4149086070BD70B50025EC
:107DE0003A48006818B9F8F723FA00BFFEE7FFF732
:107DF00094FD36480068401E344908600846006813
:107E0000002878D12A480068002874D0002621E094
:107E10002248C068C46804F11800FEF76DFF201DF9
:107E2000FEF76AFF2749E06A0968884202D92549B6
:107E3000E06A0860E16A01EB8101154A02EB81000A
:107E4000211DFEF731FF1B49E06A0968C96A8842B3
:107E500000D301261148006808B9012000E0002085
:107E60000028D5D01D48006860B106E0FFF737FF55
:107E70001A480068401E1949086018480068002820
:107E8000F4D10126012E2FD01548006801282AE0E0
:107E9000B02D0020142E0020282E00203C2E002083
:107EA000502E0020642E0020D4020020D802002092
:107EB000E0020020D0020020F0020020E8020020B2
:107EC00004030020EC020020DC020020F402002069
:107ED000E40200200003002008030020F802002034
:107EE000FC02002007E005D101250020F9490860C7
:107EF000FFF70DFD00BFFFF719FD284670BD10B557
:107F00000446F54800684460F4480068844207D29B
:107F1000F1480168091DF2480068FEF7D3FE0CE045
:107F2000ED480168091DEF480068FEF7CBFEEE48FA
:107F30000068844201D2EC48046010BDEB48006840
:107F4000401CEA49086070472DE9F04104460E469E
:107F50004FF000081CB9F8F76BF900BFFEE70EB14F
:107F6000012000E0002018B9F8F762F900BFFEE731
:107F7000FFF7E4FF20688519D8492068096888421E
:107F800009D92068A8420FD9D448006885420BD986
:107F90004FF0010808E02068A84203D8CF480068E5
:107FA000854201D94FF001082560B8F1000F07D0D4
:107FB000C9480068001DFEF79FFE2846FFF79FFF97
:107FC000FFF70CFF07460FB9FFF7A1FCBDE8F081F2
:107FD00070B5044600267CB1FFF7B0FFBF480068CB
:107FE0000519BD480068001DFEF786FE2846FFF70C
:107FF00086FFFFF7F3FE06460EB9FFF788FC70BD5B
:1080000070B50446FFF789FC14B9B348006800E076
:1080100020460646F56AFFF789FC284670BD2DE923
:10802000F04706460D464FF00009052D01D201200C
:1080300000E0002018B9F8F7FBF800BFFEE7052DB7
:1080400000D30425FFF769FCA3480068864200D1ED
:10805000002616B9A048006800E030460446A76C28
:10806000AF4234D0BD4203D92EB14FF0010902E036
:108070000EB94FF00109D4F82C80E16AA06C884257
:1080800000D1E562A564C5F10500A06107EB870199
:10809000974A02EB81016069884213D1201DFEF7E7
:1080A0002BFE9449E06A0968884202D99149E06A46
:1080B0000860E16A01EB81018D4A02EB8100211D1C
:1080C000FEF7F2FDB9F1010F01D1FFF720FCFFF738
:1080D0002DFCBDE8F08710B58448006818B1012078
:1080E0007C4908602CE00BE08248006818B9F8F77A
:1080F0009FF800BFFEE77F480068401E7D4908608A
:108100007C48006800EB8000794951F82000002885
:10811000EAD07849096801EB8101754A02EB8100D8
:1081200041684968416000F1080142688A4202D111
:108130004168496841604168C968674A116000BF89
:1081400010BD70B50446FFF7E8FB63480068844241
:1081500000D1002414B96048006800E020460546BC
:10816000281DFEF7C9FDA86A18B105F11800FEF731
:10817000C3FD291D6048FEF797FDFFF7D7FB8CB9BB
:108180005E48006810B1FFF7C2FB0BE05A48006878
:108190005B490968884203D100204F49086001E02B
:1081A000FFF799FF70BD70B5054600262C461DB936
:1081B000F8F73EF800BFFEE74F496069884201D1F9
:1081C000012000E0002080B14E49A06A884201D120
:1081D000012000E00020012807D0A06A08B9012092
:1081E00000E00020012800D10126304670BD70B5A6
:1081F00005461DB9F8F71CF800BFFEE72C4644B34E
:1082000035480068844224D0FFF787FB2046FFF7FB
:10821000CAFF01281BD1201DFEF76EFD3549E06A1B
:108220000968884202D93349E06A0860E16A01EBD3
:1082300081012F4A02EB8100211DFEF735FD264901
:10824000E06A0968C96A884201D3FFF760FBFFF75B
:108250006DFB70BD2DE9F041054600261DB9F7F70D
:10826000E7FF00BFFEE72C46F7F7E2FF0746204690
:10827000FFF799FF012826D11C480068F0B916497C
:10828000E06A0968C96A884201D3012000E0002041
:108290000646201DFEF730FD1649E06A096888424F
:1082A00002D91449E06A0860E16A01EB8101104AD1
:1082B00002EB8100211DFEF7F7FC04E004F1180138
:1082C0001048FEF7F1FC3846F7F7B9FF3046BDE835
:1082D000F0810000FC020020D0020020E402002017
:1082E000D8020020D402002008030020F40200205D
:1082F000B02D0020EC020020642E0020F0020020AF
:10830000E00200203C2E002010B50446206BFFF751
:1083100092FB2046FFF78FFB10BD70B523E0FFF7FF
:108320000DFEFD48006808B9012000E00020054668
:10833000FFF754FDBDB9FFF7F0FAF748C068C4680D
:10834000201DFEF7D9FCF5480068401EF34908607F
:10835000F3480068401EF2490860FFF7E7FA20463C
:10836000FFF7D2FF00BFEE4800680028D7D170BDEC
:1083700000BFFFF7D2FFEB4800680128F9D9FFF7EB
:10838000C6FAF6E71FB50020009001900290034660
:108390004FF48072E4A10390E548FFF7DAFB04464E
:1083A000012C02D1FFF70FFA0446012C09D1F7F78F
:1083B0003FFF0120DF4908600020DF490860FFF728
:1083C00088FA1CB9F7F734FF00BFFEE71FBD10B5F0
:1083D000F7F72EFF0020D7490860FFF797FA10BD86
:1083E00010B5FFF79AFAD4480468FFF79FFA2046C1
:1083F00010BD70B5F7F71CFF0546CF480468284646
:10840000F7F71DFF204670BDC4480068704701465D
:10841000002002E0491C421C90B20A78A52AF9D03B
:10842000800870472DE9FE4381460C4616462046DB
:1084300041684968416000F1080142688A4202D1FE
:108440004168496841604168CF6800BF2046416883
:108450004968416000F1080142688A4202D14168DE
:10846000496841604168CD68286BFFF7D0FF8046BE
:10847000286CE96A334605F13402CDE90018029010
:10848000AEA1B34800F01EFDB149484600F0F4F932
:10849000BD42DBD1BDE8FE8370B50546FFF74EFD5A
:1084A00000202870ABA1284600F0E6F9AA48006831
:1084B000441C00BF641E04EB84009A4951F820005C
:1084C00008B9012000E0002040B904EB8400954A7F
:1084D00002EB800152222846FFF7A4FF002CE9D1CD
:1084E0009E480068006808B9012000E0002028B913
:1084F00042229A4801682846FFF794FF984800688E
:10850000006808B9012000E0002028B94222944800
:1085100001682846FFF786FF7F48006808B90120F8
:1085200000E0002020B944227B492846FFF77AFF6B
:108530008C48006808B9012000E0002020B95322CF
:1085400088492846FFF76EFFFFF748FC70BD70B5FD
:1085500005460C461DB9F7F76BFE00BFFEE78248E3
:10856000016818312846FEF7ADFB7F480068001D02
:10857000FEF7C2FB601C30B97B480168091D7948D1
:10858000FEF792FB05E06C48006806193046FFF7DD
:10859000B6FC70BD70B504460D461CB9F7F748FE31
:1085A00000BFFEE77048016818312046FEF77CFBEB
:1085B0006D480068001DFEF79FFB5F480068461984
:1085C0003046FFF79CFC70BD70B50646F068C46885
:1085D0001CB9F7F72DFE00BFFEE704F11800FEF707
:1085E0008BFB62480068A0B9201DFEF785FB60493F
:1085F000E06A0968884202D95D49E06A0860E16A78
:1086000001EB8101474A02EB8100211DFEF74CFB83
:1086100004E004F118015748FEF746FB5249E06AAE
:108620000968C96A884201D3012500E0002528466F
:1086300070BD10B504461CB9F7F7FAFD00BFFEE7A0
:108640004D48006820603C480068606010BD70B50F
:1086500004460D461CB9F7F7EBFD00BFFEE71DB958
:10866000F7F7E6FD00BFFEE7FFF757F92868401C63
:1086700008B900261FE0404920680968884206D0F2
:108680002D4960680968884201D8012613E02A490B
:1086900060680968081A296888420BD22868264A47
:1086A00061681268511A401A28602046FFF7C1FF1E
:1086B000002600E00126FFF739F9304670BD0120A1
:1086C0002E4908607047014611B10A46506C00E01F
:1086D0000020704708B1024651647047224908687B
:1086E00070471449096809B9002005E01F49096865
:1086F00009B9012000E00220704770B505462C46FC
:108700004DB11949E06A0968C96A884265D21648BC
:108710000068C06A34E060E0502E0020E0020020D3
:10872000DC020020B02D002049444C450000000030
:1087300071830008F0020020E4020020257309097B
:1087400025630925750925750925750D0A000000A1
:10875000782E00200D0A0000E8020020D40200203C
:10876000D8020020642E0020D0020020F402002055
:10877000EC0200203C2E002000030020FC02002020
:10878000C0F10500A061E16A01EB8101254A02EB1D
:1087900081016069884201D1012000E00020C0B160
:1087A000201DFEF7A9FA20480068C06AE0621F4950
:1087B000E06A0968884202D91C49E06A0860E16AF7
:1087C00001EB8101174A02EB8100211DFEF76CFAD3
:1087D00003E015480068C06AE06270BD70B50546E8
:1087E0002C46EDB1A16CE06A884219D0201DFEF73D
:1087F00083FAA06CE062E06AC0F10500A0610B4959
:10880000E06A0968884202D90849E06A0860E16ABA
:1088100001EB8101034A02EB8100211DFEF744FABE
:1088200070BD0000B02D0020D0020020EC0200201E
:1088300040EA01039B0703D009E008C9121F08C0E2
:10884000042AFAD203E011F8013B00F8013B521E62
:10885000F9D27047D2B201E000F8012B491EFBD2D9
:1088600070470022F6E710B513460A46044619463B
:10887000FFF7F0FF204610BD421E12F8013F002B0B
:10888000FBD111F8013B02F8013B002BF9D17047F5
:1088900010B5044604E00B7800F8013B03B1491C15
:1088A000521EF8D2204610BD421C10F8011B0029B0
:1088B000FBD1801A704710B5002200E0521C835C87
:1088C0008C5CA34201D1002BF8D1D8B2E1B2401A9E
:1088D00010BD2DE9FE4F804681EA0300C00F0C4613
:1088E000009021F0004123F00045B8EB0200A941BF
:1088F00005D24046214690461C460B46024623F0D0
:108900000040104347D0270DC7F30A00C3F30A51B4
:108910000290401A019040286BDAC3F3130040F430
:10892000801B0098924620B10023D2EB030A63EB30
:108930000B0B01985946C0F14002504600F0A7F9D0
:1089400006460D4650465946019A00F0AFF910EB25
:1089500008006141002487EA115284EAE7731A4350
:1089600040D0009A62B3019A012A4FEA075215DCFF
:10897000001B61EB02014FF0004202EA0752CDE911
:108980000042001C41F5801132462B4600F0E6F90A
:1089900003B0BDE8F08F40462146F9E7001B61EBCC
:1089A0000201001C41F5801300185B412018A2F55C
:1089B000001747EB030140EAD570B6196D4111E08D
:1089C0006D084FEA360645EAC0754FEA0752001BAC
:1089D00061EB0201001C41F5801149084FEA3000AB
:1089E0000019514132462B4603B0BDE8F04F00F06C
:1089F000A6B90098012240000023D0EB020263EBED
:108A0000E073009821464FEAE074B8EB000061EB98
:108A10000401E9E783F000435BE781F0004158E798
:108A20002DE9FE4F81EA030404F0004421F00041E7
:108A300000944FF0000B23F0004350EA01045ED095
:108A400052EA03045BD0C3F30A54C1F30A552C4421
:108A5000A4F2F3340194A0FB0254C1F3130141F4D6
:108A60008011C3F3130343F4801301FB024400FBA2
:108A7000034E840A970A44EA815447EA8357A4FBC9
:108A8000076802958D0A05FB07854FEA932C04FBC6
:108A90000C542705029D4FEA065847EA1637B5EBF6
:108AA00008056EEB070C870E920E47EA811742EA23
:108AB0008312A7FB0201B6EB0B0164EB00042B0D44
:108AC00043EA0C335E1844EB1C50DA465146E7FB90
:108AD0000201C5F313044FEA0B3343EA14534FEA80
:108AE0000432019C43EA0603A4F10C040294009CA6
:108AF000CDE900B400F032F903B0BDE8F08F0020FA
:108B00000146F9E72DE9F04D81EA030404F0004B3A
:108B100021F0004514464FF0000A23F0004150EACE
:108B2000050220D054EA01021DD0C5F30A570246BF
:108B3000C5F31303C1F31300C1F30A5640F48015C3
:108B400043F48013A7EB0608101BD64608F2FD3845
:108B500073EB050002D308F1010801E092185B41B4
:108B6000B8F1000F03DA00200146BDE8F08D0020C7
:108B70004FF48011064684460EE0171B73EB050781
:108B800005D3121B63EB050306434CEA010C4908AD
:108B90004FEA300092185B4150EA0107EDD152EAEA
:108BA000030012D082EA040083EA0501084305D0DD
:108BB000101BAB4106D20122002306E000224FF039
:108BC000004302E06FF0010253101AEB06004CEB79
:108BD000085110EB0A0041EB0B01BDE8F04D00F02D
:108BE000AEB80EB5C10F80EAE0700844CA07002194
:108BF00040F233438DE80E000A460B4600F0AEF813
:108C000003B000BD00F0004230F000400AD0C10DBA
:108C100001F56071C0F3160042EA0151C208400735
:108C20001143704700200146704701F0004330B403
:108C300021F0004150EA010206D00A0DA2F560724F
:108C4000C1F31301002A02DC30BC00207047440F3E
:108C500044EAC104C100E01830BC00EBC25000F08F
:108C600037B830B50B46014600202022012409E028
:108C700021FA02F59D4205D303FA02F5491B04FAD5
:108C800002F52844151EA2F10102F1DC30BD202AB4
:108C900004DB203A00FA02F1002070479140C2F153
:108CA000200320FA03F3194390407047202A06DB83
:108CB000CB17203A41FA02F043EAE07306E041FAAA
:108CC00002F3D040C2F12002914008431946704798
:108CD0000029A8BF7047401C490008BF20F00100D0
:108CE000704710B4B0FA80FC00FA0CF050EA0104AE
:108CF00004BF10BC704749B1CCF1200421FA04F440
:108D000011FA0CF118BF012121430843A3EB0C0118
:108D1000CB1D4FEA00614FEA102042BF002010BC7B
:108D2000704700EBC35010440029A4BF10BC70472B
:108D3000401C490008BF20F0010010BC704710B56E
:108D4000141E73F1000408DA401C41F1000192186E
:108D50005B411A4301D120F0010010BD2DE9F04D17
:108D600092469B4611B1B1FA81F202E0B0FA80F26C
:108D700020329046FFF78BFF04460F4640EA0A0078
:108D800041EA0B0153465A46084313D0114653EAB1
:108D9000010019D0C8F14002504600F03FF80546E6
:108DA0000E46504659464246FFF771FF084305D02C
:108DB000012004E020463946BDE8F08D002005433F
:108DC00046EAE0762C4337430A986305E40AA0EBB1
:108DD00008000022FD0A44EA47540A3002D5002068
:108DE0000146E9E7010510196941DDE90845001967
:108DF0006941BDE8F04DA2E7064C074D06E0E0688A
:108E000040F0010394E8070098471034AC42F6D3D1
:108E1000F7F7BEF994950008B4950008202A04DB02
:108E2000203A21FA02F00021704721FA02F3D040E3
:108E3000C2F12002914008431946704770B58C1862
:108E400010F8015B15F0070301D110F8013B2A115E
:108E500006D110F8012B03E010F8016B01F8016B4B
:108E60005B1EF9D12B0705D40023521E0DD401F847
:108E7000013BFAE710F8013BCB1A921C03E013F810
:108E8000015B01F8015B521EF9D5A142D8D3002045
:108E900070BD00000FB41CB50246002007AC0029CD
:108EA0000BD0491ECDE90021054B6A4621460698A4
:108EB00000F074FA009A002111701CBC5DF814FBDC
:108EC000559500080FB4084B10B504A902AA0398E1
:108ED00000F064FA044602A9002000F046FB204698
:108EE00010BC5DF814FB00006B95000841000802FF
:108EF00018BF04200A0E18BF40F001004FF07F4257
:108F000032EA010108BF40F00200012808BF052035
:108F10007047000010EE101A08B5444A6846B2EBDC
:108F2000410F28D94FF0E640B0EB410F94BF00202D
:108F30004FF0FF3000900098002861DB60EE000ADF
:108F400010F0010F45D010F0020FDFED391A9FED40
:108F5000391A00EEE11ADFED381A40EE811A21EEDF
:108F6000A01AF0EE400A40EE010A08BFF1EE600AD6
:108F7000B0EE600A08BD314B21F0004293423CD96B
:108F800011F0004FDFED2E0A20EE201ADFED2D0A42
:108F900019BF31EE601A71EE200A31EE201A71EE1F
:108FA000600ABDEEE01A11EE100A9FED271A00F0DC
:108FB000030000EEC10A9FED251A009000EEC10AE1
:108FC0009FED231A00EEC10A9FED221A00EEC10A9E
:108FD000B1E79FED211A9FED210A10F0020F00EE7C
:108FE000810A9FED1F1A00EE801AB7EE000A00EE0C
:108FF000810A18BFB1EE400A08BD00F00FF99AE7E8
:1090000010EE100A4000B0F17F4F3CBFB7EE000AEF
:1090100008BD07D14FF0010000F0BAF9BDE80840E3
:1090200000F0ECB8BDE8084000F0E4B8B61F927E4E
:10903000336D4C39DA82083CA0AA2ABE490E494653
:1090400083F9223F0000004B0000C93F00A0FD391A
:109050000020A2331A61342CB93AB2BACA9F2A3D11
:10906000DDFFFFBE00B510EE101A2DED028B81B0B2
:10907000524A6846B2EB410F2ED94FF0E640B0EBB2
:10908000410F94BF00204FF0FF3000900098B0EEE9
:10909000408A00286ADB10F0010F4BD068EE080A06
:1090A0009FED471A9FED470A00EE810A9FED461A91
:1090B00010F0020F00EE801AB7EE000A00EE810AEF
:1090C00002BF01B0BDEC028B00BD00BF01B0B1EE2C
:1090D000400ABDEC028B00BD3C4B21F000429342A4
:1090E00041D911F0004FDFED3A0A20EE201ADFEDF2
:1090F000390A19BF31EE601A71EE200A31EE201ADA
:1091000071EE600ABDEEE01A11EE100A9FED321A00
:1091100000F0030000EEC10A9FED301A009000EE4F
:10912000C10A9FED2F1A00EEC10A9FED2E1A00EE24
:10913000C10AABE728EE080A9FED2B1ADFED2B0AD8
:1091400010F0020F40EE410A9FED291A00EE201A9E
:1091500061EE000AB0EE480A08EE200AB6D101B06E
:10916000BDEC028B00BD00F059F88FE718EE100A35
:109170004000B0F17F4F0DD218EE100AFFF7B6FE97
:10918000042808BF00F042F8B0EE480A01B0BDEC78
:10919000028B00BD09D1012000F0FAF801B0BDEC4E
:1091A000028B5DF804EB00F029B801B0B0EE480A7C
:1091B000BDEC028B5DF804EB00F01CB8B61F927E8C
:1091C000B93AB2BACA9F2A3DDDFFFFBE490E4946F1
:1091D00083F9223F0000004B0000C93F00A0FD3989
:1091E0000020A2331A61342C336D4C39DA82083CEA
:1091F000A0AA2ABE30EE000A70470000DFED020A86
:1092000080EEA00A70470000000000009FED020AF7
:1092100020EE000A70470000000000102DE9F00168
:109220004FF07F42B2EB410F9FBF4FF0FF31016023
:10923000BDE8F00170474FF0004242EA0123C1F35C
:10924000C752783A551112F01F0C434CCCF120064E
:109250007C44C1F3C752A2F178024FEA621204EBD8
:10926000820254F8254008BFD2E9015612D0556851
:1092700004FA0CF425FA06F73C43976805FA0CF556
:1092800027FA06F8D26807FA0CFCF24045EA08050E
:109290004CEA0206A4FB034CA5FB0352A6FB0363A6
:1092A0001D449D4234BF012600261319334416B1D4
:1092B000934202D903E0934201D2012200E000224E
:1092C000624402F1200C9206DC0C42EA443200EEC9
:1092D000102A5B03DFED210AF8EEC01A00EE103A07
:1092E0004FEA9C1C11F0004FB8EE400AC0F800C0D5
:1092F00020EE201A00EE105ADFED190AB8EE400AEF
:1093000020EE200A71EE810A70EE800A10EE902A9B
:1093100002F500626FF30B0200EE902A70EEE11A84
:1093200031EEC11ADFED101A30EE411A9FED0D0A31
:1093300020EE800A01EE210A9FED0C1A00EE810A50
:1093400004BFBDE8F0017047CCF180510160BDE879
:10935000F001B1EE400A7047200300000000003623
:109360000000802C22AAFD29DB0FC92F0000C92F85
:1093700002E008C8121F08C1002AFAD170477047DE
:10938000002001E001C1121F002AFBD1704700003C
:1093900001490860704700000C0300202DE9FF4FD1
:1093A0008BB09A460F460546002606E025280BD0CE
:1093B00052460D9990476D1C761C28780028F5D1EF
:1093C0000FB03046BDE8F08F0024A046012260496E
:1093D00000E0044315F8013F203B02FA03F0084285
:1093E000F7D128782E2817D115F8010F44F004047E
:1093F0002A280ED06FF02F022878A0F13001092919
:109400000AD808EB880102EB410100EB01086D1C52
:10941000F2E757F8048B6D1C287869283ED006DCEB
:109420000028CDD063280BD0642804D136E07328FF
:1094300010D075284BD052460D999047761C85E088
:1094400017F8040B8DF8000000208DF80100E946A4
:10945000012003E057F8049B4FF0FF3061074FF005
:10946000000401D40AE0641C44450DDA8442FADBAE
:1094700019F804100029F6D106E0641C8442FCDBD4
:1094800019F804100029F8D1264404E019F8010B5A
:1094900052460D999047641EF8D257E001CF4FF025
:1094A0000A0B002802DA40422D2102E0210504D5F2
:1094B0002B218DF82410012103E0E10705D02021A4
:1094C000F7E70DF1200908910CE00021F9E701CF41
:1094D0004FF00A0BF9E75946FFF7C3FB01F13002E1
:1094E00009F8012D0028F6D1ADEB090000F1200BA1
:1094F000600701D44FF00108D84502DDA8EB0B004E
:1095000000E000208046002406E009A85246005DE5
:109510000D999047641C761C08988442F5DB04E0A2
:10952000302052460D999047761CB8F10001A8F101
:109530000108F5DC05E019F8010B52460D9990473A
:10954000761CBBF10001ABF1010BF4DC6D1C34E7C0
:10955000092801004A68002A06D00A68531C0B60DB
:1095600010704868401E486070470A68531C0B60C2
:1095700010707047000000006E83F9A22915444E58
:10958000D15727FCC0DD34F5999562DB4190433C0F
:10959000AB6351FEB49500080000002010030000EA
:1095A0003C8E00088896000810030020902F0000D1
:1095B00080930008411BFF01041A02041A03041AD5
:1095C00004041A05041A06041A07041A08041A09DE
:1095D000041A0A041A0B041A0C041A0D0402AE0E23
:1095E0001A43DC1A90E81A8AE81AB8081ADA081A34
:1095F000CB041AD60C1A1C081AB3081A0E041A182F
:10960000041AA4041A1214C162FE223F1A80041123
:109610001A400819041AA0041AC0041B20410C198E
:10962000041AF0042334421A700434F0426452C81D
:1096300029242B48435314400D03051C35FA8E3C56
:109640004B30750409161C8119A701211A42257295
:109650006929E81A2C10297D720A89A4012285CD76
:10966000CC4C3E32070244056B7A038B116809012A
:10967000020304060708090CA910C11AAA01011166
:08968000023E281AFF0141001F
:040000050800018965
:00000001FF
