:020000040800F2
:10000000C0320020015700084502000847020008DE
:100010004B0200084F0200085302000800000000D5
:100020000000000000000000000000009D0100082A
:100030005702000800000000E10100081B870008CB
:100040001B5700081B5700081B5700081B570008C8
:100050001B5700081B5700081B5700081B570008B8
:100060005D040008A10400081B57000801030008F4
:10007000E30200083F0300081B5700087502000850
:100080001B570008810200081B5700081B57000877
:100090001B5700081B5700081B5700081B57000878
:1000A0001B5700087B0300081B5700081B5700085C
:1000B000A7030008D5030008010400081B57000827
:1000C0001B5700081B5700081B570008590400085D
:1000D0001B5700085D0200081B5700081B5700084B
:1000E0001B5700081B5700081B5700081B57000828
:1000F0001B5700081B5700081B5700081B0300086C
:100100001B5700081B5700082D0400085B0400085B
:100110001B5700081B5700084D030008590300082F
:100120001B5700089B020008B50200081B57000877
:100130001B5700081B5700081B5700081B570008D7
:100140001B5700081B5700081B5700081B570008C7
:10015000D50200081B5700081B5700081B57000852
:100160001B5700081B5700081B5700081B570008A7
:100170001B5700081B5700081B5700081B57000897
:100180001B5700081B570008DFF80CD009F0D6FDFC
:10019000004800471D540008C0320020234B196856
:1001A0000868B0E8F04F80F309884FF0000080F352
:1001B000118870470000000003480068006880F361
:1001C000088862B600DF00BF08ED00E0DFF80C0031
:1001D000016841F470010160704700BF88ED00E0E4
:1001E000EFF30980114B1A681EF0100F08BF20EDC5
:1001F000108A20E9F04F106008B54FF0140080F32A
:10020000118808F052FE4FF0000080F31188BDE81D
:10021000084019680868B0E8F04F1EF0100F08BFDA
:10022000B0EC108A80F30988704700BFF402002008
:10023000EFF311804FF0140181F31188704780F3C0
:1002400011887047704700BFFEE700BFFEE700BFA0
:10025000FEE700BFFEE770477047704710B540F2F9
:100260002551904807F06DFB18B120218D4807F00B
:100270005FFB10BD10B58C498C4806F097FA10BD95
:1002800010B58B498948303006F066FA20B18849AC
:100290008648303006F08AFA10BD10B58549864888
:1002A00006F05AFA28B18349834806F07FFA01F034
:1002B0001DFD10BD10B581497F48183006F076FA53
:1002C0007F4840787E49097840EA012000B27D49A4
:1002D000088010BD10B57C497748603006F066FA9A
:1002E00010BD10B573497148483806F035FA30B181
:1002F00070496E48483806F059FA00F09FFA10BD70
:1003000010B572496948603806F026FA20B16F4985
:100310006648603806F04AFA10BD10B56C4963486B
:10032000483006F019FA48B100216048483006F01C
:1003300069F967495D48483006F038FA10BD10B5D4
:1003400059495A48303806F031FA10BD10B501212C
:10035000604807F053F810BD10B501215E4807F062
:100360004DF87A204F49888001215C4807F0F8F960
:1003700001215B4807F0F4F910BD10B5012159487F
:1003800007F03CF85748008800F0100028B15648A4
:100390000068401E5449086004E053480068401C4F
:1003A0005149086010BD10B50121880707F026F8F3
:1003B0004FF08040008800F0100028B14B480068E2
:1003C000401E4A49086004E048480068401C47490C
:1003D000086010BD10B50121454807F00FF84448EA
:1003E000008800F0100028B142480068401E4149D2
:1003F000086004E03F480068401C3E49086010BDAA
:1004000010B501213C4806F0F9FF3B48008800F098
:10041000100028B139480068401E3849086004E0DF
:1004200036480068401C3549086010BD10B50121F0
:10043000334806F0E3FF3248008800F0100028B18E
:1004400030480068401E2F49086004E02D480068CD
:10045000401C2C49086010BD7047704710B504203F
:1004600006F03CFAD8B12021274805F0C0FA042153
:10047000264805F097FA012804D10021164806F015
:100480003DFB09E00421214805F08CFA20B912480F
:1004900006F038FB1E49086004201E49086010BDA4
:1004A0007047000000100140208000207060024072
:1004B0000080202000880010286402400080201066
:1004C000100500206400002000880020208000101B
:1004D0000080002800100040001400400048004048
:1004E00000140140000001404400002048000020AA
:1004F000000400404C000020000800406000002084
:10050000000C00405000002000000240000C02409F
:1005100040000020143C014070B50446204609F01C
:10052000ADF805462146F74809F0AFF8A0B195228D
:100530002146F44809F096F80021F34806F062F8E5
:10054000F048F1490C310860EF48B838C0F8BC50A9
:100550000121ED4806F056F870BD70B5044600253F
:1005600010E0605D68B1615DE84807F024F900BF04
:100570008021E64807F0CFF90028F9D0681CC5B201
:1005800000E070BDEDE770B5044600250FE05CB1FA
:100590002146DE4807F00FF900BF8021DB4807F055
:1005A000BAF90028F9D000E070BD681CC5B2032D6F
:1005B000EDDB00BFF8E713B50C460020FFF7E3FFC3
:1005C000D3A0FFF7CAFF2346D2A29621D24809F052
:1005D0000FFCD148FFF7C1FFD0A0FFF7BEFFCDA2AF
:1005E0009621CD48009B09F003FCCB48FFF7B5FFEF
:1005F000CCA0FFF7B2FFFF20FFF7C5FFFF20FFF7FA
:10060000C2FFFF20FFF7BFFF1CBD70B505460C46BB
:10061000BFA0FFF7A2FF2246BEA1BF4809F000FC21
:10062000BD48FFF79AFFBDA0FFF797FF2846FFF7E9
:1006300094FFBCA0FFF791FFFF20FFF7A4FF70BD60
:1006400077B585B00546FF26B4A103C9CDE90301FE
:10065000B4A000680290AEA00068019000240AE0F7
:100660000020B1490855B1490855AB490855A5497D
:100670000855601CC4B21E2CF2DB0A20A649087083
:10068000FF2048708870C870A2A1A848079A09F096
:10069000C7FBA64901A808F0D9FF01A99E4808F0A8
:1006A000D5FF03A99C4808F0D1FF29469A4808F0D5
:1006B000CDFF98A19D48069A09F0B2FB9B49964848
:1006C00008F0C4FF02A9944808F0C0FFFF20964933
:1006D000087048708870904808F0B8FF8E48FFF79F
:1006E0001BFF08B070BDF7B584B005460E46FF2766
:1006F0008AA103C9CDE902018AA00068019084A003
:1007000000680090002408E00020874908558749C8
:10071000085581490855601CC4B20A2CF4DB0A2034
:100720007D490870FF2048708870C87079A17F48A3
:10073000069A09F075FB7D49684608F087FF69460F
:10074000754808F083FF02A9734808F07FFF294627
:10075000714808F07BFF31466F4808F077FF01A928
:100760006D4808F073FFFF206F490870487088706B
:100770000020C8700871684808F068FF6648FFF7F5
:10078000CBFE07B0F0BD01B58EB069A2322101A841
:100790000E9B09F02DFB01A8FFF7BEFE0FB000BDB8
:1007A00073B584B00546FF265CA103C9CDE90201FB
:1007B0005CA00068019056A00068009000240AE048
:1007C00000205949085559490855534908554D497C
:1007D0000855601CC4B21E2CF2DB0A204E4908707A
:1007E000FF2048708870C8704AA15048059A09F0E7
:1007F00017FB4E49684608F029FF6946464808F04D
:1008000025FF02A9444808F021FF2946424808F084
:100810001DFF4649404808F019FF01A93E4808F06D
:1008200015FFFF2040490870487088703A4808F06A
:100830000DFF3948FFF770FE06B070BD1CB53F488C
:1008400000783E49497808443C49897808443B4946
:10085000C97808443949097908443849497908442C
:100860003649897908443549C97908443349097AB0
:100870000844C0B201903148007A00F00F000090A7
:100880009DF800000D2803D000212D4806F068FFD8
:100890001CBD2A48007A00F00F000D2806D1274819
:1008A000007800F0010008B10D2070470020FCE73F
:1008B0001CB5244806F026F92349096840EA01409E
:1008C0000A2190FBF1F00090002417E01D4806F08B
:1008D00019F91D49096840EA01400A2190FBF1F02D
:1008E0000190DDE90021881A002801DB014600E0C3
:1008F0004142052900DA641C01980090022CE5DBD6
:1009000001981CBD6A040020B860024000500040FD
:100910007400000025640000340300202E747874F5
:100920003D220000220000001A040020F2030020F3
:100930006A302E76616C3D25640000004C05002075
:100940000048004000000140440000201CB54FF06A
:10095000804006F0D7F8F849096840EA01400A21CA
:1009600090FBF1F00090002418E04FF0804006F07A
:10097000C9F8F149096840EA01400A2190FBF1F009
:100980000190DDE90021881A002801DB014600E022
:100990004142322900DA641C01980090022CE4DB09
:1009A00001984100002901DB08461CBD4842FCE7D4
:1009B0001CB5E24806F0A6F8E149096840EA0140A2
:1009C000642190FBF1F00090002417E0DB4806F072
:1009D00099F8DB49096840EA0140642190FBF1F095
:1009E0000190DDE90021881A002801DB014600E0C2
:1009F0004142322900DA641C01980090022CE5DBA8
:100A000001981CBD70471CB5CE4806F07BF8CE4956
:100A1000096840EA0140642190FBF1F00090002455
:100A200017E0C84806F06EF8C749096840EA014077
:100A3000642190FBF1F00190DDE90021881A002883
:100A400001DB014600E04142322900DA641C0198D2
:100A50000090022CE5DB01981CBD01B581B000209F
:100A60000090019800EBC0004000009002E0009868
:100A7000401E009000980028F9D10CBD01B581B04E
:100A80000020009044F2506101984843009002E039
:100A90000098401E009000980028F9D10CBD1CB5AC
:100AA00001211F2005F062F94FF6FF700090012030
:100AB0008DF8040000208DF8060001208DF8070055
:100AC00003208DF805006946A04804F009FF4FF6A1
:100AD000FF70009001208DF8040000208DF80600C2
:100AE00001208DF8070003208DF80500694698481D
:100AF00004F0F6FE4FF6FF70009001208DF8040020
:100B000000208DF8060001208DF8070003208DF8E5
:100B1000050069468F4804F0E3FE1CBD1CB50121A9
:100B20007E2005F023F9C020009000208DF80400FD
:100B300001208DF8070002208DF8050069468648DF
:100B400004F0CEFE0620009000208DF80400012065
:100B50008DF8070002208DF8050069467B4804F0F7
:100B6000BFFE0420009000208DF8040001208DF8C5
:100B7000070002208DF805006946754804F0B0FEB4
:100B80001CBD1FB54FF4E06004F0CCFD36208DF89D
:100B9000000000208DF801008DF8020001208DF882
:100BA0000300684604F0C3FD0121102005F011F98F
:100BB0003220ADF8040040F2E73002900020ADF89A
:100BC0000C00ADF8060001A9644805F04EFF0121B4
:100BD000624806F013FC01221146604806F0E6FB6D
:100BE00000215E4805F08AFF01215C4805F0C6FF40
:100BF0001FBD1FB54FF4E06004F094FD37208DF861
:100C0000000000208DF801008DF8020001208DF811
:100C10000300684604F08BFD0121202005F0D9F87F
:100C20003220ADF8040040F2E73002900020ADF829
:100C30000C00ADF8060001A9494805F016FF012196
:100C4000474806F0DBFB01221146454806F0AEFBA3
:100C50000021434805F052FF0121414805F08EFF75
:100C60001FBD00B58BB00121022005F0C3F80121A2
:100C70000C2005F07BF803220621354804F0BBFE6A
:100C800003220721324804F0B6FE0322082130482F
:100C900004F0B1FE032209212D4804F0ACFE4FF40C
:100CA0007070069002208DF81C0003208DF81D0046
:100CB00000208DF81E0001208DF81F0006A9244891
:100CC00004F00EFEA420ADF8200040F6B8300990E4
:100CD0004FF48070ADF828000020ADF8220008A97C
:100CE000204805F0C2FE6020ADF804000120ADF8F8
:100CF000060000200390ADF810000121194805F00E
:100D00003DFF0021174805F0F9FE01A9154805F03F
:100D100041FF01A9134805F076FF01A9114805F02C
:100D2000BFFF01A90F4806F021F801210D4806F088
:100D300016FB0BB000BD000048000020000800407A
:100D400060000020000400404C000020000402402D
:100D500000080240000C0240000002400010004069
:100D6000001400400004014000B58BB001210820B0
:100D700005F02FF80121084604F0F8FF02220021B7
:100D8000FE4804F038FE02220121FC4804F033FE44
:100D900002221146F94804F02EFE02220321F748F0
:100DA00004F029FE0F20069002208DF81C0003207D
:100DB0008DF81D0000208DF81E0001208DF81F0009
:100DC00006A9EE4804F08CFDBA20ADF8200042F2EE
:100DD000107009900020ADF82800ADF8220008A995
:100DE000E74805F042FE6020ADF804000120ADF8B0
:100DF000060000200390ADF810000121E04805F046
:100E0000BDFE0021DE4805F079FE01A9DC4805F0B1
:100E1000C1FE01A9DA4805F0F6FE01A9D84805F09F
:100E20003FFF01A9D64805F0A1FF0121D44806F0F3
:100E300096FA0BB000BD00B58BB00121042004F080
:100E4000C8FF01210D2004F091FF02220C21CD48A2
:100E500004F0D1FD02220D21CA4804F0CCFD02228B
:100E60000E21C84804F0C7FD02220F21C54804F036
:100E7000C2FD4FF47040069002208DF81C00032044
:100E80008DF81D0000208DF81E0001208DF81F0038
:100E900006A9BC4804F024FDA420ADF8200040F6CB
:100EA000B83009904FF48070ADF828000020ADF8FC
:100EB000220008A9B44805F0D8FD6020ADF8040070
:100EC0000120ADF8060000200390ADF810000121CC
:100ED000AD4805F053FE0021AB4805F00FFE01A917
:100EE000A94805F057FE01A9A74805F08CFE01A905
:100EF000A54805F0D5FE01A9A34805F037FF0BB0C2
:100F000000BD00B589B00121080404F073FF012180
:100F1000084604F02BFF03221146984804F06BFDAD
:100F200003220221954804F066FD0C200190022066
:100F30008DF8080003208DF8090000208DF80A00C4
:100F400001208DF80B0001A98C4804F0C9FC002099
:100F5000ADF818004FF6FF7007900020ADF82000A4
:100F6000ADF81A0006A9894805F07FFD0420ADF808
:100F70000C000020ADF80E00C820ADF814000120D0
:100F8000ADF8100003A9814806F046F900231A467F
:100F900003217F4806F0DDFA01217D4806F02EFA94
:100FA000012211467A4806F001FA0121774805F03E
:100FB000E5FD0021764805F0A1FD09B000BD00B5B2
:100FC00089B00121084604F004FF0121022004F049
:100FD00000FF0121032004F0C9FE01220F21674810
:100FE00004F009FD012203216A4804F004FD0222F5
:100FF0000421684804F0FFFC02220521654804F042
:10100000FAFC3820019002208DF8080003208DF8AA
:10101000090000208DF80A0001208DF80B0001A9BD
:101020005C4804F05DFC4FF40040019002208DF814
:10103000080003208DF8090000208DF80A00012027
:101040008DF80B0001A94D4804F04AFC0020ADF8D2
:1010500018004FF6FF7007900020ADF82000ADF8A3
:101060001A0006A94FF0804005F0FFFC06A94A4887
:1010700005F0FBFC0420ADF80C000220ADF80E00DA
:101080001420ADF814000120ADF8100003A980076A
:1010900006F0C2F803A9404806F0BEF802231A463B
:1010A0000321580706F055FA02231A4603213A484D
:1010B00006F04FFA0121880706F0A0F90121364811
:1010C00006F09CF901221146900706F06FF9012203
:1010D0001146314806F06AF90121880705F04EFDF6
:1010E00001212D4805F04AFD00214FF0804005F018
:1010F00005FD0021284805F001FD4FF4C06004F013
:1011000011FB1D208DF8000003208DF80100002048
:101110008DF8020001208DF80300684604F007FBFB
:101120001C208DF8000004208DF8010000208DF8AF
:10113000020001208DF80300684604F0F8FA09B0B7
:1011400000BD00B589B00121084604F053FE01211D
:10115000102004F00BFE4FF42060019002208DF867
:10116000080003208DF8090000208DF80A000120F6
:101170008DF80B0001A9094812E0000000000240B0
:10118000000C0040000C024000080040000001403C
:1011900000400140000402400004004000100240F2
:1011A00004F09EFB01220921FE4804F024FC0122E8
:1011B0000B21FC4804F01FFC0020ADF818004FF68E
:1011C000FF7007900020ADF82000ADF81A0006A9C6
:1011D000F54805F04AFC0420ADF80C000020ADF8FD
:1011E0000E000A20ADF814000120ADF8100003A98C
:1011F000ED4806F011F800231A460321EA4806F0EC
:10120000A8F90121E84806F0F9F801221146E6485C
:1012100006F0CCF80121E44806F0F0F8012211466E
:10122000E14806F0C3F80121DF4805F0A7FC0021E2
:10123000DD4805F063FC4FF4C06004F073FA192038
:101240008DF8000001208DF8010000208DF80200CB
:1012500001208DF80300684604F069FA09B000BD6A
:1012600000B589B00121042004F0B3FD012108205C
:1012700004F07CFD4FF44050019002208DF80800EE
:1012800003208DF8090000208DF80A0001208DF858
:101290000B0001A9C54804F023FB0020ADF818009D
:1012A0004FF6FF7007900020ADF82000ADF81A004F
:1012B00006A9BF4805F0D9FB02220C21BB4804F067
:1012C0009AFB02220D21B94804F095FB0420ADF8E9
:1012D0000C000220ADF80E00C820ADF8140001206B
:1012E000ADF8100003A9B24805F096FF02231A4694
:1012F0000321AF4806F02DF90121AD4806F07EF834
:1013000001221146AA4806F051F80121A84805F02B
:1013100035FC42F21071A64805F0F0FB0020A4490C
:10132000143108800120A24908804FF4C06004F005
:10133000F9F91E208DF8000004208DF8010000202E
:101340008DF8020001208DF80300684604F0EFF9E3
:1013500009B000BD00B589B00121082004F039FDB5
:101360000121084604F002FD0320019002208DF8BF
:10137000080003208DF8090000208DF80A000120E4
:101380008DF80B0001A98B4804F0AAFA0020ADF8F3
:1013900018004FF6FF7007900020ADF82000ADF860
:1013A0001A0006A9844805F060FB0222002181484A
:1013B00004F021FB022201217E4804F01CFB0420E2
:1013C000ADF80C000220ADF80E00C820ADF81400F6
:1013D0000120ADF8100003A9774805F01DFF022396
:1013E0001A460321744806F0B4F80121724806F049
:1013F00005F801221146704805F0D8FF01216E481A
:1014000005F0BCFB42F210716B4805F077FB002041
:101410006949143108800120674908804FF4C06091
:1014200004F080F932208DF8000004208DF80100CE
:1014300000208DF8020001208DF80300684604F0BA
:1014400076F909B000BD00B59BB001215B4804F0FE
:101450008DFC0121080204F0CDFC002002905848C8
:101460000390584804900020059008200690002022
:1014700007904FF4806008904000099080000A9027
:1014800040110B9040020C9000200D9001200E9016
:1014900000200F90109002A94B4805F079F8012127
:1014A000494805F0AFF83C20009003208DF8040077
:1014B00000208DF8070069463E4804F011FA3C20F0
:1014C000009003208DF8040000208DF80700694685
:1014D0003E4804F005FA002011904FF4403012907D
:1014E000002013904FF47060149011A804F0B6FD22
:1014F0004FF08070159001208DF858008DF859003C
:10150000002017901890199008208DF8680015A9F0
:101510002B484C3804F073FD042301220221284893
:101520004C3804F0F2FD04230222032124484C38F5
:1015300004F0EBFD04230322194621484C3804F043
:10154000E4FD04231A4605211D484C3804F0DDFD56
:10155000042305220C211A484C3804F0D6FD04233C
:1015600006220D2116484C3804F0CFFD0423072233
:101570000E2113484C3804F0C8FD042308220F2123
:101580000F484C3804F0C1FD01210D484C3804F0DF
:1015900067FE01210A484C3804F057FE0121084833
:1015A0004C3815E00010024000000140000C0240E1
:1015B0000008004000000240000C00400500400010
:1015C0004C20014000050020106402400008024049
:1015D00004F05BFDFE4804F0F4FD1BB000BD08B54F
:1015E0004FF4E06004F09EF825208DF80000002004
:1015F0008DF801008DF8020001208DF80300684687
:1016000004F095F808BD10B596B0044601211020ED
:1016100004F0F0FB0121084604F0A8FB0121880535
:1016200004F0A4FB4FF4C060009002208DF8040089
:1016300000208DF806008DF8070002208DF80500C7
:101640006946E44804F04CF907220921E14804F016
:10165000D2F907220A21DF4804F0CDF902940020D4
:10166000ADF80C00ADF80E00ADF81000ADF81400A8
:101670000C20ADF8120002A9D74805F0E9FF0121BE
:10168000D54806F06DF84FF4A06004F04BF83A200E
:101690008DF8180000208DF819008DF81A0001202F
:1016A0008DF81B0006A804F042F8CC4804F0CEFEEA
:1016B0004FF00060079000200A90C94809900A2066
:1016C0000B90C548001D089000200C904FF48060DE
:1016D0000D9000200E900F904FF4807010904002FB
:1016E0001190042012900320139000201490159064
:1016F00007A9BA4804F04CFF01224021B64806F081
:10170000DCF801221021B54805F009F80121B348A1
:1017100004F078FF16B010BD10B596B00446012154
:10172000480504F023FB0121480404F052FB012189
:10173000082004F01BFB6020009002208DF80400BC
:1017400000208DF806008DF8070002208DF80500B6
:101750006946A44804F0C4F807220521A14804F012
:101760004AF9072206219F4804F045F90294002017
:10177000ADF80C00ADF80E00ADF81000ADF8140097
:101780000C20ADF8120002A9974805F061FF012175
:10179000954805F0E5FF4FF4A06003F0C3FF11206A
:1017A0008DF8180000208DF819008DF81A0001201E
:1017B0008DF81B0006A803F0BAFF8C4804F046FE23
:1017C0004FF00060079040200A90894809903C2023
:1017D0000B908548001D089000200C904FF480600D
:1017E0000D9000200E900F904FF4807010904002EA
:1017F0001190042012900320139000201490159053
:1018000007A97A4804F0C4FE01228021764806F038
:1018100054F801228021744806F04FF8012210216B
:10182000724804F07CFF0121704804F0EBFE16B012
:1018300010BD10B596B004460121880404F0C9FA21
:101840000121082004F092FA0121480504F08EFAE3
:101850004FF44070009002208DF8040000208DF8B5
:1018600006008DF8070002208DF8050069465D48E6
:1018700004F036F8072208215A4804F0BCF8072281
:101880000921584804F0B7F802940020ADF80C0084
:10189000ADF80E00ADF81000ADF814000C20ADF856
:1018A000120002A9534805F0D3FE0121514805F06A
:1018B00057FF4FF4A06003F035FF0C208DF818009F
:1018C00000208DF819008DF81A0001208DF81B00FA
:1018D00006A803F02CFF4548783804F0B7FD4FF018
:1018E0000060079000200A90434809900A200B905E
:1018F0004048001D089000200C904FF480600D902F
:1019000000200E900F904FF48070109040021190C4
:10191000042012900320139000201490159007A922
:101920003248783804F034FE01224021314805F075
:10193000C4FF012240212F4805F0BFFF01221021E2
:101940002A48783804F0EBFE01212848783804F062
:1019500059FE16B010BD10B596B004460121C8045A
:1019600004F037FA0121084604F000FA0121480585
:1019700004F0FCF90320009002208DF80400002000
:101980008DF806008DF8070002208DF805006946E5
:10199000104803F0A5FF082200210E4804F02BF8A0
:1019A000082201210B4804F026F802940020ADF82B
:1019B0000C00ADF80E00ADF81000ADF814000C20CE
:1019C000ADF8120002A90D4805F042FE012117E012
:1019D000002001400000024000100140406402402D
:1019E00010050020000C024000440040A0600240AE
:1019F00004000020004800404C050020004C00403E
:101A0000FB4805F0ADFE4FF4A06003F08BFE0D2007
:101A10008DF8180000208DF819008DF81A000120AB
:101A20008DF81B0006A803F082FEF24804F00EFDBC
:101A30004FF00060079000200A90EF4809900820BE
:101A40000B90EB48001D089000200C904FF4806034
:101A50000D9000200E900F904FF480701090400277
:101A600011900420129003201390002014901590E0
:101A700007A9E04804F08CFD01224021DC4805F074
:101A80001CFF01224021DA4805F017FF0122102136
:101A9000D84804F044FE0121D64804F0B3FD16B046
:101AA00010BD10B596B004460121480504F05EF95A
:101AB0000121080504F08DF901210C2004F056F9EC
:101AC0000420009002208DF8040000208DF806000C
:101AD0008DF8070002208DF805006946C74803F01D
:101AE000FFFE4FF48050009002208DF8040000208B
:101AF0008DF806008DF8070002208DF80500694674
:101B0000BF4803F0EDFE08220221BC4803F073FF3A
:101B100008220C21BA4803F06EFF4FF4A06003F0D6
:101B200001FE2F208DF8180005208DF819008DF882
:101B30001A0001208DF81B0006A803F0F8FD02949E
:101B40000020ADF80C00ADF80E00ADF81000ADF8B7
:101B500014000C20ADF8120002A9AA4805F078FD87
:101B60000121A84805F0FCFDA248783004F06EFC85
:101B70004FF00060079040200A90A34809909620FB
:101B80000B90A048001D089000200C904FF480603E
:101B90000D9000200E900F9010904FF40030119097
:101BA000002012900320139000201490159007A994
:101BB0009048783004F0ECFC01228021914805F037
:101BC0007CFE012210218B48783004F0A8FD012111
:101BD0008848783004F016FD16B010BD10B596B0E8
:101BE00004460121202004F005F90121042004F01D
:101BF000BDF80121880504F0B9F8C020009002204A
:101C00008DF8040000208DF806008DF807000220F2
:101C10008DF8050069467A4803F062FE0822062125
:101C2000774803F0E8FE08220721754803F0E3FE39
:101C300002940020ADF80C00ADF80E00ADF81000D5
:101C4000ADF814000C20ADF8120002A96F4805F0A1
:101C5000FFFC01216D4805F083FD4FF4A06003F007
:101C600061FD39208DF8180003208DF8190001203E
:101C70008DF81A008DF81B0006A803F058FD644883
:101C800004F0E4FB4FF02060079000200A906148C8
:101C9000099010200B905D48001D089000200C90CA
:101CA0004FF480600D9000200E900F904FF48070E4
:101CB00010904002119004201290032013900020F5
:101CC0001490159007A9524804F062FC01224021AB
:101CD0004E4805F0F2FD012210214D4804F01FFD91
:101CE00001214B4804F08EFC16B010BD0EB500204B
:101CF0000290019000904748007802282ED1454874
:101D0000407801904348C0784249897840EA0120F0
:101D10000090404909783F4A527811443D4A9278F0
:101D200011443C4AD2788818C11700EB116109129E
:101D3000A0EB0121C9B20291364800799DF8081044
:101D400088420BD133484079032807D19DF804001D
:101D500031490870BDF80000304908800EBD00B55B
:101D600085B00121082004F001F80121880304F066
:101D700041F800208DF8100001208DF813000C2090
:101D8000039003A91D4803F0ABFD0221032005F0D9
:101D90002DFE0420009000208DF8040010208DF806
:101DA000050001208DF80600684604F031FD08208A
:101DB0008DF8080000208DF809008DF80A00012038
:101DC0008DF80B0002A803F0B2FC05B000BD70B5A1
:101DD00004460D46012C25D12946114805F0EBFC9F
:101DE00000BF40210E4805F096FD0028F9D042E0E2
:101DF000004C0040406002401F050020000C0240E3
:101E000000080240005000406A0400200014014015
:101E1000286402405B050020280100202A010020E0
:101E200000100140032C0BD12946FE4805F0C3FCED
:101E300000BF4021FB4805F06EFD0028F9D01AE0F4
:101E4000042C0BD12946F84805F0B5FC00BF402111
:101E5000F54805F060FD0028F9D00CE0052C0AD10A
:101E60002946F24805F0A7FC00BF4021EF4805F0E5
:101E700052FD0028F9D070BD0020ED494862ED49BF
:101E80000860ED490860ED49086070470020E849A6
:101E90004862E84908604FF080414862E8490860BC
:101EA000E8490860E8490860E3490860E3490860D8
:101EB00070470020E0490860E04908607047002052
:101EC000E0490860E0490860704710B50020DF492C
:101ED0000870002407E061210120FFF778FF32201D
:101EE000FEF7CCFD641C022CF5D30120D749087005
:101EF0007A20D749087010BD10B50020D549087068
:101F0000002407E061210320FFF761FF3220FEF784
:101F1000B5FD641C022CF5D30120CE4908707A204F
:101F2000CD49087010BD2DE9F14FAEB0CBA02D907A
:101F300000202C908DF888008DF860002E981328D2
:101F400032D2DFE800F00A323940474E555C636A0E
:101F50007172737A868D94FEFD000221C84803F0E9
:101F600021FD88B100224FF40041C64803F038FD3E
:101F70004FF40041C34803F022FD044600222146ED
:101F8000C1A0FEF75DFB0FE00122D103BD4803F0C5
:101F900027FD4FF40041BB4803F011FD0446002229
:101FA0002146C1A0FEF74CFB45E20122C64801686C
:101FB000C6A0FEF745FB3EE20222C6480168C6A065
:101FC000FEF73EFB37E20322C6480168C6A0FEF7D3
:101FD00037FB30E20422C7480168C7A0FEF730FB98
:101FE00029E20522C7480178C7A0FEF729FB22E2B3
:101FF0000622C7480188C7A0FEF722FB1BE2072282
:10200000C7480168C7A0FEF71BFB14E20A22C948B3
:102010000168C9A0FEF714FB0DE20922CA48016855
:10202000CAA0FEF70DFB06E205E204E20C22CB4853
:102030000168CBA0FEF704FBFDE10D22CC4890ED3A
:10204000000ABDEEC00A10EE101ACAA0FEF7F8FA98
:10205000F1E10E22CA480168CAA0FEF7F1FAEAE1EE
:102060000F22CD480168CDA0FEF7EAFAE3E1012195
:10207000CF4803F097FC4FF400511790814803F0CC
:1020800091FC04460221CA4803F08CFC05464FF43B
:1020900080417C4803F086FC06460421C44803F0D6
:1020A00081FC4FF400411690C14803F07BFC0746C9
:1020B0000821BF4803F076FC80464FF48041BC48BD
:1020C00003F070FC81461021B94803F06BFC4FF41B
:1020D00000511590B64803F065FC82460821B548CA
:1020E00003F060FC4FF480511490B14803F05AFCA7
:1020F00010211390AF4803F055FC4FF4806112900B
:10210000AB4803F04FFC83468021A94803F04AFC0A
:102110004FF480711190A64803F044FC109017987A
:10212000CDE90B65CDE90D401698CDE90798CDE9CD
:102130000970DDE913121598CDE9042A039101E035
:1021400072E111E00690DDE91101CDE901B10090E5
:1021500099A2282122A8109B07F04AFE122222A948
:102160007DA0FEF7C0FA66E18021454803F027FC18
:1021700004460121424803F022FC05464021404824
:1021800003F01DFC06464FF400418A4803F017FC9B
:1021900007464FF48051914803F011FC80464FF4FC
:1021A0008061374803F00BFC81464FF400618B4897
:1021B00003F005FC4FF400611790314803F0FFFB7A
:1021C00082464FF480617B4803F0F9FB83464FF46D
:1021D00080512B4803F0F3FB4FF4006116907548D3
:1021E00003F0EDFB4FF400511590254803F0E7FB99
:1021F0004FF4804114906F4803F0E1FB4FF48041AD
:1022000013901F4803F0DBFB4FF48071129073486A
:1022100003F0D5FB4FF400411190194803F0CFFBB8
:10222000DEE0000000480040004C0040005000404C
:10223000000001404400002024080040600000200D
:1022400048000020240400404C00002069000020C9
:10225000680000206B0000206A000020313131311D
:10226000313131313131313131313131313131315E
:102270003131303131313131313131310000000013
:102280000004024000080240524F424F54203220C6
:1022900044414E4720434841592053414E20584124
:1022A0004E483A2020200000524F424F5420322006
:1022B00044414E4720434841592053414E20444F0A
:1022C0003A20202000000000C4010020494D553A6A
:1022D0000000000080000020474F432042414E3A5A
:1022E00000000000EC0000205649205452492042D2
:1022F000414E3A0044020020676F635F6C6964617D
:10230000723A0000280100206F66667365743A0017
:102310002A01002064697374616E63653A000000ED
:10232000400200204C75635F42616E5F6C696461BE
:10233000723A000094000020476F635F42616E5F55
:102340006175746F3A0000007800002047545F4CBC
:10235000415A45525F545241493A000090000020D2
:102360004C75635F42616E5F6C617A65723A000022
:102370008C0000204A6F79537469636B3A00000047
:102380003802002066696E616C5F726573756C74EB
:102390005F6C617A65723A003C02002066696E618A
:1023A0006C5F726573756C745F6C696461723A001E
:1023B00000100240000C0240256425642564256459
:1023C00025642564256425642564256425642564C5
:1023D0002564256425642564000000000000024097
:1023E000CDE90B76CDE90D5410901798CDE907A0F3
:1023F000CDE90998DDE915211498CDE9051BCDE952
:102400000302DDE911121398CDE900120290AFF238
:102410005802282122A8109B07F0EAFC112222A9C9
:10242000FEA0FEF760F906E0FE48017A1022FEA049
:10243000FEF706F900BF00BF2FB0BDE8F08F10B562
:102440000121FB4804F0DEF810BD01B5F948006831
:102450000099884203DD0020F649086004E0F54851
:102460000068401CF3490860F2480068FFF75BFD14
:1024700008BD10B52DED028BEA48C07801EE100AB8
:10248000B8EE411ADFEDEC1A31EE611AF0EE410AB6
:10249000E448807801EE100AB8EE411ADFEDE61A42
:1024A00031EE611AB0EE410A07F0FAFCF0EE408A14
:1024B000E248D0ED000A9FEDE21A81EE200A20EEFC
:1024C000280AB0EE408AB5EEC08AF1EE10FA05D2C5
:1024D0009FEDDC0A38EE000AB0EE408AD148C078A1
:1024E0007E2807D1CF4880787F2803D19FEDD60A78
:1024F000B0EE408A9FEDD20AB4EEC08AF1EE10FA37
:1025000006D8B2EE040A28EE000AB0EE408A09E0CE
:102510009FEDCC0A38EE400AF2EE040A20EE200AC3
:10252000B0EE408AC94880ED008ABDEC028B10BD38
:10253000F0B5DDE9054520B9C54E3678C54FFE70CA
:102540000BE0002804DDC34FF8700126BE7004E0E4
:102550004642C04FFE700026BE7021B9BC4E367890
:10256000BC4FFE720BE0002904DDBA4FF971012661
:10257000BE7104E04E42B74FFE710026BE7122B913
:10258000B34E3678B34FFE720BE0002A04DDB14F34
:10259000FA720126BE7204E05642AE4FFE72002669
:1025A000BE7223B9AA4E3678AA4FFE730BE0002BF9
:1025B00004DDA84FFB730126BE7304E05E42A54F05
:1025C000FE730026BE7324B9A14E3678A14FFE7467
:1025D0000BE0002C04DD9F4FFC740026BE7404E069
:1025E00066429C4FFE740126BE7425B9984E36781B
:1025F000984FFE750BE0002D04DD964FFD7501260A
:10260000BE7504E06E42934FFE750026BE75F0BDA8
:10261000904AD070D071D072D073D074D07570479A
:1026200001208D49086070478A48C078032815DA70
:102630008848C079032811DA8648C07A03280DDA61
:102640008448C07B032809DA8248C07C032805DA65
:102650008048C07D032801DA012070470020FCE794
:102660007E48006847F23051884201D0012070470F
:102670000020FCE710B5FFF728FC10BD7848B0F942
:10268000000040427047B5EEC00AF1EE10FA09D2E0
:102690007448D0ED000A70EE600AFDEEE00A10EE1C
:1026A000900A70476F48D0ED000A70EE200AFDEEE8
:1026B000E00A10EE900AF4E710B52DED0A8B0446FF
:1026C00024B99FED690ABDEC0A8B10BD002C25DAF8
:1026D0006648006807F06FF941EC190B204607F0D7
:1026E0006AF941EC1C0B9FED620B53EC102B07F0C9
:1026F00081F841EC1B0B9FED5E0B53EC102B07F0A8
:1027000073F841EC1A0B53EC192B07F0E5F841EC88
:10271000180B07F0A5F900EE100AD4E7534800683B
:1027200007F049F941EC190B204607F044F941EC58
:102730001C0B9FED4F0B53EC102B07F05BF841EC9B
:102740001B0B9FED4B0B53EC102B06F0ACFF41EC39
:102750001A0B53EC192B07F0BFF841EC180B07F0DC
:102760007FF900EE100AAEE7F0EE400AF5EEC00A7F
:10277000F1EE10FA02DBB0EE600A7047B1EE600ACB
:10278000FBE70146002901DB084670474842FCE7A9
:1027900001463948D0ED000AF1EE600A3748D0ED25
:1027A000001A80EEA11A00EE901AF8EEE01A3248F4
:1027B000D0ED000A41EE210AB0EE600AFDEEC00A3B
:1027C00010EE900A7047F0EE401A9FED2D2AB0EE01
:1027D000420AF5EEC01AF1EE10FA03D2B1EE612A08
:1027E000F0EE421AF5EEC00AF1EE10FA03D2B1EEA5
:1027F000602AF0EE420AB5EEC01AF1EE10FA03D2EA
:10280000B1EE412AB0EE421AF4EEC01AF1EE10FA1F
:1028100001DDB0EE610AF4EEC00A33E04F55543AE0
:10282000000000004C0500204241544552593A0036
:10283000A06002405C0000200000FF4284010020F4
:10284000000034430000B44300409C468C0000204C
:10285000780100200400002074010020A401002061
:1028600064000020340100200000000090010020DE
:102870009A9999999999B93F6C01002070010020AB
:102880006F12833AF1EE10FA01DDB0EE600AB4EE99
:10289000C01AF1EE10FA01DDB0EE410A7047FD48B2
:1028A00000687047FC480068704710B52DED088B34
:1028B000B0EE408AF948006847F23051884214D19E
:1028C0001FED170AF64880ED000AF64880ED000A71
:1028D000F54880ED000AF54880ED000AF44880EDE7
:1028E000000AF44880ED000AE8E0F3480068F34984
:1028F0000968401AE9490968081A00EE100AB8EE9A
:10290000C00AEF48D0ED000AEE4890ED001A00EE44
:10291000C10AD0ED000AC0EE208AEB4890ED000A13
:1029200020EE280A10EE101A084607F055F841EC80
:102930001B0BB0EE4B0AF0EE6B0A08F0ADFBB0EEED
:1029400040AAF0EE60AA51EC1A0B81F0004141EC74
:10295000190B07F085F8D7490860DC4890ED000AAC
:1029600038EE800AD848D0ED000A20EE200A10EE9A
:10297000101A084607F030F841EC1A0BB0EE4A0A7C
:10298000F0EE6A0A08F088FBB0EE409AF0EE609A2A
:1029900051EC190B07F064F8C5490860CC4890ED7C
:1029A000000A38EE800AC848D0ED000A20EE200A5E
:1029B00010EE101A084607F00FF841EC1A0BB0EEB3
:1029C0004A0AF0EE6A0A08F067FBB0EE409AF0EEB1
:1029D000609A51EC190B07F043F8B4490860BD4800
:1029E00090ED000A38EE800AB748D0ED000A20EEDC
:1029F000200A10EE101A084606F0EEFF41EC1B0B01
:102A0000B0EE4B0AF0EE6B0A08F046FBB0EE40AABF
:102A1000F0EE60AA51EC1A0B81F0004141EC190B69
:102A200007F01EF8A0490860A84890ED000A38EEAB
:102A3000800AA548D0ED000A20EE200A10EE101AF8
:102A4000084606F0C9FF41EC1B0BB0EE4B0AF0EE56
:102A50006B0A08F021FBB0EE40AAF0EE60AA51EC40
:102A60001A0B81F0004141EC190B06F0F9FF8D497A
:102A70000860974890ED000A38EE800A9248D0ED41
:102A8000000A20EE200A10EE101A084606F0A4FFF5
:102A900041EC1B0BB0EE4B0AF0EE6B0A08F0FCFAAF
:102AA000B0EE40AAF0EE60AA51EC1A0B81F00041A2
:102AB00041EC190B06F0D4FF79490860B5EEC08AE5
:102AC000F1EE10FA7CD08448006807282FD2DFE8A6
:102AD00000F0042F53789CC0E000764890ED000A87
:102AE00030EE480A80ED000A714890ED000A30EEA1
:102AF000480A80ED000A6D4890ED000A30EE480A61
:102B000080ED000A684890ED000A30EE480A80ED3A
:102B1000000A644890ED000A30EE480A80ED000A91
:102B20005F4890ED000A30EE480A80ED000AFEE0B2
:102B30005F4890ED000A30EE480A80ED000A5B48DD
:102B400090ED000A30EE480A80ED000A564890EDFC
:102B5000000A30EE480A80ED000A524890ED000A63
:102B600030EE480A80ED000A4D4890ED000A30EE44
:102B7000480A80ED000ADAE04E4890ED000A30EE97
:102B8000480A80ED000A494890ED000A30EE480AF4
:102B900080ED000A444890ED000A30EE480A80EDCE
:102BA000000A404890ED000A30EE480A80ED000A25
:102BB0003B4890ED000A30EE480A80ED000AB6E08E
:102BC000B6E03C4890ED000A30EE480A80ED000A7D
:102BD000374890ED000A30EE480A80ED000A32488E
:102BE00090ED000A30EE480A80ED000A2D4890ED85
:102BF000000A30EE480A80ED000A294890ED000AEC
:102C000030EE480A80ED000A91E02A4890ED000A73
:102C100030EE480A80ED000A254890ED000A30EEBB
:102C2000480A80ED000A214890ED000A30EE480A7B
:102C300080ED000A1B4890ED000A30EE480A80ED56
:102C4000000A174890ED000A30EE480A80ED000AAD
:102C50006DE0184890ED000A30EE480A80ED000A59
:102C6000134890ED000A30EE480A80ED000A0F4844
:102C700090ED000A30EE480A80ED000A0A4890ED17
:102C8000000A30EE480A80ED000A054890ED000A7F
:102C900024E028E090010020BC010020A4010020D5
:102CA000E4010020E0010020DC010020D801002028
:102CB000D4010020D0010020C4010020B001002078
:102CC000B40100204C010020800100205C010020A4
:102CD00058010020600100208C01002030EE480ADD
:102CE00080ED000A23E0FE4890ED000A30EE480A2D
:102CF00080ED000AFB4890ED000A30EE480A80EDB6
:102D0000000AF94890ED000A30EE480A80ED000A0A
:102D1000F64890ED000A30EE480A80ED000AF448CB
:102D200090ED000A30EE480A80ED000A00BF00BFB7
:102D3000EF4890ED001AEC48D0ED000AE84890ED1D
:102D4000000AFFF740FDEB48D0ED000AF8EEE00A7C
:102D500080EE801ABDEEC10AE74880ED000AE74820
:102D60000068E5490968884203DDE3480068E349F3
:102D700008600120E2490860BDEC088B10BD10B569
:102D800004460020DF490860DF480460FCB90020E9
:102D9000DA4908609FEDDD0ADD4880ED000A47F260
:102DA0003050DC490860DC4908609FEDD80ADB48F8
:102DB00080ED000A0020DA490860DA490860DA4943
:102DC0000860DA4908609FEDD10AFFF76EFD10BD7B
:102DD00010B5D24890ED000AB5EEC00AF1EE10FA37
:102DE00005D1CF48006810B9CE48006890B19FED7A
:102DF000C70ACA4880ED000A0020C9490860C949CD
:102E00000860CB480068CB490860C44890ED000AD0
:102E1000FFF74BFD10BDC848C0ED000AC74880ED64
:102E2000000A704770B52DED028B05460C46B0EEDA
:102E3000408AB8480068A8420BD1B2480068A04256
:102E400007D1B34890ED000AB4EE480AF1EE10FA4B
:102E500018D0AC480460A948006810B90520A749FB
:102E60000860B3480068B3490860A94880ED008A4B
:102E7000A84805600020B2490860A84890ED000A03
:102E8000FFF713FDBDEC028B70BD70B52DED028B0D
:102E90000446B0EE408A0D46A2480068A0420BD11D
:102EA0009E4890ED000AB4EE480AF1EE10FA03D104
:102EB0009B480068A84237D09648006847F23051D6
:102EC000884222D150208F49086003208B49086036
:102ED00047F23050844218DA012093490860B5EE79
:102EE000C08AF1EE10FA03DD91480068A04208DCC8
:102EF000B5EEC08AF1EE10FA07D28D480068A04204
:102F000003DAB1EE480AB0EE408A8648046084488D
:102F10000560824880ED008A0020894908607F486A
:102F200090ED000AFFF7C1FCBDEC028B70BD10B53F
:102F30002DED028BB0EE408A04462146B0EE480AE1
:102F400047F23050FFF7A1FFBDEC028B10BD70B50A
:102F500004460D469FED6D0A29462046FFF762FFA5
:102F600070BD70B52DED088BF0EE408A0446B0EED2
:102F7000608AB0EE419A684890ED000AB8EEC00A47
:102F8000B4EE680AF1EE10FA0DD15E480068A04276
:102F900009D1644890ED000AB8EEC00AB4EE480AC0
:102FA000F1EE10FA5ED0BDEEE80A5B4880ED000A53
:102FB0005F4991ED000AB8EEC00A38EEC00ABDEED6
:102FC000C00A10EE100A9FED510A2146FFF72AFFB2
:102FD000574890ED000AB8EEC00A38EE400ABDEE40
:102FE000C00A10EE105A002D01DB284600E06842AE
:102FF000642814DD4E4890ED000AB8EEC00AB4EE25
:10300000C08AF1EE10FA02DDB0EE490A01E0B1EE3D
:10301000490A10EE101A084606F0DEFC13E0444898
:1030200090ED000AB8EEC00A38EE400A10EE101A11
:10303000084606F0D1FC41EC1B0B9FED420B53EC14
:10304000102B06F0D7FB41EC1A0B06F009FD09EE38
:10305000900A0021B0EE690AFDEEC80A10EE900A4F
:10306000FFF713FFBDEC088B70BD10B52E4800684C
:10307000012876DD2B4909682D4A1268881AFFF766
:1030800080FB05280CDA284801680068401C264AA5
:103090001060B1F57A7F64DD0020FFF770FE10BD8F
:1030A00021480068B0F5FA7F09DD05201549086060
:1030B0001249086040F2F5101B49086004E0052041
:1030C000104908600D4908601948006815490968E9
:1030D00088423CDDBFEE000A104880ED000A3BE06C
:1030E000D0010020D4010020D8010020DC01002004
:1030F000E00100202C010020980100209001002018
:1031000088010020940100209C01002000000000A4
:10311000B8010020A4010020A8010020B401002073
:103120008C010020AC010020BC01002074010020B3
:10313000C4010020B00100206C01002070010020BB
:10314000A00100207B14AE47E17A743F09E0B7EE9E
:10315000000AFE4880ED000AFC4890ED000AFFF7E7
:10316000A4FB00BF9BE710B52DED028BF84890ED56
:10317000000AB5EEC00AF1EE10FA08D1F548006871
:1031800028B1F548006847F23051884202DBBDECB7
:10319000028B10BDED4890ED000AB5EEC00AF1EECD
:1031A00010FA7CD0ED48006847F23051884277D160
:1031B000E64890ED000AB5EEC00AF1EE10FA08DD1F
:1031C000E5480068E6490968401AE6490968884206
:1031D00010DBDE4890ED000AB5EEC00AF1EE10FA01
:1031E0007ED2DD480068DE4909680844DD49096887
:1031F000884275DDDC48006803285CDAD649096836
:10320000D84A1268881AFFF7BCFA0A2816DAD24898
:103210000068D64908600020CE490860D44908609B
:103220001FED460AC94880ED000A0220CE49086019
:10323000C64890ED000AFFF738FBA8E7C6480068CB
:10324000C8490968884237DDC24890ED000AB8EEE7
:10325000C00ABE48D0ED000A60EE200AC04890EDDA
:10326000000AB8EEC00AC0EE801AB0EE611AB0EEE5
:10327000410AFFF779FAB8490968BA4A1268881A08
:10328000FFF77FFA00EE900AB8EEE01AB948D0EDE9
:10329000000A40EE010AAF4890ED000A01E0AAE002
:1032A00047E0B8EEC00A80EE801AB0EE418AB0EE78
:1032B000480AFFF7FAFA9DE0A64890ED000AB8EE3A
:1032C000C00AA248D0ED000A60EE200AA44890EDA2
:1032D000000AB8EEC00AC0EE801AB0EE611A00E033
:1032E00021E0B0EE410AFFF73FFA9B4909689D4A89
:1032F0001268881AFFF745FA00EE900AB8EEE01A55
:103300009C48D0ED000A50EE410A924890ED000A28
:10331000B8EEC00A80EE801AB0EE418AB0EE480ADC
:10332000FFF7C3FA66E0894890ED000AFFF7BDFA9F
:1033300060E0864890ED000AB5EEC00AF1EE10FAA2
:103340001FDD854890ED000AB8EEC00A8148D0ED37
:10335000000AF8EEE00A7D4890ED001A00EEC10A7E
:103360008548D0ED000AF8EEE00A70EE600A7D486C
:1033700090ED000AB8EEC00AF4EEC00AF1EE10FAC1
:1033800027D3724890ED000AB5EEC00AF1EE10FAAC
:103390002BD2714890ED000AB8EEC00A6D48D0ED0E
:1033A000000AF8EEE00A694890ED001A00EEC10A42
:1033B0007148D0ED000AF8EEE00A70EE200A694884
:1033C00090ED000AB8EEC00AF4EEC00AF1EE10FA71
:1033D0000BDD61490968634A1268881AFFF76CF9C6
:1033E000B0EE408AFFF761FA04E0584890ED000A19
:1033F000FFF75BFACBE6614909685A4A1268881AF6
:10340000FFF75AF9B0EE408AFFF74FFA00BFBEE669
:1034100000B555480068022815DA1FEDC40A4C486B
:1034200080ED000A1FEDC70A484880ED000A002021
:103430005349086047F230504849086051490860D4
:1034400000204549086050480068401C4E4908600B
:103450004E490968884204DA4D480068FFF7D8F8F9
:103460000EE04A480068484908604A48006820B1B0
:1034700047480068FFF7CCF802E00020FFF7C8F8E3
:1034800000BD414A1268521C3F4B1A60824207DD60
:10349000304A12680A442F4B1A6000223A4B1A60D5
:1034A00070472DE9FC47FFF7E9F82E490860FFF760
:1034B000DCFD2F480068002821DD264800682C49E3
:1034C000096888422AD02348006829490968884247
:1034D0000EDA204800683049096888421EDA1D4823
:1034E0000068FFF755F904460121FFF7CAFF15E010
:1034F0004FF0FF3129480068FFF7C3FF0EE0154881
:103500000068002806DD4FF0FF3125480068FFF70E
:10351000B8FF03E0FFF77CFFBDE8FC8721480068A7
:1035200010490968884205D0FFF71DFE0D48006864
:103530001C4908601C480068D0B30648D0ED000A5A
:10354000F8EEE00A194890ED001A32E0B4010020CC
:10355000B801002090010020AC010020A40100204F
:1035600068010020C4010020BC010020C00100202F
:10357000940100204801002064010020B0010020D7
:103580008C010020A8010020A00100207C01002067
:10359000780100207401002098010020CC01002057
:1035A0009C010020C801002088010020E4010020C7
:1035B00058E060EE810AB0EE600AFFF764F8044656
:1035C000FC48D0ED000AF8EEE00AFB4890ED001A46
:1035D00060EE810AB0EE600AFFF755F80546F5483F
:1035E000D0ED000AF8EEE00AF44890ED001A60EE23
:1035F000810AB0EE600AFFF746F80646ED48D0EDC6
:10360000000AF8EEE00AEE4890ED001A60EE810A3A
:10361000B0EE600AFFF737F80746E648D0ED000A3B
:10362000F8EEE00AE74890ED001A60EE810AB0EE8D
:10363000600AFFF728F88046DE48D0ED000AF8EE71
:10364000E00AE14890ED001A60EE810AB0EE600AEF
:10365000FFF719F8814633463A464146CDE9005412
:10366000FEF766FF00BF57E770B52DED028B0F2503
:1036700005269FEDD60AB0EE408AD54800791E286F
:1036800005DBD3480079B42801DC012000E00020EC
:103690000446FEF7EEFECE48407800F0010028B167
:1036A000C8259FEDCC0AB0EE408A04E032259FED9C
:1036B000CA0AB0EE408AC648007800F0080098B107
:1036C000C348007800F0100070B9C148007800F0DD
:1036D000200048B9BE48007800F0400020B92946D3
:1036E000BE48FFF734FCC5E0B948007800F0080098
:1036F000A0B9B748007800F0100078B1B44800785D
:1037000000F0200050B9B248007800F0400028B91D
:10371000294640F2DC50FFF71AFCABE0AC480078D9
:1037200000F00800A0B9AA48007800F0100078B9AD
:10373000A748007800F0200050B1A548007800F0BC
:10374000400028B929464FF41670FFF700FC91E0BD
:103750009F48007800F0080098B99D48007800F074
:10376000100070B99A48007800F0200048B99848D5
:10377000007800F0400020B129469948FFF7E7FBA8
:1037800078E09348007800F00800A0B190480078F5
:1037900000F0100078B98E48007800F0200050B199
:1037A0008B48007800F0400028B929464FF4967005
:1037B000FFF7CDFB5EE08648007800F0080098B186
:1037C0008348007800F0100070B98148007800F05C
:1037D000200048B97E48007800F0400020B129461A
:1037E0008048FFF7B4FB45E07948007800F0080016
:1037F000A0B97748007800F0100078B174480078DC
:1038000000F0200050B17248007800F0400028B964
:1038100029464FF46170FFF79AFB2BE06C48007863
:1038200000F0080098B96A48007800F0100070B104
:103830006748007800F0200048B96548007800F03B
:10384000400020B129466848FFF781FB12E0674835
:1038500090ED000ADFED660AB4EEE00AF1EE10FA30
:1038600008D2294690ED000ABDEEC00A10EE100AFB
:10387000FFF76DFB5648007800F0080010BB544875
:10388000007800F01000E8B95148007800F02000FE
:10389000C0B94F48007800F0400098B9534890ED07
:1038A000000ADFED530AB4EEE00AF1EE10FA09DD8A
:1038B00044B1FEF7D5FE28B14548C07910B90020C3
:1038C000FFF75DFA14B1FFF783FA27E0404800796B
:1038D00014280EDAFEF7C4FE28B10020B1EE480A23
:1038E000FFF725FB1AE00020B1EE480AFFF71FFBA7
:1038F00014E037480079B4280EDDFEF7B1FE28B198
:103900000020B0EE480AFFF712FB07E00020B0EEFF
:10391000480AFFF70CFB01E0FFF75AFABDEC028BF7
:1039200070BD344801680068401C324A106032297A
:1039300007D2314840893149096808442F49086055
:103940000BE02E4800683221B0FBF1F02C490860F2
:10395000002028490860294908602A480168006851
:10396000401C284A1060322907D223480089264982
:1039700009680844244908600BE0234800683221A4
:10398000B0FBF1F02149086000201E4908601E4983
:1039900008601F4801680068401C1D4A10603229F9
:1039A0003AD2154880891B490968084419490860BA
:1039B0003EE0000090010020E0010020DC0100203A
:1039C000D8010020D4010020D00100200000000018
:1039D0004C0500209A99193FCDCC4C3ED4FEFFFFF8
:1039E00050FBFFFF7CFCFFFF24FAFFFF8C00002050
:1039F00000606A466002002000050020640200208A
:103A000070000020680200206C020020740000207A
:103A10007002002074020020FD4800683221B0FBD3
:103A2000F1F0FC4908600020FB490860F849086093
:103A3000FA4801680068401CF84A1060322907D231
:103A4000F748C089F74909680844F64908600BE05F
:103A5000F44800683221B0FBF1F0F349086000201F
:103A6000EE490860EF490860F04801680068401CB2
:103A7000EE4A1060322907D2E9480088EC4909680B
:103A80000844EB4908600BE0E94800683221B0FBCC
:103A9000F1F0E84908600020E4490860E449086062
:103AA000E54801680068401CE34A1060322907D2EB
:103AB000DB484088E14909680844E04908600BE0B8
:103AC000DE4800683221B0FBF1F0DD4908600020DB
:103AD000D9490860D9490860DA4801680068401C83
:103AE000D84A1060322907D2CD488088D649096863
:103AF0000844D54908600BE0D34800683221B0FB88
:103B0000F1F0D24908600020CE490860CE49086033
:103B1000704701B5CE48407800F0200040B19DF8D4
:103B20000000CC4981F82F00002081F82E0011E020
:103B3000C748407800F0040040B19DF80000C54936
:103B400081F82F00012081F82E0003E00220C149F6
:103B500081F82F0008BD10B5BD48407800F0020084
:103B6000C0B9BB48407800F0040098B10122802120
:103B7000B94801F035FF4FF48041B84801F012FF19
:103B800020B901224021B44801F02AFF0120B449A4
:103B900008700FE0B248007860B100224021AE48C2
:103BA00001F01EFF00228021AB4801F019FF002028
:103BB000AB49087010BD10B54FF4E670A949086014
:103BC00001228021A44801F00BFF00240BE002E059
:103BD000012005F0E7F84FF48041A04801F0E2FE33
:103BE0000128F5D0641C642CF1DB40F2DC5005F0B8
:103BF000D9F801229102984801F0F2FE4FF4FA70D0
:103C000005F0D0F801224021934801F0E9FE00249C
:103C10000AE002E0012005F0C5F801218F4801F01B
:103C2000C1FE0128F6D0641C642CF2DB00240AE0FB
:103C300002E0012005F0B6F80121884801F0B2FE4B
:103C40000028F6D0641C642CF2DB4FF47A7005F087
:103C5000A9F800224FF480617F4801F0C1FE40F2D4
:103C6000DC5005F09FF800240AE002E0012005F096
:103C700099F80121794801F095FE0128F6D0641CDD
:103C8000642CF2DB4FF4FA7005F08CF8002240212E
:103C9000714801F0A5FE4FF4FA6005F083F80022A8
:103CA00080216D4801F09CFE00240AE002E0012022
:103CB00005F078F80221694801F074FE0128F6D079
:103CC000641C642CF2DB10BD10B54FF4E67065493E
:103CD000086002E00A2005F065F856480068B0F573
:103CE000EB7FF7DC012240215B4801F079FE41F2D5
:103CF000883005F057F80A20564981F82B0081F8E2
:103D0000270081F82300012081F8220081F8260095
:103D100081F82A0041F2883005F044F840F23A2058
:103D200050490860002240214B4801F059FE002410
:103D30000DE004E0012005F035F8FFF795FC4FF4A5
:103D40008061464801F02EFE0128F3D0641C642CEB
:103D5000EFDB40F6B83005F025F800203D4981F84A
:103D6000230081F8270081F82B0010BD10B53848DA
:103D7000407800F0080050B13548407800F002006B
:103D800028B901228021344801F02AFE11E0304890
:103D9000007800F0020060B1002280212E4801F07E
:103DA0001FFE00202B4981F82B0081F8270081F8A5
:103DB000230010BD10B52648407800F0400030B315
:103DC0004FF48061254801F0EDFD00BB1E20214924
:103DD00081F82B0081F8270081F82300002081F86A
:103DE000220081F8260081F82A0042F2107004F0C7
:103DF000D9FF0122D102184801F0F2FD42F2107001
:103E000004F0D0FF0020134981F82B002CE035E0AE
:103E1000740200207C000020700200207802002044
:103E2000000500207C020020780000208002002095
:103E30008402002080000020880200208C020020E4
:103E400084000020900200209402002088000020BE
:103E50004C05002004000020000402400010024035
:103E600098020020EC00002081F8270081F8230050
:103E700000224FF40061F84801F0B2FD10BD10B50A
:103E8000F648407800F0800058B31420F44981F8D7
:103E90002B0081F8270081F82300012081F82200FF
:103EA00081F8260081F82A0000240BE002E00120BE
:103EB00004F078FF4FF48061EA4801F073FD0128B7
:103EC000F5D0641C642CF1DB40F6B83004F06AFFD6
:103ED0000020E34981F8230081F8270081F82B00B6
:103EE00000BF10BD10B50A20FEF749FF7D20DC4958
:103EF00081F82B0081F8270081F82300002081F849
:103F0000220081F8260081F82A0043F6982004F068
:103F100049FF0122D102D04801F062FD41F658303C
:103F200004F040FF0020CE4981F82B0081F82700E3
:103F300081F8230000224FF40061C74801F050FDD2
:103F400010BD70B52DED068B04460D46C6480560C4
:103F5000C6480460492C0AD19FEDC50AC54880EDCA
:103F6000000AC54800680D30C4490860A1E24A2C27
:103F70000AD19FEDC30ABF4880ED000ABE48006821
:103F80000D30BE49086094E24B2C0AD19FEDBD0A6A
:103F9000B84880ED000AB84800680A30B7490860A0
:103FA00087E24C2C09D19FEDB80AB24880ED000A97
:103FB000B1480068B54908607BE24D2C09D19FEDFE
:103FC000B10AAC4880ED000AAB480068AF49086010
:103FD0006FE24E2C09D19FEDAA0AA64880ED000A97
:103FE000A5480068A949086063E24F2C09D19FEDFC
:103FF000A00AA04880ED000A9F480068A349086015
:1040000057E2502C09D19FEDA20A9A4880ED000A90
:10401000994800689D4908604BE2512C0AD19FEDF8
:104020009D0A944880ED000A93480068801D9749D6
:1040300008603EE2522C0AD19FED970A8D4880ED30
:10404000000A8D480068401D9049086031E2532CF9
:104050000AD19FED920A874880ED000A86480068E1
:10406000401D8A49086024E2542C0AD19FED8C0A35
:10407000804880ED000A80480068401D8349086040
:1040800017E2552C0AD19FED870A7A4880ED000A85
:1040900079480068401F7D4908600AE2562C0AD121
:1040A0009FED810A734880ED000A73480068401F45
:1040B00076490860FDE1572C0AD19FED7C0A6D48D6
:1040C00080ED000A6C480068401F70490860F0E10C
:1040D000582C0AD19FED760A664880ED000A6648A2
:1040E0000068401F69490860E3E1592C0AD19FED3F
:1040F000710A604880ED000A5F480068001F63494C
:104100000860D6E15A2C0AD19FED6B0A594880ED20
:10411000000A59480068001F5C490860C9E15B2C2F
:104120000AD19FED660A534880ED000A52480068A4
:10413000001F56490860BCE15C2C0AD19FED600A63
:104140004C4880ED000A4C480068001F4F49086049
:10415000AFE15D2C0AD19FED5B0A464880ED000A75
:1041600045480068001F49490860A2E15E2C0AD159
:104170009FED550A3F4880ED000A3F480068C01E89
:104180004249086095E15F2C0AD19FED500A3948F9
:1041900080ED000A38480068C01E3C49086088E18C
:1041A000602C0AD19FED4A0A324880ED000A32485D
:1041B0000068C01E354908607BE1612C0AD19FED83
:1041C000450A2C4880ED000A2B480068C01E2F4984
:1041D00008606EE1622C0AD19FED3F0A254880ED10
:1041E000000A25480068801E2849086061E1632CA8
:1041F0000AD19FED3A0A1F4880ED000A1E48006868
:10420000801E2249086054E1642C0AD19FED340AD3
:10421000184880ED000A18480068801E1B49086095
:1042200047E1652C0AD19FED2F0A124880ED000A64
:1042300011480068801E154908603AE1662C55D186
:104240009FED290A0B4880ED000A0B480068801E8C
:104250000E4908602DE10000000402404C050020DA
:1042600004000020001002403C0200203802002020
:10427000333367413002002094000020EC0000201E
:104280009A996541000064416666624148020020D7
:10429000CDCC684166666A4100006C419A996D41D7
:1042A00033336F41CDCC704166667241000074417A
:1042B0009A99754133337741CDCC784166667A411E
:1042C00000007C419A997D4133337F41666680418D
:1042D0003333814100008241CDCC82419A998341A0
:1042E000666684413333854100008641672C0AD1DC
:1042F0009FEDF90AF94880ED000AF9480068401E70
:10430000F8490860D5E0682C0AD19FEDF70AF34818
:1043100080ED000AF2480068401EF2490860C8E0DB
:10432000692C0AD19FEDF10AEC4880ED000AEC48B7
:104330000068401EEB490860BBE06A2C0AD19FED83
:10434000EC0AE64880ED000AE5480068401EE549B1
:104350000860AEE06B2C0AD19FEDE60ADF4880EDE5
:10436000000ADF480068401EDE490860A1E06C2CAE
:104370000AD19FEDE10AD94880ED000AD8480068CB
:10438000401ED849086094E06D2C09D19FEDDB0AEE
:10439000D24880ED000AD2480068D249086088E01F
:1043A0006E2C09D19FEDD60ACC4880ED000ACC488E
:1043B0000068CC4908607CE06F2C09D19FEDD10AE0
:1043C000C64880ED000AC6480068C649086070E02B
:1043D000702C09D19FEDCC0AC04880ED000AC0487E
:1043E0000068C049086064E0712C09D19FEDC70ADC
:1043F000BA4880ED000ABA480068BA49086058E037
:10440000722C09D19FEDC20AB44880ED000AB4486D
:104410000068B44908604CE0732C0AD19FEDBD0AD6
:10442000AE4880ED000AAE480068401CAD49086007
:104430003FE0742C0AD19FEDB80AA84880ED000A2D
:10444000A7480068401CA749086032E0752C0AD1D3
:104450009FEDB20AA14880ED000AA1480068401C07
:10446000A049086025E0762C0AD19FEDAD0A9B4853
:1044700080ED000A9A480068401C9A49086018E0DC
:10448000772C0AD19FEDA70A944880ED000A944842
:104490000068801C934908600BE0782C09D19FEDDF
:1044A000A20A8E4880ED000A8D480068801C8D4964
:1044B0000860962D21DB992D1FDCA5F1960005F0F3
:1044C0007AFA41EC1A0B9FED990B53EC102B05F087
:1044D00091F941EC190B9FED970B53EC102B05F064
:1044E00086F941EC180B05F0BBFA94490860944832
:1044F0000068401F93490860C5E29A2D21DB9C2D7E
:104500001FDCA5F1960005F056FA41EC1A0B9FED61
:104510008E0B53EC102B05F06DF941EC190B9FED50
:10452000850B53EC102B05F062F941EC180B05F0EC
:1045300097FA8249086082480068401F81490860F4
:10454000A1E29D2D21DBA02D1FDCA5F1960005F039
:1045500032FA41EC1A0B9FED7E0B53EC102B05F059
:1045600049F941EC190B9FED7C0B53EC102B05F036
:104570003EF941EC180B05F073FA70490860704879
:104580000068401F6F4908607DE2A12D21DBA52D49
:104590001FDCA5F1960005F00EFA41EC1A0B9FED19
:1045A000700B53EC102B05F025F941EC190B9FED26
:1045B0006A0B53EC102B05F01AF941EC180B05F0BF
:1045C0004FFA5E4908605E480068401F5D49086018
:1045D00059E2AA2D0CDBAE2D0ADC9FED630A574889
:1045E00080ED000A56480068401F564908604AE2BC
:1045F000B12D0CDBB22D0ADC9FED5C0A4F4880ED3B
:10460000000A4F480068401F4E4908603BE2B42D45
:1046100007DBB62D05DC9FED560A484880ED000A01
:1046200031E2B72D07DBB92D05DC9FED520A434877
:1046300080ED000A27E2BA2D07DBBC2D05DC9FEDDB
:104640004E0A3E4880ED000A1DE2BD2D07DBC02D5D
:1046500005DC9FED4A0A394880ED000A13E2C12DBE
:1046600007DBC32D05DC9FED460A344880ED000AC8
:1046700009E2C42D07DBC72D05DC9FED420A2F4858
:1046800080ED000AFFE1A5F17B0039287ED2DFE84A
:1046900000F01D7E848A90969CA2A8AEB4BAC0CBCE
:1046A000EFF5FBEBEAE9E8E7E6E5E4E3E27D7D7DB3
:1046B0007D7D7D7D7D7D7D7D7D7D7D7D7DE1E0DF01
:1046C000DEDDDCDBDAD9D8D77D7DD6009FED2E0A82
:1046D0001A4880ED000AD5E1CDCC86413002002099
:1046E00094000020480200209A998741666688411C
:1046F0003333894100008A41CDCC8A419A998B415C
:1047000066668C4133338D4100008E41CDCC8E41A5
:104710009A998F41666690413333914100009241EE
:10472000CDCC92419A999341666694410000000075
:104730000000D03FCDCCCCCCCCCC234034020020E8
:1047400044020020EC000020713D0AD7A370BD3F59
:1047500009F9A067B3EAB33F6666666666662440F9
:10476000333333333333B33F66661641AE471341B9
:10477000CDCC1441F62814411F85134152B8124183
:104780006666124185EB1141F628204174E19FEDE8
:10479000FD0AFD4880ED000A74E19FEDFC0AFA482D
:1047A00080ED000A6EE19FEDFA0AF74880ED000AFD
:1047B00068E19FEDF70AF44880ED000A62E19FEDA1
:1047C000F50AF14880ED000A5CE19FEDF30AEE483E
:1047D00080ED000A56E19FEDF10AEB4880ED000AFA
:1047E00050E1B2EE040AE84880ED000A4AE1B2EE78
:1047F000040AE54880ED000A44E19FEDE60AE2483C
:1048000080ED000A3EE19FEDE30ADF4880ED000AFB
:1048100038E19FEDE00ADC4880ED000AE0480068DE
:10482000401FE04908602DE19FEDDF0AD64880ED8A
:10483000000ADB480068401FDA49086022E110E105
:1048400004E1F8E0ECE0E0E0D4E0C8E0BCE0B0E097
:10485000A4E098E08CE080E074E068E05CE050E088
:1048600044E038E02CE020E014E00DE006E0FFE753
:104870009FEDCE0AC44880ED000A03E19FEDCC0A0B
:10488000C14880ED000AFDE09FEDC90ABE4880EDF9
:10489000000AF7E0B2EE040ABB4880ED000AC04807
:1048A0000068C01FBF490860ECE0B2EE040AB648D9
:1048B00080ED000ABA480068C01FBA490860E1E00C
:1048C000B2EE040AB04880ED000AB5480068C01F87
:1048D000B4490860D6E0B2EE040AAB4880ED000AA5
:1048E000AF480068C01FAF490860CBE0B2EE040AD1
:1048F000A54880ED000AAA480068C01FA9490860C1
:10490000C0E09FEDAC0AA04880ED000AA448006812
:10491000C01FA4490860B5E01FED6D0A9A4880EDFC
:10492000000A9F480068C01F9E490860AAE09FEDEA
:10493000A20A954880ED000A99480068C01F99496D
:1049400008609FE09FED9D0A8F4880ED000A944823
:104950000068C01F9349086094E01FED7B0A8A48F5
:1049600080ED000A8E480068C01F8E49086089E00B
:104970009FED930A844880ED000A89480068401F33
:10498000884908607EE09FED8E0A7F4880ED000A2E
:1049900083480068401F8349086073E09FED890ADF
:1049A000794880ED000A7E480068401F7D49086014
:1049B00068E01FED920A744880ED000A78480068AC
:1049C000401F784908605DE01FED990A6E4880ED50
:1049D000000A73480068401F7249086052E09FED6A
:1049E0007A0A694880ED000A6D480068401F6D49E9
:1049F000086047E09FED750A634880ED000A68484B
:104A00000068401F674908603CE09FED710A5E48FE
:104A100080ED000A62480068401F6249086031E08A
:104A20009FED6C0A584880ED000A5D480068401F01
:104A30005C49086026E09FED680A534880ED000A53
:104A400057480068401F574908601BE09FED630A04
:104A50004D4880ED000A52480068801F51490860A7
:104A600010E09FED5F0A484880ED000A4C4800685E
:104A7000401F4C49086005E09FED5A0A424880ED0E
:104A8000000A00BF00BF00EE104AB8EEC00A564848
:104A9000D0ED000A20EE200AF2EE040A80EE201A81
:104AA000BDEEC10A514880ED000A00EE105AB8EE82
:104AB000C00A3548D0ED000A20EE200AF2EE040AC2
:104AC00080EE201ABDEEC10A494880ED000A4FF47D
:104AD0008061484800F066FF88B94748007870B99F
:104AE0004648807920B1464800682E49086006E0B3
:104AF0004248C07918B12A4800682A490860BDECCC
:104B0000068B70BD10B53D48807900287ED04FF4EB
:104B10008061384800F046FF002877D13748007898
:104B200000F0800000287FD00120334908700A205F
:104B3000FEF725F92D480078324981F82B0081F8DD
:104B4000270081F82300002081F8220081F8260048
:104B500081F82A0002E0642004F024F92748007854
:104B600000F080000028F6D10122D102264800F092
:104B700037FF43F6982004F015F90020214981F809
:104B80002B0044E0EC5120413402002066662041B5
:104B9000E17A20417B142241E17A2441C3F524418A
:104BA00044020020EC00002014AE2341A4702541F3
:104BB0003333274133331F4185EB1541A470154131
:104BC000CDCC1041295C13410AD715411F851541F1
:104BD000AE471541C3F5144100001441355E134141
:104BE00014AE134100000000300200203802002003
:104BF0003C020020001002405F0200204C05002013
:104C00009400002004000020000402400CE081F821
:104C1000270081F8230000224FF40061FE4800F0D5
:104C2000DFFE0020FD4908704FF48061FC4800F071
:104C3000B9FE00283ED1FB48007800F08000C8B3E0
:104C40000120F64908700A20FEF799F8F648007826
:104C5000F64981F82B0081F8270081F82300002015
:104C600081F8220081F8260081F82A0002E0642001
:104C700004F098F8EB48007800F080000028F6D1A6
:104C80000122D102E44800F0ABFE43F6982004F084
:104C900089F80020E54981F82B0081F8270081F888
:104CA000230000224FF40061DB4800F099FE002051
:104CB000DA49087010BD70B52DED0C8B0446A4F1D7
:104CC0006400002801DB014600E041420D46284611
:104CD00004F071FE41EC1D0B9FEDD50B53EC102B36
:104CE00004F088FD41EC1C0BB0EE4C0AF0EE6C0AAF
:104CF00005F0FEF9B0EE40BAF0EE60BA9FEDCE0BD3
:104D000053EC102B51EC1B0B04F071FD41EC1A0B12
:104D10009FEDCB0B53EC102B04F06CFD41EC190B09
:104D20009FEDC90B53EC102B04F0BDFC41EC180BAC
:104D300004F096FE00EE100ABDEC0C8B70BD10B5B1
:104D40002DED088B04469FEDC20AF0EE409A9FEDD0
:104D5000C10AB0EE40BA9FEDC00AF0EE40BAB148C9
:104D6000C07900287CD0C4F1640000EE100AB8EECF
:104D7000C08ABA4890ED000A30EE080A80ED000AB9
:104D800090ED000ADFEDB60AB4EEE00AF1EE10FA9B
:104D900003DD9FEDB30A80ED000AB04890ED000AF4
:104DA000DFEDB00AB4EEE00AF1EE10FA03D29FEDA7
:104DB000AD0A80ED000AAC4890ED000A38EE409A4A
:104DC0009FEDA30A28EE000AA448D0ED000A9FED4B
:104DD000A11A01EE200ADFEDA00AF0EE408A40EEB3
:104DE000898A18EE900A04F0F7FD41EC1A0B9FED4A
:104DF0009F0B53EC102B04F01BFE03D2B7EE0C0AF2
:104E0000F0EE408A18EE900A04F0E6FD41EC1A0B31
:104E10009FED980B53EC102B04F0F2FD03D2BFEE84
:104E20000C0AF0EE408ABDEEC80A10EE100A002807
:104E300001DB014600E04142022908DAFDF7C8FF24
:104E40001FED980A854880ED000A05E008E0002083
:104E5000B0EE680AFEF76BF8834880ED008A09E03F
:104E60001FEDA00A804880ED000A1FEDA20A7B48D2
:104E700080ED000ABDEC088B10BD10B50446622C15
:104E800005DA00220121644800F0AAFD0CE0662C3E
:104E900005DD00220121604800F0A2FD04E00122AE
:104EA00011465D4800F09CFD10BD10B52DED088B3E
:104EB000B0EE408A1FEDB50AF0EE408A1FEDB70A4A
:104EC000B0EE409A9FED6D0A08EE080A10EE101A37
:104ED000084604F081FD41EC1B0BB0EE4B0AF0EEEE
:104EE0006B0A06F03DF9B0EE40AAF0EE60AA51EC74
:104EF0001A0B04F0B5FD09EE900ADFED610A89EEA8
:104F0000A00ADFED600A20EE200AB0EE409A9FED85
:104F10005E0AB4EEC09AF1EE10FA04DD9FED5A0A73
:104F2000B0EE409A0AE09FED590AB4EEC09AF1EE55
:104F300010FA03D29FED550AB0EE409A9FED500A49
:104F400039EEC00A9FED4E1AC0EE010A9FED441AD9
:104F50009FED4F0A00EE810AF0EE408A9FED4D0A68
:104F6000F4EEC08AF1EE10FA04DD9FED4A0AF0EE8D
:104F7000408A0AE09FED480AF4EEC08AF1EE10FA8A
:104F800003D29FED450AF0EE408ABDEEC90A4348C0
:104F900080ED000ABDEEE80A414880ED000ABDEC54
:104FA000088B10BD10B52DED0A8BB0EE408A1FEDB9
:104FB000F30AF0EE408A1FEDF50AB0EE409A9FED3D
:104FC000390AC8EE000A10EE904A204604F004FDAB
:104FD00041EC1C0B9FED341BB0EE4C0AF0EE6C0A5A
:104FE00005F032FAB0EE40BAF0EE60BA9FED300B49
:104FF00053EC102B51EC1B0B04F0FCFB41EC1A0B97
:1050000004F02EFD09EE100A9FED1F0AB4EEC09ABF
:10501000F1EE10FA55DD4FE0000402405F0200207F
:10502000001002404C0500203C020020040000203B
:10503000D122DBF97E6AACBF000000000000F03F27
:105040001E85EB51B81EE53F713D0AD7A370F13FB5
:10505000CDCC4C3F0AD7233CCDCC4C3EA002002007
:105060000000C8420000C8C29C02002000000000EE
:105070000000FC3F000000000000FCBF0000C8452D
:1050800000C02E440000E64200007A43000048427F
:105090000040174400802244008009449000002012
:1050A0009400002000A07F459A9999999999F13F21
:1050B0000000000000805A401FED0D0AB0EE409A3B
:1050C0000AE01FED0E0AB4EEC09AF1EE10FA03D218
:1050D0001FED120AB0EE409A1FED0E0A78EE400A5C
:1050E0001FED101A80EE810A5FED180A20EE200AEB
:1050F00010EE104A204604F06FFC41EC1C0B9FEDB3
:10510000D60B53EC102B04F075FB41EC1B0B9FED01
:10511000D40B53EC102B04F0C6FA41EC1A0B04F03C
:105120009FFC08EE900A9FEDD00AF4EEC08AF1EEE3
:1051300010FA04DD9FEDCC0AF0EE408A0AE01FED84
:105140002A0AF4EEC08AF1EE10FA03D21FED2E0AFD
:10515000F0EE408ABDEEC90AC44880ED000ABDEEFB
:10516000E80AC34880ED000ABDEC0A8B10BDC148B7
:105170000068C1490968884203DABF480068BD4930
:105180000860BC480068BD490968884203DDBB4827
:105190000068B8490860BA490968B64A1268881AAE
:1051A000002801DB014600E04142012931DDB4481D
:1051B0000068B0490968884204DD0120B14981F8DE
:1051C0002E0003E00020AF4981F82E00AC490968A9
:1051D000A84A1268881A002801DB014600E0414213
:1051E00001EB81014900A84A116010460068FA28C5
:1051F00002DDFA2011460860A3480068322802DA6E
:105200003220A1490860A04800789E4981F82F000B
:1052100003E000209B4981F82F00704710B59B48A0
:10522000407800F00200A0B19848407800F00400F7
:1052300078B19048006891490968884209DA8D4838
:105240000068401C8B4908604FF4967003F0AAFD7B
:1052500018E08E48407800F0020098B18B48407802
:1052600000F0200070B183480068834909688842D3
:1052700008DD80480068401E7E4908604FF4C87011
:1052800003F090FD10BD05E01120FDF7DEF80F20C2
:1052900003F088FDF8E711E07C48007800F0010099
:1052A00010B1FEF7E1F902E00020FDF768FDFEF71E
:1052B00038FBFFF75CFF032003F074FDECE704E02C
:1052C000FEF7EFF8032003F06DFDF9E71FB5FBF7DC
:1052D000E6FBFBF723FCFBF772FEFBF732FFFBF765
:1052E000BFFFFCF7B0F8FBF784FC4FF4E130FCF7AC
:1052F0008AF94FF4E130FCF70FFA4FF4E130FCF794
:1053000098FA4FF46120FCF7CCFB4FF4E130FCF746
:1053100065FCFDF7AFF9FCF7B9FD00205C490870AA
:1053200001205C4908700020009001900290034623
:105330004FF4807258A103905C4803F0F4FA002007
:1053400000900190029003464FF4807258A10390A0
:105350005C4803F0E8FA04205B49087001205B49CF
:1053600008704FF416704349086056E04DE0FFF7AF
:1053700055FFFEF7F0FB56480078FFF7E0FCFEF71C
:10538000F5FC544890ED000AB8EEC00AFFF78DFD19
:105390005148008800EE100AB8EE400AFFF702FEFE
:1053A000324801684D480068FEF7CBFD4848007858
:1053B000FFF763FDFEF763FD3448407800F002001C
:1053C00030B93248407800F0200008B1FEF7F3FB16
:1053D0002E48407800F0020030B92C48407800F0A8
:1053E000100008B1FEF770FC2848407800F0020079
:1053F00030B92648407800F0400008B1FEF7DAFCEA
:10540000FFF780FB012003F0CDFC2048007800F07E
:1054100001000028ABD1FDF7B2FCA7E71FB50020C3
:1054200000900190029003464FF480722CA10390EB
:105430002E4803F078FA0020009001900290034675
:105440004FF480722AA103902C4803F06CFA03F009
:1054500083FE002004B010BD666666666666E63FA1
:105460000000000000D081400000164440020020EF
:1054700044020020EC000020F0000020F400002096
:105480008000002004000020100200204C050020B5
:10549000A00000205E0200207461736B526F626F87
:1054A00074416E616C79746963730000BF520008C7
:1054B0007461736B446965754B6869656E436F43CE
:1054C0006175000097520008F1010020EB010020F7
:1054D00028010020780000202A01002090000020F0
:1054E0007461736B4D61696E00000000CD5200085D
:1054F0007461736B4779726F000000008752000877
:105500000CB50020019000907248006840F4803093
:105510007049086000BF6F48006800F400300090D8
:105520000198401C0190009818B90198B0F5A06F3F
:10553000F1D16848006800F4003010B101200090FB
:1055400001E0002000900098012846D161484030D9
:10555000006840F080505F49403108605E48006854
:1055600040F480405C4908605A4808300068594956
:10557000083108600846006840F4004008600846AA
:10558000006840F4A05008605448091F0860081FD4
:10559000006840F08070091F086000BF4D48006837
:1055A00000F000700028F9D040F205604C49086016
:1055B00048480830006820F0030046490831086078
:1055C0000846006840F00200086000BF414808300B
:1055D000006800F00C000828F8D10CBD10B53D485B
:1055E000006840F001003B4908600020394908315B
:1055F0000860384800683B490840364908603A4826
:10560000091D0860081F006820F48020091F086039
:10561000002030490C310860FFF772FF4FF0006046
:105620003249086010BD70B500200022022300241A
:105630000221284D08352D6805F00C0020B1042802
:1056400006D0082834D107E0294D2A4E356033E0D2
:10565000294D284E35602FE01E4D2D1D2D68C5F3B8
:1056600080541C4D2D1D2D6805F03F0154B1224D75
:10567000B5FBF1F5174E361D3668C6F3881605FBE7
:1056800006F209E01A4DB5FBF1F5124E361D3668EB
:10569000C6F3881605FB06F20E4D2D1D2D68C5F3C9
:1056A00001456D1C6B00B2FBF3F5124E356003E053
:1056B0000F4D104E356000BF00BF064D08352D68F8
:1056C000C5F303150D4E705D0A4D2D68C540094E9A
:1056D000356070BD0038024000700040085440073B
:1056E000003C0240FFFFF6FE1030002408ED00E011
:1056F0000024F400A402002000127A00A802002076
:105700000648804706480047FEE7FEE7FEE7FEE75B
:10571000FEE7FEE7FEE7FEE7FEE7FEE7DD550008F1
:105720008901000832490143324A1160704770B55F
:10573000002100230F22C4781CB32E4C246804F4EB
:10574000E064C4F5E064C4F30721C1F10404E3B2EA
:105750000A4144789C40E1B28478144021430C070C
:10576000210E254C05786155047804F01F050124AD
:10577000AC4005786D11AD0005F1E025C5F800419C
:1057800009E0047804F01F050124AC401B4D0678A5
:10579000761145F8264070BD194A0A400243154B60
:1057A0001B1F1A60704739B1124A121D126802435A
:1057B000104B1B1D1A6006E00E4A121D1268824330
:1057C0000C4B1B1D1A607047042808D14FF0E021D4
:1057D000096941F004014FF0E022116107E04FF048
:1057E000E021096921F004014FF0E02211617047C6
:1057F0000000FA050CED00E000E400E080E100E0CC
:1058000080FFFF1F10B504468C48844208D1012157
:10581000084600F000FB0021012000F0FCFA5EE0E9
:105820008748844208D10121022000F0F4FA0021C7
:10583000022000F0F0FA52E08248844208D10121AF
:10584000042000F0E8FA0021042000F0E4FA46E029
:105850007D48844208D10121082000F0DCFA0021B3
:10586000082000F0D8FA3AE07848844208D10121B3
:10587000102000F0D0FA0021102000F0CCFA2EE029
:105880007348844208D10121202000F0C4FA00218D
:10589000202000F0C0FA22E06E48844208D10121A5
:1058A000402000F0B8FA0021402000F0B4FA16E0E1
:1058B0006948844208D10121802000F0ACFA00211F
:1058C000802000F0A8FA0AE06448844207D1012150
:1058D000801500F0A0FA0021A01500F09CFA10BD80
:1058E000F0B50A4600210023002400BF3DE0012559
:1058F00005FA01F3156805EA03049C4234D10568F2
:105900004F000326BE40B543056015794E00B540F3
:105910000668354305601579012D02D01579022DF1
:1059200016D185684F000326BE40B5438560557982
:105930004E00B540866835438560456801268E4037
:10594000B5434560456896798E40B6B235434560AB
:10595000C5684F000326BE40B543C560D5794E00EB
:10596000B540C6683543C560491C1029BFD3F0BD9A
:105970004FF6FF7101600021017141718171C171A8
:10598000704708B54FF480320092009A0A430092A3
:10599000009AC261C161009AC261C2690092C26983
:1059A000009208BD0246002013690B400BB1012094
:1059B00000E0002070470146086980B27047024647
:1059C000002053690B400BB1012000E0002070471C
:1059D0000146486980B27047018370474183704730
:1059E0000AB1018300E04183704741617047426919
:1059F0004A4042617047F0B5002300244D07ED0E88
:105A000002FA05F3CE1000F1200555F826504E0796
:105A1000F70E0F26BE40B543CF1000F1200646F822
:105A20002750CE1000F1200555F8265045EA030412
:105A3000CE1000F1200545F82640F0BD00000240E0
:105A40000004024000080240000C02400010024026
:105A50000014024000180240001C024000200240D6
:105A6000FA48006840F00100F84908600020F74952
:105A700008310860F5480068F5490840F3490860B6
:105A8000F448091D0860081F006820F48020091FE1
:105A900008600020ED490C31086070470021EB4A96
:105AA000921C117011460870704710B50146002213
:105AB000002300204A11012A02D1E44C236808E0A7
:105AC000022A03D1E14C7034236802E0DF4C7434C5
:105AD000236801F01F02012494401C400CB10120F6
:105AE00000E0002010BD38B5002000900024002503
:105AF00000BF3120FFF7D9FF05460098401C0090F9
:105B00000098B0F5A06F01D0002DF2D03120FFF742
:105B1000CCFF08B1012400E00024204638BD014636
:105B20000020CA4A106820F0F80040EAC100106066
:105B30007047C949086070470021C44A703211702B
:105B40001170012802D004280AD104E00121BF4AC3
:105B50007032117005E00521BC4A7032117000E00E
:105B600000BF00BF7047BD490860704770B5049C16
:105B700041EA82150126C6EB530645EA0645054370
:105B800045EA0465B14E361D356070BDB249086600
:105B90007047820142EA0172AC4B84331A6070474D
:105BA000AD4988667047AC49C8647047024600201A
:105BB000A64B0833186820F0EC6042EA0103184352
:105BC000A24B083318607047024600209F4B0833F1
:105BD000186820F0784042EA010318439B4B0833D1
:105BE0001860704701460020984A0832106820F07B
:105BF000030008431060704794480830006800F0C4
:105C00000C00704701460020904A0832106820F0CE
:105C1000F000084310607047014600208B4A0832AC
:105C2000106820F4E05008431060704701460020DF
:105C3000864A0832106820F4604040EAC1001060D3
:105C40007047F0B50021002200240225002602231F
:105C50007E4F08373F6807F00C0121B1042905D0B9
:105C6000082937D105E07E4F076036E07D4F076099
:105C700033E0764F3F1D3F68C7F38056734F3F1D9B
:105C80003F6807F03F036EB1764FB7FBF3F7DFF8DD
:105C9000BCC10CF1040CDCF800C0CCF3881C07FB81
:105CA0000CF40CE06E4FB7FBF3F7DFF8A0C10CF17A
:105CB000040CDCF800C0CCF3881C07FB0CF4634F29
:105CC0003F1D3F68C7F301477F1C7D00B4FBF5F71C
:105CD000076002E0624F076000BF00BF5B4F0837FC
:105CE0003F6807F0F00109095F4F7A5C0768D74009
:105CF0004760564F08373F6807F4E051890A5A4F0A
:105D00007A5C4768D7408760504F08373F6807F490
:105D10006041490B544F7A5C4768D740C760F0BD7B
:105D2000002100F44072B2F5407F0AD1474A0832A0
:105D3000116821F4F8114D4A02401143434A0832D8
:105D40001160424A70321268C0F30B031A433F4B92
:105D500070331A60704741494439086070473F49C1
:105D600040390860704742490860704739B1374A86
:105D7000303212680243354B30331A6006E0334A42
:105D8000303212688243314B30331A60704739B178
:105D90002E4A3432126802432C4B34331A6006E028
:105DA0002A4A343212688243284B34331A607047CF
:105DB00039B1264A383212680243244B38331A600C
:105DC00006E0224A383212688243204B38331A6088
:105DD000704739B11D4A4032126802431B4B4033B1
:105DE0001A6006E0194A403212688243174B40336A
:105DF0001A60704739B1154A443212680243134B96
:105E000044331A6006E0114A4432126882430F4B51
:105E100044331A60704739B10C4A10321268024399
:105E20000A4B10331A6006E0084A103212688243A7
:105E3000064B10331A607047E1B1044A14321268FD
:105E40000243024B14331A6019E00000003802408C
:105E5000FFFFF6FE1030002400004742800E47424C
:105E60000024F40000127A00B8020020FFFCFF0FAB
:105E70005C0147425B4A126882435A4B1A60704782
:105E800039B1584A121D12680243564B1B1D1A6045
:105E900006E0544A121D12688243524B1B1D1A60C1
:105EA000704739B14F4A0C32126802434D4B0C33E4
:105EB0001A6006E04B4A0C3212688243494B0C339D
:105EC0001A60704739B1474A103212680243454B95
:105ED00010331A6006E0434A103212688243414B85
:105EE00010331A60704739B13E4A3C32126802439F
:105EF0003C4B3C331A6006E03A4A3C32126882431B
:105F0000384B3C331A60704739B1364A4032126818
:105F10000243344B40331A6006E0324A4032126882
:105F20008243304B40331A60704739B12D4A4432B6
:105F3000126802432B4B44331A6006E0294A44326C
:105F400012688243274B44331A60704739B1254A9F
:105F50004C3212680243234B4C331A6006E0214A4C
:105F60004C32126882431F4B4C331A60704739B170
:105F70001C4A5032126802431A4B50331A6006E032
:105F8000184A503212688243164B50331A607047D9
:105F900039B1144AD21F12780243124BDB1F1A7018
:105FA00006E0104AD21F127882430E4BDB1F1A7094
:105FB00070470C486030006840F0807009496031DB
:105FC0000860704701460020064A083A12680A40F5
:105FD0000AB1012000E0002070470249891F0870C3
:105FE000704700001438024010B501210802FFF785
:105FF00069FF00214FF48070FFF764FF10BD30B5DA
:106000000246002000235068F84C20400D790C68AF
:1060100044EA0524204350609068F54C2040D1E9C3
:1060200003542C438D682C434D7944EA45042043A6
:106030009060D06A20F470000C7D641EE4B22343AB
:1060400040EA0350D06230BD00210160017141710E
:106050008160C16001610121017570470021E54A3D
:106060001168E54A1140D0E900231A4383681A43B6
:10607000C3681A431143E14AC2F804137047002170
:10608000016041608160C160704721B1826842F067
:106090000102826003E0826822F0010282607047A0
:1060A0000A4600214168D64B1940114341607047B0
:1060B0004162826270470A460021416821F01F0157
:1060C00011434160704738B1CA49096841F4000181
:1060D000CA4AC2F8041306E0C649096821F400015F
:1060E000C64AC2F80413704738B1C249096841F47E
:1060F0008001C24AC2F8041306E0BE49096821F4CF
:106100008001BE4AC2F804137047F0B504460D463C
:1061100000200021092D11DDE068A5F10A0606EB3B
:106120004607072606FA07F18843A5F10A0606EB9B
:10613000460603FA06F10843E0600CE0206905EB2F
:106140004507072606FA07F1884305EB450603FADB
:1061500006F108432061072A0FDA606B561E06EB32
:1061600086071F2606FA07F18843561E06EB8606A9
:1061700005FA06F10843606322E00D2A0FDA206B6E
:10618000D61F06EB86071F2606FA07F18843D61F9F
:1061900006EB860605FA06F10843206310E0E06A84
:1061A000A2F10D0606EB86071F2606FA07F18843C3
:1061B000A2F10D0606EB860605FA06F10843E06239
:1061C000F0BD816841F08041816070470146002048
:1061D0008A6802F480020AB1012000E000207047C2
:1061E00021B1826842F48062826003E0826822F416
:1061F00080628260704721B1826842F00202826050
:1062000003E0826822F002028260704710B50A46FD
:1062100000210023416821F46041531E41EA4331CB
:10622000416010BD21B1426842F40062426003E067
:10623000426822F40062426070470146C86C80B236
:1062400070476C48001D0068704721B1826842F4B5
:106250008072826003E0826822F4807282607047FC
:1062600021B1826842F40072826003E0826822F405
:1062700000728260704738B15E49096841F400518C
:106280005E4AC2F8041306E05A49096821F4005135
:106290005A4AC2F804137047F0B504461546002068
:1062A00000220026092911DDE068A1F10A0707EBA9
:1062B000470C072707FA0CF29043A1F10A0707EBF6
:1062C000470703FA07F21043E0600CE0206901EB96
:1062D000410C072707FA0CF2904301EB410703FA40
:1062E00007F210432061A06BC0F30156EF1C06F1CA
:1062F000010CA7EB0C0707EB870C1F2707FA0CF222
:106300009043EF1C06F1010CA7EB0C0707EB870786
:1063100001FA07F21043A063F0BD10B50A46002150
:106320000023816B21F44011531E41EA0351816324
:1063300010BD08B5002300930090009B0B44009310
:10634000009B1A6008BD0A460021816821F4702173
:106350001143816070470A460021816821F4401191
:10636000114381607047816841F48001816070470A
:10637000014600208A6802F480020AB1012000E090
:106380000020704721B1426842F48062426003E01D
:10639000426822F480624260704721B1426842F450
:1063A0008052426003E0426822F4805242607047AB
:1063B00008B5024600200090009201F12800009BE1
:1063C000184400900098006880B208BD10B50B46D4
:1063D0000021D9B2012404FA01F11AB144680C4336
:1063E000446002E044688C43446010BDFFFEFFFC43
:1063F000FDF7FFC004230140E030FCFF0020014016
:10640000FFFD3FFF0246002013680B400BB1012047
:1064100000E000207047CA430260704770B5024632
:106420000020002300240B12556801268E4005EA47
:10643000060415681D4015B10CB1012000E00020D4
:1064400070BD00220A12D34303607047016821F037
:10645000010101600021016041608160C160016152
:1064600021214161DB49884204D13D21D94A103ABA
:1064700091608CE0D7491831884205D14FF474619E
:10648000D44A103A916082E0D2493031884205D135
:106490004FF47411CF4A103A916078E0CD494831F9
:1064A000884205D14FF07461CA4A103A91606EE09B
:1064B000C8496031884204D1C749C64A103AD16000
:1064C00065E0C4497831884204D1C449C14A103AD0
:1064D000D1605CE0BF499031884204D1C049BD4AD7
:1064E000103AD16053E0BB49A831884205D14FF042
:1064F0003D51B84A103AD16049E0BA49884204D1C6
:106500003D21B84A083A116041E0B6491831884245
:1065100005D14FF47461B34A083A116037E0B149CC
:106520003031884205D14FF47411AE4A083A1160F7
:106530002DE0AC494831884205D14FF07461A94A39
:10654000083A116023E0A7496031884204D1A2498A
:10655000A44A121F11601AE0A2497831884204D17E
:106560009E49A04A121F116011E09E499031884255
:1065700004D19B499B4A121F116008E09949A83138
:10658000884204D14FF03D51964A121F1160704766
:1065900010B500220268944B1A40CC680B68234364
:1065A0004C6923438C692343CC6923430C6A2343FE
:1065B0004C6A23438C6A23434C6B23438C6B2343E9
:1065C0001A430260426922F00702D1E90B342343E7
:1065D0001A4342610B6943604B6883608B68C360F8
:1065E00010BD0021016041608160C16001614161B5
:1065F0008161C161016241628162C1620163416383
:106600008163704721B1026842F00102026003E039
:10661000026822F001020260704721B1026842F470
:106620000042026003E0026822F400420260704708
:1066300021B1026842F02002026003E0026822F009
:10664000200202607047416070470146486880B28E
:10665000704722B1036843F40023036003E003683A
:1066600023F4002303600161704721B1026842F402
:106670008022026003E0026822F4802202607047F8
:106680000AB1016100E0C1607047014600200A685C
:1066900002F400220AB1012000E000207047014608
:1066A00000200A6802F001020AB1012000E0002087
:1066B0007047014600204A6902F03800704730B543
:1066C00003460A4600200024464DAB4202D241490F
:1066D000103901E04349103902F000550DB14C6802
:1066E00000E00C68414D2C4004EA02050DB1012088
:1066F00000E0002030BD02463A4B9A4202D23548B3
:10670000103801E03748103801F000531BB1374B07
:106710000B40C36002E0354B0B408360704710B5FF
:1067200001F080034BB122B1436943F08003436120
:1067300003E0436923F08003436180290BD02AB131
:10674000036801F01E042343036004E0036801F0C2
:106750001E04A343036010BD70B502460020002450
:106760000025204EB24202D21A4B103B01E01D4BD5
:10677000103B1F4E0E4036B11E2606EAD124166885
:1067800006EA040502E0566906F0800501F00056AD
:106790000EB15C6800E01C68144E344004EA010647
:1067A00016B10DB1012000E0002070BD02460D4B76
:1067B0009A4202D20748103801E00A48103801F026
:1067C00000531BB1094B0B40C36002E0074B0B4069
:1067D00083607047106002403D000020400F0020A1
:1067E00000003D20106402403F801CF07D0F7D0FB3
:1067F0003C0F3C0F002044490860091D0860091D3A
:106800000860091D086041483F491431086070471D
:1068100000213D498279002A3AD00A46126803686D
:106820009A430B461A600A1D126803689A430B1DAF
:106830001A60027911440A6803681A430A60324AEE
:106840000832126803689A432F4B08331A601A1DE6
:10685000126803689A432C4B0C331A604279102A51
:106860000ED11A1F126803681A43274B08331A60A7
:106870001A1D126803681A43234B0C331A600DE08B
:106880002149427911440A6803681A430A6005E005
:10689000027911440A6803689A430A60704700212C
:1068A000016001710C21417100218171704716490D
:1068B000103109680143144A1032116070470146D3
:1068C0000020114A143212680A400AB1012000E087
:1068D000002070470C4914310860704701460020C1
:1068E0000022094B1B6803EA0102074B14331B68A3
:1068F0000B4013B10AB1012000E0002070470249AB
:106900001431086070470000003C0140FFFF7F0029
:1069100010B50446FE48844208D101210846FFF71D
:10692000D1FA00210120FFF7CDFA9DE0B4F1804FAC
:1069300008D101210846FFF7B4FA00210120FFF732
:10694000B0FA91E0F348844208D101210220FFF718
:10695000A8FA00210220FFF7A4FA85E0EE4884425D
:1069600008D101210420FFF79CFA00210420FFF741
:1069700098FA79E0E948844208D101210820FFF71C
:1069800090FA00210820FFF78CFA6DE0E448844279
:1069900008D101211020FFF784FA00211020FFF711
:1069A00080FA61E0DF48844208D101212020FFF70E
:1069B00078FA00212020FFF774FA55E0DA48844283
:1069C00008D101210220FFF77DFA00210220FFF704
:1069D00079FA49E0D548844209D101210804FFF73A
:1069E00071FA00214FF48030FFF76CFA3CE0D04898
:1069F000844209D101214804FFF764FA00214FF4D1
:106A00000030FFF75FFA2FE0CA48844209D1012124
:106A10008804FFF757FA00214FF48020FFF752FA5D
:106A200022E0C548844208D101214020FFF739FA0D
:106A300000214020FFF735FA16E0C048844208D113
:106A400001218020FFF72DFA00218020FFF729FA8D
:106A50000AE0BB48844207D101218015FFF721FAE3
:106A60000021A015FFF71DFA10BD00220288A84BD7
:106A700098420ED0AC4B98420BD0B0F1804F08D06A
:106A8000A44B984205D0A44B984202D0A34B984205
:106A900004D14FF68F731A404B881A43A04B98428B
:106AA00007D0A04B984204D04FF6FF431A400B8901
:106AB0001A4302804B68C3620B880385944B98424B
:106AC00002D0994B984201D18B7A038601238382AD
:106AD00070474FF0FF31416000210180018141800A
:106AE000817270470185828270470A4600210188C1
:106AF0004FF68F7319401143018070474162704710
:106B0000C16270470146486A70470146088D704768
:106B100021B1028842F00202028004E002884FF6AE
:106B2000FD731A400280704721B1028842F00402CE
:106B3000028004E002884FF6FB731A40028070471F
:106B400021B1028842F08002028004E002884FF600
:106B50007F731A400280704702884FF6F7731A401D
:106B6000028002880A430280704702884FF6FF4382
:106B70001A40028002880A430280704721B10288CD
:106B800042F00102028004E002884FF6FE731A40D0
:106B90000280704770B5002400220023058C4FF658
:106BA000FE7635400584028C8388048B4FF68F7502
:106BB0002C40B51E2C400D882C43751E2A408D8913
:106BC0002A434D882A43524DA84202D0564DA8422E
:106BD00013D14FF6F7752A40CD892A434FF6FB753E
:106BE0002A408D882A434FF6FF652B404FF6FF550C
:106BF0002B400D8A2B434D8A2B43838004838D6861
:106C00004563028470BD70B5002400220023058C0A
:106C10004FF6EF7635400584028C8388048B48F666
:106C2000FF752C404FF6FF452C400D884FF6FF7640
:106C300006EA05252C434FF6DF752A408D8906EAC2
:106C400005152A434D8806EA05152A43304DA8420A
:106C500002D0354DA8421DD14FF67F752A40CD890F
:106C60004FF6FF7606EA05152A434FF6BF752A4010
:106C70008D8806EA05152A434FF6FF352B404FF263
:106C8000FF752B400D8A06EA85052B434D8A06EADF
:106C900085052B43838004838D688563028470BDE2
:106CA00070B5002400220023058C4FF6FF663540A6
:106CB0000584028C8388848B4FF68F752C404FF6A9
:106CC000FC752C400D882C434FF6FF552A408D89CA
:106CD0004FF6FF7606EA05252A434D8806EA052584
:106CE0002A430B4DA84202D00F4DA84238D14FF293
:106CF000FF752A40CD894FF6FF7606EA05252A431F
:106D00004FF6FF352A408D8806EA05252A4319E00B
:106D1000000001400004004000080040000C00405A
:106D200000100040001400400004014000400140F9
:106D3000004401400048014000180040001C004091
:106D4000002000404EF6FF752B404DF6FF752B409E
:106D50000D8A06EA05152B434D8A06EA05152B43D5
:106D6000838084838D68C563028470BD70B5002202
:106D700000230024058C4EF6FF7635400584038CF5
:106D80008488828B48F6FF752A404FF6FF452A40DB
:106D90000D884FF6FF7606EA05252A434DF6FF7566
:106DA0002B408D8906EA05352B434D8806EA0535CB
:106DB0002B43FE4DA84202D0FD4DA84208D14BF610
:106DC000FF752C400D8A4FF6FF7606EA85152C4399
:106DD000848082838D680564038470BD00210180F6
:106DE0004180818081608181C181018241827047BF
:106DF00070B50346002000241846183001258D4048
:106E0000ACB21D8CA5431D8409B108290AD100EB41
:106E1000610005684FF68F763540056005681543BB
:106E200005600FE00D1FC5F34E052844056848F6C0
:106E3000FF763540056005684FF6FF7606EA0226C4
:106E40003543056070BD4163704781637047C1631E
:106E50007047016470470A460021018B4FF68F731B
:106E600019401143018370470A460021018B48F6FF
:106E7000FF7319404FF6FF7303EA0223194301839E
:106E800070470A460021818B4FF68F7319401143DA
:106E9000818370470A460021818B48F6FF731940B1
:106EA0004FF6FF7303EA02231943818370470A46B2
:106EB0000021018B4FF6F77319401143018370478E
:106EC0000A460021018B4FF2FF7319404FF6FF7302
:106ED00003EA02231943018370470A460021818B8C
:106EE0004FF6F77319401143818370470A4600211A
:106EF000818B4FF2FF7319404FF6FF7303EA0223B1
:106F00001943818370470A460021018B4FF6FB73BA
:106F100019401143018370470A460021018B4FF647
:106F2000FF3319404FF6FF7303EA0223194301832D
:106F300070470A460021818B4FF6FB7319401143BD
:106F4000818370470A460021818B4FF6FF33194039
:106F50004FF6FF7303EA02231943818370470A4601
:106F60000021018B4FF67F73194011430183704755
:106F70000A460021018BC1F30E014FF6FF7303EAAD
:106F800002231943018370470A460021818B4FF683
:106F90007F7319401143818370470A460021818B1A
:106FA000C1F30E014FF6FF7303EA022319438183F5
:106FB00070470A460021018C4FF6FD7319401143BA
:106FC000018470470A460021018C4FF6F77319407F
:106FD0001143018470470A460021018C4FF6DF738C
:106FE00019404FF6FF7303EA0213194301847047F7
:106FF0000A460021018C4FF67F7319404FF6FF734C
:1070000003EA02131943018470470A460021018CE8
:107010004FF6FF5319404FF6FF7303EA022319435B
:10702000018470470A460021018C4FF2FF7319401A
:107030004FF6FF7303EA02231943018470470A469F
:107040000021018C4DF6FF7319404FF6FF7303EAE0
:10705000023319430184704730B5002301248C406A
:10706000A3B2048C9C430484048C02FA01F5ADB2F3
:107070002C43048430BD30B5002304248C40A3B2DB
:10708000048C9C430484048C02FA01F5ADB22C43B9
:10709000048430BD828B4FF2FF331A408283828B8F
:1070A0004FF6FF7303EA01231A4382837047F0B55A
:1070B0000C461546002100220026078C4EF6FF7C68
:1070C00007EA0C070784818B028C4FF6FF7707EAEB
:1070D000043640F6FF4739404FF6FF7707EA0527A9
:1070E00039434FF6FF7707EA0337394345F6FF7711
:1070F0003A4046F480573A4381830284F0BD828B44
:107100004FF6F3731A408283828B0A43828370475F
:10711000F0B50C461546002100220026078C4FF6DC
:10712000FF6C07EA0C070784818B028C4FF6FF7710
:1071300007EA04264FF60C7739404FF6FF7707EA47
:1071400003172F4339434FF2FF573A4046F48077F5
:107150003A4381830284F0BD028B4FF2FF331A4021
:107160000283028B4FF6FF7303EA01231A43028363
:107170007047F0B50C461546002100220026078C0A
:107180004FF6EF7C07EA0C070784018B028C4FF661
:10719000FF7707EA041640F6FF4739404FF6FF77BE
:1071A00007EA033739434FF6FF7703E00000014059
:1071B0000004014007EA052739434FF65F773A405C
:1071C00046F010073A4301830284F0BD028B4FF66C
:1071D000F3731A400283028B0A4302837047F0B5AF
:1071E0000C46154600210022068C4FF6FE773E40E5
:1071F0000684018B028C4FF60C7631407E1C06EA29
:1072000003162E4331434FF6F576324044F0010623
:10721000324301830284F0BD70B505460C462088D8
:1072200050B92389A28861882846FFF7D8FFE188F2
:107230002846FFF7CBFF25E0208804280AD12389C0
:10724000A28861882846FFF794FFE1882846FFF767
:1072500083FF17E0208808280AD12389A288618843
:107260002846FFF755FFE1882846FFF748FF09E069
:107270002389A28861882846FFF719FFE1882846FC
:10728000FFF708FF70BD002101804180012181804E
:107290000021C180018170472DE9F04105460C466F
:1072A00000260127608808B9022600E00026A08891
:1072B000012801D1022700E001272088A0B92389F5
:1072C000A28861882846FFF78AFFE1882846FFF7F1
:1072D0007DFF23893A4631462846FFF74AFFE18879
:1072E0002846FFF739FF13E02389A28861882846E2
:1072F000FFF73FFFE1882846FFF72EFF23893A4634
:1073000031462846FFF76BFFE1882846FFF75EFF0E
:10731000BDE8F0810146486B70470146886B7047B5
:107320000146C86B70470146086C70470A884B8855
:107330001A438B881A43CB881A430B891A434B890B
:107340001A438B891A43A0F844207047002101801A
:1073500041808180C180018141818181704731B14B
:10736000B0F8442042F40042A0F8442005E0B0F810
:107370004420C2F30E02A0F84420704721B1828855
:1073800042F00402828004E082884FF6FB731A40C8
:107390008280704721B1828842F00102828004E03D
:1073A00082884FF6FE731A40828070471AB1838933
:1073B0000B43838102E083898B4383817047818201
:1073C000704702460020138A0B400BB1012000E0F9
:1073D00000207047CA430282704730B50246002041
:1073E00000230024158A05EA0103958905EA0104B2
:1073F00013B10CB1012000E0002030BDCA4302826D
:10740000704741EA0203A0F8483070471AB18389F7
:107410000B43838102E083898B438381704721B1D1
:10742000828842F00802828004E082884FF6F77377
:107430001A408280704701894FF6F872114001812D
:1074400070470A46002101894FF68F731940114396
:107450000181704730B504460D4629462046FFF7A6
:10746000F0FF208940F00700208130BD2DE9F04178
:1074700004460D4616461F46602D06D13B460122A6
:1074800031462046FFF775FE05E03B4601223146B6
:107490002046FFF7A4FE29462046FFF7D2FF2089A9
:1074A00040F007002081BDE8F08130B50C46002196
:1074B0000189C9B24FF6FF7505EA03251543254337
:1074C0002943018130BD2DE9F04105460E4617469E
:1074D0009846002443463A4631462846FFF7E5FFE2
:1074E0002C894FF6F870044044F007044FF68F7073
:1074F000044044F070042C81BDE8F081F0B50446EE
:107500000D4616461F463B46324629462046FFF7A3
:10751000CCFF208940F480402081F0BD82884FF666
:107520008F731A40828082880A4382807047028962
:107530004FF6F8731A40028102890A4302817047AC
:1075400002894FF67F731A40028102890A43028141
:107550007047F0B50C4615461E4600210022002358
:107560000189028B038C4FF6F877394021434FF69F
:10757000FC473A4040F201173A434FF6DD773B4073
:107580004FF6FF7707EA06172F433B43018102833B
:107590000384F0BD21B1828842F08002828004E041
:1075A00082884FF67F731A4082807047A0F850108F
:1075B0007047000010B50446F748844208D1012105
:1075C0001020FEF77FFC00211020FEF77BFC3EE040
:1075D000F248844209D101214804FEF762FC0021EF
:1075E0004FF40030FEF75DFC31E0ED48844209D1F4
:1075F00001218804FEF755FC00214FF48020FEF79E
:1076000050FC24E0E748844209D10121C804FEF778
:1076100048FC00214FF40020FEF743FC17E0E2484D
:10762000844209D101210805FEF73BFC00214FF4FB
:107630008010FEF736FC0AE0DC48844207D10121C5
:107640002020FEF73FFC00212020FEF73BFC10BD70
:107650002DE9FF4705460E460024A14600BFA0467F
:10766000B08900B100BF2C8A24F44054F088044350
:107670002C82AC8941F20C608443B0883189084384
:10768000718908430443AC81AC8A24F44074B08906
:107690000443AC826846FEF7D4FABF48854202D064
:1076A000C248854202D1DDF80C9001E0DDF8089077
:1076B000A88900F4004040B109EBC90000EB0910B3
:1076C00031684900B0FBF1F707E009EBC90000EBB6
:1076D000091031688900B0FBF1F76420B7FBF0F0C6
:1076E00004012009642101FB1078A88900F40040FE
:1076F00040B1322000EBC800B0FBF1F000F0070011
:10770000044308E0322000EB08106421B0FBF1F0E4
:1077100000F00F0004432C81BDE8FF874FF41651A1
:10772000016000218180C18001810C214181002103
:107730008181704710B502460020108A20F47060E5
:107740000B884C8823438C882343CC8823431843DD
:10775000108210BD0021018041808180C18070476E
:1077600021B1828942F40052828104E082894DF67F
:10777000FF731A4082817047028B02F47F420283BA
:10778000028B0A430283704721B1828942F400428E
:10779000828103E08289C2F30E028281704721B1A7
:1077A000828A42F40062828204E0828A4FF2FF738E
:1077B0001A4082827047C1F30802828070470146F6
:1077C0008888C0F308007047028A4FF6F0731A40A9
:1077D0000282028A0A430282704721B1828942F002
:1077E0000202828104E082894FF6FD731A40828191
:1077F000704782894FF2FF731A40828182890A435F
:1078000082817047028A4FF6DF731A400282028A31
:107810000A430282704721B1028A42F48042028206
:1078200004E0028A4BF6FF731A4002827047818996
:1078300041F001018181704721B1828A42F0080242
:10784000828204E0828A4FF6F7731A408282704780
:10785000028BD2B20283028B42EA0122028370477A
:1078600021B1828A42F02002828204E0828A4FF6AD
:10787000DF731A408282704721B1828A42F010027F
:10788000828204E0828A4FF6EF731A408282704748
:10789000828A4FF6FB731A408282828A0A4382826E
:1078A000704721B1828A42F00202828204E0828A19
:1078B0004FF6FD731A40828270471AB1838A0B43D8
:1078C000838202E0838A8B4383827047F0B503464C
:1078D000002400260025002040F66A17B94200D196
:1078E00000BF1846C1F3421401F01F06012707FA32
:1078F00006F5012C01D10C3004E0022C01D110302E
:1079000000E014301AB107682F43076002E00768EF
:10791000AF430760F0BD02460020B1F5007F00D103
:1079200000BF13880B400BB1012000E0002070471E
:1079300001F40072B2F5007F00D100BFCA4302809B
:10794000704770B50246002400230025002040F651
:107950006A16B14200D100BFC1F3421501F01F0306
:10796000012606FA03F3012D02D19689334006E081
:10797000022D02D1168A334001E0968A33400C1260
:10798000012606FA04F41688344013B10CB1012024
:1079900000E0002070BD00000010014000440040E5
:1079A00000480040004C00400050004000140140DE
:1079B00010B50022002340F66A14A14200D100BF96
:1079C0000A1201249440A3B2DC43048010BD0000DD
:1079D00010B501218803FEF775FA00214FF48040AD
:1079E000FEF770FA10BD1A490860704730B50022E2
:1079F0008B071C0F0F2303FA04F2154B08338C106E
:107A000053F824309343124C08348D1044F8253039
:107A100023468C1053F824308C07240F00FA04F40A
:107A200023430B4C08348D1044F8253030BD0949F0
:107A300008607047084908607047002004492031F9
:107A4000096801F4807109B1012000E0002070474D
:107A500000380140DC0027420004274200F1080101
:107A600041604FF0FF31816000F10801C1600161A8
:107A7000002101607047002101617047426853682E
:107A80004B6043688B605368996051604160086146
:107A900003685B1C0360704710B502460B685C1CF2
:107AA0000CB9106907E002F1080000E04068446882
:107AB00024689C42FAD944684C604C68A160886094
:107AC00041600A611468641C146010BD0146D1E96C
:107AD00001309860D1E9010358600A695068884212
:107AE00001D188685060002008611068401E106055
:107AF0001068704770B504460D461CB9F8F798FB3E
:107B000000BFFEE700F0F3FDD4E90F12206801FB8F
:107B1000020060600020A0632068A060E06B401E4F
:107B2000226C216800FB0210E0604FF0FF306064BF
:107B3000A06475B9206908B9012000E0002080B96F
:107B400004F1100001F02AFC01280AD100F0C9FD5F
:107B500007E004F11000FFF781FF04F12400FFF7B4
:107B60007DFF00F0CDFD012070BD2DE9F0470546F9
:107B70000E4617464FF00009DDB1502000F0E4FD3D
:107B80000446B4B105FB06F000F10108404600F0E0
:107B9000DBFD2060206848B1E563266401212046B2
:107BA000FFF7A8FF84F84D70A14602E0204600F0E0
:107BB0002CFEB9F1000F03D1F8F73AFB00BFFEE746
:107BC0004846BDE8F08710B5044600F090FD11E08E
:107BD000606A08B9012000E0002050B904F12400D7
:107BE00001F0DCFB08B101F054FCA06C401EA06465
:107BF00000E002E0A06C0028EADC00BF4FF0FF309C
:107C0000A06400F07DFD00F072FD11E0206908B96C
:107C1000012000E0002050B904F1100001F0BEFB8B
:107C200008B101F036FC606C401E606400E002E0C8
:107C3000606C0028EADC00BF4FF0FF30606400F0A9
:107C40005FFD10BD70B5044600F051FDA06BE16B07
:107C5000884201D1012000E00020054600F050FDDF
:107C6000284670BD70B504460E461546206C38B9DE
:107C7000206838BB606801F09BFC0020606021E058
:107C80007DB93146226CA06801F0BCFC216CA06873
:107C90000844A060D4E90110884213D32068A06092
:107CA00010E03146226CE06801F0ACFC216CE06829
:107CB000401AE0602168E068884203D2216C606865
:107CC000401AE060A06B401CA06370BDFFB583B09C
:107CD00004460D461E4600271CB9F8F7A9FA00BF56
:107CE000FEE70DB9206C08B9012000E0002018B9AA
:107CF000F8F79EFA00BFFEE700BF00F0F8FCA06BAB
:107D0000E16B884217D2324629462046FFF7AAFF88
:107D1000606A08B9012000E0002038B904F12400AD
:107D200001F03CFB012801D100F0DBFC00F0E8FC95
:107D3000012007B0F0BD059818B900F0E1FC002063
:107D4000F7E71FB901A801F05EFB012700F0D8FC9E
:107D500000F0DEFF00F0CBFC606C401C08B9002096
:107D60006064A06C401C08B90020A06400F0C8FC4E
:107D700005A901A801F055FBC0B92046FFF762FF35
:107D800070B104F11000059901F0CBFA2046FFF71D
:107D90001AFF00F00DFF0028AFD100F0A2FCACE705
:107DA0002046FFF710FF00F003FFA6E72046FFF78D
:107DB0000AFF00F0FDFE0020BBE770B5054650202D
:107DC00000F0C2FC0446E4B1002060602060A060C6
:107DD000E060A0630120E06300202064401E606436
:107DE000A06484F84D5004F11000FFF737FE04F151
:107DF0002400FFF733FE00231A4619462046FFF7FA
:107E000065FF1CB9F8F714FA00BFFEE7204670BD05
:107E100070B504461CB9F8F70BFA00BFFEE701F095
:107E200047FB616888420CD1E068401EE060E06872
:107E300028B900231A4619462046FFF747FF0125B7
:107E400000E00025284670BD70B5044600F04FFCE8
:107E5000A06B08B9012000E00020054600F050FCAE
:107E6000284670BD70B504460D46206870B1216C7F
:107E7000E0680844E0606168E068884201D32068F7
:107E8000E0602846226CE16801F0BCFB70BD2DE982
:107E9000FF4182B004460D461E464FF000081CB953
:107EA000F8F7C6F900BFFEE70DB9206C08B901204C
:107EB00000E0002018B9F8F7BBF900BFFEE700BFEB
:107EC00000F015FCA06B80B3E76829462046FFF759
:107ED000C9FFB6B9A06B401EA063206810B901F0BD
:107EE000E7FA6060206908B9012000E00020B0B91D
:107EF00004F1100001F052FA012810D100F0F1FB5A
:107F00000DE0E760606A08B9012000E0002030B9A8
:107F100004F1240001F042FA08B100F0E2FB00F0A5
:107F2000EFFB012006B0BDE8F081FFE7049818B927
:107F300000F0E6FB0020F5E7B8F1000F04D1684639
:107F400001F061FA4FF0010800F0DAFB00F0E0FE0A
:107F500000F0CDFB606C401C08B900206064A06C90
:107F6000401C08B90020A06400F0CAFB04A96846C0
:107F700001F057FA08BB2046FFF766FFB8B120684A
:107F800030B900F0B4FB606801F0A1FA00F0B8FB72
:107F900004F12400049901F0C4F92046FFF713FE10
:107FA00000F006FE00288BD100F09BFB88E72046FE
:107FB000FFF709FE00F0FCFD82E72046FFF703FE15
:107FC00000F0F6FD0020ADE770B504460E461CB982
:107FD000F8F72EF900BFFEE701F06AFA61688842FF
:107FE00004D1E068401CE06001250BE0002332462C
:107FF00019462046FFF74BFF0546012D02D1E068E8
:10800000401CE060284670BD70B506460D46022251
:1080100000213046FFF7A9FD044604B1A5631CB951
:10802000F8F706F900BFFEE7204670BD2DE9F047DE
:1080300004460F46154698461CB9F8F7F9F800BFF4
:10804000FEE70FB9206C08B9012000E0002018B944
:10805000F8F7EEF800BFFEE7F8F7EAF88146A06B04
:10806000E16B88421BD2424639462046FFF7FAFDB3
:10807000A06C401C70B9606A08B9012000E00020C3
:1080800058B904F1240001F089F930B12DB1012073
:10809000286002E0A06C401CA064012600E00026DD
:1080A0004846F8F7CCF83046BDE8F0872DE9F041B6
:1080B00004460F4615461CB9F8F7BAF800BFFEE7AC
:1080C0000FB9206C08B9012000E0002018B9F8F7BA
:1080D000AFF800BFFEE7F8F7ABF88046A06BE8B159
:1080E00039462046FFF7BEFEA06B401EA063606CC1
:1080F000401C70B9206908B9012000E0002058B97F
:1081000004F1100001F04AF930B12DB101202860CE
:1081100002E0606C401C6064012600E000264046DE
:10812000F8F78DF83046BDE8F08170B504461CB90B
:10813000F8F77EF800BFFEE700F0D9FAA56B00F073
:10814000DFFA284670BD70B504461CB9F8F770F820
:1081500000BFFEE7A56B284670BD014600200BE07E
:108160003D4A02EBC00252688A4204D100223A4BD7
:1081700043F8302002E0401C0828F1D300BF7047CC
:1081800010B504461CB9F8F753F800BFFEE72046C7
:10819000FFF7E3FF206800F038FB204600F035FBD6
:1081A00010BD014691F84C00704780F84C107047A4
:1081B000014691F84D00704770B504461CB9F8F7B8
:1081C00037F800BFFEE7A06B08B9012000E00020EF
:1081D0000546284670BD70B504461CB9F8F728F866
:1081E00000BFFEE7A06BE16B884201D1012000E0F7
:1081F00000200546284670BD024600200BE0164BC5
:1082000053F8303033B9144B43F8301003EBC0034C
:108210005A6002E0401C0828F1D300BF704770B5D7
:1082200004460D4600F063FA606C401C08B900205B
:108230006064A06C401C08B90020A06400F060FAE3
:10824000A06B20B9294604F1240001F08DF82046E6
:10825000FFF7B9FC70BD0000680500202DE9F04172
:1082600004460D4616461F464FF00008656024611F
:10827000B5420CD8F01BA169884202D34FF0010827
:1082800011E0211DF0480068FFF706FC0BE0BE423C
:1082900004D2BD4202D34FF0010804E0211DEB4897
:1082A0000068FFF7F9FB4046BDE8F0812DE9FE4389
:1082B00005460E4617461C46DDF828804FF000099B
:1082C000E348006808B3009601970295ACB901F045
:1082D000F2F8012808D1002342466946DC480068CC
:1082E000FFF7F4FC814610E000231A466946D8489F
:1082F0000068FFF7EBFC814607E000232246694651
:10830000D3480068FFF792FE81464846BDE8FE83E9
:108310002DE9F84381462BE0CC480068C068056829
:10832000CA480068C068C468201DFFF7CFFB20461C
:10833000616A8847E06901281AD1A0694619AE42EE
:1083400007D966602461211DC0480068FFF7A4FBBF
:108350000EE0002003462A46014600902046FFF723
:10836000A5FF07461FB9F7F763FF00BFFEE700BF91
:10837000B6480068006808B9012000E00020002825
:10838000CAD0B248D0F80080AF480068AF49086052
:10839000AD48C0F80080BDE8F88370B5044600F031
:1083A00009FF0546AB480068854206D2A948006827
:1083B000FFF7AEFF0120206001E000202060A5480B
:1083C0000560284670BD70B586B002A8FFF7E5FFCE
:1083D000064650E0059C44B1606908B9012000E000
:1083E000002010B9201DFFF771FB039830B1012860
:1083F00026D0022825D003283BD136E00498A26974
:108400008118034632462046FFF728FF012816D17F
:108410002046616A8847E069012810D10020009059
:108420000498A1694218002319462046FFF73EFF31
:1084300005461DB9F7F7FCFE00BFFEE700BF19E0D7
:1084400018E00498A061A06908B1012000E00020B4
:1084500018B9F7F7EDFE00BFFEE7A06981193346B2
:1084600032462046FFF7FAFE04E0204600F0CDF940
:1084700000E000BF00BF00231A4603A9744800684B
:10848000FFF705FD0028A5D106B070BDF8B505467B
:108490000F466E480068C068C468201DFFF716FBD1
:1084A000E069012817D1A06941192B463A462046B8
:1084B000FFF7D4FE01280ED1002003462A460146CC
:1084C00000902046FFF7F2FE06461EB9F7F7B0FE11
:1084D00000BFFEE700BF2046616A8847F8BDF8B5D7
:1084E00004460E4600F014FC6846FFF756FF0546AA
:1084F0000098A0B946B9AC4206D800F059FB29460D
:108500002046FFF7C3FF0CE0611B51480068FFF7EE
:1085100086FE00F04DFB20B900F0E3F801E000F02A
:1085200047FBF8BD0146494A126812680AB90122A0
:1085300000E000220A600A6822B9444A1268D26840
:10854000106800E00020704708B500BF6846FFF7DC
:10855000E9FF044620460099FFF7C1FFFFF733FF0C
:10856000F4E710B500F0C3F83948006890B93A480C
:10857000FFF774FA3948FFF771FA37483349086052
:1085800036483149086000220C210A20FFF7EDFA35
:108590002F49086000F0B4F810BD1FB50024FFF7A4
:1085A000E0FF2B48006868B100200223CDE90030CD
:1085B000029003464FF4007229A103902A4800F06C
:1085C000B2F904461CB9F7F733FE00BFFEE72046B8
:1085D00004B010BD2DE9F04706460D4617469846F3
:1085E000DDF820904DB900240DB1012000E00020FD
:1085F000A0B9F7F71DFE00BFFEE7282000F0A4F8A1
:1086000004465CB1FFF7ADFF2660A561E761C4F8E1
:108610002080C4F82490201DFFF72DFA2046BDE8E5
:10862000F08770B50446264600F061F8706908B11D
:10863000012000E00020054600F062F8284670BDE9
:1086400001460A46106A7047CC020020C80200208A
:10865000D0020020D4020020A8050020BC05002084
:10866000546D72205376630049850008001F4FF057
:1086700080730360001F0160001F00230360143833
:108680000260001FDB1E0360203870472A48006824
:1086900042F21071B0FBF1F0401E4FF0E021486152
:1086A00007200861704710B52448006840F47C003A
:1086B000224908600846006840F07C400860FFF7E7
:1086C000E5FF00201E490860F7F780FD1D4800689F
:1086D00040F040401B490860F7F76EFD002010BDD8
:1086E00070474FF0805015491C390860704710B52D
:1086F000F7F79EFD12480068401C1149086010BD44
:1087000010B50F480068401E0D4908600846006813
:1087100010B90020F7F793FD10BD10B54FF0805051
:1087200006491C390860F7F783FD00F0C2F9002004
:10873000F7F785FD10BD0000A402002020ED00E049
:10874000D802002034EF00E02DE9F04104464FF05C
:10875000000800F0DDFA3D48006898B93C493D4A00
:108760001160002151604FF420513B4A51600021BB
:10877000116037484FF420514160114601600120DB
:108780003249086044B1103404F0070020B104F00D
:108790000700C0F108000444002C31D0B4F5205F7C
:1087A0002ED22C4F3846056801E02F462D686868A8
:1087B000A04202D228680028F7D1274885421FD05E
:1087C000386800F11008286838606868001B2028A5
:1087D00010D92E196868001B70606C6071681D48A4
:1087E00000E00068026852688A42FAD30268326088
:1087F000066000BF194968680968081A17490860C7
:1088000000F0D6F94046BDE8F08170B50646354621
:10881000B6B1103D2C4600F07BFA61680D4800E0CF
:108820000068026852688A42FAD3026822600460D3
:108830000A496068096808440849086000F0B8F906
:1088400070BD06480068704770470000F0020020C5
:10885000D0050020DC020020E4020020EC02002011
:1088600010B5002407E004EB8401FE4A02EB81000E
:10887000FFF7F4F8641C052CF5D3FB48FFF7EEF87E
:10888000FA48FFF7EBF8FA48FFF7E8F8F948FFF77E
:10889000E5F8F948FFF7E2F8F348F8490860F348CB
:1088A000F749086010BD2DE9F04104460E46154613
:1088B0009846069F0A22314604F1340000F0D2FEA9
:1088C00000213D200155052D00D30425E562A56456
:1088D000201DFFF7D0F804F11800FFF7CCF8246151
:1088E000C5F10500A0616462BDE8F08170B5054680
:1088F0000E464C20FFF728FF044694B11EB9A8008D
:10890000FFF722FF00E030462063206B20B92046AD
:10891000FFF77BFF002404E0A900A522206B00F0F4
:1089200083FE204670BD2DE9FF4F81B0804616467C
:108930009A46DDE90E5BB8F1000F03D1F7F778FC3A
:1089400000BFFEE7052D01D2012000E0002018B98C
:10895000F7F76EFC00BFFEE730461099FFF7C6FF41
:108960000446002C64D0701E216B01EB800929F0B5
:10897000070909F0070008B9012000E0002018B934
:10898000F7F756FC00BFFEE700962A462046119BEB
:108990000299FFF788FF524641464846FFF766FEB8
:1089A0002060BBF1000F01D0CBF80040FFF79FFE25
:1089B000B4480068401CB3490860B348006840B937
:1089C000B14804600846006801280CD1FFF748FF51
:1089D00009E0AE48006830B9AB480068C06AA842F8
:1089E00001D8A9480460AA49E06A0968884202D906
:1089F000A749E06A0860A74800682064A5480068A5
:108A0000401CA4490860A449E06A0968884202D968
:108A1000A149E06A0860E16A01EB8101914A02EB39
:108A20008100211DFFF72AF80127FFF769FE01E009
:108A30004FF0FF37012F09D19448006830B19248B8
:108A40000068C06AA84201D2FFF74BFE384605B065
:108A5000BDE8F08F70B50446FFF749FE8A4800680C
:108A6000844200D1002414B98748006800E0204601
:108A70000546281DFFF72AF8A86A18B105F1180065
:108A8000FFF724F8291D7B48FEF7F8FF83480068AC
:108A9000401C824908607F480068401C7D4908608E
:108AA000FFF72EFE7948006810B10CB9FFF719FEE8
:108AB00070BD70B57A480068002873D179480068A5
:108AC000401C784908600846006868BB6B4800682D
:108AD000006808B9012000E0002018B9F7F7A8FBEA
:108AE00000BFFEE76548056865480068634908609F
:108AF000634805606C480068401C6B4908605F482B
:108B00000068006808B9012000E0002020B14FF0A3
:108B1000FF306649086006E058480068C068C468CD
:108B200062496068086000BF5E4800685F49096884
:108B3000884236D300BF51480068006808B9012058
:108B400000E0002020B14FF0FF305849086027E0D6
:108B50004A480068C068C468656852480068A8420E
:108B600002D2524805601BE0201DFEF7AFFFA06A4D
:108B700018B104F11800FEF7A9FF4749E06A096837
:108B8000884202D94449E06A0860E16A01EB810148
:108B9000344A02EB8100211DFEF770FFCBE701E0B4
:108BA00000BF04E042480068401C4149086070BDB5
:108BB00070B500253A48006818B9F7F739FB00BFCF
:108BC000FEE7FFF794FD36480068401E3449086010
:108BD00008460068002878D12A480068002874D028
:108BE000002621E02248C068C46804F11800FEF79E
:108BF0006DFF201DFEF76AFF2749E06A0968884279
:108C000002D92549E06A0860E16A01EB8101154A51
:108C100002EB8100211DFEF731FF1B49E06A096864
:108C2000C96A884200D301261148006808B90120AA
:108C300000E000200028D5D01D48006860B106E0A3
:108C4000FFF737FF1A480068401E194908601848A6
:108C500000680028F4D10126012E2FD015480068A5
:108C600001282AE0D02D0020342E0020482E00209C
:108C70005C2E0020702E0020842E0020F8020020A0
:108C8000FC02002004030020F40200201403002052
:108C90000C03002028030020100300200003002004
:108CA0001803002008030020240300202C030020C8
:108CB0001C0300202003002007E005D1012500202F
:108CC000F9490860FFF70DFD00BFFFF719FD2846C1
:108CD00070BD10B50446F54800684460F44800686B
:108CE000844207D2F1480168091DF2480068FEF786
:108CF000D3FE0CE0ED480168091DEF480068FEF75F
:108D0000CBFEEE480068844201D2EC48046010BDFE
:108D1000EB480068401CEA49086070472DE9F041C3
:108D200004460E464FF000081CB9F7F781FA00BF61
:108D3000FEE70EB1012000E0002018B9F7F778FA3D
:108D400000BFFEE7FFF7E4FF20688519D8492068D7
:108D50000968884209D92068A8420FD9D448006818
:108D600085420BD94FF0010808E02068A84203D8DB
:108D7000CF480068854201D94FF001082560B8F15D
:108D8000000F07D0C9480068001DFEF79FFE284667
:108D9000FFF79FFFFFF70CFF07460FB9FFF7A1FC96
:108DA000BDE8F08170B5044600267CB1FFF7B0FF46
:108DB000BF4800680519BD480068001DFEF786FE23
:108DC0002846FFF786FFFFF7F3FE06460EB9FFF7CA
:108DD00088FC70BD70B50446FFF789FC14B9B34830
:108DE000006800E020460646F56AFFF789FC284641
:108DF00070BD2DE9F04706460D464FF00009052DE0
:108E000001D2012000E0002018B9F7F711FA00BFE5
:108E1000FEE7052D00D30425FFF769FCA348006891
:108E2000864200D1002616B9A048006800E030460E
:108E30000446A76CAF4234D0BD4203D92EB14FF0E7
:108E4000010902E00EB94FF00109D4F82C80E16A63
:108E5000A06C884200D1E562A564C5F10500A0615F
:108E600007EB8701974A02EB81016069884213D1C1
:108E7000201DFEF72BFE9449E06A0968884202D95A
:108E80009149E06A0860E16A01EB81018D4A02EBD9
:108E90008100211DFEF7F2FDB9F1010F01D1FFF7AD
:108EA00020FCFFF72DFCBDE8F08710B58448006872
:108EB00018B101207C4908602CE00BE08248006872
:108EC00018B9F7F7B5F900BFFEE77F480068401E04
:108ED0007D4908607C48006800EB8000794951F8C2
:108EE00020000028EAD07849096801EB8101754A21
:108EF00002EB810041684968416000F10801426865
:108F00008A4202D14168496841604168C968674A3C
:108F1000116000BF10BD70B50446FFF7E8FB634861
:108F20000068844200D1002414B96048006800E061
:108F300020460546281DFEF7C9FDA86A18B105F1AF
:108F40001800FEF7C3FD291D6048FEF797FDFFF7E7
:108F5000D7FB8CB95E48006810B1FFF7C2FB0BE08D
:108F60005A4800685B490968884203D100204F498C
:108F7000086001E0FFF799FF70BD70B50546002657
:108F80002C461DB9F7F754F900BFFEE74F49606959
:108F9000884201D1012000E0002080B14E49A06A42
:108FA000884201D1012000E00020012807D0A06AFA
:108FB00008B9012000E00020012800D10126304638
:108FC00070BD70B505461DB9F7F732F900BFFEE771
:108FD0002C4644B335480068844224D0FFF787FB11
:108FE0002046FFF7CAFF01281BD1201DFEF76EFDAA
:108FF0003549E06A0968884202D93349E06A086065
:10900000E16A01EB81012F4A02EB8100211DFEF78D
:1090100035FD2649E06A0968C96A884201D3FFF72D
:1090200060FBFFF76DFB70BD2DE9F04105460026A2
:109030001DB9F7F7FDF800BFFEE72C46F7F7F8F883
:1090400007462046FFF799FF012826D11C480068F3
:10905000F0B91649E06A0968C96A884201D301205B
:1090600000E000200646201DFEF730FD1649E06AAC
:109070000968884202D91449E06A0860E16A01EB94
:109080008101104A02EB8100211DFEF7F7FC04E08C
:1090900004F118011048FEF7F1FC3846F7F7CFF855
:1090A0003046BDE8F081000020030020F4020020DB
:1090B00008030020FC020020F80200202C030020FE
:1090C00018030020D02D002010030020842E002043
:1090D00014030020040300205C2E002010B5044679
:1090E000206BFFF792FB2046FFF78FFB10BD70B59A
:1090F00023E0FFF70DFEFD48006808B9012000E0FD
:1091000000200546FFF754FDBDB9FFF7F0FAF74818
:10911000C068C468201DFEF7D9FCF5480068401EF1
:10912000F3490860F3480068401EF2490860FFF701
:10913000E7FA2046FFF7D2FF00BFEE48006800289C
:10914000D7D170BD00BFFFF7D2FFEB480068012800
:10915000F9D9FFF7C6FAF6E71FB500200090019095
:10916000029003464FF48072E4A10390E548FFF7B4
:10917000DAFB0446012C02D1FFF70FFA0446012C5A
:1091800009D1F7F755F80120DF4908600020DF49D1
:109190000860FFF788FA1CB9F7F74AF800BFFEE746
:1091A0001FBD10B5F7F744F80020D7490860FFF756
:1091B00097FA10BD10B5FFF79AFAD4480468FFF784
:1091C0009FFA204610BD70B5F7F732F80546CF4834
:1091D00004682846F7F733F8204670BDC448006895
:1091E00070470146002002E0491C421C90B20A78F8
:1091F000A52AF9D0800870472DE9FE4381460C4628
:109200001646204641684968416000F108014268FD
:109210008A4202D14168496841604168CF6800BF15
:10922000204641684968416000F1080142688A426D
:1092300002D14168496841604168CD68286BFFF7F9
:10924000D0FF8046286CE96A334605F13402CDE947
:1092500000180290AEA1B34800F0E2FDB1494846C3
:1092600000F0F4F9BD42DBD1BDE8FE8370B50546E0
:10927000FFF74EFD00202870ABA1284600F0E6F96C
:10928000AA480068441C00BF641E04EB84009A498D
:1092900051F8200008B9012000E0002040B904EB9B
:1092A0008400954A02EB800152222846FFF7A4FF72
:1092B000002CE9D19E480068006808B9012000E050
:1092C000002028B942229A4801682846FFF794FFF7
:1092D00098480068006808B9012000E0002028B91B
:1092E0004222944801682846FFF786FF7F480068BD
:1092F00008B9012000E0002020B944227B4928461B
:10930000FFF77AFF8C48006808B9012000E00020D0
:1093100020B9532288492846FFF76EFFFFF748FC23
:1093200070BD70B505460C461DB9F6F781FF00BF4C
:10933000FEE78248016818312846FEF7ADFB7F48FA
:109340000068001DFEF7C2FB601C30B97B48016855
:10935000091D7948FEF792FB05E06C480068061984
:109360003046FFF7B6FC70BD70B504460D461CB91B
:10937000F6F75EFF00BFFEE770480168183120462F
:10938000FEF77CFB6D480068001DFEF79FFB5F4801
:10939000006846193046FFF79CFC70BD70B5064664
:1093A000F068C4681CB9F6F743FF00BFFEE704F19C
:1093B0001800FEF78BFB62480068A0B9201DFEF77D
:1093C00085FB6049E06A0968884202D95D49E06A24
:1093D0000860E16A01EB8101474A02EB8100211D2F
:1093E000FEF74CFB04E004F118015748FEF746FB7A
:1093F0005249E06A0968C96A884201D3012500E040
:109400000025284670BD10B504461CB9F6F710FFBC
:1094100000BFFEE74D48006820603C48006860607F
:1094200010BD70B504460D461CB9F6F701FF00BF2C
:10943000FEE71DB9F6F7FCFE00BFFEE7FFF757F9A0
:109440002868401C08B900261FE0404920680968C8
:10945000884206D02D4960680968884201D80126F3
:1094600013E02A4960680968081A296888420BD203
:109470002868264A61681268511A401A28602046F6
:10948000FFF7C1FF002600E00126FFF739F930465B
:1094900070BD01202E4908607047014611B10A468F
:1094A000506C00E00020704708B1024651647047DC
:1094B0002249086870471449096809B9002005E085
:1094C0001F49096809B9012000E00220704770B502
:1094D00005462C464DB11949E06A0968C96A8842B7
:1094E00065D216480068C06A34E060E0702E002043
:1094F0000403002000030020D02D002049444C45E7
:10950000000000004591000814030020080300201B
:109510002573090925630925750925750925750D23
:109520000A000000982E00200D0A00000C03002005
:10953000F8020020FC020020842E0020F40200200B
:1095400018030020100300205C2E002024030020BC
:1095500020030020C0F10500A061E16A01EB810158
:10956000254A02EB81016069884201D1012000E0B7
:109570000020C0B1201DFEF7A9FA20480068C06A8B
:10958000E0621F49E06A0968884202D91C49E06A22
:109590000860E16A01EB8101174A02EB8100211D9D
:1095A000FEF76CFA03E015480068C06AE06270BD1F
:1095B00070B505462C46EDB1A16CE06A884219D021
:1095C000201DFEF783FAA06CE062E06AC0F105009E
:1095D000A0610B49E06A0968884202D90849E06A3B
:1095E0000860E16A01EB8101034A02EB8100211D61
:1095F000FEF744FA70BD0000D02D0020F4020020D8
:109600001003002040EA01039B0703D009E008C9CA
:10961000121F08C0042AFAD203E011F8013B00F837
:10962000013B521EF9D27047D2B201E000F8012B83
:10963000491EFBD270470022F6E710B513460A46D2
:1096400004461946FFF7F0FF204610BD421E12F8EF
:10965000013F002BFBD111F8013B02F8013B002B2D
:10966000F9D1704710B5044604E00B7800F8013BCF
:1096700003B1491C521EF8D2204610BD421C10F8FE
:10968000011B0029FBD1801A704710B5002200E0B1
:10969000521C835C8C5CA34201D1002BF8D1D8B260
:1096A000E1B2401A10BD2DE9FE4F804681EA030069
:1096B000C00F0C46009021F0004123F00045B8EBAC
:1096C0000200A94105D24046214690461C460B4661
:1096D000024623F00040104347D0270DC7F30A008D
:1096E000C3F30A510290401A019040286BDAC3F389
:1096F000130040F4801B0098924620B10023D2EB67
:10970000030A63EB0B0B01985946C0F14002504627
:1097100000F0D8F906460D4650465946019A00F029
:10972000E0F910EB08006141002487EA115284EA55
:10973000E7731A4340D0009A62B3019A012A4FEAB4
:10974000075215DC001B61EB02014FF0004202EAF8
:109750000752CDE90042001C41F5801132462B46EC
:1097600000F017FA03B0BDE8F08F40462146F9E754
:10977000001B61EB0201001C41F5801300185B41E6
:109780002018A2F5001747EB030140EAD570B6197F
:109790006D4111E06D084FEA360645EAC0754FEAA3
:1097A0000752001B61EB0201001C41F580114908C2
:1097B0004FEA30000019514132462B4603B0BDE854
:1097C000F04F00F0D7B90098012240000023D0EB01
:1097D000020263EBE073009821464FEAE074B8EBB5
:1097E000000061EB0401E9E783F000435BE781F0EF
:1097F000004158E72DE9FE4F81EA030404F00044DC
:1098000021F0004100944FF0000B23F0004350EA98
:1098100001045ED052EA03045BD0C3F30A54C1F3DF
:109820000A552C44A4F2F3340194A0FB0254C1F372
:10983000130141F48011C3F3130343F4801301FBBC
:10984000024400FB034E840A970A44EA815447EA23
:109850008357A4FB076802958D0A05FB07854FEA2D
:10986000932C04FB0C542705029D4FEA065847EA47
:109870001637B5EB08056EEB070C870E920E47EA1C
:10988000811742EA8312A7FB0201B6EB0B0164EBDE
:1098900000042B0D43EA0C335E1844EB1C50DA46EF
:1098A0005146E7FB0201C5F313044FEA0B3343EAC9
:1098B00014534FEA0432019C43EA0603A4F10C045A
:1098C0000294009CCDE900B400F063F903B0BDE858
:1098D000F08F00200146F9E72DE9F04D81EA0304FD
:1098E00004F0004B21F0004514464FF0000A23F02D
:1098F000004150EA050220D054EA01021DD0C5F310
:109900000A570246C5F31303C1F31300C1F30A5605
:1099100040F4801543F48013A7EB0608101BD646CD
:1099200008F2FD3873EB050002D308F1010801E0ED
:1099300092185B41B8F1000F03DA00200146BDE840
:10994000F08D00204FF48011064684460EE0171B70
:1099500073EB050705D3121B63EB050306434CEAC3
:10996000010C49084FEA300092185B4150EA0107A8
:10997000EDD152EA030012D082EA040083EA050125
:10998000084305D0101BAB4106D20122002306E09C
:1099900000224FF0004302E06FF0010253101AEB77
:1099A00006004CEB085110EB0A0041EB0B01BDE83F
:1099B000F04D00F0DFB80EB5C10F80EAE07008444A
:1099C000CA07002140F233438DE80E000A460B46D9
:1099D00000F0DFF803B000BD00F0004230F00040BE
:1099E0000AD0C10D01F56071C0F3160042EA0151C1
:1099F000C20840071143704700200146704700002D
:109A000030B5041E71F1000404DB4FF00044404205
:109A100064EB0101141E73F1000405DB1C464FF0DA
:109A20000043524263EB04038B4208BF824230BDC5
:109A300030B5041E71F1000404DB4FF000444042D5
:109A400064EB0101141E73F1000405DB1C464FF0AA
:109A50000043524263EB0403994208BF904230BD79
:109A600001F0004330B421F0004150EA010206D079
:109A70000A0DA2F56072C1F31301002A02DC30BCAA
:109A800000207047440F44EAC104C100E01830BC14
:109A900000EBC25000F037B830B50B46014600204D
:109AA0002022012409E021FA02F59D4205D303FAA0
:109AB00002F5491B04FA02F52844151EA2F1010221
:109AC000F1DC30BD202A04DB203A00FA02F100204C
:109AD00070479140C2F1200320FA03F319439040EC
:109AE0007047202A06DBCB17203A41FA02F043EAFE
:109AF000E07306E041FA02F3D040C2F12002914047
:109B00000843194670470029A8BF7047401C490008
:109B100008BF20F00100704710B4B0FA80FC00FAD2
:109B20000CF050EA010404BF10BC704749B1CCF1FD
:109B3000200421FA04F411FA0CF118BF0121214389
:109B40000843A3EB0C01CB1D4FEA00614FEA102044
:109B500042BF002010BC704700EBC35010440029E6
:109B6000A4BF10BC7047401C490008BF20F0010092
:109B700010BC704710B5141E73F1000408DA401CC5
:109B800041F1000192185B411A4301D120F001001C
:109B900010BD2DE9F04D92469B4611B1B1FA81F20C
:109BA00002E0B0FA80F220329046FFF78BFF0446C5
:109BB0000F4640EA0A0041EA0B0153465A46084361
:109BC00013D0114653EA010019D0C8F140025046A3
:109BD00000F0C6F805460E46504659464246FFF785
:109BE00071FF084305D0012004E020463946BDE856
:109BF000F08D0020054346EAE0762C4337430A986F
:109C00006305E40AA0EB08000022FD0A44EA475479
:109C10000A3002D500200146E9E701051019694123
:109C2000DDE9084500196941BDE8F04DA2E770B5CE
:109C300021F0004303430CD0C1F30A550024D5EBB7
:109C4000040564EB0403D617AD1AB34102DB002010
:109C5000014670BD201841EB025170BD2DE9F04D59
:109C600000231A461B1A8A4103DB00200146BDE887
:109C7000F08DC1F30A52C1F3130141F480154FF086
:109C8000000BD10702D100186D41521E0027044677
:109C900040F2FF11384601EB620A3E46804602461A
:109CA00000204FF4801100F05BF8C2197141BB181D
:109CB00046EB0100B4EB030C75EB000C04D3E41A83
:109CC00065EB000517460E46241908F101006D41A9
:109CD00080463428E3DDF91946EB0600091BA8414C
:109CE00003D24FF0FF32134601E0002213461BEB74
:109CF000070046EB0A51BDE8F04DFFF73BBF70B5DA
:109D0000C1F30A5201F000450024C1F3130140F2EF
:109D1000FF3341F480119A4201DA002070BD40F215
:109D200033439A42A2F2334203DC524200F018F865
:109D300000E090402C43F1D0404270BD064C074DEE
:109D400006E0E06840F0010394E80700984710340B
:109D5000AC42F6D3F6F71CFA18BF000838BF00086B
:109D6000202A04DB203A21FA02F00021704721FA70
:109D700002F3D040C2F120029140084319467047D7
:109D80000EB540F2334102910021CDE900110A469F
:109D90000B46FFF7FEFE03B000BD70B58C1810F83F
:109DA000015B15F0070301D110F8013B2A1106D120
:109DB00010F8012B03E010F8016B01F8016B5B1E3A
:109DC000F9D12B0705D40023521E0DD401F8013B15
:109DD000FAE710F8013BCB1A921C03E013F8015B81
:109DE00001F8015B521EF9D5A142D8D3002070BD05
:109DF0000FB41CB50246002007AC00290BD0491E49
:109E0000CDE90021054B6A462146069801F04EFE39
:109E1000009A002111701CBC5DF814FB65BC0008A1
:109E20000FB4084B10B504A902AA039801F03EFE36
:109E3000044602A9002001F020FF204610BC5DF876
:109E400014FB00007BBC000803B40198410000989B
:109E500050EAC12018BF04204A0D18BF40F001008D
:109E600040F2FF72B2EB515F08BF40F002000128E0
:109E700008BF052002B070474100080218BF042047
:109E80000A0E18BF40F001004FF07F4232EA010194
:109E900008BF40F00200012808BF052070470000FD
:109EA00010EE100A10B510EE901A4FF0684202EB57
:109EB00040032DED028BB3F1654F3CBF02EB410235
:109EC000B2F1654F7CD200BFC0F3C753C1F3C75294
:109ED0009A1A1B2A09DD10F0004F14BF9FED6E0A7D
:109EE0009FED6E0ABDEC028B10BD12F11A0F1BDA4A
:109EF00011F0004F09D010F0004F0CBF9FED680A21
:109F00009FED680ABDEC028B10BD80EE208A18EE32
:109F1000100AFFF7B1FF042808BF01F0A9FDB0EE59
:109F2000480ABDEC028B10BD4200B2EB410F37D99D
:109F300010F0004F19BFDFED5C1A9FED5C1ADFEDEA
:109F40005C1A9FED5C1AB0EE602A0A46F1EE400AF8
:109F500080F00041B0EE420A10460A1A5200B2F1F7
:109F6000807F34D2484010F0004FDFED532A9FED40
:109F7000533A1DBFBEEE002A71EEE21A31EE431ACB
:109F8000B6EE002A04BF71EEA21A31EE031AF0EE0B
:109F9000402A42EE602A40EE020A82EEA02A18E031
:109FA00011F0004F04BF9FED461AF0EE411AD4D0D5
:109FB00010F0004F1CBFDFED431A9FED431A00E085
:109FC00026E004BFDFED411A9FED411AC5E780EEA0
:109FD000202A22EE020ADFED3F0ADFED3F2ABDEC28
:109FE000028B40EE202ADFED3D0A40EE220ADFED33
:109FF0003C2A40EE202ADFED3B0A40EE220A22EE08
:10A00000000A00EE201A31EE020A30EE210A10BDDD
:10A010004FF07F42B2EB400F28BFB2EB410F05D2A9
:10A02000BDEC028BBDE8104001F01EBD40EA01030B
:10A030005B0008BF41F0FF410BD0B2EB400F08BFFF
:10A04000B2EB410F08D120F0804000EE100A21F061
:10A05000804100EE901A37E7B2EB400F12BF5FEA83
:10A06000410240F0FF4001F000413FF42DAF4A00B3
:10A0700092EA40033FF528AF002AACBF9FED1A1AC1
:10A080009FED1A1A20EE010A60EE810A10EE100A06
:10A0900010EE901A18E70000DB0FC9BFDB0FC93FB5
:10A0A000DB0F4940DB0F49C00000C9BF22AAFDB940
:10A0B0000000C93F22AAFD390060ED3EC30ACE3739
:10A0C00000000000000049C022AA7DBA00004940FB
:10A0D00022AA7D3A2DAD65BD8FB8D53D0FB511BE15
:10A0E00061C84C3EA8AAAABE0000804F0000802F85
:10A0F00070B52DED020B2DED0A8B82B00D98C40FBB
:10A1000020F00045AE48854248D3AE48854219D379
:10A110000C99C5F31300084309D09DED0C0B02B058
:10A12000BDEC0A8B02B0BDE8704001F059BC002CB8
:10A1300014BF9FEDA50B9DED0C0B02B0BDEC0A8B7F
:10A1400002B070BD9FEDA20B53EC102B9DED0C0BDC
:10A1500051EC100BFFF76CFC0AD2022001F0A0FCBE
:10A1600002B0BDEC0A8B02B0BDE8704001F05CBCEF
:10A170009FED990B53EC102B9DED0C0B51EC100B3C
:10A18000FFF73EFC0AD2022001F08AFC02B0BDECCF
:10A190000A8B02B0BDE8704001F056BC90489FEDBC
:10A1A00092BBA8425CD29248854219D29148784429
:10A1B00000EBC40090ED000B53EC102B9DED0C0B4D
:10A1C00051EC100BFFF710FB41EC1A0B8A48784456
:10A1D00000EBC40090ED009BC4F10100041B36E0CD
:10A1E0009FED870B53EC102B9DED0C0B51EC100BDE
:10A1F000FFF700FB41EC100B8348784400EBC400F0
:10A2000090ED001B51EC100B53EC112BFFF74BFAA8
:10A21000FFF775FD0446FFF7CEFB41EC180B9FEDF1
:10A220007C0B53EC102BFFF7E5FA9DED0C1B53EC68
:10A23000112BFFF7DCFA41EC1A0B9FED770B51EC79
:10A24000180B53EC102BFFF7D5FA41EC190B51EC1E
:10A250001A0B53EC192BFFF7C7FACDE90C011BE0E1
:10A260006F48854217D29FED700B53EC102B9DED7C
:10A270000C0B51EC100BFFF716FA53EC1B2BFFF7EE
:10A28000D7FB08D29DED0C0B53EC1B2B51EC100BA4
:10A29000FFF709FA6EE000249DED0C0B53EC102B38
:10A2A00051EC100BFFF7A6FA41EC180B60480521A2
:10A2B000B0EE480AF0EE680A784401F065FA53EC13
:10A2C000182B51EC100BFFF795FA9DED0C1B53EC7E
:10A2D000112BFFF78CFA41EC180B9FED570B5CB379
:10A2E00053EC182B51EC100BFFF77EFA9DED0C0B85
:10A2F00041EC1C0B53EC182B51EC100BFFF77AFAC6
:10A3000053EC1C2BFFF7E8FA53EC192BFFF76FFA0D
:10A3100053EC1A2BFFF768FA53EC1B2BFFF767FA85
:10A32000CDE900016FF47F70844226DB01EB04501D
:10A3300001909DED000B00E753EC102B51EC180B36
:10A34000FFF752FA9DED0C0B41EC190B53EC182B57
:10A3500051EC100BFFF74EFA53EC192BFFF7BCFA38
:10A360009DED0C1B53EC112BFFF73EFA53EC1B2B0E
:10A37000FFF73DFA41EC100BDFE608464FF07A514B
:10A3800001EB04519FED2E0B084453EC102B019070
:10A390009DED000B51EC100BFFF72CFA0D4645EC30
:10A3A000100B044651EC100BFFF74EFD042808BFBC
:10A3B00001F04AFB45EC104BBFE600000000000036
:10A3C000422E86400000F07F0000000000000000E8
:10A3D000EF39FAFE422E864051302DD5104987C004
:10A3E000422ED63F00000000000000000000F03FB9
:10A3F000B2A2F03F6E1B00005E1B000000000000D8
:10A40000FE822B654715F73F121B0000000000007D
:10A410000000E0FE422EE63F763C7935EF39EA3D1A
:10A420000000303E000000009C7500883CE4377E50
:10A43000841A00000000000000000000000000403E
:10A4400000000000000070012DE9F04D2DED040B1F
:10A450002DED0E8B96B0DDE92550279CDDF890A000
:10A4600025F0004624F00048BAF1000F14BF012186
:10A47000002101EB4502FC4953184A1093422AD3AC
:10A48000002814BF0123002303EB44030B44F749C6
:10A490008B4220D358EA00019FEDF59B76D0DFF880
:10A4A000D8B35D4503D1BAF1000F05D188E0BAF108
:10A4B000000F08BF002100D0012101EB450111F57B
:10A4C000001F08D8002814BF0121002101EB44011E
:10A4D00011F5001F0BD99DED261B9DED240B16B029
:10A4E000BDEC0E8B04B0BDE8F04D01F083BA00273F
:10A4F000002DBCBFE149884521DAE1498845A8BF64
:10A5000002271CDAC3451ADCDE4901EB2851142965
:10A5100008DDC1F1340220FA02F101FA02F28242AE
:10A520000DD108E058B9C1F1140228FA02F101FA7C
:10A5300002F2424503D101F00101C1F1020756EADE
:10A540000A0124D1002C22DA002D18BF022F01D0DD
:10A55000012F0AD0022001F0A3FA16B0BDEC0E8B39
:10A5600004B0BDE8F04D01F023BA022001F098FAE2
:10A5700001F01EFA51EC100B81F0004141EC100B80
:10A5800016B0BDEC0E8B04B0BDE8F08D18E09FED69
:10A59000BEAB9FEDBF8B002871D1B848804522D15A
:10A5A00005F1804010F5801008BFBAF1000F07D008
:10A5B000B3450ADC002CA8BF9DED260BE0DA0DE0C8
:10A5C000B0EE490AF0EE690ADAE7002C06DA9DEDF2
:10A5D000260B51EC100B81F000416FE0AE4878443F
:10A5E00090ED000BCCE7D8454DD1002C48DA2EB1C8
:10A5F00086423AD1BAF1000F42D126E0BAF1000FFB
:10A6000013D0022001F04CFA01F00EFA8DED020B8E
:10A610009DED240B8DED000B10EE900A039961F374
:10A620001E0003909DED020BAAE78DED02AB9DEDA0
:10A63000240B1AEE901A10EE900A8DED000B61F3C8
:10A640001E0003909DED020B9AE78DED028B9DEDB0
:10A65000240B18EE901A10EE900A8DED000B61F3AA
:10A660001E0003909DED020B8AE709DA9DED240B95
:10A6700051EC190B53EC102BFFF72EF91EE020E0E4
:10A680009DED240B7CE786421BDAB4F1804F0DD0A0
:10A69000A4F10050B0F1FF5013D1002D11DB9DED5E
:10A6A000240B51EC100B01F0F9FA07E09DED240B9F
:10A6B00053EC102B51EC100B00F0C2BC41EC100B12
:10A6C0005EE79DED240B51EC100B01F0DBFABAF1C3
:10A6D000000FCDE90E0142D19FED710B46B3A6F1FB
:10A6E000E040B0F17F600CD05E4538D1002D00DA3B
:10A6F000A7B3022F0CBF01204FF0FF30FFF75BF92B
:10A70000DCE7002D01DD002C0DDA002D01DD002C31
:10A710001FDB002D16DA002C14DB012F08BF9FED84
:10A72000620B3FF42DAFB0EE4A0AF0EE6A0A27E75B
:10A73000022F18BF002D0CD0012F0AD1002DFFF6DB
:10A740001FAF06E0002DB8BF002C08DA012F3FF440
:10A7500017AFB0EE480AF0EE680A11E71BE00120DF
:10A7600000EBE57050EA070115D0791EB0EE498A7A
:10A77000F0EE698A084308BF9FED4D8B4E480025D7
:10A78000804570DD4D494E48884514DDB0420DDBF3
:10A79000002C19DB2FE0012001F082F916B0BDEC8E
:10A7A0000E8B04B0BDE8F04D01F02EB9B34502DCCC
:10A7B000002C09DC1FE0864202DA002C1BDA03E0E1
:10A7C0005E452BDD002C16DD022001F069F901F059
:10A7D0002BF98DED020B53EC1A2B51EC180BFFF7F4
:10A7E00009F8CDE900010399019861F31E00039077
:10A7F0009DED020BC4E6022001F052F901F024F9AC
:10A8000010EE901A18EE900A8DED020B8DED008B74
:10A8100061F31E0003909DED020BB1E69DED0E0B62
:10A8200053EC192B51EC100BFEF7DEFF9FED260BBE
:10A83000CDE9080153EC102B9DED080B51EC100BEA
:10A84000FEF7D8FF9FED221B53EC112BFEF7CFFF35
:10A850009DED081B53EC112BFEF7CCFF9FED1E1B4B
:10A8600053EC112B3CE08CE0FFFF1F00FFFF0F00BB
:10A87000000000000000F03F0000F03F0000F07F0B
:10A880000000404301FCFFFF000000000000F07FDB
:10A8900000000000000000003E1800000000000062
:10A8A0000000000000000080000000000000F0FF39
:10A8B000000000000000F0BF0000E0410000F04395
:10A8C000FFFFEF3F00000000000000000000D03F4D
:10A8D000555555555555D53F000000000000E03F47
:10A8E000FEF785FF9DED080B41EC1A0B53EC102B86
:10A8F00051EC100BFEF77EFF53EC1A2BFEF77AFF9C
:10A9000041EC1A0B9FEDFE0B53EC102B9DED080B49
:10A9100051EC100BFEF76EFF41EC1B0B9FEDFA0B99
:10A9200051EC1A0B53EC102BFEF764FF41EC1A0BA1
:10A930009FEDF70B53EC102B9DED080B51EC100B1A
:10A94000FEF758FF53EC1A2BFEF74EFF41EC1A0BA3
:10A9500051EC1B0B53EC1A2BFEF7A5FE0690CDE92C
:10A9600006519DED060B53EC1B2B51EC100BFEF723
:10A970003BFF53EC1A2BFEF73AFF41EC100B00F0B3
:10A98000A1B90020B6F5801F0EDA9FEDE30B53EC62
:10A99000102B9DED0E0B51EC100BFEF72BFFCDE9AC
:10A9A0000E016FF034000E4600EB2650A0F2FF3788
:10A9B000C6F31300DA4940F07F6646F040568842FD
:10A9C000D8BF002408DDD7498142C8BF012403DC79
:10A9D0000024A6F580167F1CD348784400EBC40001
:10A9E0000F9690ED00CB9DED0E0B53EC1C2B51EC14
:10A9F000100BFEF7F9FE9DED0E0B41EC1B0B53EC1B
:10AA00001C2B51EC100BFEF74EFE41EC100B51ECE1
:10AA1000190B53EC102BFEF75FFF41EC1D0B51ECB3
:10AA20001B0B53EC1D2BFEF7E5FE41EC1A0BBF4848
:10AA30008DED10AB7844109590ED000B4FF0005069
:10AA400040EA660000EB84408DED080B00F5002025
:10AA500009909DED080B53EC1C2B51EC100BFEF7ED
:10AA6000C3FE9DED0E1B53EC112BFEF7C0FE41EC17
:10AA7000100B53EC102B9DED100B51EC100BFEF74F
:10AA8000B9FE9DED080B41EC1C0B53EC102B9DED1A
:10AA9000100B51EC100BFEF7ADFE53EC1B2BFEF729
:10AAA000A6FE53EC1C2BFEF79FFE53EC1D2BFEF76E
:10AAB000A1FE41EC1C0B53EC1A2B51EC1A0BFEF7C8
:10AAC00099FE41EC1B0B9A480621B0EE4B0AF0EEC2
:10AAD0006B0A784400F058FEB0EE401AF0EE601AAF
:10AAE000B0EE41DAF0EE61DA53EC1B2B51EC1B0BAC
:10AAF000FEF780FE53EC1D2BFEF77CFE9DED100B48
:10AB000041EC1B0B53EC1A2B51EC100BFEF7CBFD59
:10AB100053EC1C2BFEF76EFE53EC1B2BFEF7C3FD14
:10AB20009DED100B41EC1B0B53EC102B51EC100B5B
:10AB3000FEF760FE41EC1D0B9FED7FEB53EC1E2BEF
:10AB4000FEF7B1FD53EC1B2BFEF7ADFD0890CDE9F0
:10AB500008519DED080B53EC1E2B51EC100BFEF72A
:10AB600043FE53EC1D2BFEF73FFE53EC1B2BFEF771
:10AB70003EFE9DED080B41EC1D0B53EC102B9DEDA3
:10AB8000100B51EC100BFEF735FE41EC1B0B53EC98
:10AB90001A2B51EC1D0BFEF72DFE9DED080B41EC21
:10ABA0001A0B53EC102B51EC1C0BFEF723FE53EC4D
:10ABB0001A2BFEF778FD41EC1A0B51EC1B0B53ECF2
:10ABC0001A2BFEF770FD0C90CDE90C519DED0C0B8E
:10ABD00053EC1B2B51EC100BFEF706FE53EC1A2B1B
:10ABE000FEF705FE41EC1B0B9FED550B53EC102BB4
:10ABF0009DED0C0B51EC100BFEF7FCFD41EC1A0B1C
:10AC00009FED510B51EC1B0B53EC102BFEF7F2FD9B
:10AC100041EC1B0B9FED4E0B53EC102B9DED0C0BE1
:10AC200051EC100BFEF7E6FD53EC1B2BFEF73BFD42
:10AC300041EC100B4848784400EBC40090ED001B39
:10AC400051EC100B53EC112BFEF72DFD41EC1B0BBF
:10AC50003846FEF7B0FECDE9080153EC1B2B51EC52
:10AC60001A0BFEF720FD41EC100B3C48784400EB3A
:10AC7000C40090ED00CB51EC100B53EC1C2BFEF7F5
:10AC800012FD9DED081B53EC112BFEF70CFD0690F9
:10AC9000CDE906519DED080B53EC102B9DED060BF5
:10ACA00051EC100BFEF7A0FD53EC1C2BFEF79CFDA6
:10ACB00053EC1A2BFEF798FD53EC1B2BFEF797FD78
:10ACC00041EC100B9DED261B53EC102B8DED001B62
:10ACD00000959DED260B51EC100BFEF78BFD9DEDC5
:10ACE000000B41EC1A0B53EC102B9DED260B51EC95
:10ACF000100BFEF779FD9DED061B53EC112B2FE099
:10AD0000000000604715F73FFE822B654715F73FAF
:10AD100044DF5DF80BAE543E0000000000004043ED
:10AD20008E9803007AB60B008A130000E813000027
:10AD3000C2120000000000000000000000000840F7
:10AD4000000000E009C7EE3FFD033ADC09C7EE3F13
:10AD5000F5015B14E02F3EBE4E110000081100000B
:10AD6000FEF748FD53EC1A2BFEF79DFC9DED060BFC
:10AD700041EC1A0B53EC102B9DED000B51EC100B1A
:10AD8000FEF738FDCDE90C019DED0C0B51EC1A0BD3
:10AD900053EC102BFEF787FCCDE902010C46AA49C3
:10ADA0008C422FDB611A084318D19DED0C0B53EC3C
:10ADB000102B9DED020B51EC100BFEF715FD41EC35
:10ADC0001B0B9FEDA30B51EC1A0B53EC102BFEF752
:10ADD0006AFC53EC1B2BFEF72BFE2DD2022000F059
:10ADE0005FFE00F021FE10EE901A18EE900A8DED35
:10ADF000020B8DED008B61F31E0003909DED020BA5
:10AE0000FFF7BEBB944A24F00041914214D393490A
:10AE1000214408437FF4EFAC9DED0C0B53EC102B59
:10AE20009DED020B51EC100BFEF7DEFC53EC1A2BE0
:10AE3000FEF7FEFD7FF6DFAC24F000408849894A2A
:10AE4000002601EB205182422BDA481C4FF480117E
:10AE500021FA00F02044844AC0F30A517A44A1F256
:10AE6000FF3192ED000B814A8DED080BCA4020EABC
:10AE70000202C0F3130040F48010C1F1140120FA63
:10AE800001F60992002CB8BF76429DED080B53ECF9
:10AE9000102B9DED0C0B51EC100BFEF7A5FCCDE932
:10AEA0000C019DED0C0B51EC1A0B53EC102BFEF723
:10AEB000FAFB9FED6F0B0890CDE9085153EC102B76
:10AEC0009DED080B51EC100BFEF794FC41EC1B0BB5
:10AED0009FED690B53EC102B9DED080B51EC100B03
:10AEE000FEF788FC9DED0C0B41EC1C0B53EC102B7A
:10AEF0009DED080B51EC100BFEF776FC53EC1A2B72
:10AF0000FEF775FC9FED5E1B53EC112BFEF772FCF8
:10AF100053EC1C2BFEF7C7FB41EC1A0B51EC1B0B3F
:10AF200053EC1A2BFEF7BFFBCDE902019DED020B9E
:10AF300053EC1B2B51EC100BFEF756FC53EC1A2B69
:10AF4000FEF755FC9DED020B41EC1A0B53EC102B58
:10AF500051EC100BFEF74EFCCDE908014A489DED7F
:10AF6000080B0521784400F00FFC9DED081B51EC07
:10AF7000100B53EC112BFEF73DFC9DED021B53EC27
:10AF8000112BFEF734FCCDE906019DED020B53ECCD
:10AF90001A2B51EC100BFEF72DFC53EC1A2BFEF77D
:10AFA00082FB9FED3B0B41EC1A0B53EC102B9DEDFC
:10AFB000060B51EC100BFEF717FC9DED060B41EC58
:10AFC0001B0B53EC102B9DED020B51EC100BFEF7FD
:10AFD00011FC53EC1B2BFEF77FFC53EC1A2BFEF7F6
:10AFE00003FC9DED021B53EC112BFEF7FDFB53EC14
:10AFF000192BFEF7FCFBCDE9020101EB0650011510
:10B000000029C8BF039015DC9DED020B324651ECC0
:10B01000100BFEF70CFEFEF717FF042808BF00F028
:10B0200013FD32469DED020B51EC100BFEF7FFFDB8
:10B03000CDE902019DED020B51EC180B53EC102BE6
:10B04000FEF7D8FBFFF73ABB00009040000000007D
:10B05000FE822B654715973C00CC904000346F3F33
:10B0600001FCFFFF0000E03FC00F0000FFFF0F00EA
:10B0700000000000432EE63F396CA80C615C20BE46
:10B08000EF39FAFE422EE63F600E0000000000009D
:10B09000000000000000004010B52F499FED2C1B60
:10B0A0002DED020B84B0059820F000408842DCBFF3
:10B0B00000209DED040B32DD2849884209D1049817
:10B0C00040B94FF0010000F0EBFC00F09DFC06B031
:10B0D00010BD05DB9DED040B00F082FC06B010BD39
:10B0E00068469DED040B00F07BF810F0030011D0D2
:10B0F000012818D09DED021B9DED000B02281AD0EF
:10B1000000F08AFA51EC100B81F0004106B041ECDE
:10B11000100B10BD9DED021B9DED000B012000F0FA
:10B12000AFFB06B010BD9DED021B9DED000B00F0C6
:10B1300073FA06B010BD012000F0A2FB51EC100B19
:10B1400081F0004106B041EC100B10BD0000000082
:10B150000000000000000000FB21E93F0000F07F3C
:10B1600000B52DED048BB0EE409AF0EE609A83B0FE
:10B1700051EC190BFEF772FD41EC180B18EE100A9A
:10B1800018EE901A8DED008B002818BF012008439F
:10B1900020F00040C0F17F6000F1E040C00F14D00B
:10B1A00019EE101A19EE900A8DED009B002918BFB8
:10B1B0000121084320F00040C0F17F6000F1E04031
:10B1C000C00F04BF012000F06BFCB0EE480A03B0D2
:10B1D000F0EE680ABDEC048B00BD0000000000002A
:10B1E0002DE9F14F04462DED020B2DED088B8AB0B1
:10B1F0009FEDE70B80ED020B139EE74826F000451C
:10B2000085420ADC9DED120B002084ED000B0AB094
:10B21000BDEC088B03B0BDE8F08FE0489FEDE0ABDC
:10B220009FEDE1BBA84247DDE14F9FEDE39B9FED22
:10B23000E48B9DED120B53EC1A2B51EC100B002EEE
:10B240001CDDFEF7D1FA41EC100BBD4208D053ECE7
:10B250001B2B51EC100BFEF7C7FAC4E900010BE001
:10B2600053EC192B51EC100BFEF7BEFA53EC182BD4
:10B27000FEF7BAFAC4E900010120C8E7FEF713FAA5
:10B2800041EC100BBD4208D053EC1B2B51EC100BC2
:10B29000FEF709FAC4E900010BE053EC192B51EC5D
:10B2A000100BFEF700FA53EC182BFEF7FCF9C4E97B
:10B2B00000014FF0FF30AAE7C348A84279DB9DEDBB
:10B2C000120B51EC100B00F0DDFC41EC180B9FED64
:10B2D000C00B53EC102BFEF78DFA9FEDBF1B53EC08
:10B2E000112BFEF7E0F9FEF70AFD0746FEF763FBB8
:10B2F00041EC190B53EC1A2BFEF77CFA53EC182B8C
:10B30000FEF775FA41EC180B53EC1B2B51EC190BA3
:10B31000FEF770FADFF8C8A241EC100B4FEA15589F
:10B320000125FA4453EC102B51EC180BFEF75CFA94
:10B33000032DC4E900013DD0C1F30A5005EB4511CE
:10B34000A8EB00001139814234DA0AEB051BB0EE9C
:10B3500048AA9BED000BF0EE68AA53EC102B51ECC1
:10B36000190BFEF747FA41EC1B0B51EC1A0B53EC8F
:10B370001B2BFEF739FA41EC180B51EC1A0B53EC6E
:10B38000182BFEF731FA53EC1B2BFEF72DFA9BED31
:10B39000020B41EC1A0B53EC102B51EC190BFEF77E
:10B3A00029FA53EC1A2BFEF71FFA41EC100B6D1C17
:10B3B000B8E70EE0002EA8BF3846BFF628AF94EDE0
:10B3C000000B51EC100B81F00041C4E90001784200
:10B3D0001DE7C6F3130040F4801EC6F30A50A0F226
:10B3E000F530471100F01F05C5F12000DDF848B029
:10B3F00008900020069007900520EC467949002D22
:10B4000007EB0002794408BF51F8221009D051F827
:10B41000223001EB8201AB404A68089922FA01F11F
:10B420001943A1FB0E26A1FB0B131A449A4234BF09
:10B430000123002303EB06080CEB8003D3E901A6EC
:10B440000E448E4234BF0121002192448A4411B13E
:10B45000924502D903E0924501D2012100E000218A
:10B46000C3E901A641444CF82010011EA0F10100DF
:10B47000C4DC029800F10050850F0298DDE90367F3
:10B480008000DDF81480FEF796FA41EC1A0B304686
:10B49000FEF776FC9FED541B53EC112BFEF7AAF937
:10B4A00041EC1B0B3846FEF76BFC9FED511B53EC38
:10B4B000112BFEF79FF941EC180B4046FEF760FC9C
:10B4C0009FED4D1B53EC112BFEF794F941EC190B3A
:10B4D00051EC180B53EC192BFEF7E5F853EC1B2B32
:10B4E000FEF7E1F853EC1A2BFEF7DDF8CDE9080181
:10B4F000002008909DED080B53EC1A2B51EC100B1B
:10B50000FEF772F953EC1B2BFEF76EF953EC182B78
:10B51000FEF76AF953EC192BFEF769F99FED381B1A
:10B5200053EC112BFEF766F99FED370B41EC180B2E
:10B5300053EC102B9DED080B51EC100BFEF75AF954
:10B5400053EC182BFEF7AFF89FED310B41EC180BC5
:10B5500053EC102B9DED080B51EC100BFEF74AF944
:10B5600053EC182BFEF79FF841EC100B139810F0DA
:10B57000004F06D06D4251EC100B81F0004141ECC0
:10B58000100B284684ED000B41E60000000000008F
:10B590000000000000000000FB21E93F7CD90240D0
:10B5A00000004054FB21F93F3163621A61B4D03D81
:10B5B000FB21F93F000000000000601A61B4D03D9B
:10B5C0007370032E8A19A33BFB2139410000000050
:10B5D00083C8C96D305FE43F000000000000E03F19
:10B5E000020B0000500A0000000000000000103EA6
:10B5F000000000000000103C000000000000103AB5
:10B60000182D4454FB21F93D3326A611460B113C5D
:10B6100000000054FB21F93D10B52DED040B2DED7C
:10B62000088B82B0B0EE419AF0EE619A0B9820F050
:10B6300000449FED4BABB4F1795F11DA9DED0A0B3D
:10B6400051EC100BFEF75BFB002801BFB0EE4A0A7D
:10B65000F0EE6A0A02B0BDEC088B04BF04B010BD66
:10B660009DED0A0B53EC102B51EC100BFEF7C2F8BA
:10B6700041EC180B3C480621B0EE480AF0EE680A8F
:10B68000784400F081F853EC182B51EC100BFEF7C6
:10B69000B1F89DED0A0B41EC1B0B53EC192B51EC4F
:10B6A000100BFEF7A7F841EC190B53EC1B2B51ECD8
:10B6B000180BFEF79FF853EC192BFEF795F89FED4A
:10B6C0002C0B41EC190B53EC102B51EC180BFEF723
:10B6D00091F841EC100B2848844210DA53EC192BF6
:10B6E00051EC100BFEF780F853EC1A2BFEF77FF8A5
:10B6F00041EC100B02B0BDEC088B04B010BD1F482C
:10B70000A042BCBF9FED1E1B8DED001B06DBA4F508
:10B7100000100190002000909DED001B51EC100BDB
:10B7200053EC112BFEF760F89DED000B41EC180B6C
:10B7300053EC102B51EC1A0BFEF756F841EC1A0B98
:10B7400053EC192B51EC180BFEF74EF853EC1A2B57
:10B75000FEF74DF841EC100BCCE7000000000000B4
:10B76000000000000000F03F6C0700000000000037
:10B77000000000000000E03F3333D33F0000E93F0A
:10B78000000000000000D23F70B504462DED028B92
:10B790004D1E00EBC500B0EE408AF0EE608A90EDE1
:10B7A000000B35F0060017D053EC182B51EC100BA2
:10B7B000FEF720F841EC100B6D1E04EBC50090ED78
:10B7C000001B51EC100B53EC112BFDF76CFF41ECFF
:10B7D000100B35F00600E7D1022D36D0042D1CD019
:10B7E000062D1CBFBDEC028B70BD53EC182B51EC29
:10B7F000100BFDF7FFFF94ED0A1B53EC112BFDF727
:10B8000052FF53EC182BFDF7F5FF94ED081B53EC9A
:10B81000112BFDF748FF41EC100B53EC182B51ECAA
:10B82000100BFDF7E7FF94ED061B53EC112BFDF712
:10B830003AFF53EC182BFDF7DDFF94ED040B53ECAE
:10B84000102BFDF730FF41EC100B53EC182B51EC93
:10B85000100BFDF7CFFF94ED021B53EC112BFDF7FE
:10B8600022FF53EC182BFDF7C5FF94ED001B53ECA2
:10B87000112BFDF718FFBDEC028B41EC100B70BDD6
:10B8800031B504462DED040B2DED0A8BB0EE41BA17
:10B89000F0EE61BA0B989DED0A0B20F00040B0F17C
:10B8A000795F0DDA51EC100BFEF7CEFA042808BFD1
:10B8B00000F0CAF89DED0A0BBDEC0A8B05B030BD57
:10B8C00053EC102B51EC100BFDF794FF41EC180BCF
:10B8D0009DED0A0B53EC182B51EC100BFDF78AFF72
:10B8E00041EC190B2C48B0EE480AF0EE680A05212D
:10B8F0007844FFF749FF9FED2ACBB0EE40AAF0EE67
:10B9000060AA9CB353EC1C2B51EC190BFDF772FF92
:10B9100041EC1C0B53EC1A2B51EC190BFDF76AFF91
:10B920009FED210B41EC190B53EC102B51EC1B0B31
:10B93000FDF760FF53EC192BFDF756FF53EC182B66
:10B94000FDF758FF53EC1B2BFDF74EFF53EC1C2B60
:10B95000FDF74AFF9DED0A1B53EC112BFDF747FF46
:10B96000BDEC0A8B05B041EC100B30BDFFE753EC8A
:10B970001A2B51EC180BFDF73DFF53EC1C2BFDF778
:10B9800092FE53EC192BFDF735FF9DED0A1B53EC8E
:10B99000112BFDF788FEE3E7FC0500000000000026
:10B9A000495555555555C5BF000000000000E03F02
:10B9B0009FED070B10B553EC102B9FED070B51ECCF
:10B9C000100BFDF789FF41EC100B10BD00000000CB
:10B9D0000000000000000000000000000000F03F38
:10B9E00010B553EC102B51EC100BFDF75CFE41EC45
:10B9F000100B10BD10B553EC112B51EC100BFDF7D3
:10BA000052FE41EC100B10BD9FED050B10B553EC31
:10BA1000102B51EC100BFDF75FFF41EC100B10BD2C
:10BA200000000000000000009FED050B10B553EC76
:10BA3000102B51EC100BFDF7DDFE41EC100B10BD8F
:10BA400000000000000000709FED050B10B553ECE6
:10BA5000102B51EC100BFDF7CDFE41EC100B10BD7F
:10BA6000000000000000001030EE200A70470000C7
:10BA70009FED020A20EE000A70470000000000104F
:10BA800002E008C8121F08C1002AFAD170477047A7
:10BA9000002001E001C1121F002AFBD17047000005
:10BAA0000149086070470000300300202DE9FF4F76
:10BAB0008BB09A460F460546002606E025280BD097
:10BAC00052460D9990476D1C761C28780028F5D1B8
:10BAD0000FB03046BDE8F08F0024A0460122604937
:10BAE00000E0044315F8013F203B02FA03F008424E
:10BAF000F7D128782E2817D115F8010F44F0040447
:10BB00002A280ED06FF02F022878A0F130010929E1
:10BB10000AD808EB880102EB410100EB01086D1C1B
:10BB2000F2E757F8048B6D1C287869283ED006DCB4
:10BB30000028CDD063280BD0642804D136E07328C8
:10BB400010D075284BD052460D999047761C85E051
:10BB500017F8040B8DF8000000208DF80100E9466D
:10BB6000012003E057F8049B4FF0FF3061074FF0CE
:10BB7000000401D40AE0641C44450DDA8442FADB77
:10BB800019F804100029F6D106E0641C8442FCDB9D
:10BB900019F804100029F8D1264404E019F8010B23
:10BBA00052460D999047641EF8D257E001CF4FF0EE
:10BBB0000A0B002802DA40422D2102E0210504D5BB
:10BBC0002B218DF82410012103E0E10705D020216D
:10BBD000F7E70DF1200908910CE00021F9E701CF0A
:10BBE0004FF00A0BF9E75946FDF756FF01F1300215
:10BBF00009F8012D0028F6D1ADEB090000F1200B6A
:10BC0000600701D44FF00108D84502DDA8EB0B0016
:10BC100000E000208046002406E009A85246005DAE
:10BC20000D999047641C761C08988442F5DB04E06B
:10BC3000302052460D999047761CB8F10001A8F1CA
:10BC40000108F5DC05E019F8010B52460D99904703
:10BC5000761CBBF10001ABF1010BF4DC6D1C34E789
:10BC6000092801004A68002A06D00A68531C0B60A4
:10BC700010704868401E486070470A68531C0B608B
:10BC80001070704782B0CDE9000121F000400190B2
:10BC90009DED000B02B051EC100B704700B52DED7F
:10BCA000048B83B041EC190BFDF7D8FF41EC180B66
:10BCB00018EE100A18EE901A8DED008B002818BFB0
:10BCC0000120084320F00040C0F17F6000F1E04017
:10BCD000C00F14D019EE101A19EE900A8DED009BCA
:10BCE000002918BF0121084320F00040C0F17F6007
:10BCF00000F1E040C00F04BF0120FFF7D1FE51EC7E
:10BD0000180B03B0BDEC048B00BD00000000000068
:10BD1000000000000000E03F000000000000E0BF65
:10BD20000000E0FE422EE63F0000E0FE422EE6BFAD
:10BD3000763C7935EF39EA3D763C7935EF39EABD25
:10BD40003E5555555555C53F93BDBE166CC166BF92
:10BD50002CDE25AF6A56113FF16BD2C541BDBBBE8B
:10BD6000D0A4BE726937663E000000000000F03FBC
:10BD7000000000000000F83F00000000000000008C
:10BD80000000004003B8E23F000000000000000097
:10BD900006D0CF43EBFD4C3E033333333333E33F25
:10BDA000FFAB6FDBB66DDB3F4D268F515555D53F51
:10BDB00001411DA96074D13F65DBC9934A86CD3F1F
:10BDC000EF4E454A287ECA3F3E5555555555C53F0D
:10BDD00093BDBE166CC166BF2CDE25AF6A56113FFF
:10BDE000F16BD2C541BDBBBED0A4BE726937663E01
:10BDF0004C5555555555A53F7751C1166CC156BF89
:10BE00009015CB19A001FA3EAD529C804F7E92BE98
:10BE1000C4B1B4BD9EEE213ED43888BEE9FAA8BDB7
:10BE2000000000000000000000004054FB21F93F2A
:10BE30003163621A61B4D03D0000601A61B4D03D34
:10BE40007370032E8A19A33B0000002E8A19A33BAE
:10BE5000C14920259A837B390000000000000000C2
:10BE60006E83F9A22915444ED15727FCC0DD34F565
:10BE7000999562DB4190433CAB6351FE61C5BBDEEB
:10BE80003A6E24B7E0D24D42EA2E49061C92D109FF
:10BE90001CEB1DFE3EA729B1F53582E88444BB2E7C
:10BEA00026709CE9417E5FB439D69139F4395383C9
:10BEB0008B5F849C3B28F9BDFF97F81F0F9805DE28
:10BEC0008B112FEF1F6D0A5ACF7E366DB709CB2726
:10BED000663F464F2DEA5F9EC7BA27757BF1E5EBBB
:10BEE000F739073DEA92528AB15FFB6B085D8D1FFF
:10BEF000A6F810111111813FD561C119A0012ABF07
:10BF00007DFEB157E31DC73EEB9C2B8AE6E55ABE8A
:10BF10007CD5CF5A3AD9E53D38BF00080000002053
:10BF2000340300009A9D000810C00008340300206C
:10BF30008C2F000090BA0008411BFF01041A020474
:10BF40001A03041A04041A05041A06041A07041A28
:10BF500008041A09041A0A041A0B041A0C041A0D0C
:10BF60000402B20E1A43E01A90EC1A8AEC1AB808CE
:10BF70001ADA081ACB041AD60C1A1C081AB3081AB3
:10BF80000E041A18041AA4041A1214C132FE35CD74
:10BF9000CCCC3D223F1A8004111A400819041AA083
:10BFA000041AC0041B20410C19041AF0041B70422F
:10BFB0000819043434436452C85A8C1421295B1480
:10BFC000A08601180835FA8E3CDB0F493C011A4B5C
:10BFD00030750409161C810227141A42DC72692983
:10BFE000F81A2C10323C720A89B001363207024C22
:10BFF000056B7A039B11680901020304060708090F
:10C000000CA910C11AAA010111023E281AFF014110
:040000050800018965
:00000001FF
