:020000040800F2
:10000000C033002069560008450200084702000876
:100010004B0200084F0200085302000800000000D5
:100020000000000000000000000000009D0100082A
:100030005702000800000000E10100088386000864
:10004000835600088356000883560008835600082C
:10005000835600088356000883560008835600081C
:100060005F040008A3040008835600080103000889
:10007000E30200083F0300088356000875020008E9
:100080008356000881020008835600088356000842
:1000900083560008835600088356000883560008DC
:1000A000835600087B030008A70300088356000856
:1000B000A9030008D70300080304000883560008BA
:1000C0008356000883560008835600085B04000826
:1000D000835600085D020008835600088356000816
:1000E000835600088356000883560008835600088C
:1000F0008356000883560008835600081B03000837
:1001000083560008835600082F0400085D04000889
:1001100083560008835600084D0300085903000861
:10012000835600089B020008B502000883560008A9
:10013000835600088356000883560008835600083B
:10014000835600088356000883560008835600082B
:10015000D50200088356000883560008835600081D
:10016000835600088356000883560008835600080B
:1001700083560008835600088356000883560008FB
:100180008356000883560008DFF80CD009F0B0FD54
:100190000048004783530008C0330020234B1968F0
:1001A0000868B0E8F04F80F309884FF0000080F352
:1001B000118870470000000003480068006880F361
:1001C000088862B600DF00BF08ED00E0DFF80C0031
:1001D000016841F470010160704700BF88ED00E0E4
:1001E000EFF30980114B1A681EF0100F08BF20EDC5
:1001F000108A20E9F04F106008B54FF0140080F32A
:10020000118808F006FE4FF0000080F31188BDE869
:10021000084019680868B0E8F04F1EF0100F08BFDA
:10022000B0EC108A80F30988704700BFF403002007
:10023000EFF311804FF0140181F31188704780F3C0
:1002400011887047704700BFFEE700BFFEE700BFA0
:10025000FEE700BFFEE770477047704710B540F2F9
:100260002551904807F021FB18B120218D4807F057
:1002700013FB10BD10B58C498C4806F04BFA10BD2D
:1002800010B58B498948303006F01AFA20B18849F8
:100290008648303006F03EFA10BD10B585498648D4
:1002A00006F00EFA28B18349834806F033FA01F0CC
:1002B000DDFD10BD10B581497F48183006F02AFADF
:1002C0007F4840787E49097840EA012000B27D49A4
:1002D000088010BD10B57C497748603006F01AFAE6
:1002E00010BD10B573497148483806F0E9F930B1CE
:1002F00070496E48483806F00DFA00F09FFA10BDBC
:1003000010B572496948603806F0DAF920B16F49D2
:100310006648603806F0FEF910BD10B56C496348B8
:10032000483006F0CDF948B100216048483006F069
:100330001DF967495D48483006F0ECF910BD10B56D
:1003400059495A48303806F0E5F910BD10B5012179
:10035000604807F007F810BD10B501215E4807F0AE
:1003600001F87A204F49888001215C4807F0ACF9F8
:1003700001215B4807F0A8F910BD10B501215948CB
:1003800006F0F0FF5748008800F0100028B15648EA
:100390000068401E5449086004E053480068401C4F
:1003A0005149086010BD704710B50121880706F05B
:1003B000D9FF4FF08040008800F0100028B14B4872
:1003C0000068401E4949086004E048480068401C35
:1003D0004649086010BD10B50121454806F0C2FF2E
:1003E0004348008800F0100028B142480068401ED1
:1003F0004049086004E03F480068401C3D490860EF
:1004000010BD10B501213C4806F0ACFF3A48008809
:1004100000F0100028B139480068401E37490860D4
:1004200004E036480068401C3449086010BD10B52F
:100430000121334806F096FF3148008800F0100093
:1004400028B130480068401E2E49086004E02D485D
:100450000068401C2B49086010BD7047704710B5FC
:10046000042006F0EFF9D8B12021274805F073FAEF
:100470000421264805F04AFA012804D10021164833
:1004800006F0F0FA09E00421204805F03FFA20B90F
:10049000114806F0EBFA1E49086004201D49086067
:1004A00010BD7047001001402080002070600240A5
:1004B0000080202000880010286402400080201066
:1004C00010060020840000200088002020800010FA
:1004D0000080002800100040001400400048004048
:1004E000001401400000014064000020680000206A
:1004F000000400406C000020000800408000002044
:10050000000C00407000002000000240000C02407F
:1005100060000020143C014070B50446204609F0FC
:1005200061F805462146FE4809F063F8A0B195221E
:100530002146FB4809F04AF80021FA4806F016F86F
:10054000F748F8490C310860F648B838C0F8BC5094
:100550000121F44806F00AF870BD70B50446002584
:1005600010E0605D68B1615DEF4807F0D8F800BF4A
:100570008021ED4807F083F90028F9D0681CC5B246
:1005800000E070BDEDE770B5044600250FE05CB1FA
:100590002146E54807F0C3F800BF8021E24807F094
:1005A0006EF90028F9D000E070BD681CC5B2032DBB
:1005B000EDDB00BFF8E713B50C460020FFF7E3FFC3
:1005C000DAA0FFF7CAFF2346D9A29621D94809F03D
:1005D000CDFBD848FFF7C1FFD7A0FFF7BEFFD4A2DD
:1005E0009621D448009B09F0C1FBD248FFF7B5FF24
:1005F000D3A0FFF7B2FFFF20FFF7C5FFFF20FFF7F3
:10060000C2FFFF20FFF7BFFF1CBD70B505460C46BB
:10061000C6A0FFF7A2FF2246C5A1C64809F0BEFB4F
:10062000C448FFF79AFFC4A0FFF797FF2846FFF7DB
:1006300094FFC3A0FFF791FFFF20FFF7A4FF70BD59
:1006400077B585B00546FF26BBA103C9CDE90301F7
:10065000BBA000680290B5A00068019000240AE0E9
:100660000020B8490855B8490855B2490855AC4961
:100670000855601CC4B21E2CF2DB0A20AD4908707C
:10068000FF2048708870C870A9A1AF48079A09F088
:1006900085FBAD4901A808F08DFF01A9A54808F028
:1006A00089FF03A9A34808F085FF2946A14808F05F
:1006B00081FF9FA1A448069A09F070FBA2499D48BA
:1006C00008F078FF02A99B4808F074FFFF209D49BD
:1006D000087048708870974808F06CFF9548FFF7DD
:1006E0001BFF08B070BDF7B584B005460E46FF2766
:1006F00091A103C9CDE9020191A0006801908BA0EE
:1007000000680090002408E000208E4908558E49BA
:10071000085588490855601CC4B20A2CF4DB0A202D
:1007200084490870FF2048708870C87080A186488E
:10073000069A09F033FB8449684608F03BFF694696
:100740007C4808F037FF02A97A4808F033FF2946B1
:10075000784808F02FFF3146764808F02BFF01A9B2
:10076000744808F027FFFF207649087048708870A9
:100770000020C87008716F4808F01CFF6D48FFF733
:10078000CBFE07B0F0BD01B58EB070A2322101A83A
:100790000E9B09F0EBFA01A8FFF7BEFE0FB000BDFB
:1007A00073B584B00546FF2663A103C9CDE90201F4
:1007B00063A0006801905DA00068009000240AE03A
:1007C000002060490855604908555A490855544960
:1007D0000855601CC4B21E2CF2DB0A205549087073
:1007E000FF2048708870C87051A15748059A09F0D9
:1007F000D5FA5549684608F0DDFE69464D4808F0CF
:10080000D9FE02A94B4808F0D5FE2946494808F010
:10081000D1FE4D49474808F0CDFE01A9454808F0F2
:10082000C9FEFF204749087048708870414808F0A9
:10083000C1FE4048FFF770FE06B070BD1CB54648CB
:100840000078454949780844434989780844424931
:10085000C97808444049097908443F49497908441E
:100860003D49897908443C49C97908443A49097A9B
:100870000844C0B201903848007A00F00F000090A0
:100880009DF800000D2803D00021344806F01CFF1D
:100890001CBD3148007A00F00F000D2806D12E480B
:1008A000007800F0010008B10D2070470020FCE73F
:1008B0002948007800F0020008B1012070470020AC
:1008C000FCE730B52DED048B83B0254806F0CEF85B
:1008D0002449096840EA0145284609F020F841EC1E
:1008E000190B9FED210B53EC102B08F0A9FF41ECE5
:1008F000180B09F025F8019000244DE0184806F087
:10090000B5F81849096840EA0145284609F007F892
:1009100041EC190B9FED140B53EC102B28E0000059
:100920006A050020B86002400050004074000000DA
:1009300025640000340400202E7478743D220000E9
:10094000220000001A050020F20400206A302E76F2
:10095000616C3D25640000004C060020004800400A
:10096000000C0040700000200000000000802140CA
:1009700008F066FF41EC180B08F0E2FF0290DDE999
:100980000121881A002801DB014600E041420529C7
:1009900000DA641C02980190022CAFDB02984042FE
:1009A00003B0BDEC048B30BD30B52DED048B83B0AE
:1009B0004FF0804006F05AF8FE49096840EA0145C8
:1009C000284608F0ACFF41EC190B1FED190B53EC56
:1009D000102B08F035FF41EC180B08F0B1FF019027
:1009E000002424E04FF0804006F040F8F149096807
:1009F00040EA0145284608F092FF41EC190B1FED33
:100A0000260B53EC102B08F01BFF41EC180B08F0E1
:100A100097FF0290DDE90121881A002801DB0146D9
:100A200000E04142052900DA641C02980190022C82
:100A3000D8DB0298404203B0BDEC048B30BD30B52A
:100A40002DED048B83B0DC4806F010F8DB49096813
:100A500040EA0145284608F062FF41EC190B1FED02
:100A60003E0B53EC102B08F0EBFE41EC180B08F09A
:100A700067FF0190002423E0CF4805F0F7FFCF493E
:100A8000096840EA0145284608F049FF41EC190B86
:100A90001FED4B0B53EC102B08F0D2FE41EC180B62
:100AA00008F04EFF0290DDE90121881A002801DBE1
:100AB000014600E04142052900DA641C02980190D9
:100AC000022CD9DB0298404203B0BDEC048B30BD50
:100AD00030B52DED048B83B0B94805F0C7FFB94997
:100AE000096840EA0145284608F019FF41EC190B56
:100AF0001FED630B53EC102B08F0A2FE41EC180B1A
:100B000008F01EFF0190002423E0AD4805F0AEFF81
:100B1000AC49096840EA0145284608F000FF41EC6D
:100B2000190B1FED6F0B53EC102B08F089FE41ECF5
:100B3000180B08F005FF0290DDE90121881A002852
:100B400001DB014600E04142052900DA641C0298FD
:100B50000190022CD9DB0298404203B0BDEC048B1B
:100B600030BD30B52DED048B83B0974805F07EFF86
:100B70009649096840EA0145284608F0D0FE41EC54
:100B8000190B9FED930B53EC102B08F059FE41EC21
:100B9000180B08F0D5FE0190002423E08A4805F0E8
:100BA00065FF8A49096840EA0145284608F0B7FE12
:100BB00041EC190B9FED860B53EC102B08F040FE17
:100BC00041EC180B08F0BCFE0290DDE90121881A07
:100BD000002801DB014600E04142322900DA641CB2
:100BE00002980190022CD9DB029803B0BDEC048B73
:100BF00030BD01B581B000200090019800EBC0002D
:100C00004000009002E00098401E009000980028EC
:100C1000F9D10CBD01B581B00020009044F25061C3
:100C200001984843009002E00098401E0090009810
:100C30000028F9D10CBD1CB501211F2005F04AF890
:100C40004FF6FF70009001208DF8040000208DF811
:100C5000060001208DF8070003208DF80500694685
:100C60005D4804F0F1FD4FF6FF70009001208DF813
:100C7000040000208DF8060001208DF807000320F5
:100C80008DF805006946554804F0DEFD4FF6FF700B
:100C9000009001208DF8040000208DF8060001204E
:100CA0008DF8070003208DF8050069464C4804F0D4
:100CB000CBFD1CBD1CB501217E2005F00BF8C0202A
:100CC000009000208DF8040001208DF8070002201C
:100CD0008DF805006946434804F0B6FD06200090F3
:100CE00000208DF8040001208DF8070002208DF807
:100CF00005006946384804F0A7FD04200090002054
:100D00008DF8040001208DF8070002208DF8050001
:100D10006946324804F098FD1CBD1FB54FF4E060F1
:100D200004F0B4FC36208DF8000000208DF801009E
:100D30008DF8020001208DF80300684604F0ABFC3A
:100D40000121102004F0F9FF3220ADF8040040F238
:100D5000E73002900020ADF80C00ADF8060001A9C4
:100D6000214805F036FE01211F4806F0FBFA01225A
:100D700011461D4806F0CEFA00211B4805F072FE10
:100D80000121194805F0AEFE1FBD1FB54FF4E0600C
:100D900004F07CFC37208DF8000000208DF8010065
:100DA0008DF8020001208DF80300684604F073FC02
:100DB00001211BE0680000200008004080000020A6
:100DC000000400406C00002000000140640000208E
:100DD0006666666666A64E40000402400008024051
:100DE000000C02400000024000100040202004F0EF
:100DF000A4FF3220ADF8040040F2E730029000205A
:100E0000ADF80C00ADF8060001A9FE4805F0E1FDC3
:100E10000121FC4806F0A6FA01221146F94806F025
:100E200079FA0021F74805F01DFE0121F54805F08B
:100E300059FE1FBD00B58BB00121022004F08EFFCA
:100E400001210C2004F046FF03220621EE4804F0A5
:100E500086FD03220721EC4804F081FD03220821CE
:100E6000E94804F07CFD03220921E74804F077FDFE
:100E70004FF47070069002208DF81C0003208DF84E
:100E80001D0000208DF81E0001208DF81F0006A90E
:100E9000DD4804F0D9FCA420ADF8200040F6B830BD
:100EA00009904FF48070ADF828000020ADF82200C2
:100EB00008A9D64805F08DFD6020ADF8040001209A
:100EC000ADF8060000200390ADF810000121CF48D6
:100ED00005F008FE0021CD4805F0C4FD01A9CB486E
:100EE00005F00CFE01A9C94805F041FE01A9C7485B
:100EF00005F08AFE01A9C54805F0ECFE0121C348B2
:100F000006F0E1F90BB000BD00B58BB0012108205F
:100F100004F013FF0121084604F0DCFE0222002148
:100F2000BB4804F01CFD02220121B94804F017FD62
:100F300002221146B64804F012FD02220321B448F1
:100F400004F00DFD0F20069002208DF81C000320F8
:100F50008DF81D0000208DF81E0001208DF81F0067
:100F600006A9AB4804F070FCBA20ADF8200042F2AC
:100F7000107009900020ADF82800ADF8220008A9F3
:100F8000A44805F026FD6020ADF804000120ADF86E
:100F9000060000200390ADF8100001219D4805F0E7
:100FA000A1FD00219B4805F05DFD01A9994805F0D0
:100FB000A5FD01A9974805F0DAFD01A9954805F0BE
:100FC00023FE01A9934805F085FE0121914806F012
:100FD0007AF90BB000BD00B58BB00121042004F0FC
:100FE000ACFE01210D2004F075FE02220C218A487E
:100FF00004F0B5FC02220D21874804F0B0FC022267
:101000000E21854804F0ABFC02220F21824804F037
:10101000A6FC4FF47040069002208DF81C000320BF
:101020008DF81D0000208DF81E0001208DF81F0096
:1010300006A9794804F008FCA420ADF8200040F689
:10104000B83009904FF48070ADF828000020ADF85A
:10105000220008A9714805F0BCFC6020ADF804002E
:101060000120ADF8060000200390ADF8100001212A
:101070006A4805F037FD0021684805F0F3FC01A936
:10108000664805F03BFD01A9644805F070FD01A923
:10109000624805F0B9FD01A9604805F01BFE0BB0E0
:1010A00000BD00B589B00121080404F057FE0121FC
:1010B000084604F00FFE03221146554804F04FFC89
:1010C00003220221524804F04AFC0C200190022025
:1010D0008DF8080003208DF8090000208DF80A0023
:1010E00001208DF80B0001A9494804F0ADFB002058
:1010F000ADF818004FF6FF7007900020ADF8200003
:10110000ADF81A0006A9464805F063FC0420ADF8C6
:101110000C000020ADF80E00C820ADF8140001202E
:10112000ADF8100003A93E4806F02AF800231A463D
:1011300003213C4806F0C1F901213A4806F012F9B2
:1011400001221146374806F0E5F80121344805F040
:10115000C9FC0021334805F085FC09B000BD00B58D
:1011600089B00121084604F0E8FD0121022004F0C5
:10117000E4FD0121032004F0ADFD01220F212448EC
:1011800004F0EDFB01220321274804F0E8FB0222D2
:101190000421254804F0E3FB02220521224804F043
:1011A000DEFB3820019002208DF8080003208DF826
:1011B000090000208DF80A0001208DF80B0001A91C
:1011C000194804F041FB4FF40040019002208DF8D3
:1011D000080003208DF8090000208DF80A00012086
:1011E0008DF80B0001A90A4804F02EFB0020ADF891
:1011F00018004FF6FF7007900020ADF82000ADF802
:101200001A0013E0001400400008024000040140EE
:1012100000000240000C0040000C024000080040AA
:1012200000000140004001400004024006A94FF0C8
:10123000804005F0CEFB06A9FE4805F0CAFB04205D
:10124000ADF80C000220ADF80E001420ADF814002B
:101250000120ADF8100003A9800705F091FF03A954
:10126000F44805F08DFF02231A460321580706F0C3
:1012700024F902231A460321EE4806F01EF9012143
:10128000880706F06FF80121EA4806F06BF80122A2
:101290001146900706F03EF801221146E54806F097
:1012A00039F80121880705F01DFC0121E14805F00E
:1012B00019FC00214FF0804005F0D4FB0021DD48EF
:1012C00005F0D0FB4FF4C06004F0E0F91D208DF86C
:1012D000000003208DF8010000208DF8020001209D
:1012E0008DF80300684604F0D6F91C208DF8000044
:1012F00004208DF8010000208DF8020001208DF8F7
:101300000300684604F0C7F909B000BD00B589B014
:101310000121084604F022FD0121102004F0DAFC2E
:101320004FF42060019002208DF8080003208DF812
:10133000090000208DF80A0001208DF80B0001A99A
:10134000BD4804F081FA01220921BB4804F007FBE3
:1013500001220B21B84804F002FB0020ADF8180070
:101360004FF6FF7007900020ADF82000ADF81A008E
:1013700006A9B24805F02DFB0420ADF80C000020B2
:10138000ADF80E000A20ADF814000120ADF81000F1
:1013900003A9AA4805F0F4FE00231A460321A74832
:1013A00006F08BF80121A54805F0DCFF012211466B
:1013B000A24805F0AFFF0121A04805F0D3FF0122AC
:1013C00011469E4805F0A6FF01219C4805F08AFBC6
:1013D00000219A4805F046FB4FF4C06004F056F92E
:1013E00019208DF8000001208DF8010000208DF8F3
:1013F000020001208DF80300684604F04CF909B0A2
:1014000000BD00B589B00121042004F096FC012143
:10141000082004F05FFC4FF44050019002208DF84A
:10142000080003208DF8090000208DF80A00012033
:101430008DF80B0001A9824804F006FA0020ADF8EF
:1014400018004FF6FF7007900020ADF82000ADF8AF
:101450001A0006A97B4805F0BCFA02220C21784844
:1014600004F07DFA02220D21754804F078FA042078
:10147000ADF80C000220ADF80E00C820ADF8140045
:101480000120ADF8100003A96E4805F079FE022393
:101490001A4603216B4806F010F80121694805F04F
:1014A00061FF01221146674805F034FF01216548BC
:1014B00005F018FB0021634805F0D4FA00206149CB
:1014C0001431088001205F4908804FF4C06004F0A7
:1014D000DDF81E208DF8000004208DF801000020AA
:1014E0008DF8020001208DF80300684604F0D3F85F
:1014F00009B000BD00B589B00121082004F01DFC31
:101500000121084604F0E6FB0320019002208DF83B
:10151000080003208DF8090000208DF80A00012042
:101520008DF80B0001A9484804F08EF90020ADF8B1
:1015300018004FF6FF7007900020ADF82000ADF8BE
:101540001A0006A9414805F044FA022200213E484B
:1015500004F005FA022201213B4804F000FA0420BD
:10156000ADF80C000220ADF80E00C820ADF8140054
:101570000120ADF8100003A9344805F001FE022354
:101580001A460321314805F098FF01212F4805F044
:10159000E9FE012211462D4805F0BCFE01212B4831
:1015A00005F0A0FA0021294805F05CFA002027493F
:1015B000143108800120254908804FF4C06004F0F0
:1015C00065F832208DF8000004208DF8010000201D
:1015D0008DF8020001208DF80300684604F05BF8E6
:1015E00009B000BD00B59BB00121194804F072FBA1
:1015F0000121080204F0B2FB00200290154803907C
:1016000015480490002005900820069000200790BF
:101610004FF4806008904000099080000A904011CB
:101620000B9040020C9000200D9001200E900020A5
:101630000F9013E000040040001002400000014041
:10164000000C02400008004000000240000C004076
:10165000050040004C20014000060020109002A927
:10166000FE4804F049FF0121FC4804F07FFF3C20C4
:10167000009003208DF8040000208DF807006946D3
:10168000F74804F0E1F83C20009003208DF80400B6
:1016900000208DF807006946F24804F0D5F80020D4
:1016A000119012901390149011A804F08BFC4FF03D
:1016B0008070159001208DF858008DF85900002099
:1016C00017901890199008208DF8680015A9E64821
:1016D00004F049FC002301220221E34804F0C9FC84
:1016E000002302220321E04804F0C3FC002303226C
:1016F0000421DD4804F0BDFC002304220521DA4862
:1017000004F0B7FC002305220C21D74804F0B1FCFB
:10171000002306220D21D44804F0ABFC002307224D
:101720000E21D14804F0A5FC002308220F21CE4849
:1017300004F09FFC0121CC4804F046FD0121CA4879
:1017400004F037FD0121C84804F053FCC64804F0FA
:10175000ECFC1BB000BD08B54FF4E06003F096FF51
:1017600025208DF8000000208DF801008DF8020082
:1017700001208DF80300684603F08DFF08BD10B509
:1017800096B004460121102004F0E8FA0121084631
:1017900004F0A0FA0121880504F09CFA4FF4C0601F
:1017A000009002208DF8040000208DF806008DF8CE
:1017B000070002208DF805006946A94804F044F8A6
:1017C00007220921A64804F0CAF807220A21A448E2
:1017D00004F0C5F802940020ADF80C00ADF80E003E
:1017E000ADF81000ADF814000C20ADF8120002A9FD
:1017F0009E4805F0E1FE01219C4805F065FF4FF48D
:10180000A06003F043FF3A208DF8180000208DF807
:1018100019008DF81A0001208DF81B0006A803F0AE
:101820003AFF8E48303004F0C5FD4FF0006007905D
:1018300000200A908E4809900A200B908B48001DCA
:10184000089000200C904FF480600D9000200E90C6
:101850000F904FF48070109040021190042012906D
:101860000320139000201490159007A97B48303076
:1018700004F042FE012240217C4805F0D2FF012203
:1018800010217648303004F0FEFE012173483030DC
:1018900004F06CFE16B010BD10B596B004460121E0
:1018A000480504F017FA0121480404F046FA012122
:1018B000082004F00FFA6020009002208DF8040048
:1018C00000208DF806008DF8070002208DF8050035
:1018D0006946684803F0B8FF07220521654804F00F
:1018E0003EF807220621634804F039F802940020EC
:1018F000ADF80C00ADF80E00ADF81000ADF8140016
:101900000C20ADF8120002A95B4805F055FE01213C
:10191000594805F0D9FE4FF4A06003F0B7FE11203E
:101920008DF8180000208DF819008DF81A0001209C
:101930008DF81B0006A803F0AEFE504804F03AFDF7
:101940004FF00060079040200A904D4809904620D3
:101950000B904948001D089000200C904FF48060C7
:101960000D9000200E900F904FF480701090400268
:1019700011900420129003201390002014901590D1
:1019800007A93E4804F0B8FD012280213A4805F03D
:1019900048FF01228021384805F043FF0122102131
:1019A000364804F070FE0121344804F0DFFD16B023
:1019B00010BD10B596B004460121880404F0BDF9AD
:1019C0000121082004F086F90121480504F082F97C
:1019D0004FF44070009002208DF8040000208DF834
:1019E00006008DF8070002208DF8050069462148A1
:1019F00003F02AFF072208211E4803F0B0FF072248
:101A000009211C4803F0ABFF02940020ADF80C0044
:101A1000ADF80E00ADF81000ADF814000C20ADF8D4
:101A2000120002A9174805F0C7FD0121154805F06D
:101A30004BFE4FF4A06003F029FE0C208DF8180037
:101A400000208DF819008DF81A0001208DF81B0078
:101A500006A803F020FE0948783815E0106402401B
:101A60000000024000080240002001400010014038
:101A700010060020000C024000440040A06002401C
:101A8000040000200048004004F094FC4FF0006087
:101A9000079000200A90FE4809900A200B90FD480C
:101AA000089000200C904FF480600D9000200E9064
:101AB0000F904FF48070109040021190042012900B
:101AC0000320139000201490159007A9F24804F009
:101AD00013FD01224021EF48001F05F0A2FE012264
:101AE0004021EC48001F05F09CFE01221021EA482D
:101AF00004F0C9FD0121E84804F038FD16B010BD1E
:101B000010B596B004460121C80404F016F901216D
:101B1000084604F0DFF80121480504F0DBF8032053
:101B2000009002208DF8040000208DF806008DF84A
:101B3000070002208DF805006946D84803F084FEAE
:101B400008220021D54803F00AFF08220121D348CA
:101B500003F005FF02940020ADF80C00ADF80E0074
:101B6000ADF81000ADF814000C20ADF8120002A979
:101B7000CB4805F021FD0121C94805F0A5FD4FF432
:101B8000A06003F083FD0D208DF8180000208DF873
:101B900019008DF81A0001208DF81B0006A803F02B
:101BA0007AFDBD48183004F005FC4FF00060079046
:101BB00000200A90BB48099008200B90B848001DEF
:101BC000089000200C904FF480600D9000200E9043
:101BD0000F904FF4807010904002119004201290EA
:101BE0000320139000201490159007A9AA481830DC
:101BF00004F082FC01224021A94805F012FE0122D6
:101C00004021A74805F00DFE01221021A2481830FE
:101C100004F039FD0121A048183004F0A7FC16B0EB
:101C200010BD10B596B004460121480504F052F8E5
:101C30000121080504F081F801210C2004F04AF884
:101C40000420009002208DF8040000208DF806008A
:101C50008DF8070002208DF805006946924803F0D0
:101C6000F3FD4FF48050009002208DF80400002016
:101C70008DF806008DF8070002208DF805006946F2
:101C80008A4803F0E1FD08220221874803F067FE3D
:101C900008220C21854803F062FE4FF4A06003F097
:101CA000F5FC2F208DF8180005208DF819008DF80F
:101CB0001A0001208DF81B0006A803F0ECFC02942A
:101CC0000020ADF80C00ADF80E00ADF81000ADF836
:101CD00014000C20ADF8120002A9754805F06CFC48
:101CE0000121734805F0F0FC6B48903004F062FB72
:101CF0004FF00060079040200A906E4809909620AF
:101D00000B906B48001D089000200C904FF48060F1
:101D10000D9000200E900F9010904FF40030119015
:101D2000002012900320139000201490159007A912
:101D30005948903004F0E0FB012280215C4805F016
:101D400070FD012210215448903004F09CFC0121C8
:101D50005148903004F00AFC16B010BD10B596B092
:101D600004460121202003F0F9FF0121042003F0A3
:101D7000B1FF0121880503F0ADFFC02000900220D3
:101D80008DF8040000208DF806008DF80700022071
:101D90008DF805006946454803F056FD08220621E6
:101DA000424803F0DCFD08220721404803F0D7FD3C
:101DB00002940020ADF80C00ADF80E00ADF8100054
:101DC000ADF814000C20ADF8120002A93A4805F055
:101DD000F3FB0121384805F077FC4FF4A06003F0D5
:101DE00055FC39208DF8180003208DF819000120CA
:101DF0008DF81A008DF81B0006A803F04CFC2F4844
:101E000004F0D8FA4FF02060079000200A902C4888
:101E1000099010200B902848001D089000200C907D
:101E20004FF480600D9000200E900F904FF4807062
:101E30001090400211900420129003201390002073
:101E40001490159007A91D4804F056FB012240216B
:101E5000194805F0E6FC01221021184804F013FC93
:101E60000121164804F082FB16B010BD0EB500200B
:101E70000290019000901248007802284AD1104840
:101E8000407801900E48C0780D4989781AE000002A
:101E90004C06002004480040286002400000024038
:101EA000004C00401F060020000C024000080240C9
:101EB000005000406A0500200014014028640240E0
:101EC0005B06002040EA01200090FE490978FD4AA7
:101ED00052781144FB4A92781144FA4AD278881811
:101EE000C11700EB11610912A0EB0121C9B20291E7
:101EF000F44800799DF8081088420BD1F1484079E8
:101F0000032807D19DF80400EF490870BDF80000D0
:101F1000EE4908800EBD00B585B00121082003F010
:101F2000D9FE0121880303F019FF00208DF810006D
:101F300001208DF813000C20039003A9E44803F05E
:101F400083FC0221032005F005FD04200090002001
:101F50008DF8040010208DF8050001208DF8060092
:101F6000684604F009FC08208DF8080000208DF870
:101F700009008DF80A0001208DF80B0002A803F07B
:101F80008AFB05B000BD70B504460D46012C0BD18F
:101F90002946D04805F0C3FB00BF4021CD4805F0DD
:101FA0006EFC0028F9D028E0032C0BD12946CA4842
:101FB00005F0B5FB00BF4021C74805F060FC0028D4
:101FC000F9D01AE0042C0BD12946C44805F0A7FB30
:101FD00000BF4021C14805F052FC0028F9D00CE0B8
:101FE000052C0AD12946BE4805F099FB00BF4021C7
:101FF000BB4805F044FC0028F9D070BD0020B94969
:102000004862B9490860B9490860B9490860704731
:102010000020B4494862B44908604FF080414862EA
:10202000B4490860B4490860B4490860AF49086021
:10203000AF490860B2490860B249086070470020A3
:102040004FF080414862AB49086070470020AA49C0
:102050000860AA490860704710B50020AA490870B6
:10206000002407E061210120FFF78DFF3220FEF7F9
:10207000D1FD641C022CF5D30120A34908707A20FD
:10208000A249087010BD10B50020A14908700024B5
:1020900007E061210320FFF776FF3220FEF7BAFD4B
:1020A000641C022CF5D30120994908707A209949C3
:1020B000087010BD2DE9F14FAEB097A02D90002013
:1020C0002C908DF888008DF860002E98122831D25F
:1020D000DFE800F009313A41484F565F68717A8174
:1020E000888F969DA4F60221944803F00FFC88B1D6
:1020F00000224FF40041924803F026FC4FF40041C7
:102100008F4803F010FC0446002221468DA0FEF704
:1021100097FA0FE00122D103894803F015FC4FF430
:102120000041874803F0FFFB0446002221468DA0B2
:10213000FEF786FA40E201229248B0F900004142DF
:1021400091A0FEF77DFA37E202229148016891A042
:10215000FEF776FA30E203229148016891A0FEF77B
:102160006FFA29E204229348016893A0FEF768FA07
:1021700022E205229348016893A0FEF761FA1BE270
:10218000FEF79FFB04460622214693A0FEF758FA6D
:1021900012E2FEF709FC04460722214691A0FEF751
:1021A0004FFA09E2FEF74BFC04460822214690A0B4
:1021B000FEF746FA00E2FEF78BFC044609222146B0
:1021C0008EA0FEF73DFAF7E10A228F4801688FA042
:1021D000FEF736FAF0E10B229048016890A0FEF776
:1021E0002FFAE9E10C229248016892A0FEF728FA42
:1021F000E2E10D223448017891A0FEF721FADBE1FB
:102200000E223248018891A0FEF71AFAD4E10F227B
:102210009048016890A0FEF713FACDE101219248A1
:1022200003F074FB4FF400511790454803F06EFB28
:10223000044602218C4803F069FB05464FF48041B7
:102240003F4803F063FB06460421874803F05EFB2A
:102250004FF400411690844803F058FB07460821CC
:10226000814803F053FB80464FF480417E4803F0E1
:102270004DFB814610217C4803F048FB4FF4005190
:102280001590794803F042FB82460821104803F07C
:102290003DFB4FF480511490734803F037FB10213D
:1022A00013900B4803F032FB4FF4806112906E489C
:1022B00003F02CFB834680216B4803F027FBD5E01D
:1022C000FDE000005B0600205F01002060010020AF
:1022D000000C02400010014000480040004C00404B
:1022E000005000400000014064000020240800402D
:1022F0008000002068000020240400406C000020C2
:10230000240C00407000002089000020880000207C
:102310008B0000208A0000203131313131313131E0
:10232000313131313131313131313131313130319E
:1023300031313131313131310000000000040240CF
:1023400000080240524F424F5420322044414E4731
:1023500020434841592053414E2058414E483A208D
:1023600020200000524F424F5420322044414E471B
:1023700020434841592053414E20444F3A202020C9
:102380000000000084000020494D553A0000000084
:10239000A800002042545F4E414E475F48413A003A
:1023A000AC00002042545F4D414D5F584F415920D1
:1023B0003A000000000300204C75632042616E3A31
:1023C00020000000940000204769615F7472695F1B
:1023D0006C617A6572200000454E434F4445525F60
:1023E000464C2000454E434F4445525F4652200024
:1023F000454E434F4445525F524C2000454E434F9B
:102400004445525F52522000A400002042545F4EC7
:10241000414E475F4E4F4E473A000000F402002005
:1024200046696E616C5F666F726365203A000000FA
:10243000FC020020666F7263655F4C3A000000008A
:102440004F6666736574203A000000004469737437
:10245000633A000004030020466F7263655F747284
:1024600061636B3A00000000001002404FF480717D
:102470001190F84803F04AFA10901798CDE90B65CF
:10248000CDE90D401698CDE90798CDE90970DDE951
:1024900013121598CDE9042A03910690DDE9110184
:1024A000CDE901B10090ECA2282122A8109B07F0F1
:1024B0005DFC102222A9F1A0FEF715F97CE0802135
:1024C000EF4803F030FA04460121ED4803F02BFAFF
:1024D00005464021EA4803F026FA06464FF400413B
:1024E000E84803F020FA07464FF48051E64803F02D
:1024F0001AFA80464FF48061E14803F014FA8146ED
:102500004FF40061E04803F00EFA4FF400611790B9
:10251000DB4803F008FA82464FF48061D94803F0A3
:1025200002FA83464FF48051D54803F0FCF94FF48A
:1025300000611690D34803F0F6F94FF4005115905E
:10254000CF4803F0F0F94FF480411490CD4803F0E8
:10255000EAF94FF480411390C94803F0E4F94FF4CD
:1025600080711290C84803F0DEF94FF400411190D9
:10257000C34803F0D8F9CDE90B76CDE90D5410909E
:102580001798CDE907A0CDE9099814A807C803ABAF
:10259000A3E80708DDE911121398CDE900120290B3
:1025A000ADA2282122A8109B07F0E0FB112222A94E
:1025B000B6A0FEF798F800BF00BF2FB0BDE8F08FBF
:1025C00010B50121B34803F0D1FF10BD01B5B248E9
:1025D00000680099884203DD0020AF49086004E0EC
:1025E000AD480068401CAC490860AB480068FFF784
:1025F00061FD08BD10B5FEF722FAA8490860FEF794
:1026000067FAA7490860FEF75CF9A6490860FEF77B
:10261000CBF9A549086010BD2DE9F0412DED088BDF
:1026200006460F46304607F07AF941EC190B9FED4C
:102630009F1BB0EE490AF0EE690A07F09BFEB0EE70
:10264000408AF0EE608A51EC180B07F079F90446E5
:10265000002C02DBA4F5E16401E004F5E1643846F6
:1026600007F05DF941EC1B0B9FED901BB0EE4B0AA0
:10267000F0EE6B0A07F07EFEB0EE409AF0EE609A44
:10268000304607F04CF941EC1B0B9FED881BB0EE78
:102690004B0AF0EE6B0A07F06DFEB0EE40AAF0EECA
:1026A00060AA53EC192B51EC1A0B07F051F841ECCE
:1026B000180B07F045F905462846211E01DB0A469E
:1026C00000E04A42002801DB034600E043429A4210
:1026D00005DA25464FF0FF307649086003E03546BD
:1026E0000120744908602846BDEC088BBDE8F081E4
:1026F0000146FA2901DDFA2102E0032900DA02216C
:10270000C8B2704730B505460C4625B96A4800780E
:102710006A49C87716E06A4890ED000AB5EEC00A2B
:10272000F1EE10FA07DD2846FFF7E2FF6349C877AC
:102730000120887706E06842FFF7DAFF5F49C87733
:102740000020887724B95C4800785C49C87516E099
:102750005C4890ED000AB5EEC00AF1EE10FA07DD14
:102760002046FFF7C5FF5549C8750020887506E06B
:102770006042FFF7BDFF5149C8750120887522B935
:102780004D4800784D49C87116E04F4890ED000A59
:10279000B5EEC00AF1EE10FA07DD1046FFF7A8FF0C
:1027A0004649C8710020887106E05042FFF7A0FF3B
:1027B0004249C8710120887123B93F4800783F49D8
:1027C000C87316E0414890ED000AB5EEC00AF1EE7C
:1027D00010FA07DD1846FFF78BFF3849C873002051
:1027E000887306E05842FFF783FF3449C87301201D
:1027F000887330BD10B5364C2060364C2160364CA5
:102800002260364C236010BD2C4AD077D075D07131
:10281000D07370472948C07F03280DDA2748C07D50
:10282000032809DA2548C079032805DA2348C07B44
:10283000032801DA012070470020FCE70120284925
:10284000086070472748006847F2305188424BD0F3
:10285000012070470010024025642564256425642A
:102860002564256425642564256425642564256420
:10287000256425642564256400000000493A0000B1
:1028800000040240000C0240000002404F55543A40
:1028900000000000A06002407C00002050030020E7
:1028A00054030020580300205C03002000000000B7
:1028B0000020AC4054020020A801002004000020A9
:1028C00014020020180200201C0200202002002018
:1028D0003C02002040020020340200203802002088
:1028E00090020020D40100200020704710B5FFF7AF
:1028F000B3FB10BDFE48B0F9000040427047B5EE92
:10290000C00AF1EE10FA09D2FA48D0ED000A70EED2
:10291000600AFDEEE00A10EE900A7047F548D0ED2F
:10292000000A70EE200AFDEEE00A10EE900AF4E7CD
:1029300010B52DED0A8B044624B99FEDEF0ABDECCE
:102940000A8B10BD002C25DAEC48006806F0E7FF82
:1029500041EC190B204606F0E2FF41EC1C0B9FED09
:10296000E80B53EC102B06F0F9FE41EC1B0B9FED2E
:10297000E40B53EC102B06F0EBFE41EC1A0B53EC7E
:10298000192B06F05DFF41EC180B07F023F800EE61
:10299000100AD4E7D948006806F0C1FF41EC190BD2
:1029A000204606F0BCFF41EC1C0B9FEDD50B53EC11
:1029B000102B06F0D3FE41EC1B0B9FEDD10B53EC1B
:1029C000102B06F024FE41EC1A0B53EC192B06F0E9
:1029D00037FF41EC180B06F0FDFF00EE100AAEE7E2
:1029E000F0EE400AF5EEC00AF1EE10FA02DBB0EEAE
:1029F000600A7047B1EE600AFBE70146002901DB7F
:102A0000084670474842FCE70146BF48D0ED000A3F
:102A1000F1EE600ABD48D0ED001A80EEA11A00EE7A
:102A2000901AF8EEE01AB848D0ED000A41EE210AFB
:102A3000B0EE600AFDEEC00A10EE900A7047B0EEEC
:102A4000402ADFEDB32AB0EE620AB5EEC02AF1EEFD
:102A500010FA03D2F1EE422AB0EE622AF5EEC00A75
:102A6000F1EE10FA03D2F1EE602AF0EE620AB5EE52
:102A7000C01AF1EE10FA03D2F1EE412AB0EE621A5A
:102A8000F5EEC01AF1EE10FA03D2F1EE612AF0EE83
:102A9000621AB4EEC02AF1EE10FA01DDB0EE420A7D
:102AA000F4EEC00AF1EE10FA01DDB0EE600AB4EE09
:102AB000C01AF1EE10FA01DDB0EE410AF4EEC01AD0
:102AC000F1EE10FA01DDB0EE610A70478B48006844
:102AD000704790480068704710B52DED048BF0EEFC
:102AE000408AB0EE608A8C48D0ED000A8B4890EDA9
:102AF000000A07F0C1FCB0EE409A08F0F4F8BDEE11
:102B0000C00A10EE104A864880ED008A854880EDA4
:102B1000008AB0EE680A07F0E1FFF0EE000A20EE4E
:102B2000200A814880ED000AB0EE680A07F086FAB4
:102B3000F0EE000A20EE200A7C4880ED000A90EDBD
:102B4000000AF2EE040A20EE200A794880ED000A1D
:102B5000B0EE680A07F0C2FFB0EE409AFFF7CFFE72
:102B600000EE100AB8EEC00A724880ED000A6E4806
:102B700090ED000A6A48D0ED000A30EE600A6E4817
:102B800080ED000A684890ED000A6548D0ED000A23
:102B900030EE200A694880ED000A644890ED000A92
:102BA0006048D0ED000A30EE600A654880ED000A0A
:102BB0005E4890ED000A5B48D0ED000A30EE200A36
:102BC000604880ED000A5E48D0ED000A5B4890ED59
:102BD000000A07F00BF9DFED5C0A20EE200A5B48E3
:102BE000D0ED000A80EE201A594880ED001A5948AD
:102BF0000168574890ED000ABDEEC00A10EE100AB9
:102C0000FFF70AFD00EE100AB8EEC00A504880ED4A
:102C1000000A514890ED000AB8EEC00A4F4880ED16
:102C2000000A4648D0ED000A60EEA00A444890ED44
:102C3000001AD0ED001A41EE210AB0EE600A08F049
:102C400052F84548D0ED000AF8EEE00A20EE200ADE
:102C5000434880ED000A3B48D0ED000A374890ED2C
:102C6000000A07F0C3F8DFED380A20EE200A3748E3
:102C7000D0ED000A80EE201A3A4880ED001A3A485A
:102C80000168384890ED000ABDEEC00A10EE100A47
:102C9000FFF7C2FC00EE100AB8EEC00A314880ED22
:102CA000000A2D4890ED000AB8EEC00A2F4880EDCA
:102CB000000A2248D0ED000A60EEA00A214890EDFB
:102CC000001AD0ED001A41EE210AB0EE600A08F0B9
:102CD0000AF82148D0ED000AF8EEE00A20EE200ABA
:102CE000234880ED000A1748D0ED000A124841E061
:102CF000840000206801002000000000C0010020C6
:102D00009A9999999999B93FA0010020A4010020AE
:102D10006F12833AF00100207C0200208002002024
:102D20007002002074020020580200205C02002083
:102D3000840200208802002060020020640200203B
:102D4000680200206C0200200000E144B401002071
:102D5000280200205C0300205402002018020020FA
:102D60000802002024020020580300201402002042
:102D70000402002090ED000A07F038F85FED0E0A1B
:102D800020EE200AFC48D0ED000A80EE201AFB4815
:102D900080ED001AFA480168F84890ED000ABDEE8F
:102DA000C00A10EE100AFFF737FC00EE100AB8EE6A
:102DB000C00AF24880ED000AF24890ED000AB8EE31
:102DC000C00AF14880ED000AF048D0ED000A60EE3C
:102DD000A00AEF4890ED001AD0ED001A41EE210A4A
:102DE000B0EE600A07F07FFFE648D0ED000AF8EE8B
:102DF000E00A20EE200AE74880ED000AE648D0ED20
:102E0000000AE24890ED000A06F0F0FF5FED320A9A
:102E100020EE200AD848D0ED000A80EE201ADF48C4
:102E200080ED001ADE480168DC4890ED000ABDEE36
:102E3000C00A10EE100AFFF7EFFB00EE100AB8EE22
:102E4000C00AD64880ED000ACE4890ED000AB8EEE0
:102E5000C00AD44880ED000ACC48D0ED000A60EEEC
:102E6000A00ACD4890ED001AD0ED001A41EE210ADB
:102E7000B0EE600A07F037FFC248D0ED000AF8EE66
:102E8000E00A20EE200AC84880ED000ABDEC048B61
:102E900010BD10B52DED028BB0EE408AC34800681E
:102EA00047F2305188421BD19FEDC10A28EE000A3B
:102EB000C04880ED000AD0ED000A1FED710AFFF74F
:102EC0000BFE1FED730AB84880ED000AB14880ED93
:102ED000000AB94880ED000AB84880ED000A21E0F8
:102EE000B7480068B7490968401AB0490968081A24
:102EF00000EE100AB8EEC00AB348D0ED000A20EE8A
:102F0000200AB248D0ED000AC0EE208AB04890ED09
:102F1000000AA84880ED000AD0ED000AB0EE680A69
:102F2000FFF7DAFDB5EEC08AF1EE10FA75D0A948C8
:102F30000068052870D2DFE800F00371879DB300B8
:102F4000A54890ED000AFAEE040AB4EEE00AF1EEAC
:102F500010FA08D390ED000AF2EE040AB4EEE00A8B
:102F6000F1EE10FA1CDD954890ED000A30EE080AEB
:102F700080ED000A904890ED000A30EE480A80ED9E
:102F8000000A844890ED000A30EE080A80ED000A3D
:102F9000854890ED000A30EE480A80ED000A3BE0DB
:102FA0008E4890ED000A8E48D0ED000A60EE200AAF
:102FB000824890ED000A00EE880A80ED000A8748FA
:102FC00090ED000A8748D0ED000A60EE200A7A48AA
:102FD00090ED000A00EE880A80ED000A7F4890ED2F
:102FE000000A6948D0ED000A60EE200A694890EDB9
:102FF000000A00EEC80A80ED000A784890ED000A49
:103000006848D0ED000A60EE200A674890ED000A9B
:1030100000EEC80A80ED000A58E058E0664890EDDE
:10302000000A30EE480A80ED000A5A4890ED000A86
:1030300030EE080A80ED000A5B4890ED000A30EEA1
:10304000480A80ED000A41E05C4890ED000A30EE4D
:10305000080A80ED000A4F4890ED000A30EE080A99
:1030600080ED000A504890ED000A30EE480A80EDED
:10307000000A2BE0514890ED000A30EE080A80ED7E
:10308000000A4D4890ED000A30EE480A80ED000A33
:10309000454890ED000A30EE480A80ED000A15E040
:1030A000464890ED000A30EE080A80ED000A4248DA
:1030B00090ED000A30EE480A80ED000A354890EDA8
:1030C000000A30EE080A80ED000A00BF00BF364853
:1030D000D0ED001A2F4890ED001A3748D0ED000AC5
:1030E000364890ED000AFFF7AAFC3F48D0ED000AF1
:1030F000F8EEE00A80EE801ABDEEC10A3B4880ED92
:10310000000A3B48006839490968884203DD3748AE
:10311000006837490860012036490860BDEC028B21
:1031200010BD10B5044600203349087033490860CB
:1031300033480460FCB900202D4908609FED310A36
:10314000314880ED000A47F23050184908602F4995
:1031500008609FED2C0A1E4880ED000A00201D49E2
:1031600008602B4908602B4908602B4908609FEDD7
:10317000250AFFF78EFE10BDB40100202C020020AE
:1031800050030020540200201C0200206002002096
:103190006C0200200C020020680200203002002097
:1031A000540300202002002010020020D40100203F
:1031B0000000E14378020020080200200402002001
:1031C000F8010020E0010020B00100208001002073
:1031D000E8010020BC0100208402002058020020E9
:1031E000140200201802002064010020C801002001
:1031F000C0010020B801002068030020C4010020A5
:10320000CC01002000000000EC010020D8010020CB
:10321000DC010020F00100209002002010B5002009
:10322000FE490870FE4890ED000AB5EEC00AF1EEC6
:1032300010FA05D1FB48006810B9FB48006890B14E
:103240001FED100AF64880ED000A0020F5490860DD
:10325000F5490860F5480068F5490860F04890EDC8
:10326000000AFFF716FE10BDF248C0ED000AF24852
:1032700080ED000A704770B52DED028B05460C46B7
:10328000B0EE408AED480068A8420BD1EC480068D7
:10329000A04207D1EB4890ED000AB4EE480AF1EEE7
:1032A00010FA18D0E6480460E748006810B9052015
:1032B000E5490860DD480068DD490860E14880EDC7
:1032C000008ADE4805600020E0490860D44890ED9F
:1032D000000AFFF7DEFDBDEC028B70BD70B52DED71
:1032E000028B0446B0EE408A0D46CF480068A042EB
:1032F0000BD1CB4890ED000AB4EE480AF1EE10FA7B
:1033000003D1C8480068A84237D0CC48006847F2CB
:103310003051884222D11E20C94908600A20CA497A
:10332000086047F23050844218DA0120C84908602A
:10333000B5EEC08AF1EE10FA03DDBC480068A04289
:1033400008DCB5EEC08AF1EE10FA07D2B748006883
:10335000A04203DAB1EE480AB0EE408AB2480460F7
:10336000B0480560AE4880ED008A0020B74908608B
:10337000AB4890ED000AFFF78CFDBDEC028B70BDF1
:1033800010B52DED028BB0EE408A04462146B0EE1A
:10339000480A47F23050FFF7A1FFBDEC028B10BD89
:1033A00070B504460D461FED690A29462046FFF711
:1033B00062FF70BD10B52DED088BF0EE408A04461B
:1033C000B0EE608AB0EE419AA24890ED000AB8EEE5
:1033D000C00AB4EE680AF1EE10FA0DD19848006800
:1033E000A04209D1904890ED000AB8EEC00AB4EEB0
:1033F000480AF1EE10FA5ED0BDEEE80A954880ED7D
:10340000000A8A4991ED000AB8EEC00A38EEC00AF7
:10341000BDEEC00A10EE100A1FED860A2146FFF726
:103420002AFF8248D0ED000AF8EEE00A78EE600A42
:10343000B0EE600AFFF7D4FADFED870AB4EEE00AD7
:10344000F1EE10FA14DD794890ED000AB8EEC00AEA
:10345000B4EEC08AF1EE10FA02DDB0EE490A01E0E6
:10346000B1EE490A10EE101A084606F088FA13E089
:103470006E4890ED000AB8EEC00A38EE400A10EE31
:10348000101A084606F07BFA41EC1B0B9FED730BFC
:1034900053EC102B06F062F941EC1A0B06F09AFA85
:1034A00009EE900A0021B0EE690AFDEEC80A10EE9E
:1034B000900AFFF713FFBDEC088B10BD10B56448F0
:1034C000006801283DDD58490968584A1268881A81
:1034D000FFF793FA0A280CDA5D4801680068401C7F
:1034E0005B4A1060B1F5FA7F2BDD0020FFF719FE73
:1034F00010BD57480068FA2808DD052050490860CB
:1035000051490860FB205249086004E005204C49FD
:1035100008604D4908604548006843490968884289
:1035200005DDBFEE000A3E4880ED000A04E0B7EE7C
:10353000000A3B4880ED000A394890ED000AFFF789
:10354000A8FC00BFD4E710B52DED028B3D4890EDEF
:10355000000AB5EEC00AF1EE10FA08D13A48006848
:1035600028B13148006847F23051884202DBBDEC97
:10357000028B10BD2A4890ED000AB5EEC00AF1EEAC
:1035800010FA75D02D48006847F23051884270D14A
:10359000234890ED000AB5EEC00AF1EE10FA08DDFE
:1035A000214800682F490968401A20490968884263
:1035B00010DB1B4890ED000AB5EEC00AF1EE10FAE0
:1035C0007DD21948006827490968084417490968E5
:1035D000884274DD1E480068052871DA12490968BE
:1035E000124A1268881AFFF708FA322842DA0E489F
:1035F00000681D49086000201349086010490860F0
:103600009FED1A0A064880ED000A02201049086062
:10361000034890ED000AFFF73CFCA8E76803002090
:10362000E8010020BC010020DC010020F80100209E
:10363000E0010020A0010020A4010020D40100200E
:10364000C4010020EC010020C0010020D0010020B6
:10365000F0010020D801002000004842FCA9F1D26E
:103660004D62403F9C010020F4010020000000005A
:10367000D9E076E0FD480068FD490968884236DDFA
:10368000FC4890ED000AB8EEC00AFB48D0ED000AF5
:1036900060EE200AF94890ED000AB8EEC00AC0EECC
:1036A000801AB0EE611AB0EE410AFFF799F9EF49BE
:1036B0000968EF4A1268881AFFF79FF901E04AE0AB
:1036C000B0E000EE900AB8EEE01AF1EE040A40EE27
:1036D000010AE84890ED000AB8EEC00A80EE801AB0
:1036E000B0EE418AB0EE480AFFF7D3FB9AE0E1481A
:1036F00090ED000AB8EEC00ADF48D0ED000A60EE97
:10370000200ADE4890ED000AB8EEC00AC0EE801A2A
:10371000B0EE611AB0EE410AFFF762F9D3490968C9
:10372000D34A1268881AFFF768F900EE900AB8EEDB
:10373000E01AF1EE040A50EE410ACE4890ED000A7C
:10374000B8EEC00A80EE801AB0EE418AB0EE480AA8
:10375000FFF79FFB66E0C84890ED000AFFF799FB72
:1037600060E0C54890ED000AB5EEC00AF1EE10FA2F
:103770001FDDBE4890ED000AB8EEC00ABD48D0ED8E
:10378000000AF8EEE00ABC4890ED001A00EEC10A0B
:10379000BB48D0ED000AF8EEE00A70EE600AB448CB
:1037A00090ED000AB8EEC00AF4EEC00AF1EE10FA8D
:1037B00027D3B14890ED000AB5EEC00AF1EE10FA39
:1037C0002BD2AA4890ED000AB8EEC00AA948D0ED65
:1037D000000AF8EEE00AA84890ED001A00EEC10ACF
:1037E000A748D0ED000AF8EEE00A70EE200AA048E3
:1037F00090ED000AB8EEC00AF4EEC00AF1EE10FA3D
:103800000BDD9A4909689A4A1268881AFFF790F8FE
:10381000B0EE408AFFF73DFB04E0974890ED000AC8
:10382000FFF737FBA3E697490968914A1268881A9F
:10383000FFF77EF8B0EE408AFFF72BFB00BF96E65D
:1038400000B591480068022815DA1FED780A8F4804
:1038500080ED000A1FED7B0A874880ED000A0020FA
:103860008B49086047F230508A4908608A490860ED
:1038700000207E49086089480068401C874908602C
:1038800087490968884204DA86480068FEF7BCFF69
:103890000EE083480068814908608348006820B1D1
:1038A00080480068FEF7B0FF02E00020FEF7ACFFA2
:1038B00000BD7A4A1268521C784B1A60824207DDBA
:1038C0006C4A12680A446B4B1A600022734B1A60F0
:1038D00070472DE9F041FFF70DF865490860FFF7E3
:1038E000EDFD72480068002821DD624800686F49DC
:1038F000096888422AD05F4800686C490968884294
:103900000EDA5C4800686A49096888421EDA59483C
:103910000068FFF779F804460121FFF7CAFF15E0B8
:103920004FF0FF3163480068FFF7C3FF0EE05148D6
:103930000068002806DD4FF0FF315F480068FFF7A0
:10394000B8FF03E0FFF77CFFBDE8F0815B4800684B
:1039500047490968884205D0FFF7F5FD44480068EB
:103960005649086056480068F0B34248D0ED000A56
:10397000F8EEE00A534890ED001A60EE810AB0EECE
:10398000600AFEF7BCFF04463A48D0ED000AF8EEA4
:10399000E00A4D4890ED001A60EE810AB0EE600A30
:1039A000FEF7ADFF05463348D0ED000AF8EEE00A19
:1039B000464890ED001A60EE810AB0EE600AFEF70C
:1039C0009EFF06462B48D0ED000AF8EEE00A40487C
:1039D00090ED001A60EE810AB0EE600AFEF78FFFEC
:1039E000074623462A4600E020E03146FEF78AFEDD
:1039F000384890ED000ABDEEC00A10EE103A364885
:103A000090ED000ABDEEC00A10EE102A334890ED8A
:103A1000000ABDEEC00A10EE101A314890ED000AFF
:103A2000BDEEC00A10EE100AFEF7E4FE00BF8BE701
:103A300010B52C48007800F08000B0B1322005F0BD
:103A400065F92848007800F0800070B126480068C9
:103A5000401C2549086008460068022801DD002056
:103A6000086000BF1F48007840E043E0DC01002010
:103A7000F8010020C0010020E80100209C01002086
:103A800098010020E0010020F0010020EC0100205E
:103A9000BC010020D4010020D8010020D00100206A
:103AA000AC010020A801002090020020C4010020E9
:103AB000C801002000020020CC010020FC010020F1
:103AC000B8010020100200200C0200200802002093
:103AD00004020020300200202C02002028020020D6
:103AE000240200204C0600202403002000F0800067
:103AF0000028B7D1FE480068012804D14FF40270B5
:103B0000FC49086037E0FA480068022833D1FA49D6
:103B100081F833000120F9490860F9480078F64936
:103B200081F82F0081F82B0081F82700002081F810
:103B3000260081F82A0081F82E0043F6982005F02F
:103B4000E5F80120EC4981F83600FA2081F83700C9
:103B500042F2107005F0DAF80020E74981F82F00F2
:103B600081F82B0081F82700E4490860E24981F8D8
:103B70003700DF49086010BD10B5E248407800F01A
:103B8000010000283CD0DF48007800F080000028C9
:103B900036D10220D84981F833004FF40270D5495C
:103BA00008600120D5490860D7480078D24981F8DB
:103BB0002F0081F82B0081F82700002081F82600D3
:103BC00081F82A0081F82E0043F6982005F09EF82F
:103BD0000120C94981F83600FA2081F8370042F205
:103BE000107005F093F80020C34981F82F0081F888
:103BF0002B0081F82700C1490860BF4981F83700D0
:103C000010BD01B5BF48407800F0100040B19DF8EC
:103C10000000B94981F83300002081F8320011E03A
:103C2000B848407800F0080040B19DF80000B24963
:103C300081F83300012081F8320003E00220AE4910
:103C400081F8330008BDAF48C07990B9AD484078DD
:103C500000F0200068B10020AC4908600120AC49A8
:103C600008600020AB4908604FF46B70AA490860F7
:103C70000FE0AA480068B0F56A7F0ADBA648006832
:103C8000B0F56B7F05D1A148006810B901209B49B0
:103C900008609C48C07970B99A48407800F00400E8
:103CA00048B132209C4908600120984908600020F2
:103CB0009249086010E09748006868B99648006823
:103CC000322809D1954800683C2805DA002090493F
:103CD000086001208F490860704710B540F241200C
:103CE0008449086006E0FCF7E3FD00B10CE0012028
:103CF00005F00CF88A480068B0F5117F04DB8848AD
:103D00000068B0F5147FEEDB00BF40F6B83004F079
:103D1000FDFF0220784981F83300BE2081F827009A
:103D20000A2081F82B00BE2081F82F00002081F8A6
:103D3000260081F82A0081F82E0043F6982004F02E
:103D4000E5FF01206C4981F83600FA2081F8370040
:103D500041F2883004F0DAFF0020674981F82F0033
:103D600081F82B0081F8270081F8370041F2883074
:103D700004F0CCFF0020604981F83600FA2081F879
:103D800037000F2081F82F0081F82B0081F82700E1
:103D9000012081F8260081F82A0081F82E000020F9
:103DA0006049086013E006E0FCF782FD00B108E01E
:103DB000012004F0ABFF02215B4801F0A7FD0128C0
:103DC000F2D000BF57480068401C5649086055486B
:103DD00000686428E7DB40F6B83004F097FF002065
:103DE000454981F82F0081F82B0081F827004FF416
:103DF00002704049086040F2FB104C49086010BD59
:103E000010B52DED0C8BF0EE408A9FED490AF0EED7
:103E1000409A9FED470AB0EE408A4648006805F098
:103E2000AEFD41EC1D0B9FED440B53EC102B05F048
:103E300095FC41EC1B0B18EE900A05F0A0FD41EC3F
:103E40001D0B9FED3F0B53EC102B05F087FC41EC55
:103E50001C0B53EC1B2B05F0DAFB41EC1A0B05F0A5
:103E6000B9FD34490860084690ED000A20EE000ACA
:103E700010EE101A084605F082FD41EC1B0BB0EE67
:103E80004B0AF0EE6B0A06F0F1FEB0EE40AAF0EE3F
:103E900060AA51EC1A0B05F09DFD09EE100A9FED8A
:103EA0002A0AC9EE000A9FED290A20EE800AB0EE28
:103EB000408A9FED270AB4EEC08AF1EE10FA04DDC5
:103EC0009FED230AB0EE408A0AE09FED220AB4EE8D
:103ED000C08AF1EE10FA03D29FED1E0AB0EE408ABE
:103EE000BDEEC80A1C4880ED000A0068044935E0B0
:103EF00024030020100100200400002010030020F3
:103F0000F40200204C060020040300201C030020C3
:103F1000140300201803002020010020A800002026
:103F2000A4000020C0020020001002400401002074
:103F3000000000002C030020CDCCCCCCCCCCEC3F3E
:103F40009A9999999999B93F0080C8430000EA422B
:103F500000007A4300004842FC0200200860F74855
:103F60000068312805D1B2EE040AF54880ED000A58
:103F700030E0F2480068322805D1B2EE040AF04879
:103F800080ED000A26E0ED480068332805D1B2EE46
:103F9000040AEB4880ED000A1CE0E8480068342879
:103FA00005D1B2EE040AE64880ED000A12E0E348CB
:103FB0000068332805D1B2EE040AE14880ED000A1A
:103FC00008E0DE480068342804D1B2EE040ADC4878
:103FD00080ED000AD9480068552808DBD7480068FA
:103FE000592804DC9FEDD70AD54880ED000AD34854
:103FF00000685A2808DBD14800685E2804DC9FED81
:10400000D20ACF4880ED000ACC4800685F2808DB60
:10401000CA480068612804DC9FEDCC0AC84880EDDE
:10402000000AC6480068622808DBC44800686728A0
:1040300004DC9FEDC70AC24880ED000ABF4890ED3E
:10404000000AB8EEC00ABE48D0ED000A20EE200AF1
:10405000F2EE040A80EE201ABDEEC10ABD4880EDE2
:10406000000ABDEC0C8B10BD10B52DED0C8BF0EEE5
:10407000408A1FED510AF0EE409A1FED530AB0EE50
:10408000408AB548006805F07AFC41EC1D0B1FED35
:10409000560B53EC102B05F061FB41EC1B0B18EE9B
:1040A000900A05F06CFC41EC1D0B1FED5B0B53EC13
:1040B000102B05F053FB41EC1C0B53EC1B2B05F0B4
:1040C000A6FA41EC1A0B05F085FCA34908600846E6
:1040D00090ED000A20EE000A10EE101A084605F0D6
:1040E0004EFC41EC1B0BB0EE4B0AF0EE6B0A06F0F7
:1040F000BDFDB0EE40AAF0EE60AA51EC1A0B05F03F
:1041000069FC09EE100A9FED950AC9EE000A9FEDC1
:10411000940A20EE800AB0EE408A1FED730AB4EED6
:10412000C08AF1EE10FA04DD1FED770AB0EE408A86
:104130000AE01FED780AB4EEC08AF1EE10FA03D25D
:104140001FED7C0AB0EE408ABDEEC80A854880EDBE
:10415000000A00688449086082480068322804D157
:10416000B2EE040A814880ED000A7E4890ED000A14
:10417000B8EEC00A7D48D0ED000A20EE200AF2EE2B
:10418000040A80EE201ABDEEC10A774880ED000ACD
:10419000BDEC0C8B10BD10B52DED0A8B04469FEDC8
:1041A000740AF0EE409AA4F1640000EE100AB8EE32
:1041B000C00AB0EEC00AF0EE408AB0EE080AF4EE93
:1041C000C08AF1EE10FA04D81FEDA70ABDEC0A8BE5
:1041D00010BDDFED670A68EEA00AB0EE600A06F0D7
:1041E0009FFDB0EE409AB2EE0C0AF4EEC08AF1EEFA
:1041F00010FA02D29FED5F8A19E019EE100A05F05D
:10420000BEFB41EC1C0B9FED5C0B53EC102B05F03F
:10421000A5FA41EC1B0B9FED5A0B53EC102B05F04C
:10422000F6F941EC1A0B05F0D5FB08EE100A18EE72
:10423000100A05F0A4FB41EC1A0B9FED530B53EC55
:10424000102B05F0AFFB03D29FED510AB0EE408A70
:10425000B0EE480ABAE710B52DED028B04462046B1
:10426000FFF799FFB0EE408A622C05DB662C03DC79
:104270000020FEF756FF0EE0612C05DA0020B1EEBB
:10428000480AFFF77DF806E0672C04DD0020B0EE59
:10429000480AFFF775F8BDEC028B10BD10B52DED87
:1042A000028B3C48C07801EE100AB8EE411ADFEDEF
:1042B0003A1A31EE611AF0EE410A3648807801EE82
:1042C000100AB8EE411ADFED341A31EE611AB0EE81
:1042D000410A05F08BFDF0EE408A3048D0ED000A2F
:1042E0009FED2F1A81EE200A20EE280AB0EE408AB8
:1042F000B5EEC08AF1EE10FA05D29FED2A0A38EE2B
:10430000000AB0EE408A2348C0787E2807D12148B1
:1043100080787F2803D19FED240AB0EE408A9FED7C
:10432000200AB4EEC08AF1EE10FA3FD8B2EE040AC9
:1043300028EE000AB0EE408A42E00000FC020020B5
:10434000F802002066661E41CDCC1C4100001C41D5
:1043500033331B41F40200203003002000401C4591
:104360000000A04208030020040300200C030020EA
:10437000D578693D2AC6993DC3F5285C8FC2B53F03
:10438000333333333333B33F7B14AE47E17AC43F27
:104390000AD7233E4C0600200000FF42E402002022
:1043A000000034430000B44300409C461FED030A64
:1043B00038EE400AF2EE040A20EE200AB0EE408AFF
:1043C0009FEDFD0A38EE400AFC4880ED000ABDEC86
:1043D000028B10BD10B5FA48407800F0800000282C
:1043E00039D00A20F74981F82F0081F82B0081F895
:1043F0002700012081F8260081F82A0081F82E008C
:1044000000240FE006E0FCF753FA00B108E00120B9
:1044100004F07CFC0221EC4801F078FA0128F2D08B
:1044200000BF641C642CEDDB40F6B83004F06EFC79
:104430000020E44981F83600FA2081F83700002096
:1044400081F82F0081F82B0081F827004FF40270CB
:10445000DE49086000BF10BDD948007800F00200B6
:1044600000285FD00020D74981F82F0081F82B0069
:1044700081F82700D64908600120D24981F836002A
:10448000002081F8370040F2FB10D249086008464E
:104490000068D1490968884203DACF480068CD49ED
:1044A0000860CC480068CD490968884203DDCB48E4
:1044B0000068C8490860CA490968C64A1268881A6B
:1044C000002801DB014600E04142032915DDC44814
:1044D0000068C0490968884207DD0020B94981F8B1
:1044E0003200142081F833000BE00120B54981F837
:1044F0003200142081F8330003E00220B14981F832
:104500003300B7480068B0F51B7F03DD0020AD49DC
:1045100081F83300B2480068FA2803DA0020A9497C
:1045200081F833007047AF4801680068401CAD4A0D
:104530001060642907D2AC484089AC490968084436
:10454000AA4908600BE0A94800686421B0FBF1F0BB
:10455000A74908600020A3490860A4490860A5484D
:1045600001680068401CA34A1060642907D29E4875
:104570000089A149096808449F4908600BE09E48EA
:1045800000686421B0FBF1F09C4908600020994963
:104590000860994908609A4801680068401C984A78
:1045A0001060642907D290488089964909680844B8
:1045B000944908600BE0934800686421B0FBF1F077
:1045C0009149086000208E4908608E4908608F4834
:1045D00001680068401C8D4A1060782907D2824823
:1045E000C0898B4909680844894908600BE08848FC
:1045F00000687821B0FBF1F086490860002083490B
:10460000086083490860844801680068401C824A49
:1046100010600A2907D27448C08880490968084494
:104620007E4908600BE07D4800680A21B0FBF1F08C
:104630006B4908600020784908607849086078482C
:1046400001680068401C764A1060322907D266482B
:104650004088744909680844724908600BE0714851
:1046600000683221B0FBF1F06F49086000206C490E
:1046700008606C4908606D4801680068401C6B4A1E
:104680001060322907D258480088694909680844EF
:10469000674908600BE0664800683221B0FBF1F022
:1046A00064490860002061490860614908607047FA
:1046B0004648006860490968884203DA5E48006835
:1046C00042490860414800685C490968884203DD46
:1046D0005A4800683D490860534909683B4A1268D6
:1046E000881A002801DB014600E0414205292EDD41
:1046F0004D48006835490968884204DD0020314989
:1047000081F83A0003E001202E4981F83A00464939
:1047100009682E4A1268881A002801DB014600E069
:104720004142474A116010460068FA2802DDFA202B
:104730001146086042480068FA2802DAFA20404927
:1047400008603F4800781F4981F83B0003E00220E1
:104750001C4981F83B003448006840F28A218842B5
:1047600003DD0020174981F83B002F480068B0F5B1
:10477000FA7F03DA0020134981F83B007047314883
:10478000006831490968884203DA2F4800682D49DA
:1047900008602C4800682D490968884203DD2B48D1
:1047A00000682849086023490968264A1268881A5F
:1047B00000284DDB01464CE00000E143B40000203E
:1047C0004C060020040000200010024010010020D0
:1047D0002803002004010020080100200C01002013
:1047E000AC0000206C0300200006002070030020B5
:1047F0009000002074030020780300209400002023
:104800007C030020800300209C0000208403002003
:1048100088030020980000208C03002090030020D3
:104820009403002098030020A40000209C03002093
:10483000A0030020A800002014010020180100207F
:10484000380300202001002024010020280100203E
:10485000414203293EDDFD480068FD490968884260
:1048600004DD0120FB4981F8220003E00020F94922
:1048700081F82200F5490968F54A1268881A00286B
:1048800001DB014600E041424900F34A1160104655
:104890000068FA2802DDFA2011460860EE48006838
:1048A000142802DA1420EC490860E8480068462819
:1048B00003DA1420E849086006E0E4480068642848
:1048C00002DA3220E4490860E3480078E14981F8DF
:1048D000230003E00220DF4981F82300DF4800685D
:1048E00018B90020DB4981F82300704710B5DC4877
:1048F000C079A0B1DA48407800F0040078B1D4481B
:104900000068D8490968884209DAD1480068401C23
:10491000CF4908604FF4967004F0F8F916E0D048DB
:10492000C07998B1CE48407800F0200070B1C848F6
:104930000068CD490968884208DDC5480068401E06
:10494000C34908604FF4C87004F0E0F910BD10B519
:10495000C348407800F0080078B1C4480068C449F2
:104960000968884209DAC1480068401CBF490860EC
:1049700040F2EE2004F0CAF913E0B948407800F0A4
:10498000100070B1B9480068BA490968884208DD6A
:10499000B6480068401EB549086040F2EE2004F0B9
:1049A000B5F910BD0121B44A117040F21A41B34A61
:1049B00011604FF4E171B24A11604942B14A11608D
:1049C000002805DA0021A34A91779175917304E0DC
:1049D0000121A04A917791759173011E01DB0A466E
:1049E00000E04A42D2B29B4BDA73DA75DA7770474D
:1049F00073B52DED028B142605259FEDA30AB0EEAD
:104A0000408A97480079322805DB95480079C82804
:104A100001DC012000E0002004469148007800F00D
:104A20000800A8B98E48007800F0100080B98C48C2
:104A3000007800F0200058B98948007800F0400064
:104A400030B92CB10520FEF76CFBBDEC028B7CBDB0
:104A50008348407800F0020038B19DF80C60B6EE53
:104A6000080AB0EE408A0A2506E09DF80860B5EE17
:104A7000000AB0EE408A04257948007800F008006A
:104A800098B17748007800F0100070B97448007849
:104A900000F0200048B97248007800F0400020B9CA
:104AA00031460020FEF77CFCB1E06D48007800F054
:104AB0000800A0B96A48007800F0100078B1684892
:104AC000007800F0200050B96548007800F0400000
:104AD00028B931464FF4E160FEF762FC97E0604888
:104AE000007800F00800A0B95D48007800F01000E0
:104AF00078B95B48007800F0200050B15848007841
:104B000000F0400028B931464FF46170FEF748FCD0
:104B10007DE05348007800F0080098B950480078CC
:104B200000F0100070B94E48007800F0200048B93D
:104B30004B48007800F0400020B131465348FEF762
:104B40002FFC64E04648007800F00800A0B144481B
:104B5000007800F0100078B94148007800F020009B
:104B600050B13F48007800F0400028B931464FF47A
:104B7000E170FEF715FC4AE03948007800F00800C3
:104B800098B13748007800F0100070B934480078C8
:104B900000F0200048B93248007800F0400020B111
:104BA00031463B48FEF7FCFB31E02D48007800F031
:104BB0000800A0B92A48007800F0100078B1284811
:104BC000007800F0200050B12548007800F0400047
:104BD00028B9314640F24650FEF7E2FB17E0204884
:104BE000007800F0080090B91D48007800F010002F
:104BF00068B11B48007800F0200040B918480078E0
:104C000000F0400018B131462248FEF7C9FB1448B5
:104C1000007800F00800A8B91148007800F01000F2
:104C200080B90F48007800F0200058B90C4800788F
:104C300000F0400030B92CB1FDF704FE10B10520A2
:104C4000FEF76FFA44B3FEF7E9FA4AE0A800002045
:104C5000200100200400002038030020140300205D
:104C60004C0600202801002024010020040100201F
:104C70000C010020080100206803002038020020F9
:104C80003C02002040020020000000007CFCFFFFEE
:104C90003EFEFFFFBAFAFFFFFFE7F7480079322830
:104CA0000CDAFDF7CFFD28B10020B1EE480AFEF77F
:104CB00067FB16E06842FFF775FE12E0EE480079E8
:104CC000C8280CDDFDF7BEFD28B10020B0EE480A73
:104CD000FEF756FB05E02846FFF764FE01E0FEF70D
:104CE0009DFA00BFB1E610B50120E44988700421A7
:104CF000E34800F00BFE012804D10220DF49C87010
:104D0000012010BD6420DD49C8700020F9E710B50E
:104D10000120DA4988700421D94800F0F7FD012804
:104D20000BD1D848007840B96420D449C87000201D
:104D3000D5490860D549086010BDFBF780FE041E08
:104D400001DB204600E06042D1490968884208DD65
:104D5000CC480078012804D10220C849C87001203D
:104D6000EAE73220C549C8700120C6490870002012
:104D7000E2E710B50120C1498872C103C04800F0C4
:104D8000C5FD012804D10220BC49C872012010BD14
:104D90006420BA49C8720020F9E710B54FF4004109
:104DA000B74800F0B3FD01280BD1BA48007840B9EC
:104DB0006420B249C8720020B7490860B74908604A
:104DC00010BDFBF785FE041E01DB204600E06042BB
:104DD000B3490968884208DDAE480078012804D14B
:104DE0000220A649C8720120EAE73220A349C8720E
:104DF0000120A84908700020E2E710B501209F4972
:104E0000887601219E4800F081FD012804D102200E
:104E10009A49C876012010BD64209849C8760020C0
:104E2000F9E710B50120954988760121944800F0F2
:104E30006DFD01280BD19B48007840B964208F4953
:104E4000C8760020984908609849086010BDFBF7B3
:104E500038FD041E01DB204600E0604294490968E9
:104E6000884208DD8F480078012804D10220834958
:104E7000C8760120EAE732208049C87601208949B6
:104E800008700020E2E710B501207C498874810396
:104E90007B4800F03BFD012804D102207749C8740B
:104EA000012010BD64207549C8740020F9E710B5D1
:104EB0004FF48041724800F029FD01280CD17D4853
:104EC000007848B964206D49C87400204FF08041D3
:104ED00048627949086010BDFBF766FD041E01DBDE
:104EE000204600E0604275490968884208DD714843
:104EF0000078012804D102206049C8740120EAE743
:104F000032205E49C87401206A4908700020E2E737
:104F100010B5FBF794FD6A490968441A002C01DBBF
:104F2000204600E060420A282ADDFBF788FD64493C
:104F30000968884203DD00205049887002E00120A2
:104F40004E498870FBF77BFD5D490968441A002CC7
:104F500001DB204600E060425A49086008460068CC
:104F6000FA2801DDFA200860564800680A2802DAAB
:104F70000A2054490860534800784049C87002E04C
:104F800002203E49C87010BD10B5FBF7A1FD4E4987
:104F90000968441A002C01DB204600E060420A2820
:104FA0002ADDFBF795FD48490968884203DD0020AA
:104FB0003249887202E0012030498872FBF788FD8F
:104FC00041490968441A002C01DB204600E0604298
:104FD0003C49086008460068FA2801DDFA200860AC
:104FE000384800680A2802DA0A203649086035483D
:104FF00000782249C87202E002202049C87210BD20
:1050000010B5FBF75EFC31490968441A002C01DB3E
:10501000204600E060420A282ADDFBF752FC2B49BB
:105020000968884203DD00201449887602E00120E7
:1050300012498876FBF745FC24490968441A002C7C
:1050400001DB204600E060421E4908600846006817
:10505000FA2801DDFA2008601A4800680A2802DAF6
:105060000A2018490860174800780449C87602E009
:1050700002200249C87610BD4C0600200400002022
:10508000001002403403002024080040800000206B
:105090004003002035030020240400406C00002061
:1050A0004403002037030020240C0040700000203F
:1050B0004803002036030020680000204C03002035
:1050C0003402002038030020380200203C02002077
:1050D00010B5FBF769FCBA490968441A002C01DBDA
:1050E000204600E060420A282ADDFBF75DFCB44957
:1050F0000968884203DD0020B249887402E001207B
:10510000B0498874FBF750FCAD490968441A002C7B
:1051100001DB204600E06042AB49086008460068B9
:10512000FA2801DDFA200860A74800680A2802DA98
:105130000A20A5490860A4480078A249C87402E082
:105140000220A049C87410BD09E01120FDF73EFA05
:1051500001219E4802F0B8FA0F2003F0D7FDF4E7D2
:105160000EE09B48006810B9FFF709FB03E002203E
:10517000944981F82300FFF79BFA032003F0C6FD52
:10518000EFE702E0032003F0C1FDFBE717E09148E1
:10519000007800F0010020B178210C20FFF728FCF6
:1051A00002E00A20FDF7BDFFFFF7B2FEFFF7ECFEBD
:1051B000FFF726FFFFF78CFF032003F0A7FDE6E7CC
:1051C0000BE0FFF7B0F9FDF715FA8348007808B94E
:1051D000FEF77FFB032003F099FDF2E71FB5FBF715
:1051E0002AFDFBF767FDFBF7BAFFFCF78FF8FCF72A
:1051F00081F9FCF706F9FCF7F5F9FBF7C6FD4FF46A
:10520000E130FCF7BCFA4FF4E130FCF745FB4FF41A
:10521000E130FCF7CEFB4FF46120FCF702FD4FF4C8
:10522000E130FCF79BFDFDF761FB00BFFFF7A1FD3F
:1052300008B9012400E00024FFF725FE08B9012089
:1052400000E000200443FFF7D8FD08B9012000E08A
:1052500000200443002CE9D100BFFFF79EFD08B9F0
:10526000012400E00024FFF722FE08B9012000E03D
:1052700000200443FFF7D5FD08B9012000E000201D
:105280000443002CE9D1002054490860FCF7C0FE1B
:10529000002000900190029003464FF4807250A1CC
:1052A0000390544803F0F3FA00200090019002901C
:1052B00003464FF4807250A10390544803F0E7FA7C
:1052C000002000900190029003464FF4807250A19C
:1052D0000390544803F0DBFA00205349086040F281
:1052E000FB10524908604FF4027051490860514860
:1052F000006840F28A21884203DD0020314981F8AC
:105300003B004C480068B0F5FA7F03DA00202D49D5
:1053100081F83B0034E02AE0FFF79EF8464890ED24
:10532000000AB8EEC00AFEF76BFD4448008800EEA4
:10533000100AB8EE400AFEF797FE4148006810B91F
:105340001420FEF75EFC2348807908B1FEF7C5FC07
:105350002048C07918B13B480078FEF77CFFFEF783
:105360000BFCFEF770FCFEF763FBFFF733F8194800
:10537000007800F001000028CED11420FDF7D1FE06
:10538000C9E71FB5002000900190029003464FF43A
:1053900080722DA103902F4803F079FA002000902D
:1053A0000190029003464FF480722BA103902D4888
:1053B00003F06DFA03F084FE002004B010BD00007D
:1053C0004002002004000020380300200048004074
:1053D000100300204C06002068030020B8000020C5
:1053E0007461736B526F626F74416E616C79746932
:1053F00063730000C15100087461736B4469657583
:105400004B6869656E436F43617500008D510008FC
:105410007461736B446965754B6869656E436F436E
:10542000617531006151000814030020040100205F
:1054300010010020A4000020940000206001002042
:10544000280300205F0100207461736B4D61696E59
:1054500000000000DD5100087461736B4779726FC2
:1054600000000000495100080CB500200190009098
:105470007248006840F480307049086000BF6F488F
:10548000006800F4003000900198401C01900098E2
:1054900018B90198B0F5A06FF1D16848006800F420
:1054A000003010B10120009001E000200090009831
:1054B000012846D161484030006840F080505F4983
:1054C000403108605E48006840F480405C490860F4
:1054D0005A48083000685949083108600846006891
:1054E00040F4004008600846006840F4A05008609E
:1054F0005448091F0860081F006840F08070091FA9
:10550000086000BF4D48006800F000700028F9D026
:1055100040F205604C49086048480830006820F0B7
:1055200003004649083108600846006840F0020060
:10553000086000BF41480830006800F00C000828EF
:10554000F8D10CBD10B53D48006840F001003B4962
:1055500008600020394908310860384800683B4934
:105560000840364908603A48091D0860081F00686D
:1055700020F48020091F0860002030490C310860A9
:10558000FFF772FF4FF000603249086010BD70B540
:1055900000200022022300240221284D08352D6816
:1055A00005F00C0020B1042806D0082834D107E00B
:1055B000294D2A4E356033E0294D284E35602FE0C5
:1055C0001E4D2D1D2D68C5F380541C4D2D1D2D68BD
:1055D00005F03F0154B1224DB5FBF1F5174E361DD4
:1055E0003668C6F3881605FB06F209E01A4DB5FBCE
:1055F000F1F5124E361D3668C6F3881605FB06F225
:105600000E4D2D1D2D68C5F301456D1C6B00B2FBC1
:10561000F3F5124E356003E00F4D104E356000BFBC
:1056200000BF064D08352D68C5F303150D4E705D9E
:105630000A4D2D68C540094E356070BD00380240E6
:105640000070004008544007003C0240FFFFF6FE97
:105650001030002408ED00E00024F400A403002032
:1056600000127A00A8030020064880470648004739
:10567000FEE7FEE7FEE7FEE7FEE7FEE7FEE7FEE702
:10568000FEE7FEE74555000889010008324901435D
:10569000324A1160704770B5002100230F22C47890
:1056A0001CB32E4C246804F4E064C4F5E064C4F335
:1056B0000721C1F10404E3B20A4144789C40E1B2FD
:1056C0008478144021430C07210E254C0578615540
:1056D000047804F01F050124AC4005786D11AD007D
:1056E00005F1E025C5F8004109E0047804F01F0544
:1056F0000124AC401B4D0678761145F8264070BD5C
:10570000194A0A400243154B1B1F1A60704739B1F2
:10571000124A121D12680243104B1B1D1A6006E04C
:105720000E4A121D126882430C4B1B1D1A607047F3
:10573000042808D14FF0E021096941F004014FF03D
:10574000E022116107E04FF0E021096921F0040136
:105750004FF0E022116170470000FA050CED00E007
:1057600000E400E080E100E080FFFF1F10B5044688
:105770008C48844208D10121084600F000FB00213A
:10578000012000F0FCFA5EE08748844208D1012144
:10579000022000F0F4FA0021022000F0F0FA52E0BA
:1057A0008248844208D10121042000F0E8FA002157
:1057B000042000F0E4FA46E07D48844208D101214B
:1057C000082000F0DCFA0021082000F0D8FA3AE0C6
:1057D0007848844208D10121102000F0D0FA00213D
:1057E000102000F0CCFA2EE07348844208D1012149
:1057F000202000F0C4FA0021202000F0C0FA22E0AE
:105800006E48844208D10121402000F0B8FA0021FE
:10581000402000F0B4FA16E06948844208D1012122
:10582000802000F0ACFA0021802000F0A8FA0AE005
:105830006448844207D10121801500F0A0FA0021BC
:10584000A01500F09CFA10BDF0B50A460021002317
:10585000002400BF3DE0012505FA01F3156805EAC3
:1058600003049C4234D105684F000326BE40B54373
:10587000056015794E00B540066835430560157919
:10588000012D02D01579022D16D185684F0003260F
:10589000BE40B543856055794E00B54086683543B6
:1058A0008560456801268E40B54345604568967918
:1058B0008E40B6B235434560C5684F000326BE40F2
:1058C000B543C560D5794E00B540C6683543C5605F
:1058D000491C1029BFD3F0BD4FF6FF7101600021B4
:1058E000017141718171C171704708B54FF4803207
:1058F0000092009A0A430092009AC261C161009A24
:10590000C261C2690092C269009208BD02460020CD
:1059100013690B400BB1012000E0002070470146E5
:10592000086980B270470246002053690B400BB1F2
:10593000012000E0002070470146486980B27047AE
:1059400001837047418370470AB1018300E04183BE
:1059500070474161704742694A4042617047F0B503
:10596000002300244D07ED0E02FA05F3CE1000F1DE
:10597000200555F826504E07F70E0F26BE40B543BA
:10598000CF1000F1200646F82750CE1000F1200578
:1059900055F8265045EA0304CE1000F1200545F8DD
:1059A0002640F0BD00000240000402400008024012
:1059B000000C024000100240001402400018024097
:1059C000001C024000200240FA48006840F001003C
:1059D000F84908600020F74908310860F548006878
:1059E000F5490840F3490860F448091D0860081F9C
:1059F000006820F48020091F08600020ED490C3168
:105A0000086070470021EB4A921C11701146087023
:105A1000704710B501460022002300204A11012AD8
:105A200002D1E44C236808E0022A03D1E14C70342F
:105A3000236802E0DF4C7434236801F01F02012464
:105A400094401C400CB1012000E0002010BD38B58E
:105A5000002000900024002500BF3120FFF7D9FF6F
:105A600005460098401C00900098B0F5A06F01D04A
:105A7000002DF2D03120FFF7CCFF08B1012400E067
:105A80000024204638BD01460020CA4A106820F094
:105A9000F80040EAC10010607047C94908607047CB
:105AA0000021C44A703211701170012802D00428FC
:105AB0000AD104E00121BF4A7032117005E00521CE
:105AC000BC4A7032117000E000BF00BF7047BD4992
:105AD0000860704770B5049C41EA82150126C6EB48
:105AE000530645EA0645054345EA0465B14E361DB1
:105AF000356070BDB24908667047820142EA0172A2
:105B0000AC4B84331A607047AD4988667047AC4926
:105B1000C864704702460020A64B0833186820F07E
:105B2000EC6042EA01031843A24B08331860704747
:105B3000024600209F4B0833186820F0784042EA64
:105B4000010318439B4B083318607047014600203F
:105B5000984A0832106820F003000843106070472C
:105B600094480830006800F00C007047014600209F
:105B7000904A0832106820F0F00008431060704727
:105B8000014600208B4A0832106820F4E050084398
:105B90001060704701460020864A0832106820F4E1
:105BA000604040EAC10010607047F0B5002100225B
:105BB00000240225002602237E4F08373F6807F0A5
:105BC0000C0121B1042905D0082937D105E07E4F09
:105BD000076036E07D4F076033E0764F3F1D3F683A
:105BE000C7F38056734F3F1D3F6807F03F036EB108
:105BF000764FB7FBF3F7DFF8BCC10CF1040CDCF80F
:105C000000C0CCF3881C07FB0CF40CE06E4FB7FB14
:105C1000F3F7DFF8A0C10CF1040CDCF800C0CCF302
:105C2000881C07FB0CF4634F3F1D3F68C7F3014717
:105C30007F1C7D00B4FBF5F7076002E0624F076050
:105C400000BF00BF5B4F08373F6807F0F00109094C
:105C50005F4F7A5C0768D7404760564F08373F6808
:105C600007F4E051890A5A4F7A5C4768D740876049
:105C7000504F08373F6807F46041490B544F7A5C36
:105C80004768D740C760F0BD002100F44072B2F50C
:105C9000407F0AD1474A0832116821F4F8114D4A71
:105CA00002401143434A08321160424A703212687E
:105CB000C0F30B031A433F4B70331A6070474149DE
:105CC0004439086070473F4940390860704742498D
:105CD0000860704739B1374A303212680243354B99
:105CE00030331A6006E0334A303212688243314B57
:105CF00030331A60704739B12E4A34321268024389
:105D00002C4B34331A6006E02A4A3432126882433C
:105D1000284B34331A60704739B1264A383212683A
:105D20000243244B38331A6006E0224A38321268A4
:105D30008243204B38331A60704739B11D4A4032D4
:105D4000126802431B4B40331A6006E0194A403286
:105D500012688243174B40331A60704739B1154AB5
:105D6000443212680243134B44331A6006E0114A6E
:105D70004432126882430F4B44331A60704739B182
:105D80000C4A1032126802430A4B10331A6006E0C4
:105D9000084A103212688243064B10331A6070476B
:105DA000E1B1044A143212680243024B14331A6000
:105DB00019E0000000380240FFFFF6FE103000241A
:105DC00000004742800E47420024F40000127A008F
:105DD000B8030020FFFCFF0F5C0147425B4A1268DA
:105DE00082435A4B1A60704739B1584A121D1268E3
:105DF0000243564B1B1D1A6006E0544A121D1268DE
:105E00008243524B1B1D1A60704739B14F4A0C3206
:105E1000126802434D4B0C331A6006E04B4A0C32B9
:105E200012688243494B0C331A60704739B1474AB4
:105E3000103212680243454B10331A6006E0434AA1
:105E4000103212688243414B10331A60704739B1E7
:105E50003E4A3C32126802433C4B3C331A6006E037
:105E60003A4A3C3212688243384B3C331A607047DE
:105E700039B1364A403212680243344B40331A601B
:105E800006E0324A403212688243304B40331A6097
:105E9000704739B12D4A4432126802432B4B4433C8
:105EA0001A6006E0294A443212688243274B443381
:105EB0001A60704739B1254A4C3212680243234BAD
:105EC0004C331A6006E0214A4C32126882431F4B61
:105ED0004C331A60704739B11C4A50321268024381
:105EE0001A4B50331A6006E0184A50321268824347
:105EF000164B50331A60704739B1144AD21F1278CA
:105F00000243124BDB1F1A7006E0104AD21F1278B0
:105F100082430E4BDB1F1A7070470C4860300068DC
:105F200040F08070094960310860704701460020E8
:105F3000064A083A12680A400AB1012000E000202F
:105F400070470249891F08707047000014380240EA
:105F500010B501210802FFF769FF00214FF480709E
:105F6000FFF764FF10BD30B50246002000235068E3
:105F7000F84C20400D790C6844EA05242043506019
:105F80009068F54C2040D1E903542C438D682C4394
:105F90004D7944EA450420439060D06A20F47000B3
:105FA0000C7D641EE4B2234340EA0350D06230BD4E
:105FB00000210160017141718160C16001610121B5
:105FC000017570470021E54A1168E54A1140D0E9A2
:105FD00000231A4383681A43C3681A431143E14AF2
:105FE000C2F8041370470021016041608160C16004
:105FF000704721B1826842F00102826003E082684A
:1060000022F00102826070470A4600214168D64BA7
:1060100019401143416070474162826270470A46ED
:106020000021416821F01F0111434160704738B1E0
:10603000CA49096841F40001CA4AC2F8041306E0DB
:10604000C649096821F40001C64AC2F80413704722
:1060500038B1C249096841F48001C24AC2F8041348
:1060600006E0BE49096821F48001BE4AC2F8041363
:106070007047F0B504460D4600200021092D11DDC2
:10608000E068A5F10A0606EB4607072606FA07F1BF
:106090008843A5F10A0606EB460603FA06F1084313
:1060A000E0600CE0206905EB4507072606FA07F1DA
:1060B000884305EB450603FA06F108432061072AE9
:1060C0000FDA606B561E06EB86071F2606FA07F1ED
:1060D0008843561E06EB860605FA06F10843606300
:1060E00022E00D2A0FDA206BD61F06EB86071F264B
:1060F00006FA07F18843D61F06EB860605FA06F175
:106100000843206310E0E06AA2F10D0606EB860763
:106110001F2606FA07F18843A2F10D0606EB860654
:1061200005FA06F10843E062F0BD816841F0804164
:1061300081607047014600208A6802F480020AB13B
:10614000012000E00020704721B1826842F48062A3
:10615000826003E0826822F480628260704721B12D
:10616000826842F00202826003E0826822F002024A
:106170008260704710B50A4600210023416821F46F
:106180006041531E41EA4331416010BD21B1426874
:1061900042F40062426003E0426822F4006242601E
:1061A00070470146C86C80B270476C48001D00689B
:1061B000704721B1826842F48072826003E0826895
:1061C00022F480728260704721B1826842F40072CA
:1061D000826003E0826822F400728260704738B106
:1061E0005E49096841F400515E4AC2F8041306E0B2
:1061F0005A49096821F400515A4AC2F804137047F9
:10620000F0B504461546002000220026092911DDBC
:10621000E068A1F10A0707EB470C072707FA0CF221
:106220009043A1F10A0707EB470703FA07F210436F
:10623000E0600CE0206901EB410C072707FA0CF243
:10624000904301EB410703FA07F210432061A06B72
:10625000C0F30156EF1C06F1010CA7EB0C0707EB8E
:10626000870C1F2707FA0CF29043EF1C06F1010C74
:10627000A7EB0C0707EB870701FA07F21043A063AF
:10628000F0BD10B50A4600210023816B21F44011B6
:10629000531E41EA0351816310BD08B500230093EA
:1062A0000090009B0B440093009B1A6008BD0A46B7
:1062B0000021816821F470211143816070470A46F2
:1062C0000021816821F44011114381607047816889
:1062D00041F4800181607047014600208A6802F421
:1062E00080020AB1012000E00020704721B142681D
:1062F00042F48062426003E0426822F480624260BD
:10630000704721B1426842F48052426003E0426823
:1063100022F480524260704708B502460020009087
:10632000009201F12800009B18440090009800683A
:1063300080B208BD10B50B460021D9B2012404FA81
:1063400001F11AB144680C43446002E044688C4394
:10635000446010BDFFFEFFFCFDF7FFC004230140B9
:10636000E030FCFF00200140FFFD3FFF024600201F
:1063700013680B400BB1012000E000207047CA43B6
:106380000260704770B502460020002300240B1203
:10639000556801268E4005EA060415681D4015B1B2
:1063A0000CB1012000E0002070BD00220A12D3438E
:1063B00003607047016821F0010101600021016064
:1063C00041608160C160016121214161DB498842F6
:1063D00004D13D21D94A103A91608CE0D749183157
:1063E000884205D14FF47461D44A103A916082E03A
:1063F000D2493031884205D14FF47411CF4A103A56
:10640000916078E0CD494831884205D14FF0746100
:10641000CA4A103A91606EE0C8496031884204D19E
:10642000C749C64A103AD16065E0C449783188420C
:1064300004D1C449C14A103AD1605CE0BF499031EF
:10644000884204D1C049BD4A103AD16053E0BB49EB
:10645000A831884205D14FF03D51B84A103AD16079
:1064600049E0BA49884204D13D21B84A083A11604E
:1064700041E0B6491831884205D14FF47461B34AFE
:10648000083A116037E0B1493031884205D14FF404
:106490007411AE4A083A11602DE0AC494831884287
:1064A00005D14FF07461A94A083A116023E0A74969
:1064B0006031884204D1A249A44A121F11601AE037
:1064C000A2497831884204D19E49A04A121F116026
:1064D00011E09E499031884204D19B499B4A121F8A
:1064E000116008E09949A831884204D14FF03D512C
:1064F000964A121F1160704710B500220268944B33
:106500001A40CC680B6823434C6923438C692343AE
:10651000CC6923430C6A23434C6A23438C6A23438C
:106520004C6B23438C6B23431A430260426922F075
:106530000702D1E90B3423431A4342610B694360DC
:106540004B6883608B68C36010BD002101604160AF
:106550008160C160016141618161C161016241622B
:106560008162C162016341638163704721B1026846
:1065700042F00102026003E0026822F001020260C0
:10658000704721B1026842F40042026003E00268F1
:1065900022F400420260704721B1026842F02002FA
:1065A000026003E0026822F020020260704741604E
:1065B00070470146486880B2704722B1036843F4CF
:1065C0000023036003E0036823F4002303600161F8
:1065D000704721B1026842F48022026003E0026841
:1065E00022F48022026070470AB1016100E0C160BC
:1065F0007047014600200A6802F400220AB1012017
:1066000000E000207047014600200A6802F0010205
:106610000AB1012000E000207047014600204A69CD
:1066200002F03800704730B503460A4600200024C7
:10663000464DAB4202D24149103901E0434910397D
:1066400002F000550DB14C6800E00C68414D2C4043
:1066500004EA02050DB1012000E0002030BD024631
:106660003A4B9A4202D23548103801E03748103888
:1066700001F000531BB1374B0B40C36002E0354BB8
:106680000B408360704710B501F080034BB122B11D
:10669000436943F08003436103E0436923F08003CF
:1066A000436180290BD02AB1036801F01E04234303
:1066B000036004E0036801F01E04A343036010BDFF
:1066C00070B50246002000240025204EB24202D2BE
:1066D0001A4B103B01E01D4B103B1F4E0E4036B1D4
:1066E0001E2606EAD124166806EA040502E0566969
:1066F00006F0800501F000560EB15C6800E01C68F1
:10670000144E344004EA010616B10DB1012000E038
:10671000002070BD02460D4B9A4202D20748103845
:1067200001E00A48103801F000531BB1094B0B403F
:10673000C36002E0074B0B4083607047106002406B
:106740003D000020400F002000003D20106402406A
:106750003F801CF07D0F7D0F3C0F3C0F0020444913
:106760000860091D0860091D0860091D086041488E
:106770003F4914310860704700213D498279002A61
:106780003AD00A46126803689A430B461A600A1DFB
:10679000126803689A430B1D1A60027911440A6853
:1067A00003681A430A60324A0832126803689A433F
:1067B0002F4B08331A601A1D126803689A432C4B3A
:1067C0000C331A604279102A0ED11A1F126803681E
:1067D0001A43274B08331A601A1D126803681A43BC
:1067E000234B0C331A600DE02149427911440A68A9
:1067F00003681A430A6005E0027911440A680368D5
:106800009A430A6070470021016001710C214171B7
:106810000021817170471649103109680143144AFB
:1068200010321160704701460020114A143212687C
:106830000A400AB1012000E0002070470C491431E1
:1068400008607047014600200022094B1B6803EADC
:106850000102074B14331B680B4013B10AB101202E
:1068600000E00020704702491431086070470000C2
:10687000003C0140FFFF7F0010B50446FE48844203
:1068800008D101210846FFF7D1FA00210120FFF7C6
:10689000CDFA9DE0B4F1804F08D101210846FFF701
:1068A000B4FA00210120FFF7B0FA91E0F3488442E6
:1068B00008D101210220FFF7A8FA00210220FFF7EA
:1068C000A4FA85E0EE48844208D101210420FFF7B4
:1068D0009CFA00210420FFF798FA79E0E948844205
:1068E00008D101210820FFF790FA00210820FFF7C6
:1068F0008CFA6DE0E448844208D101211020FFF7B2
:1069000084FA00211020FFF780FA61E0DF4884421A
:1069100008D101212020FFF778FA00212020FFF77D
:1069200074FA55E0DA48844208D101210220FFF7C9
:106930007DFA00210220FFF779FA49E0D548844228
:1069400009D101210804FFF771FA00214FF48030CA
:10695000FFF76CFA3CE0D048844209D10121480499
:10696000FFF764FA00214FF40030FFF75FFA2FE0E1
:10697000CA48844209D101218804FFF757FA00214F
:106980004FF48020FFF752FA22E0C548844208D134
:1069900001214020FFF739FA00214020FFF735FAA6
:1069A00016E0C048844208D101218020FFF72DFA6B
:1069B00000218020FFF729FA0AE0BB48844207D172
:1069C00001218015FFF721FA0021A015FFF71DFA1C
:1069D00010BD00220288A84B98420ED0AC4B9842C2
:1069E0000BD0B0F1804F08D0A44B984205D0A44BF7
:1069F000984202D0A34B984204D14FF68F731A40AD
:106A00004B881A43A04B984207D0A04B984204D021
:106A10004FF6FF431A400B891A4302804B68C3624A
:106A20000B880385944B984202D0994B984201D130
:106A30008B7A03860123838270474FF0FF314160D8
:106A4000002101800181418081727047018582822D
:106A500070470A46002101884FF68F731940114391
:106A60000180704741627047C16270470146486AC1
:106A700070470146088D704721B1028842F002023A
:106A8000028004E002884FF6FD731A4002807047CE
:106A900021B1028842F00402028004E002884FF62D
:106AA000FB731A400280704721B1028842F08002D5
:106AB000028004E002884FF67F731A40028070471C
:106AC00002884FF6F7731A40028002880A43028058
:106AD000704702884FF6FF431A40028002880A433B
:106AE0000280704721B1028842F00102028004E076
:106AF00002884FF6FE731A400280704770B500247A
:106B000000220023058C4FF6FE7635400584028C6A
:106B10008388048B4FF68F752C40B51E2C400D8852
:106B20002C43751E2A408D892A434D882A43524D95
:106B3000A84202D0564DA84213D14FF6F7752A400D
:106B4000CD892A434FF6FB752A408D882A434FF69C
:106B5000FF652B404FF6FF552B400D8A2B434D8A86
:106B60002B43838004838D684563028470BD70B5B8
:106B7000002400220023058C4FF6EF763540058473
:106B8000028C8388048B48F6FF752C404FF6FF4536
:106B90002C400D884FF6FF7606EA05252C434FF66C
:106BA000DF752A408D8906EA05152A434D8806EAD5
:106BB00005152A43304DA84202D0354DA8421DD1BB
:106BC0004FF67F752A40CD894FF6FF7606EA051508
:106BD0002A434FF6BF752A408D8806EA05152A43D9
:106BE0004FF6FF352B404FF2FF752B400D8A06EA1A
:106BF00085052B434D8A06EA85052B438380048354
:106C00008D688563028470BD70B500240022002366
:106C1000058C4FF6FF6635400584028C8388848B93
:106C20004FF68F752C404FF6FC752C400D882C4389
:106C30004FF6FF552A408D894FF6FF7606EA052567
:106C40002A434D8806EA05252A430B4DA84202D067
:106C50000F4DA84238D14FF2FF752A40CD894FF62B
:106C6000FF7606EA05252A434FF6FF352A408D8830
:106C700006EA05252A4319E000000140000400400F
:106C800000080040000C00400010004000140040CC
:106C90000004014000400140004401400048014020
:106CA00000180040001C0040002000404EF6FF7518
:106CB0002B404DF6FF752B400D8A06EA05152B4338
:106CC0004D8A06EA05152B43838084838D68C5634E
:106CD000028470BD70B5002200230024058C4EF69E
:106CE000FF7635400584038C8488828B48F6FF75D7
:106CF0002A404FF6FF452A400D884FF6FF7606EAF8
:106D000005252A434DF6FF752B408D8906EA05358A
:106D10002B434D8806EA05352B43FE4DA84202D091
:106D2000FD4DA84208D14BF6FF752C400D8A4FF659
:106D3000FF7606EA85152C43848082838D6805647E
:106D4000038470BD00210180418081808160818148
:106D5000C18101824182704770B503460020002442
:106D60001846183001258D40ACB21D8CA5431D84FA
:106D700009B108290AD100EB610005684FF68F764A
:106D8000354005600568154305600FE00D1FC5F32C
:106D90004E052844056848F6FF76354005600568CD
:106DA0004FF6FF7606EA02263543056070BD416363
:106DB000704781637047C1637047016470470A463A
:106DC0000021018B4FF68F731940114301837047E7
:106DD0000A460021018B48F6FF7319404FF6FF73F6
:106DE00003EA02231943018370470A460021818B7D
:106DF0004FF68F7319401143818370470A46002173
:106E0000818B48F6FF7319404FF6FF7303EA0223A4
:106E10001943818370470A460021018B4FF6F773AF
:106E200019401143018370470A460021018B4FF23C
:106E3000FF7319404FF6FF7303EA022319430183DE
:106E400070470A460021818B4FF6F77319401143B2
:106E5000818370470A460021818B4FF2FF731940EE
:106E60004FF6FF7303EA02231943818370470A46F2
:106E70000021018B4FF6FB731940114301837047CA
:106E80000A460021018B4FF6FF3319404FF6FF737E
:106E900003EA02231943018370470A460021818BCC
:106EA0004FF6FB7319401143818370470A46002156
:106EB000818B4FF6FF3319404FF6FF7303EA02232D
:106EC0001943818370470A460021018B4FF67F7377
:106ED00019401143018370470A460021018BC1F319
:106EE0000E014FF6FF7303EA022319430183704733
:106EF0000A460021818B4FF67F731940114381832D
:106F000070470A460021818BC1F30E014FF6FF73D3
:106F100003EA02231943818370470A460021018C4A
:106F20004FF6FD7319401143018470470A46002152
:106F3000018C4FF6F77319401143018470470A46DC
:106F40000021018C4FF6DF7319404FF6FF7303EAFF
:106F500002131943018470470A460021018C4FF641
:106F60007F7319404FF6FF7303EA0213194301843C
:106F700070470A460021018C4FF6FF5319404FF627
:106F8000FF7303EA02231943018470470A46002174
:106F9000018C4FF2FF7319404FF6FF7303EA02238F
:106FA0001943018470470A460021018C4DF6FF7396
:106FB00019404FF6FF7303EA023319430184704707
:106FC00030B5002301248C40A3B2048C9C4304847C
:106FD000048C02FA01F5ADB22C43048430BD30B507
:106FE000002304248C40A3B2048C9C430484048CAE
:106FF00002FA01F5ADB22C43048430BD828B4FF20E
:10700000FF331A408283828B4FF6FF7303EA01231A
:107010001A4382837047F0B50C46154600210022C2
:107020000026078C4EF6FF7C07EA0C070784818B4D
:10703000028C4FF6FF7707EA043640F6FF473940E7
:107040004FF6FF7707EA052739434FF6FF7707EA40
:107050000337394345F6FF773A4046F480573A43C1
:1070600081830284F0BD828B4FF6F3731A408283D2
:10707000828B0A4382837047F0B50C461546002187
:1070800000220026078C4FF6FF6C07EA0C070784E6
:10709000818B028C4FF6FF7707EA04264FF60C77B8
:1070A00039404FF6FF7707EA03172F4339434FF272
:1070B000FF573A4046F480773A4381830284F0BD1B
:1070C000028B4FF2FF331A400283028B4FF6FF739D
:1070D00003EA01231A4302837047F0B50C461546B4
:1070E000002100220026078C4FF6EF7C07EA0C07F0
:1070F0000784018B028C4FF6FF7707EA041640F6EF
:10710000FF4739404FF6FF7707EA033739434FF619
:10711000FF7703E0000001400004014007EA052773
:1071200039434FF65F773A4046F010073A43018300
:107130000284F0BD028B4FF6F3731A400283028B78
:107140000A4302837047F0B50C4615460021002221
:10715000068C4FF6FE773E400684018B028C4FF67C
:107160000C7631407E1C06EA03162E4331434FF65F
:10717000F576324044F00106324301830284F0BDCB
:1071800070B505460C46208850B92389A2886188CD
:107190002846FFF7D8FFE1882846FFF7CBFF25E018
:1071A000208804280AD12389A28861882846FFF70D
:1071B00094FFE1882846FFF783FF17E0208808281E
:1071C0000AD12389A28861882846FFF755FFE18804
:1071D0002846FFF748FF09E02389A28861882846EE
:1071E000FFF719FFE1882846FFF708FF70BD00216F
:1071F00001804180012181800021C180018170478F
:107200002DE9F04105460C4600260127608808B9A3
:10721000022600E00026A088012801D1022700E014
:1072200001272088A0B92389A28861882846FFF712
:107230008AFFE1882846FFF77DFF23893A463146D9
:107240002846FFF74AFFE1882846FFF739FF13E099
:107250002389A28861882846FFF73FFFE1882846F6
:10726000FFF72EFF23893A4631462846FFF76BFF8A
:10727000E1882846FFF75EFFBDE8F0810146486BD4
:1072800070470146886B70470146C86B70470146DE
:10729000086C70470A884B881A438B881A43CB883E
:1072A0001A430B891A434B891A438B891A43A0F856
:1072B000442070470021018041808180C18001818C
:1072C00041818181704731B1B0F8442042F40042DD
:1072D000A0F8442005E0B0F84420C2F30E02A0F864
:1072E0004420704721B1828842F00402828004E089
:1072F00082884FF6FB731A408280704721B18288E2
:1073000042F00102828004E082884FF6FE731A4048
:10731000828070471AB183890B43838102E083899D
:107320008B43838170478182704702460020138A15
:107330000B400BB1012000E000207047CA430282DD
:10734000704730B50246002000230024158A05EA64
:107350000103958905EA010413B10CB1012000E095
:10736000002030BDCA430282704741EA0203A0F800
:10737000483070471AB183890B43838102E08389C7
:107380008B438381704721B1828842F0080282805A
:1073900004E082884FF6F7731A40828070470189B3
:1073A0004FF6F8721140018170470A4600210189A9
:1073B0004FF68F73194011430181704730B5044671
:1073C0000D4629462046FFF7F0FF208940F00700D0
:1073D000208130BD2DE9F04104460D4616461F467A
:1073E000602D06D13B46012231462046FFF775FE4F
:1073F00005E03B46012231462046FFF7A4FE294620
:107400002046FFF7D2FF208940F007002081BDE829
:10741000F08130B50C4600210189C9B24FF6FF75E5
:1074200005EA0325154325432943018130BD2DE994
:10743000F04105460E4617469846002443463A4614
:1074400031462846FFF7E5FF2C894FF6F8700440D7
:1074500044F007044FF68F70044044F070042C8110
:10746000BDE8F081F0B504460D4616461F463B4682
:10747000324629462046FFF7CCFF208940F4804061
:107480002081F0BD82884FF68F731A4082808288F7
:107490000A438280704702894FF6F8731A400281CE
:1074A00002890A430281704702894FF67F731A40AE
:1074B000028102890A4302817047F0B50C461546E5
:1074C0001E460021002200230189028B038C4FF607
:1074D000F877394021434FF6FC473A4040F2011714
:1074E0003A434FF6DD773B404FF6FF7707EA061742
:1074F0002F433B43018102830384F0BD21B1828885
:1075000042F08002828004E082884FF67F731A4046
:1075100082807047A0F850107047000010B50446F4
:10752000F748844208D101211020FEF77FFC00219A
:107530001020FEF77BFC3EE0F248844209D1012195
:107540004804FEF762FC00214FF40030FEF75DFCBA
:1075500031E0ED48844209D101218804FEF755FC51
:1075600000214FF48020FEF750FC24E0E7488442DD
:1075700009D10121C804FEF748FC00214FF4002086
:10758000FEF743FC17E0E248844209D101210805D7
:10759000FEF73BFC00214FF48010FEF736FC0AE0BA
:1075A000DC48844207D101212020FEF73FFC002166
:1075B0002020FEF73BFC10BD2DE9FF4705460E4697
:1075C0000024A14600BFA046B08900B100BF2C8AAC
:1075D00024F44054F08804432C82AC8941F20C60BE
:1075E0008443B08831890843718908430443AC81DE
:1075F000AC8A24F44074B0890443AC826846FEF738
:10760000D4FABF48854202D0C248854202D1DDF893
:107610000C9001E0DDF80890A88900F4004040B12A
:1076200009EBC90000EB091031684900B0FBF1F724
:1076300007E009EBC90000EB091031688900B0FBD5
:10764000F1F76420B7FBF0F004012009642101FB8D
:107650001078A88900F4004040B1322000EBC80047
:10766000B0FBF1F000F00700044308E0322000EB2B
:1076700008106421B0FBF1F000F00F0004432C81EE
:10768000BDE8FF874FF41651016000218180C18061
:1076900001810C21418100218181704710B5024692
:1076A0000020108A20F470600B884C8823438C885B
:1076B0002343CC8823431843108210BD002101804E
:1076C00041808180C180704721B1828942F400529B
:1076D000828104E082894DF6FF731A4082817047EF
:1076E000028B02F47F420283028B0A4302837047BB
:1076F00021B1828942F40042828103E08289C2F38F
:107700000E028281704721B1828A42F40062828235
:1077100004E0828A4FF2FF731A4082827047C1F3FD
:1077200008028280704701468888C0F308007047CD
:10773000028A4FF6F0731A400282028A0A430282DA
:10774000704721B1828942F00202828104E082897D
:107750004FF6FD731A408281704782894FF2FF73A2
:107760001A40828182890A4382817047028A4FF6D9
:10777000DF731A400282028A0A430282704721B1F3
:10778000028A42F48042028204E0028A4BF6FF73CE
:107790001A4002827047818941F00101818170475E
:1077A00021B1828A42F00802828204E0828A4FF686
:1077B000F7731A4082827047028BD2B20283028B27
:1077C00042EA01220283704721B1828A42F02002FC
:1077D000828204E0828A4FF6DF731A408282704709
:1077E00021B1828A42F01002828204E0828A4FF63E
:1077F000EF731A4082827047828A4FF6FB731A40F9
:107800008282828A0A438282704721B1828A42F050
:107810000202828204E0828A4FF6FD731A4082825D
:1078200070471AB1838A0B43838202E0838A8B43B9
:1078300083827047F0B5034600240026002500200F
:1078400040F66A17B94200D100BF1846C1F342148E
:1078500001F01F06012707FA06F5012C01D10C30B3
:1078600004E0022C01D1103000E014301AB1076896
:107870002F43076002E00768AF430760F0BD024690
:107880000020B1F5007F00D100BF13880B400BB181
:10789000012000E00020704701F40072B2F5007F83
:1078A00000D100BFCA430280704770B50246002471
:1078B00000230025002040F66A16B14200D100BF27
:1078C000C1F3421501F01F03012606FA03F3012D4F
:1078D00002D19689334006E0022D02D1168A334048
:1078E00001E0968A33400C12012606FA04F4168849
:1078F000344013B10CB1012000E0002070BD000045
:10790000001001400044004000480040004C00408E
:10791000005000400014014010B50022002340F642
:107920006A14A14200D100BF0A1201249440A3B2FC
:10793000DC43048010BD000010B501218803FEF770
:1079400075FA00214FF48040FEF770FA10BD1A4915
:107950000860704730B500228B071C0F0F2303FA15
:1079600004F2154B08338C1053F824309343124C17
:1079700008348D1044F8253023468C1053F82430F9
:107980008C07240F00FA04F423430B4C08348D10A9
:1079900044F8253030BD094908607047084908603F
:1079A0007047002004492031096801F4807109B151
:1079B000012000E00020704700380140DC00274231
:1079C0000004274200F1080141604FF0FF3181605F
:1079D00000F10801C16001610021016070470021D0
:1079E00001617047426853684B6043688B6053681D
:1079F000996051604160086103685B1C03607047D7
:107A000010B502460B685C1C0CB9106907E002F166
:107A1000080000E04068446824689C42FAD9446841
:107A20004C604C68A160886041600A611468641C05
:107A3000146010BD0146D1E901309860D1E901031D
:107A400058600A695068884201D1886850600020F7
:107A500008611068401E10601068704770B50446D9
:107A60000D461CB9F8F7E4FB00BFFEE700F0F3FD9C
:107A7000D4E90F12206801FB020060600020A063BF
:107A80002068A060E06B401E226C216800FB0210A1
:107A9000E0604FF0FF306064A06475B9206908B9F8
:107AA000012000E0002080B904F1100001F02AFC60
:107AB00001280AD100F0C9FD07E004F11000FFF72A
:107AC00081FF04F12400FFF77DFF00F0CDFD0120D0
:107AD00070BD2DE9F04705460E4617464FF00009E8
:107AE000DDB1502000F0E4FD0446B4B105FB06F022
:107AF00000F10108404600F0DBFD2060206848B13D
:107B0000E563266401212046FFF7A8FF84F84D7045
:107B1000A14602E0204600F02CFEB9F1000F03D18F
:107B2000F8F786FB00BFFEE74846BDE8F08710B5D2
:107B3000044600F090FD11E0606A08B9012000E001
:107B4000002050B904F1240001F0DCFB08B101F081
:107B500054FCA06C401EA06400E002E0A06C002871
:107B6000EADC00BF4FF0FF30A06400F07DFD00F0C4
:107B700072FD11E0206908B9012000E0002050B931
:107B800004F1100001F0BEFB08B101F036FC606C9E
:107B9000401E606400E002E0606C0028EADC00BF88
:107BA0004FF0FF30606400F05FFD10BD70B504461B
:107BB00000F051FDA06BE16B884201D1012000E093
:107BC0000020054600F050FD284670BD70B5044603
:107BD0000E461546206C38B9206838BB606801F045
:107BE0009BFC0020606021E07DB93146226CA068DA
:107BF00001F0BCFC216CA0680844A060D4E901102D
:107C0000884213D32068A06010E03146226CE068FF
:107C100001F0ACFC216CE068401AE0602168E0688B
:107C2000884203D2216C6068401AE060A06B401C5F
:107C3000A06370BDFFB583B004460D461E46002705
:107C40001CB9F8F7F5FA00BFFEE70DB9206C08B9CA
:107C5000012000E0002018B9F8F7EAFA00BFFEE7BB
:107C600000BF00F0F8FCA06BE16B884217D23246EF
:107C700029462046FFF7AAFF606A08B9012000E004
:107C8000002038B904F1240001F03CFB012801D1A7
:107C900000F0DBFC00F0E8FC012007B0F0BD059827
:107CA00018B900F0E1FC0020F7E71FB901A801F0C6
:107CB0005EFB012700F0D8FC00F0DEFF00F0CBFCFB
:107CC000606C401C08B900206064A06C401C08B9BE
:107CD0000020A06400F0C8FC05A901A801F055FB34
:107CE000C0B92046FFF762FF70B104F1100005999A
:107CF00001F0CBFA2046FFF71AFF00F00DFF002835
:107D0000AFD100F0A2FCACE72046FFF710FF00F077
:107D100003FFA6E72046FFF70AFF00F0FDFE002064
:107D2000BBE770B50546502000F0C2FC0446E4B144
:107D3000002060602060A060E060A0630120E0633C
:107D400000202064401E6064A06484F84D5004F15B
:107D50001000FFF737FE04F12400FFF733FE002385
:107D60001A4619462046FFF765FF1CB9F8F760FA76
:107D700000BFFEE7204670BD70B504461CB9F8F799
:107D800057FA00BFFEE701F047FB616888420CD15B
:107D9000E068401EE060E06828B900231A461946F2
:107DA0002046FFF747FF012500E00025284670BD6B
:107DB00070B5044600F04FFCA06B08B9012000E04C
:107DC0000020054600F050FC284670BD70B5044602
:107DD0000D46206870B1216CE0680844E06061687D
:107DE000E068884201D32068E0602846226CE168A0
:107DF00001F0BCFB70BD2DE9FF4182B004460D4689
:107E00001E464FF000081CB9F8F712FA00BFFEE753
:107E10000DB9206C08B9012000E0002018B9F8F76E
:107E200007FA00BFFEE700BF00F015FCA06B80B3AF
:107E3000E76829462046FFF7C9FFB6B9A06B401E88
:107E4000A063206810B901F0E7FA6060206908B902
:107E5000012000E00020B0B904F1100001F052FA56
:107E6000012810D100F0F1FB0DE0E760606A08B96D
:107E7000012000E0002030B904F1240001F042FAB2
:107E800008B100F0E2FB00F0EFFB012006B0BDE816
:107E9000F081FFE7049818B900F0E6FB0020F5E751
:107EA000B8F1000F04D1684601F061FA4FF0010803
:107EB00000F0DAFB00F0E0FE00F0CDFB606C401C4F
:107EC00008B900206064A06C401C08B90020A064C0
:107ED00000F0CAFB04A9684601F057FA08BB204627
:107EE000FFF766FFB8B1206830B900F0B4FB6068F6
:107EF00001F0A1FA00F0B8FB04F12400049901F0AC
:107F0000C4F92046FFF713FE00F006FE00288BD1CF
:107F100000F09BFB88E72046FFF709FE00F0FCFD20
:107F200082E72046FFF703FE00F0F6FD0020ADE7F4
:107F300070B504460E461CB9F8F77AF900BFFEE7A3
:107F400001F06AFA6168884204D1E068401CE06090
:107F500001250BE00023324619462046FFF74BFF70
:107F60000546012D02D1E068401CE060284670BD46
:107F700070B506460D46022200213046FFF7A9FDE6
:107F8000044604B1A5631CB9F8F752F900BFFEE737
:107F9000204670BD2DE9F04704460F461546984629
:107FA0001CB9F8F745F900BFFEE70FB9206C08B916
:107FB000012000E0002018B9F8F73AF900BFFEE709
:107FC000F8F736F98146A06BE16B88421BD2424636
:107FD00039462046FFF7FAFDA06C401C70B9606A74
:107FE00008B9012000E0002058B904F1240001F094
:107FF00089F930B12DB10120286002E0A06C401C4D
:10800000A064012600E000264846F8F718F930463B
:10801000BDE8F0872DE9F04104460F4615461CB92E
:10802000F8F706F900BFFEE70FB9206C08B9012088
:1080300000E0002018B9F8F7FBF800BFFEE7F8F7FA
:10804000F7F88046A06BE8B139462046FFF7BEFE40
:10805000A06B401EA063606C401C70B9206908B919
:10806000012000E0002058B904F1100001F04AF9A5
:1080700030B12DB10120286002E0606C401C6064CA
:10808000012600E000264046F8F7D9F83046BDE862
:10809000F08170B504461CB9F8F7CAF800BFFEE7D6
:1080A00000F0D9FAA56B00F0DFFA284670BD70B574
:1080B00004461CB9F8F7BCF800BFFEE7A56B2846DC
:1080C00070BD014600200BE03D4A02EBC002526841
:1080D0008A4204D100223A4B43F8302002E0401C8F
:1080E0000828F1D300BF704710B504461CB9F8F753
:1080F0009FF800BFFEE72046FFF7E3FF206800F08F
:1081000038FB204600F035FB10BD014691F84C00CD
:10811000704780F84C107047014691F84D00704749
:1081200070B504461CB9F8F783F800BFFEE7A06BF2
:1081300008B9012000E000200546284670BD70B552
:1081400004461CB9F8F774F800BFFEE7A06BE16BBA
:10815000884201D1012000E000200546284670BD7C
:10816000024600200BE0164B53F8303033B9144B65
:1081700043F8301003EBC0035A6002E0401C0828AB
:10818000F1D300BF704770B504460D4600F063FAA6
:10819000606C401C08B900206064A06C401C08B9E9
:1081A0000020A06400F060FAA06B20B9294604F119
:1081B000240001F08DF82046FFF7B9FC70BD0000E7
:1081C000680600202DE9F04104460D4616461F467C
:1081D0004FF0000865602461B5420CD8F01BA1691E
:1081E000884202D34FF0010811E0211DF0480068D9
:1081F000FFF706FC0BE0BE4204D2BD4202D34FF0B3
:10820000010804E0211DEB480068FFF7F9FB404638
:10821000BDE8F0812DE9FE4305460E4617461C4693
:10822000DDF828804FF00009E348006808B30096A5
:1082300001970295ACB901F0F2F8012808D10023AA
:1082400042466946DC480068FFF7F4FC814610E0CE
:1082500000231A466946D8480068FFF7EBFC8146C0
:1082600007E0002322466946D3480068FFF792FEE4
:1082700081464846BDE8FE832DE9F84381462BE060
:10828000CC480068C0680568CA480068C068C4680F
:10829000201DFFF7CFFB2046616A8847E06901286F
:1082A0001AD1A0694619AE4207D966602461211D22
:1082B000C0480068FFF7A4FB0EE0002003462A46F2
:1082C000014600902046FFF7A5FF07461FB9F7F7C4
:1082D000AFFF00BFFEE700BFB6480068006808B9FE
:1082E000012000E000200028CAD0B248D0F8008069
:1082F000AF480068AF490860AD48C0F80080BDE8ED
:10830000F88370B5044600F009FF0546AB480068E5
:10831000854206D2A9480068FFF7AEFF0120206021
:1083200001E000202060A5480560284670BD70B5BA
:1083300086B002A8FFF7E5FF064650E0059C44B171
:10834000606908B9012000E0002010B9201DFFF786
:1083500071FB039830B1012826D0022825D00328CC
:108360003BD136E00498A269811803463246204684
:10837000FFF728FF012816D12046616A8847E06987
:10838000012810D1002000900498A1694218002310
:1083900019462046FFF73EFF05461DB9F7F748FF8F
:1083A00000BFFEE700BF19E018E00498A061A069D3
:1083B00008B1012000E0002018B9F7F739FF00BF2D
:1083C000FEE7A0698119334632462046FFF7FAFEE0
:1083D00004E0204600F0CDF900E000BF00BF00231C
:1083E0001A4603A974480068FFF705FD0028A5D1C7
:1083F00006B070BDF8B505460F466E480068C06807
:10840000C468201DFFF716FBE069012817D1A06999
:1084100041192B463A462046FFF7D4FE01280ED1DB
:10842000002003462A46014600902046FFF7F2FE50
:1084300006461EB9F7F7FCFE00BFFEE700BF204668
:10844000616A8847F8BDF8B504460E4600F014FC92
:108450006846FFF756FF05460098A0B946B9AC42FA
:1084600006D800F059FB29462046FFF7C3FF0CE071
:10847000611B51480068FFF786FE00F04DFB20B9F4
:1084800000F0E3F801E000F047FBF8BD0146494A7F
:10849000126812680AB9012200E000220A600A6824
:1084A00022B9444A1268D268106800E00020704780
:1084B00008B500BF6846FFF7E9FF0446204600996B
:1084C000FFF7C1FFFFF733FFF4E710B500F0C3F883
:1084D0003948006890B93A48FFF774FA3948FFF70D
:1084E00071FA37483349086036483149086000223C
:1084F0000C210A20FFF7EDFA2F49086000F0B4F8CC
:1085000010BD1FB50024FFF7E0FF2B48006868B1DD
:1085100000200223CDE90030029003464FF40072A0
:1085200029A103902A4800F0B2F904461CB9F7F7D4
:108530007FFE00BFFEE7204604B010BD2DE9F047E6
:1085400006460D4617469846DDF820904DB90024A2
:108550000DB1012000E00020A0B9F7F769FE00BFCF
:10856000FEE7282000F0A4F804465CB1FFF7ADFF59
:108570002660A561E761C4F82080C4F82490201D1E
:10858000FFF72DFA2046BDE8F08770B50446264671
:1085900000F061F8706908B1012000E00020054694
:1085A00000F062F8284670BD01460A46106A70471E
:1085B000CC030020C8030020D0030020D4030020F7
:1085C000A8060020BC060020546D7220537663007C
:1085D000B1840008001F4FF080730360001F01602A
:1085E000001F0023036014380260001FDB1E0360BD
:1085F000203870472A48006842F21071B0FBF1F051
:10860000401E4FF0E021486107200861704710B517
:108610002448006840F47C0022490860084600684D
:1086200040F07C400860FFF7E5FF00201E4908602D
:10863000F7F7CCFD1D48006840F040401B4908603A
:10864000F7F7BAFD002010BD70474FF08050154974
:108650001C390860704710B5F7F7EAFD124800684A
:10866000401C1149086010BD10B50F480068401E3D
:108670000D4908600846006810B90020F7F7DFFDD3
:1086800010BD10B54FF0805006491C390860F7F74F
:10869000CFFD00F0C2F90020F7F7D1FD10BD0000BA
:1086A000A403002020ED00E0D803002034EF00E018
:1086B0002DE9F04104464FF0000800F0DDFA3D4896
:1086C000006898B93C493D4A1160002151604FF45F
:1086D00020513B4A51600021116037484FF420512E
:1086E00041601146016001203249086044B11034F4
:1086F00004F0070020B104F00700C0F108000444B2
:10870000002C31D0B4F5205F2ED22C4F38460568AE
:1087100001E02F462D686868A04202D22868002830
:10872000F7D1274885421FD0386800F11008286823
:1087300038606868001B202810D92E196868001B53
:1087400070606C6071681D4800E0006802685268E3
:108750008A42FAD302683260066000BF194968682D
:108760000968081A1749086000F0D6F94046BDE8C4
:10877000F08170B506463546B6B1103D2C4600F086
:108780007BFA61680D4800E00068026852688A421E
:10879000FAD30268226004600A49606809680844E4
:1087A0000849086000F0B8F970BD064800687047D5
:1087B00070470000F0030020D0060020DC030020FA
:1087C000E4030020EC03002010B5002407E004EBD4
:1087D0008401FE4A02EB8100FFF7F4F8641C052CCB
:1087E000F5D3FB48FFF7EEF8FA48FFF7EBF8FA4845
:1087F000FFF7E8F8F948FFF7E5F8F948FFF7E2F87E
:10880000F348F8490860F348F749086010BD2DE9BE
:10881000F04104460E4615469846069F0A22314608
:1088200004F1340000F0D2FE00213D200155052D59
:1088300000D30425E562A564201DFFF7D0F804F1FC
:108840001800FFF7CCF82461C5F10500A06164624F
:10885000BDE8F08170B505460E464C20FFF728FFB5
:10886000044694B11EB9A800FFF722FF00E030468D
:108870002063206B20B92046FFF77BFF002404E033
:10888000A900A522206B00F083FE204670BD2DE9D3
:10889000FF4F81B0804616469A46DDE90E5BB8F17F
:1088A000000F03D1F7F7C4FC00BFFEE7052D01D28E
:1088B000012000E0002018B9F7F7BAFC00BFFEE77E
:1088C00030461099FFF7C6FF0446002C64D0701E96
:1088D000216B01EB800929F0070909F0070008B9AD
:1088E000012000E0002018B9F7F7A2FC00BFFEE766
:1088F00000962A462046119B0299FFF788FF5246B0
:1089000041464846FFF766FE2060BBF1000F01D0EC
:10891000CBF80040FFF79FFEB4480068401CB34905
:108920000860B348006840B9B14804600846006870
:1089300001280CD1FFF748FF09E0AE48006830B9C4
:10894000AB480068C06AA84201D8A9480460AA4997
:10895000E06A0968884202D9A749E06A0860A74826
:1089600000682064A5480068401CA4490860A44928
:10897000E06A0968884202D9A149E06A0860E16AB0
:1089800001EB8101914A02EB8100211DFFF72AF8DA
:108990000127FFF769FE01E04FF0FF37012F09D1F2
:1089A0009448006830B192480068C06AA84201D279
:1089B000FFF74BFE384605B0BDE8F08F70B50446B2
:1089C000FFF749FE8A480068844200D1002414B9A8
:1089D0008748006800E020460546281DFFF72AF872
:1089E000A86A18B105F11800FFF724F8291D7B4883
:1089F000FEF7F8FF83480068401C824908607F4802
:108A00000068401C7D490860FFF72EFE7948006829
:108A100010B10CB9FFF719FE70BD70B57A48006847
:108A2000002873D179480068401C784908600846DE
:108A3000006868BB6B480068006808B9012000E066
:108A4000002018B9F7F7F4FB00BFFEE7654805689A
:108A50006548006863490860634805606C480068C1
:108A6000401C6B4908605F480068006808B9012035
:108A700000E0002020B14FF0FF306649086006E0BA
:108A800058480068C068C46862496068086000BFF0
:108A90005E4800685F490968884236D300BF514884
:108AA0000068006808B9012000E0002020B14FF004
:108AB000FF305849086027E04A480068C068C46829
:108AC000656852480068A84202D2524805601BE01F
:108AD000201DFEF7AFFFA06A18B104F11800FEF7E1
:108AE000A9FF4749E06A0968884202D94449E06A17
:108AF0000860E16A01EB8101344A02EB8100211D2B
:108B0000FEF770FFCBE701E000BF04E042480068D9
:108B1000401C4149086070BD70B500253A480068A6
:108B200018B9F7F785FB00BFFEE7FFF794FD36485D
:108B30000068401E3449086008460068002878D163
:108B40002A480068002874D0002621E02248C06826
:108B5000C46804F11800FEF76DFF201DFEF76AFFE0
:108B60002749E06A0968884202D92549E06A086015
:108B7000E16A01EB8101154A02EB8100211DFEF73C
:108B800031FF1B49E06A0968C96A884200D301269F
:108B90001148006808B9012000E000200028D5D065
:108BA0001D48006860B106E0FFF737FF1A4800680B
:108BB000401E19490860184800680028F4D10126B1
:108BC000012E2FD01548006801282AE0D02E002061
:108BD000342F0020482F00205C2F0020702F002011
:108BE000842F0020F8030020FC0300200404002050
:108BF000F4030020140400200C04002028040020AA
:108C000010040020000400201804002008040020A4
:108C1000240400202C0400201C0400202004002038
:108C200007E005D101250020F9490860FFF70DFD97
:108C300000BFFFF719FD284670BD10B50446F54882
:108C400000684460F4480068844207D2F148016833
:108C5000091DF2480068FEF7D3FE0CE0ED480168FC
:108C6000091DEF480068FEF7CBFEEE48006884421D
:108C700001D2EC48046010BDEB480068401CEA4992
:108C8000086070472DE9F04104460E464FF0000899
:108C90001CB9F7F7CDFA00BFFEE70EB1012000E0E6
:108CA000002018B9F7F7C4FA00BFFEE7FFF7E4FFAA
:108CB00020688519D84920680968884209D9206840
:108CC000A8420FD9D448006885420BD94FF001085B
:108CD00008E02068A84203D8CF480068854201D93F
:108CE0004FF001082560B8F1000F07D0C9480068AF
:108CF000001DFEF79FFE2846FFF79FFFFFF70CFFC2
:108D000007460FB9FFF7A1FCBDE8F08170B5044636
:108D100000267CB1FFF7B0FFBF4800680519BD48C9
:108D20000068001DFEF786FE2846FFF786FFFFF766
:108D3000F3FE06460EB9FFF788FC70BD70B5044619
:108D4000FFF789FC14B9B348006800E020460646E6
:108D5000F56AFFF789FC284670BD2DE9F047064605
:108D60000D464FF00009052D01D2012000E0002042
:108D700018B9F7F75DFA00BFFEE7052D00D304250B
:108D8000FFF769FCA3480068864200D1002616B9A7
:108D9000A048006800E030460446A76CAF4234D0DB
:108DA000BD4203D92EB14FF0010902E00EB94FF0D8
:108DB0000109D4F82C80E16AA06C884200D1E562F8
:108DC000A564C5F10500A06107EB8701974A02EB96
:108DD00081016069884213D1201DFEF72BFE944962
:108DE000E06A0968884202D99149E06A0860E16A4C
:108DF00001EB81018D4A02EB8100211DFEF7F2FD9E
:108E0000B9F1010F01D1FFF720FCFFF72DFCBDE800
:108E1000F08710B58448006818B101207C490860CB
:108E20002CE00BE08248006818B9F7F701FA00BFA0
:108E3000FEE77F480068401E7D4908607C48006866
:108E400000EB8000794951F820000028EAD07849E9
:108E5000096801EB8101754A02EB810041684968AC
:108E6000416000F1080142688A4202D141684968C4
:108E700041604168C968674A116000BF10BD70B5A4
:108E80000446FFF7E8FB63480068844200D10024F1
:108E900014B96048006800E020460546281DFEF72A
:108EA000C9FDA86A18B105F11800FEF7C3FD291D18
:108EB0006048FEF797FDFFF7D7FB8CB95E48006866
:108EC00010B1FFF7C2FB0BE05A4800685B49096824
:108ED000884203D100204F49086001E0FFF799FF65
:108EE00070BD70B5054600262C461DB9F7F7A0F9F0
:108EF00000BFFEE74F496069884201D1012000E0D0
:108F0000002080B14E49A06A884201D1012000E0D2
:108F10000020012807D0A06A08B9012000E0002045
:108F2000012800D10126304670BD70B505461DB937
:108F3000F7F77EF900BFFEE72C4644B335480068DA
:108F4000844224D0FFF787FB2046FFF7CAFF0128A1
:108F50001BD1201DFEF76EFD3549E06A0968884285
:108F600002D93349E06A0860E16A01EB81012F4AC6
:108F700002EB8100211DFEF735FD2649E06A0968F4
:108F8000C96A884201D3FFF760FBFFF76DFB70BD34
:108F90002DE9F041054600261DB9F7F749F900BF54
:108FA000FEE72C46F7F744F907462046FFF799FFFE
:108FB000012826D11C480068F0B91649E06A096802
:108FC000C96A884201D3012000E000200646201D26
:108FD000FEF730FD1649E06A0968884202D9144953
:108FE000E06A0860E16A01EB8101104A02EB81004E
:108FF000211DFEF7F7FC04E004F118011048FEF70C
:10900000F1FC3846F7F71BF93046BDE8F081000067
:1090100020040020F403002008040020FC030020AA
:10902000F80300202C04002018040020D02E00207B
:1090300010040020842F00201404002004040020C9
:109040005C2F002010B50446206BFFF792FB2046F2
:10905000FFF78FFB10BD70B523E0FFF70DFEFD4855
:10906000006808B9012000E000200546FFF754FD24
:10907000BDB9FFF7F0FAF748C068C468201DFEF7D5
:10908000D9FCF5480068401EF3490860F3480068C1
:10909000401EF2490860FFF7E7FA2046FFF7D2FFCB
:1090A00000BFEE4800680028D7D170BD00BFFFF7B1
:1090B000D2FFEB4800680128F9D9FFF7C6FAF6E7B6
:1090C0001FB5002000900190029003464FF480727B
:1090D000E4A10390E548FFF7DAFB0446012C02D136
:1090E000FFF70FFA0446012C09D1F7F7A1F8012088
:1090F000DF4908600020DF490860FFF788FA1CB9E3
:10910000F7F796F800BFFEE71FBD10B5F7F790F828
:109110000020D7490860FFF797FA10BD10B5FFF798
:109120009AFAD4480468FFF79FFA204610BD70B53C
:10913000F7F77EF80546CF4804682846F7F77FF82A
:10914000204670BDC448006870470146002002E018
:10915000491C421C90B20A78A52AF9D080087047B1
:109160002DE9FE4381460C46164620464168496873
:10917000416000F1080142688A4202D141684968B1
:1091800041604168CF6800BF20464168496841603E
:1091900000F1080142688A4202D141684968416091
:1091A0004168CD68286BFFF7D0FF8046286CE96ADC
:1091B000334605F13402CDE900180290AEA1B34860
:1091C00000F0ECFDB149484600F0F4F9BD42DBD1B6
:1091D000BDE8FE8370B50546FFF74EFD0020287000
:1091E000ABA1284600F0E6F9AA480068441C00BF7D
:1091F000641E04EB84009A4951F8200008B901204C
:1092000000E0002040B904EB8400954A02EB8001A5
:1092100052222846FFF7A4FF002CE9D19E4800689F
:10922000006808B9012000E0002028B942229A48CD
:1092300001682846FFF794FF98480068006808B95D
:10924000012000E0002028B9422294480168284605
:10925000FFF786FF7F48006808B9012000E0002082
:1092600020B944227B492846FFF77AFF8C480068E2
:1092700008B9012000E0002020B95322884928467F
:10928000FFF76EFFFFF748FC70BD70B505460C4652
:109290001DB9F6F7CDFF00BFFEE78248016818311F
:1092A0002846FEF7ADFB7F480068001DFEF7C2FBB5
:1092B000601C30B97B480168091D7948FEF792FBB4
:1092C00005E06C48006806193046FFF7B6FC70BD33
:1092D00070B504460D461CB9F6F7AAFF00BFFEE7BD
:1092E0007048016818312046FEF77CFB6D48006825
:1092F000001DFEF79FFB5F48006846193046FFF7E8
:109300009CFC70BD70B50646F068C4681CB9F6F7E1
:109310008FFF00BFFEE704F11800FEF78BFB6248E9
:109320000068A0B9201DFEF785FB6049E06A096866
:10933000884202D95D49E06A0860E16A01EB810177
:10934000474A02EB8100211DFEF74CFB04E004F1CB
:1093500018015748FEF746FB5249E06A0968C96A96
:10936000884201D3012500E00025284670BD10B5D4
:1093700004461CB9F6F75CFF00BFFEE74D480068E5
:1093800020603C480068606010BD70B504460D4622
:109390001CB9F6F74DFF00BFFEE71DB9F6F748FF11
:1093A00000BFFEE7FFF757F92868401C08B9002600
:1093B0001FE0404920680968884206D02D4960684E
:1093C0000968884201D8012613E02A4960680968C3
:1093D000081A296888420BD22868264A61681268F0
:1093E000511A401A28602046FFF7C1FF002600E00E
:1093F0000126FFF739F9304670BD01202E4908607B
:109400007047014611B10A46506C00E000207047D9
:1094100008B10246516470472249086870471449F0
:10942000096809B9002005E01F49096809B9012048
:1094300000E00220704770B505462C464DB1194931
:10944000E06A0968C96A884265D216480068C06A3D
:1094500034E060E0702F00200404002000040020AD
:10946000D02E002049444C4500000000AD9000087B
:109470001404002008040020257309092563092528
:10948000750925750925750D0A000000982F002023
:109490000D0A00000C040020F8030020FC0300204B
:1094A000842F0020F4030020180400201004002062
:1094B0005C2F00202404002020040020C0F10500BF
:1094C000A061E16A01EB8101254A02EB810160693B
:1094D000884201D1012000E00020C0B1201DFEF72C
:1094E000A9FA20480068C06AE0621F49E06A09687A
:1094F000884202D91C49E06A0860E16A01EB8101F7
:10950000174A02EB8100211DFEF76CFA03E01548B3
:109510000068C06AE06270BD70B505462C46EDB1CA
:10952000A16CE06A884219D0201DFEF783FAA06C76
:10953000E062E06AC0F10500A0610B49E06A0968D9
:10954000884202D90849E06A0860E16A01EB8101BA
:10955000034A02EB8100211DFEF744FA70BD0000B2
:10956000D02E0020F40300201004002040EA010364
:109570009B0703D009E008C9121F08C0042AFAD2C9
:1095800003E011F8013B00F8013B521EF9D270478D
:10959000D2B201E000F8012B491EFBD27047002235
:1095A000F6E710B513460A4604461946FFF7F0FFE2
:1095B000204610BD421E12F8013F002BFBD111F8CE
:1095C000013B02F8013B002BF9D1704710B504466E
:1095D00004E00B7800F8013B03B1491C521EF8D29D
:1095E000204610BD421C10F8011B0029FBD1801A37
:1095F000704710B5002200E0521C835C8C5CA342D3
:1096000001D1002BF8D1D8B2E1B2401A10BD2DE93A
:10961000FE4F804681EA0300C00F0C46009021F007
:10962000004123F00045B8EB0200A94105D24046B5
:10963000214690461C460B46024623F0004010434C
:1096400047D0270DC7F30A00C3F30A510290401A0E
:10965000019040286BDAC3F3130040F4801B00989C
:10966000924620B10023D2EB030A63EB0B0B019867
:109670005946C0F14002504600F0DEF906460D465C
:1096800050465946019A00F0F6F910EB0800614186
:10969000002487EA115284EAE7731A4340D0009A03
:1096A00062B3019A012A4FEA075215DC001B61EBF5
:1096B00002014FF0004202EA0752CDE90042001CCD
:1096C00041F5801132462B4600F02DFA03B0BDE87B
:1096D000F08F40462146F9E7001B61EB0201001CB8
:1096E00041F5801300185B412018A2F5001747EBE5
:1096F000030140EAD570B6196D4111E06D084FEADB
:10970000360645EAC0754FEA0752001B61EB0201BD
:10971000001C41F5801149084FEA30000019514101
:1097200032462B4603B0BDE8F04F00F0EDB900988B
:10973000012240000023D0EB020263EBE0730098AB
:1097400021464FEAE074B8EB000061EB0401E9E761
:1097500083F000435BE781F0004158E72DE9FE4FBD
:1097600081EA030404F0004421F0004100944FF02A
:10977000000B23F0004350EA01045ED052EA0304D8
:109780005BD0C3F30A54C1F30A552C44A4F2F3345A
:109790000194A0FB0254C1F3130141F48011C3F3FF
:1097A000130343F4801301FB024400FB034E840ABD
:1097B000970A44EA815447EA8357A4FB0768029555
:1097C0008D0A05FB07854FEA932C04FB0C542705F3
:1097D000029D4FEA065847EA1637B5EB08056EEBCF
:1097E000070C870E920E47EA811742EA8312A7FB05
:1097F0000201B6EB0B0164EB00042B0D43EA0C33C2
:109800005E1844EB1C50DA465146E7FB0201C5F3F3
:1098100013044FEA0B3343EA14534FEA0432019C1A
:1098200043EA0603A4F10C040294009CCDE900B4C1
:1098300000F079F903B0BDE8F08F00200146F9E7A8
:109840002DE9F04D81EA030404F0004B21F00045BE
:1098500014464FF0000A23F0004150EA050220D0E0
:1098600054EA01021DD0C5F30A570246C5F313039B
:10987000C1F31300C1F30A5640F4801543F480137A
:10988000A7EB0608101BD64608F2FD3873EB05005F
:1098900002D308F1010801E092185B41B8F1000F12
:1098A00003DA00200146BDE8F08D00204FF480115E
:1098B000064684460EE0171B73EB050705D3121B03
:1098C00063EB050306434CEA010C49084FEA3000FC
:1098D00092185B4150EA0107EDD152EA030012D021
:1098E00082EA040083EA0501084305D0101BAB415E
:1098F00006D20122002306E000224FF0004302E0DE
:109900006FF0010253101AEB06004CEB085110EBFC
:109910000A0041EB0B01BDE8F04D00F0F5B80EB5C3
:10992000C10F80EAE0700844CA07002140F23343C7
:109930008DE80E000A460B4600F0F5F803B000BDB6
:1099400070B5C1F30A5201F000450024C1F31301C0
:1099500040F2FF3341F480119A4201DA002070BDD9
:1099600040F233439A42A2F2334203DC524200F007
:1099700072F800E090402C43F1D0404270BD00F0FE
:10998000004230F000400AD0C10D01F56071C0F313
:10999000160042EA0151C2084007114370470020F7
:1099A0000146704730B5041E71F1000404DB4FF02E
:1099B0000044404264EB0101141E73F1000405DB16
:1099C0001C464FF00043524263EB0403994208BF28
:1099D000904230BD01F0004330B421F0004150EA24
:1099E000010206D00A0DA2F56072C1F31301002A2C
:1099F00002DC30BC00207047440F44EAC104C100BF
:109A0000E01830BC00EBC25000F047B830B50B4650
:109A1000014600202022012409E021FA02F59D429E
:109A200005D303FA02F5491B04FA02F52844151E72
:109A3000A2F10102F1DC30BD202A04DB203A00FA59
:109A400002F1002070479140C2F1200320FA03F395
:109A5000194390407047202A04DB203A21FA02F093
:109A60000021704721FA02F3D040C2F12002914058
:109A7000084319467047202A06DBCB17203A41FAE3
:109A800002F043EAE07306E041FA02F3D040C2F18B
:109A9000200291400843194670470029A8BF70472B
:109AA000401C490008BF20F00100704710B4B0FA14
:109AB00080FC00FA0CF050EA010404BF10BC7047AF
:109AC00049B1CCF1200421FA04F411FA0CF118BFC9
:109AD000012121430843A3EB0C01CB1D4FEA006198
:109AE0004FEA102042BF002010BC704700EBC3506B
:109AF00010440029A4BF10BC7047401C490008BF97
:109B000020F0010010BC704710B5141E73F1000462
:109B100008DA401C41F1000192185B411A4301D15F
:109B200020F0010010BD2DE9F04D92469B4611B189
:109B3000B1FA81F202E0B0FA80F220329046FFF7EB
:109B40007BFF04460F4640EA0A0041EA0B015346F8
:109B50005A46084313D0114653EA010019D0C8F100
:109B600040025046FFF777FF05460E4650465946DD
:109B70004246FFF761FF084305D0012004E020467C
:109B80003946BDE8F08D0020054346EAE0762C43D7
:109B900037430A986305E40AA0EB08000022FD0A97
:109BA00044EA47540A3002D500200146E9E701059E
:109BB00010196941DDE9084500196941BDE8F04D1A
:109BC000A2E72DE9F04D00231A461B1A8A4103DB58
:109BD00000200146BDE8F08DC1F30A52C1F3130124
:109BE00041F480154FF0000BD10702D100186D41F0
:109BF000521E0027044640F2FF11384601EB620A6C
:109C00003E468046024600204FF48011FFF723FFB6
:109C1000C2197141BB1846EB0100B4EB030C75EBA4
:109C2000000C04D3E41A65EB000517460E46241910
:109C300008F101006D4180463428E3DDF91946EB57
:109C40000600091BA84103D24FF0FF32134601E082
:109C5000002213461BEB070046EB0A51BDE8F04D0E
:109C6000FFF752BF2DE9FE4FC3F30A5701F000453D
:109C70000024C1F30A56C3F31303C1F3130143F4E1
:109C8000801312EB020AA64641F48011009543EBC3
:109C9000030CA7F1010B16E0B0EB0A0061EB0C011D
:109CA000071E71F1000707DA4FF00008D0EB08003B
:109CB00085F0004568EB0101171A73EB0107EBD340
:109CC000761E001849415E45F6DA50EA010209D0D5
:109CD000CDE900E5002213460296FFF724FF03B00A
:109CE000BDE8F08F20460099F9E70020704700009A
:109CF000064C074D06E0E06840F0010394E80700D9
:109D000098471034AC42F6D3F6F742FA60B3000835
:109D100080B3000870B58C1810F8015B15F00703CC
:109D200001D110F8013B2A1106D110F8012B03E0F4
:109D300010F8016B01F8016B5B1EF9D12B0705D4FC
:109D40000023521E0DD401F8013BFAE710F8013B45
:109D5000CB1A921C03E013F8015B01F8015B521E61
:109D6000F9D5A142D8D3002070BD00000FB41CB5B6
:109D70000246002007AC00290BD0491ECDE9002186
:109D8000054B6A462146069801F036F9009A0021F3
:109D900011701CBC5DF814FBB1B100080FB4084B86
:109DA00010B504A902AA039801F026F9044602A9F5
:109DB000002001F008FA204610BC5DF814FB0000FA
:109DC000C7B100084100080218BF04200A0E18BFDE
:109DD00040F001004FF07F4232EA010108BF40F03D
:109DE0000200012808BF05207047000010EE100A8D
:109DF00010B510EE901A4FF0684202EB40032DEDC3
:109E0000028BB3F1654F3CBF02EB4102B2F1654FEB
:109E10007CD200BFC0F3C753C1F3C7529A1A1B2AA2
:109E200009DD10F0004F14BF9FED6E0A9FED6E0A22
:109E3000BDEC028B10BD12F11A0F1BDA11F0004FAE
:109E400009D010F0004F0CBF9FED680A9FED680A23
:109E5000BDEC028B10BD80EE208A18EE100AFFF7D1
:109E6000B1FF042808BF00F0FFFFB0EE480ABDECC8
:109E7000028B10BD4200B2EB410F37D910F0004FFA
:109E800019BFDFED5C1A9FED5C1ADFED5C1A9FEDE8
:109E90005C1AB0EE602A0A46F1EE400A80F00041FA
:109EA000B0EE420A10460A1A5200B2F1807F34D254
:109EB000484010F0004FDFED532A9FED533A1DBF8D
:109EC000BEEE002A71EEE21A31EE431AB6EE002A17
:109ED00004BF71EEA21A31EE031AF0EE402A42EEF0
:109EE000602A40EE020A82EEA02A18E011F0004F2C
:109EF00004BF9FED461AF0EE411AD4D010F0004F87
:109F00001CBFDFED431A9FED431A00E026E004BFBB
:109F1000DFED411A9FED411AC5E780EE202A22EEBF
:109F2000020ADFED3F0ADFED3F2ABDEC028B40EE77
:109F3000202ADFED3D0A40EE220ADFED3C2A40EE0A
:109F4000202ADFED3B0A40EE220A22EE000A00EE54
:109F5000201A31EE020A30EE210A10BD4FF07F4286
:109F6000B2EB400F28BFB2EB410F05D2BDEC028B24
:109F7000BDE8104000F065BF40EA01035B0008BF88
:109F800041F0FF410BD0B2EB400F08BFB2EB410FE5
:109F900008D120F0804000EE100A21F0804100EE50
:109FA000901A37E7B2EB400F12BF5FEA410240F070
:109FB000FF4001F000413FF42DAF4A0092EA400318
:109FC0003FF528AF002AACBF9FED1A1A9FED1A1A71
:109FD00020EE010A60EE810A10EE100A10EE901ACF
:109FE00018E70000DB0FC9BFDB0FC93FDB0F49409B
:109FF000DB0F49C00000C9BF22AAFDB90000C93F5C
:10A0000022AAFD390060ED3EC30ACE3700000000F1
:10A01000000049C022AA7DBA0000494022AA7D3A28
:10A020002DAD65BD8FB8D53D0FB511BE61C84C3E95
:10A03000A8AAAABE0000804F0000802F10EE101AC0
:10A0400008B5444A6846B2EB410F28D94FF0E640C4
:10A05000B0EB410F94BF00204FF0FF30009000980C
:10A06000002861DB60EE000A10F0010F45D010F00F
:10A07000020FDFED391A9FED391A00EEE11ADFED1C
:10A08000381A40EE811A21EEA01AF0EE400A40EE96
:10A09000010A08BFF1EE600AB0EE600A08BD314B5C
:10A0A00021F0004293423CD911F0004FDFED2E0A1F
:10A0B00020EE201ADFED2D0A19BF31EE601A71EE85
:10A0C000200A31EE201A71EE600ABDEEE01A11EEA0
:10A0D000100A9FED271A00F0030000EEC10A9FED61
:10A0E000251A009000EEC10A9FED231A00EEC10A66
:10A0F0009FED221A00EEC10AB1E79FED211A9FEDF4
:10A10000210A10F0020F00EE810A9FED1F1A00EEE7
:10A11000801AB7EE000A00EE810A18BFB1EE400ABD
:10A1200008BD00F0A9FE9AE710EE100A4000B0F159
:10A130007F4F3CBFB7EE000A08BD07D14FF00100CA
:10A1400000F054FFBDE8084000F07EBEBDE80840C6
:10A1500000F074BEB61F927E336D4C39DA82083C33
:10A16000A0AA2ABE490E494683F9223F0000004BAF
:10A170000000C93F00A0FD390020A2331A61342C31
:10A18000B93AB2BACA9F2A3DDDFFFFBE10B510EE44
:10A19000104A4FF019406849002200EB44002DEDB1
:10A1A000028B884257D8DFED650A14F0004F60EE4D
:10A1B000200A14BFBEEE001AB6EE001A71EE200A95
:10A1C000FDEEE00A10EE900A00EE900AF8EEE00ACA
:10A1D0009FED5B1A00EEC10A9FED5A1A00EEC10A0C
:10A1E000DFED590A9FED591A00EE201ADFED580AEB
:10A1F00040EE010A9FED571A574B00F0030100EEA5
:10A20000201A21EE000A7B4403EB8103D3ED000A00
:10A21000524B7B4403EB810393ED001A504B41EE0C
:10A22000000A7B4403EB8101801091ED000A70EE7F
:10A23000800AEABB00EE100AB8EEC01ADFED491A38
:10A240009FED490ABDEC028B01EE210ABCEEC00A6B
:10A2500020EE200A10BD4FF0FF40A0431BD04FF06E
:10A26000CE40B0EB440F82BFB7EE000ABDEC028BCC
:10A2700010BD3E48B0EB440F28BF012293D202200C
:10A2800000F0B4FE14F0004F15D0BDEC028BBDE819
:10A29000104000F0E9BD14F5000F02BF9FED340A35
:10A2A000BDEC028B10BDBDEC028BBDE8104000E0A0
:10A2B00007E000F0C3BDBDEC028BBDE8104000F02C
:10A2C000CBBD00EBD07359104FF07E5202EBC15161
:10A2D00000EE101AA0EB630002EBC05060EE200A03
:10A2E00000EE100A20EE208A18EE100A88B118EE4F
:10A2F000100AB0F1FF4F15D018EE100AFFF762FDFB
:10A30000042808BF00F0B0FDB0EE480ABDEC028B97
:10A3100010BD022000F06AFEBDEC028BBDE81040CB
:10A3200000F0A2BD022000F061FEBDEC028BBDE892
:10A33000104000F091BD00000000501E3BAAB84044
:10A340000070313EF4FD053712BB2A3D12BB2A3E98
:10A35000FFFFFF3EFFFF7F3F161100001A110000B4
:10A36000EA1000000000004B00007E4E0000A085B7
:10A370000000000010B52DED040B86B09DED060B1E
:10A3800010EE100A10EE901A8DED000B002818BF89
:10A390000120084320F00040C0F17F6000F1E04060
:10A3A000C00F21D19DED080B10EE101A10EE900A8F
:10A3B0008DED000B002918BF0121084320F000405B
:10A3C000C0F17F6000F1E040C00F0DD1294907982E
:10A3D000B1EB400F04BF0698002842D00998400016
:10A3E00004BF089800283CD09DED080B53EC102BBF
:10A3F0009DED060B51EC100BFFF734FCCDE902018B
:10A400009DED020B40F2FF7110EE900A8DED000BF6
:10A4100031EA105021D00798039900F0004001F074
:10A420000041884219D09DED080B8DED040B9DED88
:10A43000020B8DED000B10EE900A059961F31E00E2
:10A4400005909DED041B9DED020B51EC110B53EC9F
:10A45000102BFFF780F9CDE902019DED020B0AB048
:10A4600010BD012000F0C2FD0AB0BDE8104000F0B0
:10A47000CBBC00000000E0FF10B510EE100A2DED7F
:10A48000068BB7EE001A10EE901AB0EE418A002249
:10A49000A0F5000CDFEDFE9A4FF00073BCF1FE4F0B
:10A4A0004FF07F4403EB410C80F0B481BCF1804F4E
:10A4B000C0F02082F74901449FEDF73AB1F5005F03
:10A4C00040F2D48200F58021CB0C03F00F0101EEA5
:10A4D000901AC3F307137F3BA0EBC350B8EEE12AF9
:10A4E00000EE100A1A44DFEDED2AF0EE411A42EEBA
:10A4F000221AF0EE613A70EE232A30EE632A12EE51
:10A50000900A00F500606FF30B0001EE900A73EE05
:10A51000E13A33EE804AC1EE223A22EE230A10EEEF
:10A52000100A00F500606FF30B0000EE100A00EE59
:10A53000612A00EE442A62EE232A70EE221A21EEEE
:10A54000A12ADFEDD73A02EE233A23EE023A20EEBB
:10A55000012A22EE811A03EE211A32EE010A10EED0
:10A56000100A00F500606FF30B0000EE100A72EEA7
:10A57000401A31EE812A9FEDCB1A60EE011A9FED51
:10A58000CA1A20EE011A9FEDC90A02EE001A31EE36
:10A59000810A10EE100A00F500606FF30B0000EE68
:10A5A000100AC34871EEC01A31EE812A784400EBDC
:10A5B000C10090ED003AD0ED011A100101EE100A31
:10A5C000F8EEC12A32EE211A31EE001A31EE031AEA
:10A5D00031EE221A11EE100A00F500606FF30B0045
:10A5E00009EE100A39EE621A31EE431A31EE400AD2
:10A5F00030EE610A32EE40AA10EE900A002100F51A
:10A6000000606FF30B0008EE900A084670EEE8AAAF
:10A61000FFF76BFB29EE280A00F00C01F0EEC00AF0
:10A6200010EE900AB0F18B4F0DDD10EE900AB4EBF6
:10A63000400F08D310EE100A4FF08B4262F31E0059
:10A6400008EE900A13E069EE2A0A38EEAA1A4AEEDA
:10A65000010A30EE201A11EE100A00F500606FF3C7
:10A660000B0008EE900A30EE680A70EE209A0C207B
:10A67000FFF73BFB38EEA90AB5EEC00AF1EE10FA7F
:10A6800034BFFEEE000AF6EE000A30EE800ABDEEA0
:10A69000C00A10EE100A011100EE101AF8EEC00AFE
:10A6A00000EE100AB8EEC00A38EEC00A30EE290AF1
:10A6B000DFED801A9FED801A00EE211ADFED7F1A80
:10A6C0007F4900F00F0040EE011A21EE800A794424
:10A6D00001EB800191ED001A7A49794401EB800188
:10A6E000D1ED001A784901EE801A794401EB80001F
:10A6F000764990ED000A31EE001AB0EEE00A10EE55
:10A70000100A884215DA10EE100AB4EB400F10D38D
:10A710009FED6F0A30EE800ADFED6E0A20EE200A10
:10A7200068EE010ABDEC068BBCEEC00A20EE200AE2
:10A7300010BD10EE100A6849884243DA10EE100A84
:10A74000B4EB400F3ED3BDEEE00A68EE010A10EE16
:10A75000100A00EBD0725110C90501F17E5100EED4
:10A76000101AA0EB6200C00560EE200A00F17E50D6
:10A7700000EE100A60EE808A18EE900AB4EB400FEB
:10A780000FD1022000F032FC00F066FB10EE101A30
:10A7900018EE100ABDEC068B61F31E0000EE100AE5
:10A7A00010BD18EE900A400011D018EE900AFFF785
:10A7B00009FB042808BF00F057FBB0EE680ABDECA7
:10A7C000068B10BDF5EEC00AF1EE10FA0FD2022092
:10A7D00000F00CFC00F048FB10EE101A18EE100A06
:10A7E000BDEC068B61F31E0000EE100A10BD0220C6
:10A7F00000F0FCFB00F030FB10EE101AB0EE480A3F
:10A8000010EE100ABDEC068B61F31E0000EE100A7C
:10A8100010BD00BFBCF1804F6CD300BF00F1FF43FF
:10A82000B3F1FE4F24D200BFB0EEC00A10EE100A02
:10A83000C1F3C7537F2B0DDB972BBFF63BAEC3F1A4
:10A8400096034FF0010C0CFA03F3A3F1010C1CEA80
:10A85000010F08D0012000F0C9FBBDEC068BBDE85C
:10A86000104000F0F1BA0B4218BFBFEE008A21E69B
:10A8700043001CBF4FF08073B3EB400F34D96FF02F
:10A880001A02DFED161A20EE210A10EE100A27E058
:10A8900000000000001080C0ABAAAA3E0000803D6E
:10A8A0007EE24C3E00B03842D49AB8BB3BAA384254
:10A8B000200C0000FC596337C9FF753A1872313D0E
:10A8C000BE0B0000F20B0000620B00000000FC4217
:10A8D0000000FE420000004B000040430000004D1D
:10A8E00010F0004FA0D1E5E5A0F50003B3F1FE4F55
:10A8F00021D2DFE503EB4103B3F1007F11D3F5EE85
:10A90000C00AF1EE10FA05D1430018BFB4EB400FB6
:10A9100076D883E701F0004141F0FC5100EE901A37
:10A920007CE7B3F1807F06D210EE903AA3F50003E6
:10A9300000EE903A72E720F000426FF0FF4C604C5E
:10A9400002EB0C03A34210D321F000439C44A44526
:10A950000BD3B0F17E5F18BF5FEA410C50D0B2F16B
:10A96000FF4F98BFB3F1FF4F05D9BDEC068BBDE893
:10A97000104000F066BAB0F1FF4F0FD0C1F3C752DC
:10A980007F2A09DB972A11DAC2F19602012303FA22
:10A9900002F2531E0B4205D0002208E011F0004FD6
:10A9A00055D128E00A4218BF012200D1022210F539
:10A9B000000F13D028B3B0F1004F26D010F1814F13
:10A9C0004FD04FF0FE42B2EB400F94BF0120002069
:10A9D000012202EBE171884239D10CE011F0004F05
:10A9E00002D0012A38D032E0012A02BF9FED350A99
:10A9F000BDEC068B10BD9FED340ABDEC068B10BD7F
:10AA00002FE011F0004F0CD121E0B1F1FF4F1ED02B
:10AA100011F5000F05D011F0004F15D00AB1012A31
:10AA200008D0022000F0E2FABDEC068BBDE8104031
:10AA300000F0FAB9022000F0D9FA00F0F5F9BDEC07
:10AA4000068BB1EE400A10BD0AB1012A04D0B0EE67
:10AA5000690ABDEC068B10BDBDEC068B9FED1B0A91
:10AA600010BDBDEC068BB7EE000A10BD30EE410AFA
:10AA7000B5EE001A9FED172A00EE413AB6EE001A25
:10AA800060EE001A00EE431A61EEC11A9FED101A33
:10AA900020EE011A20EE020A9FED0F2A01EE820A33
:10AAA00071EE001A11EE900A00F500606FF30B00D2
:10AAB00009EE100A31EE491A31EE00AA9CE50000B9
:10AAC000FFFF3F00000080FF0000807F000000804B
:10AAD00000B0B841D49A38BB3BAAB84100B510EEDB
:10AAE000101A2DED028B81B0524A6846B2EB410F2D
:10AAF0002ED94FF0E640B0EB410F94BF00204FF04D
:10AB0000FF3000900098B0EE408A00286ADB10F019
:10AB1000010F4BD068EE080A9FED471A9FED470AD8
:10AB200000EE810A9FED461A10F0020F00EE801A27
:10AB3000B7EE000A00EE810A02BF01B0BDEC028B45
:10AB400000BD00BF01B0B1EE400ABDEC028B00BDFC
:10AB50003C4B21F00042934241D911F0004FDFED10
:10AB60003A0A20EE201ADFED390A19BF31EE601AD9
:10AB700071EE200A31EE201A71EE600ABDEEE01A85
:10AB800011EE100A9FED321A00F0030000EEC10A28
:10AB90009FED301A009000EEC10A9FED2F1A00EED3
:10ABA000C10A9FED2E1A00EEC10AABE728EE080A93
:10ABB0009FED2B1ADFED2B0A10F0020F40EE410A39
:10ABC0009FED291A00EE201A61EE000AB0EE480A45
:10ABD00008EE200AB6D101B0BDEC028B00BD00F03A
:10ABE0004BF98FE718EE100A4000B0F17F4F0DD2FD
:10ABF00018EE100AFFF7E6F8042808BF00F034F951
:10AC0000B0EE480A01B0BDEC028B00BD09D10120B5
:10AC100000F0ECF901B0BDEC028B5DF804EB00F044
:10AC200013B901B0B0EE480ABDEC028B5DF804EB3D
:10AC300000F004B9B61F927EB93AB2BACA9F2A3D53
:10AC4000DDFFFFBE490E494683F9223F0000004B5D
:10AC50000000C93F00A0FD390020A2331A61342C46
:10AC6000336D4C39DA82083CA0AA2ABE00B52DED1E
:10AC7000048BB0EE409AF0EE609A83B051EC190B61
:10AC8000FEF79FFF41EC180B18EE100A18EE901A11
:10AC90008DED008B002818BF0120084320F00040F4
:10ACA000C0F17F6000F1E040C00F14D019EE101A1F
:10ACB00019EE900A8DED009B002918BF0121084371
:10ACC00020F00040C0F17F6000F1E040C00F04BF01
:10ACD000012000F08BF9B0EE480A03B0F0EE680AEC
:10ACE000BDEC048B00BD10B52DED028BB1EEC08A1A
:10ACF00018EE100A20F00040C0F1FF40C00F0AD04B
:10AD000010EE100A20F00040C0F1FF40C00F04BF59
:10AD1000012000F06BF9B0EE480ABDEC028B10BDCB
:10AD200010B510EE104A2DED028B4FF07F40B0EEC3
:10AD3000C08AB0EB440F55D318EE101A2C4A91423A
:10AD400020DD18EE101AB0EB410F1BD318EE101ACD
:10AD5000284AF7EE008A914207DD18EE101AB0EB90
:10AD6000410F28BFB0EE680A35D238EE080AFFF767
:10AD70000DFA70EE280AB0EE001A81EE200A38EEC5
:10AD8000C00A28E018EE101AB1F1665F0FDA18EE6B
:10AD9000101AB0EB410F0AD318EE100AFFF712F8A1
:10ADA000042808BF00F060F8B0EE480A13E028EE6F
:10ADB000080ADFED110ADFED111A9FED111A40EEBE
:10ADC000210A60EE800A30EE010A80EE801AB0EEB1
:10ADD000480A08EE010A002CB8BFB1EE400ABDECEB
:10ADE000028B10BDBDEC028BBDE8104000F026B810
:10ADF000549F0C3FB32C1041C6E252BFB2117BBB33
:10AE00001A2A1E40000000009FED050B10B553EC00
:10AE1000102B51EC100BFEF713FD41EC100B10BD85
:10AE20000000000000000000DFED030AB7EE001A8A
:10AE300081EE200A704700000000000030EE000A9A
:10AE4000704730EE200A7047DFED020A80EEA00A5C
:10AE500070470000000000009FED020A20EE000A8B
:10AE600070470000000000709FED020A20EE000A0B
:10AE700070470000000000102DE9F0014FF07F4204
:10AE8000B2EB410F9FBF4FF0FF310160BDE8F00111
:10AE900070474FF0004242EA0123C1F3C752783AAB
:10AEA000551112F01F0C434CCCF120067C44C1F329
:10AEB000C752A2F178024FEA621204EB820254F800
:10AEC000254008BFD2E9015612D0556804FA0CF4A7
:10AED00025FA06F73C43976805FA0CF527FA06F8B9
:10AEE000D26807FA0CFCF24045EA08054CEA020673
:10AEF000A4FB034CA5FB0352A6FB03631D449D4228
:10AF000034BF012600261319334416B1934202D9E7
:10AF100003E0934201D2012200E00022624402F1E8
:10AF2000200C9206DC0C42EA443200EE102A5B034D
:10AF3000DFED210AF8EEC01A00EE103A4FEA9C1C31
:10AF400011F0004FB8EE400AC0F800C020EE201A01
:10AF500000EE105ADFED190AB8EE400A20EE200A82
:10AF600071EE810A70EE800A10EE902A02F50062FE
:10AF70006FF30B0200EE902A70EEE11A31EEC11A67
:10AF8000DFED101A30EE411A9FED0D0A20EE800A17
:10AF900001EE210A9FED0C1A00EE810A04BFBDE804
:10AFA000F0017047CCF180510160BDE8F001B1EED5
:10AFB000400A704790040000000000360000802C1A
:10AFC00022AAFD29DB0FC92F0000C92F02E008C803
:10AFD000121F08C1002AFAD170477047002001E013
:10AFE00001C1121F002AFBD170470000014908600F
:10AFF00070470000300400202DE9FF4F8BB09A46C7
:10B000000F460546002606E025280BD052460D992E
:10B0100090476D1C761C28780028F5D10FB030467B
:10B02000BDE8F08F0024A0460122604900E00443FF
:10B0300015F8013F203B02FA03F00842F7D12878C7
:10B040002E2817D115F8010F44F004042A280ED039
:10B050006FF02F022878A0F1300109290AD808EBF7
:10B06000880102EB410100EB01086D1CF2E757F883
:10B07000048B6D1C287869283ED006DC0028CDD0D2
:10B0800063280BD0642804D136E0732810D07528CB
:10B090004BD052460D999047761C85E017F8040B6B
:10B0A0008DF8000000208DF80100E946012003E042
:10B0B00057F8049B4FF0FF3061074FF0000401D4B4
:10B0C0000AE0641C44450DDA8442FADB19F80410E6
:10B0D0000029F6D106E0641C8442FCDB19F8041058
:10B0E0000029F8D1264404E019F8010B52460D99C5
:10B0F0009047641EF8D257E001CF4FF00A0B0028AA
:10B1000002DA40422D2102E0210504D52B218DF8E1
:10B110002410012103E0E10705D02021F7E70DF11C
:10B12000200908910CE00021F9E701CF4FF00A0B4C
:10B13000F9E75946FEF76AFC01F1300209F8012DE2
:10B140000028F6D1ADEB090000F1200B600701D417
:10B150004FF00108D84502DDA8EB0B0000E000200D
:10B160008046002406E009A85246005D0D999047EC
:10B17000641C761C08988442F5DB04E030205246BB
:10B180000D999047761CB8F10001A8F10108F5DC93
:10B1900005E019F8010B52460D999047761CBBF15A
:10B1A0000001ABF1010BF4DC6D1C34E70928010050
:10B1B0004A68002A06D00A68531C0B601070486861
:10B1C000401E486070470A68531C0B60107070473F
:10B1D00000000000000000000000B33FB2BE7D3A56
:10B1E00000002E40DFCF513800007E40BF51FABA38
:10B1F00000E0A44019DAC3BA00E0C840C2ED8AB941
:10B200000040EB40CD1F2CBA001006412AFFFABACD
:10B2100000C01541DFCFD13700D024419A97703A52
:10B220000050334189478E3600404141E75B9D38ED
:10B2300000B04E41C00A98B900A05B41558F943AC6
:10B2400000306841DA92C0BA0040744162B3C63A35
:10B250000000803F00A0853F00908B3F00C0913FE1
:10B260000030983F00F09E3F00F0A53F0050AD3FFA
:10B270000000B53F0000BD3F0060C53F0020CE3F4D
:10B280000040D73F00C0E03F00C0EA3F0020F53F4C
:10B29000000000007D36AC397D3C3839EBDCF438F9
:10B2A000320A7E39124C26399B6AED39A4EE833975
:10B2B0007F661E39F6398A392B426539A4821139E5
:10B2C0005B991F39C3EECD39DDE7C637A5A22F390B
:10B2D0000000803FC3AA853FC2958B3FD3C3913FF7
:10B2E000F037983F32F59E3FD7FEA53F3F58AD3F20
:10B2F000F304B53FA408BD3F2A67C53F8C24CE3F69
:10B30000FD44D73FDFCCE03FC7C0EA3F7D25F53F96
:10B310000000803F0030983F0000B53F0040D73F1D
:10B3200000000000320A7E397F661E395B991F39A2
:10B330000000803FF037983FF304B53FFD44D73F0E
:10B34000000000006E83F9A22915444ED15727FC56
:10B35000C0DD34F5999562DB4190433CAB6351FE0F
:10B3600080B300080000002034040000149D000891
:10B3700098B40008340400208C2F0000DCAF0008D3
:10B38000411BFF01041A02041A03041A04041A05DB
:10B39000041A06041A07041A08041A09041A0A04EB
:10B3A0001A0B041A0C041A0D041A0E041A0F04A224
:10B3B000101A8440C1195701A91ACCAD233A021AB8
:10B3C0004C041AE00C1A76081AB8081A58083228E1
:10B3D0001AACDC29D01ADA101ACB041AD60D1A1CB2
:10B3E000081AB3081A0E041A18041AA4041A12141C
:10B3F000011062FA223F1A8004111A400819041A37
:10B40000A0041AC0041B20410C19041AF0042334B0
:10B41000421A700434F0429652781AC8102B164320
:10B42000573264180835FA8E3CC3F5483801127259
:10B43000054B3075040118A91C027B112D295C8F66
:10B440003E0401342342017269231C021A2C10812C
:10B45000323C320A326432C8052CDB0F4940294B9A
:10B46000690401201A90251A950423CF030312A41E
:10B470000632070240052B7A03CF499C6808020375
:10B4800004060708090CA910C11AAA010111023EFD
:08B49000281AFF014100000031
:040000050800018965
:00000001FF
