:020000040800F2
:1000000068310020C56D0008490200084B02000855
:100010004D0200084F0200085102000800000000D5
:10002000000000000000000000000000A101000826
:100030005302000800000000E5010008FB930008DF
:10004000DF6D0008DF6D0008DF6D0008DF6D000860
:10005000DF6D0008DF6D0008DF6D0008DF6D000850
:100060002F0400087B040008DF6D00080F03000860
:10007000D10200085B030008DF6D00087902000868
:10008000DF6D000881020008DF6D0008DF6D0008E9
:10009000DF6D0008DF6D0008DF6D0008DF6D000810
:1000A000DF6D000889030008A9030008DF6D000860
:1000B000AB030008CB030008EB030008DF6D00086A
:1000C000DF6D0008DF6D0008DF6D00082B040008FD
:1000D000DF6D000859020008DF6D0008DF6D0008C1
:1000E000DF6D0008DF6D0008DF6D0008DF6D0008C0
:1000F000DF6D0008DF6D0008DF6D000831030008C8
:10010000DF6D0008DF6D00080B0400082D040008F7
:10011000DF6D0008DF6D0008650300086D0300084F
:10012000DF6D0008A3020008AB020008DF6D0008C5
:10013000DF6D0008DF6D0008DF6D0008DF6D00086F
:10014000DF6D0008DF6D0008DF6D0008DF6D00085F
:10015000C7020008DF6D0008DF6D0008DF6D0008D2
:10016000DF6D0008DF6D0008DF6D0008DF6D00083F
:10017000DF6D0008DF6D0008DF6D0008DF6D00082F
:10018000DF6D0008DF6D0008DFF810D00AF0C0F95D
:1001900000480047BD6B0008AFF3008068310020C5
:1001A000234B19680868B0E8F04F80F309884FF0D6
:1001B000000080F3118870470000000003480068C9
:1001C000006880F3088862B600DF00BF08ED00E039
:1001D000DFF80C00016841F470010160704700BF56
:1001E00088ED00E0EFF30980114B1A681EF0100F44
:1001F00008BF20ED108A20E9F04F106008B54FF0DD
:10020000140080F3118809F0CEFB4FF0000080F35A
:100210001188BDE8084019680868B0E8F04F1EF082
:10022000100F08BFB0EC108A80F30988704700BF38
:10023000E0020020EFF311804FF0140181F31188E8
:10024000704780F3118870477047FEE7FEE7FEE7CE
:10025000FEE770477047704710B5884C40F2255153
:10026000204608F014FB002805D02046BDE81040C9
:10027000202108F009BB10BD8149824807F019BC54
:1002800070B5804D804C30352146284607F0EEFB96
:10029000002805D021462846BDE8704007F009BC7B
:1002A00070BD7A497A4807F004BC794810B579499D
:1002B000183007F0FEFB78484178007841EA0020CA
:1002C0007649088010BD72487549603007F0F1BB6F
:1002D00070B56C4D6D4C483D2146284607F0C6FB75
:1002E000002813D02146284607F0E3FB6D4802F0B2
:1002F0007CF900280AD16C4C0021204608F006FA4F
:100300002046BDE87040012108F000BA70BD70B50C
:100310005C4D664C603D2146284607F0A7FB00284F
:1003200005D021462846BDE8704007F0C2BB70BD2D
:1003300070B5544C5E4D48342946204607F096FB74
:10034000002809D00021204607F005FB2946204659
:10035000BDE8704007F0ADBB70BD4A484849303831
:1003600007F0A7BB0121534808F06FB810B5012171
:10037000514808F06AF841497A208880BDE8104069
:1003800001214E4808F0C2B910B54D4C012120465C
:1003900008F05BF82088C1064A48016801D5491E6B
:1003A00000E0491C016010BD704710B501218C07A9
:1003B000204608F04AF82088C1064348016801D564
:1003C000491E00E0491C016010BD10B53F4C0121E1
:1003D000204608F03AF82088C1063D48016801D55A
:1003E000491E00E0491C016010BD10B5394C0121C7
:1003F000204608F02AF82088C1063748016801D550
:10040000491E00E0491C016010BD10B5334C0121AC
:10041000204608F01AF82088C1063148016801D545
:10042000491E00E0491C016010BD7047704770B55F
:10043000042007F0BDFB00281ED02021294806F02B
:1004400010FE294D0421284606F0ECFD1A4C012827
:1004500005D00421284606F0E5FD28B109E0002179
:10046000204607F08BFC04E0204607F08BFC1F4978
:1004700008601F490420086070BD704700100140EB
:100480002080002070600240008020200088001042
:100490002864024000802010E40300200C000020AB
:1004A0000088002002040020004800402080001046
:1004B000008000280010004000140040001401409B
:1004C0000000014010000020140000200004004043
:1004D000180000200008004024010020000C00400B
:1004E0008802002000000240000C02408C02002024
:1004F000143C014070B50546002409F06FFDFE492B
:1005000002E02A5D0A55641C8442FADBBDE87040B3
:100510000121FA4807F01FBA70B5F94D06460024CC
:10052000315D00290BD0284608F016F980212846B5
:1005300008F0A3F90028F9D0641CE4B2F0E770BD1C
:1005400070B5EF4E05460024002D0DD029463046EB
:1005500008F002F98021304608F08FF90028F9D020
:10056000641CE4B2032CEFD370BD73B50C460020BD
:10057000FFF7E6FFE3A0FFF7CFFFDF482246E2A147
:1005800082380AF03FF8DC488238FFF7C5FFDFA069
:10059000FFF7C2FFDFA0FFF7BFFFD748DAA182381D
:1005A000009A0AF02FF8D44E0024D54D823E2846FA
:1005B000315D08F0D1F84021284608F05EF90028A6
:1005C000F9D0641C142CF2DBD2A0FFF7A5FFFF20AA
:1005D000FFF7B6FFFF20FFF7B3FFBDE87C40FF2029
:1005E000AEE770B505460C46C6A0FFF795FFC248BA
:1005F0002246C5A182380AF005F8BF488238FFF7C5
:100600008BFFC5A0FFF788FF2846FFF785FFC1A035
:10061000FFF782FFBDE87040FF2091E777B5BEA1EC
:1006200085B00646D1E90001CDE90001B9A000225C
:1006300000680390B3A0B04D0068283DA5F12803E1
:100640000290AD4C1146A3F13200A9549954815443
:10065000A154521CD2B21E2AF7D30A210170FF24E2
:1006600044708470C470A448A7A15038079A09F058
:10067000C9FFA14902A8503909F098FC9E4802A977
:10068000823809F093FC9C486946823809F08EFC58
:1006900099483146823809F089FC97489AA1503828
:1006A000069A09F0AFFF94495039A1F1320009F0E0
:1006B0007DFC914803A9823809F078FC8E492C70A2
:1006C0006C702839AC70A1F15A0009F06FFC8A48AF
:1006D0008238FFF70FFF08B070BD2DE9F74188465B
:1006E0008DA185B00646D1E90001CDE9000189A0C0
:1006F00000220068039083A07F4D0068283DA5F18B
:10070000280102901446A1F13200AC548C54845458
:10071000521CD2B20A2AF8D30A210170FF2747706F
:100720008770C770744878A15038079A09F06AFF3B
:10073000714902A8503909F039FC6F4802A9823882
:1007400009F034FC6C486946823809F02FFC6A488D
:100750003146823809F02AFC67484146823809F060
:1007600025FC654803A9823809F020FC2F706F70C2
:100770006149AF70EC7028392C71A1F15A0009F071
:1007800015FC5D488238FFF7B5FE08B0BDE8F08182
:1007900070B50020FFF7D4FE5AA0FFF7BDFE564803
:1007A0000D2259A1823809F02DFF53488238FFF7F6
:1007B000B3FE59A0FFF7B0FE594C2021204606F0A9
:1007C00031FC02464C4850A1823809F01BFF4A48D0
:1007D0008238FFF7A1FE1021204606F023FC0246D6
:1007E000454849A1823809F00DFF43488238FFF798
:1007F00093FE4C4D8021284606F014FC02463E48EC
:1008000041A1823809F0FEFE3B488238FFF784FEA2
:100810004021284606F006FC024637483AA18238B5
:1008200009F0F0FE34488238FFF776FE4FF40041BD
:10083000204606F0F7FB02462F4833A1823809F024
:10084000E1FE2D488238FFF767FE4FF480412046D5
:1008500006F0E8FB024628482BA1823809F0D2FEB8
:1008600025488238FFF758FE4FF40051204606F025
:10087000D9FB0246204824A1823809F0C3FE1E4855
:100880008238FFF749FE4021274806F0CBFB02469D
:1008900019481DA1823809F0B5FE17488238FFF7C4
:1008A0003BFE1CA0FFF738FEFF20FFF749FEFF20AC
:1008B000FFF746FEBDE87040FF2041E6FEB51BA1F4
:1008C0000646D1E90001CDE900011AA000210A4D38
:1008D0000068283DA5F1280202900C46A2F13200E2
:1008E0006C5454544454491CC9B23229F8D30A21D7
:1008F0000170FF2747701FE0A2030020B86002408C
:100900000050004074000000256400002E747874CC
:100910003D000000220000002E7478743D2200008B
:100920000008024000000240001002402E76616C78
:100930003D0000006A0000008770C7700022AFF21F
:100940003801FE4809F05EFEFC4902A809F02EFBC2
:10095000FA4802A9323809F029FBF84869463238CA
:1009600009F024FB3246AFF26001F44809F04AFE78
:10097000F249A1F1320009F019FB2F706F70EF49B5
:10098000AF70EC7028312C71A1F15A0009F00EFB08
:10099000EA483238FFF7AEFDFEBD2DE9FC41E84FD5
:1009A000384607F0EFF9E74D29690A2640EA014089
:1009B00090FBF6F000240190384607F0E3F929692E
:1009C00040EA014090FBF6F001990090401A00D5F2
:1009D0004042322800DA641C00980190022CEBDBC4
:1009E0000098002800DA4042BDE8FC812DE9FC4176
:1009F0004FF08047384607F0C5F9D24D69690A269D
:100A000040EA014090FBF6F000240190384607F0E0
:100A1000B9F9696940EA014090FBF6F0019900904C
:100A2000401A00D54042322800DA641C0098019038
:100A3000022CEBDB00984000D6D54042D4E72DE9EC
:100A4000FC41C14F384607F09DF9C04D696A6426E4
:100A500040EA014090FBF6F000240190384607F090
:100A600091F9696A40EA014090FBF6F00199009023
:100A7000401A00D54042322800DA641C00980190E8
:100A8000022CEBDB0098AFE710B5FFF786FF0446BA
:100A9000FFF7ACFF002C00DA6442002800DA404285
:100AA000204410BD2DE9FC41A94F384607F06AF9F2
:100AB000A44DA969642640EA014090FBF6F00024A9
:100AC0000190384607F05EF9A96940EA014090FBC1
:100AD000F6F001990090401A00D54042322800DA21
:100AE000641C00980190022CEBDB00987CE701B5B8
:100AF00081B0019800EBC00040000090002801D0B8
:100B0000401EFAE70CBD01B581B044F25061019876
:100B100048430090002801D0401EFAE70CBD2DE9A3
:100B2000FC4101211F2006F0E5FB01248DF8044063
:100B300000268DF806604FF6FF758DF807400327F5
:100B400000958DF805706946824806F005FA8DF823
:100B500004408DF806608DF8074000958DF805700B
:100B600069467D4806F0F8F98DF804408DF8066076
:100B70008DF8074000958DF805706946774806F0B6
:100B8000EBF931E77CB501217E2006F0B3FB0024B0
:100B9000C0208DF80440012500908DF807500226F2
:100BA0008DF8056069466E4806F0D6F906208DF886
:100BB000044000908DF807508DF80560694665483F
:100BC00006F0CAF904208DF8044000908DF8075013
:100BD0008DF805606946604806F0BEF97CBD1FB51A
:100BE0004FF4E06006F000F936208DF80C00002488
:100BF0008DF80D408DF80E4001208DF80F0003A8F0
:100C000006F0F7F80121102006F092FB3220ADF833
:100C10000000ADF80840ADF8024040F2E730514C1A
:100C200001906946204607F067F80121204607F049
:100C30000CFC01221146204607F0E7FB002120466C
:100C400007F09CF80121204607F0CEF81FBD1FB524
:100C50004FF4E06006F0C8F837208DF80C0000244F
:100C60008DF80D408DF80E4001208DF80F0003A87F
:100C700006F0BFF80121202006F05AFB3220ADF823
:100C80000000ADF80840ADF8024040F2E730364CC5
:100C900001906946204607F02FF80121204607F011
:100CA000D4FB01221146204607F0AFFB002120466D
:100CB00007F064F80121204607F096F81FBD70B5D3
:100CC0008AB00121022006F03DFB01210C2006F034
:100CD00011FB214E03220621304606F0C6F90322FD
:100CE0000721304606F0C1F903220821304606F0FC
:100CF000BCF903220921304606F0B7F94FF47070B1
:100D0000059002208DF8180003208DF819000024AA
:100D10008DF81A4001258DF81B5005A9304606F0C4
:100D20001BF9A420ADF81C0040F6B830089028024A
:100D3000ADF82400ADF81E4007A917E052030020CB
:100D400000000140000000200008004000010020D9
:100D5000000400400004024000080240000C024071
:100D6000000002400010004000140040FE4E3046DB
:100D700006F0C2FF6020ADF80000ADF8025002940A
:100D8000ADF80C400121304607F02EF80021304626
:100D900006F0F4FF6946304607F030F86946304601
:100DA00007F058F86946304607F090F86946304633
:100DB00007F0C6F80121304607F008FB0AB070BD05
:100DC00070B58AB00121082006F0B2FA0121084668
:100DD00006F090FAE54E02220021304606F045F971
:100DE00002220121304606F040F902221146304627
:100DF00006F03BF902220321304606F036F90F20B7
:100E0000059002208DF8180003208DF819000024A9
:100E10008DF81A4001258DF81B5005A9304606F0C3
:100E20009BF8BA20ADF81C0042F21070D04E08902A
:100E3000ADF82440ADF81E4007A9304606F05CFF2F
:100E40006020ADF80000ADF802500294ADF80C40FF
:100E50000121304606F0C8FF0021304606F08EFF23
:100E60006946304606F0CAFF6946304606F0F2FF92
:100E70006946304607F02AF86946304607F060F8C0
:100E80000121304607F0A2FA98E770B58AB0012137
:100E9000042006F04DFA01210D2006F02BFAB54E84
:100EA00002220C21304606F0E0F802220D213046E5
:100EB00006F0DBF802220E21304606F0D6F80222B8
:100EC0000F21304606F0D1F84FF470400590022013
:100ED0008DF8180003208DF8190000248DF81A40B1
:100EE00001258DF81B5005A9304606F035F8A420E1
:100EF000ADF81C0040F6B830089028029E4EADF8C0
:100F00002400ADF81E4007A9304606F0F5FE60202B
:100F1000ADF80000ADF802500294ADF80C4001218C
:100F2000304606F061FF0021304606F027FF694693
:100F3000304606F063FF6946304606F08BFF69468F
:100F4000304606F0C3FF6946304606F0F9FF35E744
:100F500070B5012188B0080406F0F4F901210846B3
:100F600006F0C8F9814E03221146304606F07DF89E
:100F700003220221304606F078F80C20009002206F
:100F80008DF8040003208DF8050000248DF806403C
:100F900001258DF807506946304605F0DDFF4FF614
:100FA000FF70764EADF808400390ADF81040ADF8F4
:100FB0000A4002A9304606F09FFE0420ADF8140056
:100FC000C820ADF81C00ADF81640ADF8185005A9C2
:100FD000304607F04BF96A4C00231A46032120469D
:100FE00007F0ADFA0121204607F02FFA0122114641
:100FF000204607F00AFA0121304606F0F5FE0021EE
:10100000204606F0BBFE08B070BD2DE9F047012177
:101010008AB0084606F08CF90121022006F088F912
:101020000121032006F066F9DFF8409101220F212B
:10103000484606F01AF8DFF84C81012203214046A9
:1010400006F013F802220421404606F00EF80222B0
:101050000521404606F009F802268DF804600327B2
:1010600038208DF80570002400908DF80640012589
:101070008DF807506946404605F06EFF8DF8046014
:10108000E8038DF8057000908DF806408DF8075044
:101090006946484605F060FF4FF6FF70ADF80C401A
:1010A00004904FF08049ADF81440ADF80E4003A90C
:1010B000484606F021FEDFF8D0A003A9504606F00E
:1010C0001BFE4FF004081420ADF81880ADF8200086
:1010D000ADF81A60ADF81C5006A9484607F0C6F8EE
:1010E00006A9504607F0C2F802231A4603214846D3
:1010F00007F025FA02231A460321504607F01FFA8B
:101100000121484607F0A1F90121504607F09DF959
:1011100001221146484607F078F90122114650464F
:1011200007F073F90121484606F05EFE01215046A2
:1011300006F05AFE0021484606F020FE00215046E7
:1011400006F01CFE780205F04FFE1D208DF8080009
:101150008DF809708DF80A408DF80B5002A805F043
:1011600048FE1C2012E00000000401400000024084
:10117000000C0040000C024000080040000001404C
:101180000040014000040240000400408DF80800C7
:101190008DF809808DF80A408DF80B5002A805F0F3
:1011A00028FE0AB0BDE8F08770B501218AB0084674
:1011B00006F0C8F80121102006F09CF84FF42060DA
:1011C000009002208DF8040003208DF80500002413
:1011D000FC4E8DF8064001258DF8075069463046D3
:1011E00005F0BAFE01220921304605F03EFF01223A
:1011F0000B21304605F039FF4FF6FF70F24EADF887
:1012000008400390ADF81040ADF80A4002A93046FE
:1012100006F072FD0420ADF814000A20ADF81C00A1
:10122000ADF81640ADF8185005A9304607F01EF885
:1012300000231A460321304607F081F90121304688
:1012400007F003F901221146304607F0DEF80121CC
:10125000304607F0FAF801221146304607F0D5F87B
:101260000121304606F0C0FD0021304606F086FD23
:101270004FF4C06005F0B8FD19208DF820008DF8FE
:1012800021508DF822408DF8235008A805F0B1FDBB
:1012900094E52DE9F0418AB00121042006F048F8D8
:1012A0000121082006F026F84FF440500226009055
:1012B0008DF8046003208DF805000024C34F8DF8DD
:1012C000064001258DF807506946384605F044FE72
:1012D0004FF6FF70DFF8F882ADF808400390ADF8E4
:1012E0001040ADF80A4002A9404606F005FD022272
:1012F0000C21384605F0B9FE02220D21384605F0D2
:10130000B4FE0427C820ADF81470ADF81C00ADF889
:101310001660ADF8185005A9404606F0A7FF022355
:101320001A460321404607F00AF90121404607F01A
:101330008CF801221146404607F067F8012140462B
:1013400006F052FD42F21071404606F017FDA0482B
:1013500014300480A8F800504FF4C06005F044FD3C
:101360001E208DF820008DF821708DF822408DF818
:10137000235008A805F03DFD0AB0BDE8F0812DE935
:10138000F0418AB00121082005F0D2FF0121084672
:1013900005F0B0FF032002268DF804608DF80500EB
:1013A00000248C4F00908DF8064001258DF80750E1
:1013B0006946384605F0D0FD4FF6FF70DFF8188219
:1013C000ADF808400390ADF81040ADF80A4002A90E
:1013D000404606F091FC02220021384605F045FE09
:1013E00002220121384605F040FE0427C820ADF84E
:1013F0001470ADF81C00ADF81660ADF8185005A9D2
:10140000404606F033FF02231A460321404607F008
:1014100096F80121404607F018F80122114640468F
:1014200006F0F3FF0121404606F0DEFC42F21071A7
:10143000404606F0A3FC684814300480A8F8005029
:101440004FF4C06005F0D0FC32208DF820008DF8FC
:1014500021708DF822408DF8235008A805F0C9FCB2
:101460008AE72DE9F0419CB001215C4805F042FF7C
:1014700001210D02284605F065FF59480024CDE9F9
:101480000040584802A94FF0080881E81101A8005F
:10149000CDE90540400007908000CDE908050AA984
:1014A0000001012581E831004F4E0D946946304618
:1014B0000E9406F017FA0121304606F04CFA032785
:1014C0003C268DF8587015968DF85B4015A941485B
:1014D00005F042FD8DF8587015968DF85B4015A902
:1014E000424805F039FD3804CDE91740B001CDE997
:1014F000194017A805F0FBFF1194129413942806C5
:10150000374C0F908DF840504C3C8DF841508DF881
:1015100050800FA9204605F0BFFF042301220221BD
:10152000204606F02EF8042302220321204606F06E
:1015300028F8042303221946204606F022F8042343
:101540001A460521204606F01CF8042305220C212A
:10155000204606F016F8042306220D21204606F048
:1015600010F8042307220E21204606F00AF804236F
:1015700008220F21204606F004F80121204606F03B
:101580007DF80121204606F06FF80121204605F084
:10159000C5FF204606F02FF81CB0EEE608B54FF464
:1015A000E06005F021FC25208DF8000000208DF87A
:1015B00001008DF8020001208DF80300684605F057
:1015C00018FC08BD0010024000000140000C024061
:1015D0000008004000000240000C004005004000F0
:1015E0004C200140D4030020106402400008024057
:1015F00070B5054696B00121102005F0A3FE01212B
:10160000084605F077FE0121880505F073FE4FF4CA
:10161000C060139002208DF8500000248DF85240D5
:101620008DF85340FC4E8DF8510013A9304605F05B
:1016300093FC07220921304605F017FD07220A21F5
:10164000304605F012FD0F95ADF844400C20F34DE7
:10165000ADF84040ADF84600ADF84240ADF8484026
:101660000FA9284606F0E1FF0121284607F04EF8B1
:101670004FF4A06005F0B8FB3A208DF854008DF8C7
:1016800055408DF8564001208DF8570015A805F0FB
:10169000B0FBE34E304606F09DF84FF0006000903E
:1016A000E048CDE902040A200490281D01900015AD
:1016B000CDE905408010CDE9084040020A900420A1
:1016C0000B9007940320CDE90C04694630460E9434
:1016D00006F008F901224021284607F0AEF8012261
:1016E0001021304606F0ACF90121304606F033F9FE
:1016F00016B070BDF0B50646012197B0480505F05B
:10170000F9FD01214D04284605F012FE01210820B3
:1017100005F0F0FD6020139002208DF850000024A9
:101720008DF852408DF85340BF4F8DF8510013A9EA
:10173000384605F011FC07220521384605F095FCD6
:1017400007220621384605F090FC0F96ADF844407C
:101750000C20B64EADF84040ADF84600ADF8424022
:10176000ADF848400FA9304606F05FFF0121304632
:1017700006F0CCFF4FF4A06005F036FB11208DF889
:1017800054008DF855408DF8564001208DF85700D3
:1017900015A805F02EFBA64F384606F01BF8A80248
:1017A000009040200390A34802903C200490301DFC
:1017B00001900015CDE905408010CDE908400420D6
:1017C000CDE90A5007940320CDE90C046946384658
:1017D0000E9406F087F801228021304607F02DF89C
:1017E00001228021304607F028F8012210213846D6
:1017F00006F026F90121384606F0ADF817B0F0BD25
:1018000070B50546012196B0880405F091FD0121CF
:10181000082005F06FFD0121480505F06BFD4FF430
:101820004070139002208DF8500000248DF8524033
:101830008DF853407C4E8DF8510013A9304605F0C9
:101840008BFB07220821304605F00FFC07220921F7
:10185000304605F00AFC0F95774EADF84040ADF8E4
:1018600044400C25ADF84240ADF84840ADF8465034
:101870000FA9304606F0D9FE0121304606F046FF9A
:101880004FF4A06005F0B0FA8DF854508DF8554033
:101890008DF8564001208DF8570015A805F0A9FADB
:1018A000634D783D284605F095FF4FF000600090AD
:1018B0005C4869461E30CDE9020408200490301DC2
:1018C00001900015CDE905408010CDE908404002A7
:1018D0000A9004200B9007940320CDE90C042846BD
:1018E0000E9405F0FFFF01224021304606F0A5FFCF
:1018F00001224021304606F0A0FF01221021284697
:1019000006F09EF80121284606F025F8F0E6F0B52D
:101910000646012197B0C80405F00AFD01210846DA
:1019200005F0E8FC0121480505F0E4FC02208DF8F3
:10193000500000248DF852408DF85340364F032557
:101940008DF85100139513A9384605F005FB0822C0
:101950000021384605F089FB08220121384605F0B0
:1019600084FB0F96ADF844400C20344EADF8404057
:10197000ADF84600ADF84240ADF848400FA93046FA
:1019800006F053FE0121304606F0C0FE4FF4A06081
:1019900005F02AFA0D208DF854008DF855408DF889
:1019A000564001208DF8570015A805F022FA204F67
:1019B000603F384605F00EFF7805009019486946EB
:1019C0000F30CDE9020408200490301D019000156D
:1019D000CDE905408010CDE90840400207940A9007
:1019E0000420CDE90C540B9038460E9405F07AFF94
:1019F00001224021304606F020FF012240213046DE
:101A000006F01BFF01221021384606F019F80121CB
:101A1000384605F0A0FFF1E600000240001001404A
:101A200040640240E4030020000C024000440040F7
:101A3000A06002404C01002000480040004C0040E3
:101A40002DE9F0418046012196B0480505F052FC91
:101A50000121080505F06CFC01210C2005F04AFC71
:101A600002258DF8405000248DF84240FA4F04269C
:101A70008DF843400F968DF841500FA9384605F078
:101A80006BFA8DF840508DF842408DF84340E802E3
:101A90008DF84150F14D0F900FA9284605F05CFAE2
:101AA00008220221384605F0E0FA08220C212846D7
:101AB00005F0DBFA4FF4A06005F096F92F208DF8C1
:101AC000540005208DF855008DF8560001208DF842
:101AD000570015A805F08DF9ADF84C400C20E04DED
:101AE000ADF84840ADF84E00CDF84480ADF84A401E
:101AF000ADF8504011A9284606F097FD012128466F
:101B000006F004FED74F384605F064FE70060090DC
:101B100040200390D448029031200490281D019069
:101B20000015CDE905408010CDE908404002CDE91F
:101B30000A0607940320CDE90C04694638460E9442
:101B400005F0D0FE01228021284606F076FE012213
:101B50001021384605F074FF0121384605F0FBFEE0
:101B600016B00AE42DE9F041054696B00121202087
:101B700005F0E8FB0121042005F0BCFB01218805EC
:101B800005F0B8FBC020139002208DF8500000240F
:101B90008DF852408DF85340B04E8DF8510013A986
:101BA000304605F0D9F908220621304605F05DFAE5
:101BB00008220721304605F058FAADF844400C20C1
:101BC000DFF8A882ADF84040ADF846000F95ADF8BB
:101BD0004240ADF848400FA9404606F026FD0121DD
:101BE000404606F093FD4FF4A06005F0FDF8392063
:101BF0008DF8540003268DF8556001258DF8565058
:101C00008DF8575015A805F0F4F8994F384605F0AF
:101C1000E1FDB8050090974802A981E8310008F17C
:101C2000040001900015CDE905408010CDE9084081
:101C3000400207940A900420CDE90C640B90694699
:101C400038460E9405F04EFE01224021404606F033
:101C5000F4FD01221021384605F0F2FE012138463C
:101C600005F079FE7CE730B585B00121082005F04C
:101C700041FB0121880305F065FB00240C208DF851
:101C80001040012503908DF8135003A9724805F008
:101C900063F90221032006F03AFE042000908DF83B
:101CA000044010208DF805008DF80650684605F0B8
:101CB0002FFF08208DF808008DF809408DF80A40A4
:101CC0008DF80B5002A805F094F805B030BD10B5A2
:101CD000012810D0032819D0042822D0052809D1C2
:101CE0005F4C204606F038FD4021204606F0C5FD39
:101CF0000028F9D010BD604C204606F02DFD402193
:101D0000204606F0BAFD0028F9D010BD5B4C2046F5
:101D100006F022FD4021204606F0AFFD0028F9D054
:101D200010BD574C204606F017FD4021204606F016
:101D3000A4FD0028F9D010BD5249002048624D4949
:101D4000891F0861504908604A49FA314862704762
:101D50004C49002048624749891F08614FF0804282
:101D600050624861494A10608861474908604149AA
:101D7000FA31486270474FF08041002048623D4987
:101D8000891F486170474149002008603949891F0F
:101D90008861704770B5374D0020AD1FE87004466C
:101DA00061210120FFF793FF3220FEF7ACFE641C97
:101DB000022CF5D30120E8707A20A87070BD70B5B0
:101DC0002C4D0020AD1F6871044661210320FFF7F0
:101DD0007EFF3220FEF797FE641C022CF5D3012013
:101DE00068717A20287170BD2DE9F14FAAB00020EA
:101DF00028908DF800008DF850001E484FF40046E2
:101E0000FA30A0F580712A9B214A144D77108C1D61
:101E10004FF480784FF480694FF4805A122B71D2BE
:101E2000DFE803F009484D5155595D61656B7175E7
:101E30007A7F87C3F3F20221104605F0F3F848B326
:101E400000223146284605F005F93146284605F0BE
:101E5000F3F8014600221EE0000C02400008024098
:101E600000500040B8600240A2030020001401406E
:101E70002864024006000020001001400048004095
:101E8000004C0040000001402408004024040040B1
:101E90000004024001E0EBA046E001223146284662
:101EA00005F0D8F83146284605F0C6F8014600226C
:101EB000ECA039E0F2480122016CF2A034E0016BA1
:101EC0000222F2A030E0416B0322F3A02CE0C16AB1
:101ED0000422F4A028E0816A0522F5A024E0C16B69
:101EE0000622F6A020E0816B0722F8A01CE0FEF796
:101EF000CBFD01460822F8A016E0FA480922017835
:101F0000F9A011E012E0016C0A22FAA00CE091F9AC
:101F100007100B22FAA007E091F908100C22FCA090
:101F200002E0416C0D22FEA0FEF778FB2BB0BDE86D
:101F3000F08F2078C0070DD00022FDA1684608F080
:101F400061FB694614A808F031F82078800703D4B3
:101F5000012202E00122F0E70022F5A1684608F024
:101F600051FB694614A808F021F82078400701D4F5
:101F7000012200E00022EEA1684608F043FB69461A
:101F800014A808F013F82078000701D4012200E01B
:101F90000022E7A1684608F035FB694614A808F05E
:101FA00005F80E2214A9E3A085E22078C00601D42A
:101FB000012200E00022DEA1684608F023FB69460A
:101FC00014A807F0F3FF2078800601D4012200E076
:101FD0000022D7A1684608F015FB694614A807F04F
:101FE000E5FF2078400601D4012200E00022D0A1C4
:101FF000684608F007FB694614A807F0D7FF207869
:10200000000603D4012202E0E5E00CE00022C8A1B2
:10201000684608F0F7FA694614A807F0C7FF1022CF
:1020200014A9C7A047E2DFF824B30121584604F001
:10203000F9FF0246BEA1684608F0E4FA694614A812
:1020400007F0B4FF0221584604F0ECFF0246B8A1A5
:10205000684608F0D7FA694614A807F0A7FF0421DC
:10206000584604F0DFFF0246B1A1684608F0CAFAFC
:10207000694614A807F09AFF0821584604F0D2FFD9
:102080000246ABA1684608F0BDFA694614A807F0FD
:102090008DFF1021584604F0C5FF0246A4A16846F2
:1020A00008F0B0FA694614A807F080FF20215846CE
:1020B00004F0B8FF02469EA1684608F0A3FA6946FC
:1020C00014A807F073FF4021584604F0ABFF024606
:1020D00097A1684608F096FA694614A807F066FFCB
:1020E0008021584604F09EFF024691A1684608F000
:1020F00089FA694614A807F059FF4146584604F08A
:1021000091FF02468AA1684608F07CFA694614A845
:1021100007F04CFF4946584604F084FF024684A16C
:10212000684608F06FFA694614A807F03FFF514669
:10213000584604F077FF02467DA1684608F062FA2F
:10214000694614A807F032FF4FF400542146584660
:1021500004F068FF024676A1684608F053FA694623
:1021600014A807F023FF3946284604F05BFF024617
:102170006FA1684608F046FA694614A807F016FFF2
:102180003146584604F04EFF024669A1684608F001
:1021900039FA694614A807F009FF2146284604F0D9
:1021A00041FF024662A1684608F02CFA694614A86D
:1021B00007F0FCFE3946584604F034FF02465CA1A5
:1021C000684608F01FFA694614A807F0EFFE0F22D0
:1021D00014A930A06FE180219346104604F02CFF33
:1021E000024653A1684608F00DFA694614A807F0A4
:1021F000DDFE4146284604F01FFF02464CA168461A
:1022000008F000FA694614A807F0D0FE4FF40071F8
:10221000284604F011FF024645A1684608F0F2F98D
:10222000694614A807F0C2FE4C464946584604F0D9
:1022300003FF02463EA1684608F0E4F9694614A887
:1022400086E00000524F424F542044414E47204305
:102250004841592053414E2058414E483A202020B1
:1022600000000000524F424F542044414E4720434B
:102270004841592053414E20444F3A20202000002D
:1022800080000020494D553A000000004C415A455D
:102290005F545241493A00004C415A455F50484111
:1022A000493A00004C415A455F5452554F433A0059
:1022B0004C415A455F5341553A0000004254204E6C
:1022C000414E47204C55413A0000000042542058EE
:1022D0004F41593A00000000454E5F544F4E473A77
:1022E000000000008801002047414D455F504144F7
:1022F0003A00000042545F424F4E473A000000004F
:1023000043425F6C696E65747261693A0000000057
:1023100043425F6C696E65706861693A0000000055
:1023200056495F5452495F424F4E473A0000000001
:10233000256400004C494E4520504841493A000070
:102340004C494E4520545241493A00000010024089
:1023500007F02CFE4FF400694946584604F06CFE25
:102360000246AFF23401684608F04CF9694614A8F9
:1023700007F01CFE55465146584604F05DFE0246E5
:10238000AFF25401684608F03DF9694614A807F019
:102390000DFE4FF40051584604F04EFE0246AFF2D7
:1023A0007001684608F02EF9694614A807F0FEFD92
:1023B0003946584604F040FE0246AFF28C016846AA
:1023C00008F020F9694614A807F0F0FD3146584698
:1023D00004F032FE0246AFF2A801684608F012F996
:1023E000694614A807F0E2FD2146FB4C204604F0A4
:1023F00023FE0246AFF2C801684608F003F96946B9
:1024000014A807F0D3FD3946204604F015FE024615
:10241000AFF2E401684608F0F5F8694614A807F041
:10242000C5FD4946204604F007FE0246AFF2001102
:10243000684608F0E7F8694614A807F0B7FDE74CCE
:102440004146204604F0F8FD0246AFF21C116846F2
:1024500008F0D8F8694614A807F0A8FD49462046B8
:1024600004F0EAFD0246AFF23811684608F0CAF8F7
:10247000694614A807F09AFD2946204604F0DCFDC1
:102480000246AFF25411684608F0BCF8694614A839
:1024900007F08CFD4021584604F0CEFD0246AFF215
:1024A0007011684608F0AEF8694614A807F07EFD82
:1024B000112214A9CAA0FEF710F937E50121CA4874
:1024C00005F049BA11B4C948016A009A914201DD88
:1024D000002101E0016A491C0162006A18BC83E422
:1024E0002DE9F0470025BC4E074601244FF4005962
:1024F0004FF480484FF4805A00224146304604F0A1
:10250000A9FD1020FEF7F3FA274201D0012200E0D6
:1025100000224946304604F09DFD012241463046E6
:1025200004F098FD1020FEF7E2FA5146304604F020
:1025300079FD00B12543600010F0FF04DCD128468E
:10254000BDE8F08770B5A44E4FF40045002229463F
:10255000304604F07FFD1020FEF7C9FA0120FFF796
:10256000BFFF4220FFF7BCFFFF20FFF7B9FFFF20AE
:10257000FFF7B6FF9D4C88342070FF20FFF7B0FFB7
:102580006070FF20FFF7ACFFA070FF20FFF7A8FFEF
:10259000E070FF20FFF7A4FF2071FF20FFF7A0FFEE
:1025A000607129463046BDE87040012204F052BDFA
:1025B00070B5894E4FF4004500222946304604F09C
:1025C00049FD1020FEF793FA0120FFF789FF422012
:1025D000FFF786FF044601222946304604F03AFD03
:1025E0001020FEF784FA204670BD814A0021516414
:1025F000C2797E4988310D2A0AD0EF200870FF2069
:1026000048708870C87008714871887100207047E0
:1026100002780A7042784A7082788A70C278CA70EA
:1026200002790A7142794A71807988710120704774
:102630006E486F4988300278FF2A05D14278FF2A18
:1026400002D18278FF2A09D04A6C531C4B64C82AF5
:1026500003DDFF21017041708170704700204864E4
:1026600070476248883080797047604888300078C9
:10267000400601D401207047002070475B48883035
:102680000078800701D4012070470020704770B5A2
:10269000574B0025012693F8784003F5A6730028D0
:1026A00003D004DDD8709E7005E0DC7003E0C0F15B
:1026B0000000D8709D70002903D004DDD9729D728E
:1026C00005E0DC7203E0C1F10000D8729E72002ABE
:1026D00003D004DDDA719D7170BDDC7170BDC2F193
:1026E0000000D8719E7170BD40494C31C870C872ED
:1026F000C87170473E490120486770473B484C30DD
:10270000C178032907D2C17A032904D2C0790328EA
:1027100001D2012070470020704734488038006A99
:10272000A0F5EA41303901D0012070470020704700
:10273000FFF730BB2E48B0F90C00404270472C48E0
:10274000B5EEC00AD0ED130AF1EE10FA02D230EE67
:10275000600A01E030EE200ABDEEC00A10EE100A59
:10276000704710B5041E2DED068B20489FED21AB60
:102770009FED229BA0F1800011D0C06814DA07F011
:10278000BCFD41EC180B204607F0B7FD53EC1A2BAB
:1027900007F0D2FC53EC192B07F0C8FC13E09FEDB7
:1027A000190ABDEC068B10BD07F0A7FD41EC180B14
:1027B000204607F0A2FD53EC1A2B07F0BDFC53ECAA
:1027C000192B07F012FC53EC182B07F027FD07F02C
:1027D000B8FD00EE100AE4E7000C024000000240E1
:1027E0004F55543A00000000A06002400001002054
:1027F000000000209A9999999999B93F333333335E
:102800003333D33F00000000B5EEC00AF1EE10FAFA
:1028100001DAB1EE400A7047002800DA4042704702
:10282000FD4991ED1B0AD1ED1C1AF1EE400A80EE34
:10283000A11A00EE900AF8EEE00A01EE200ABDEEC1
:10284000C00A10EE100A7047F0EE401A9FEDF30A2E
:10285000F5EEC01AF1EE10FA01D2F1EE611AF5EEC2
:10286000C00AF1EE10FA01D2F1EE600AB5EEC01A1C
:10287000F1EE10FA01D2B1EE411AF4EEC01AF1EE07
:1028800010FA01DDB0EE610AF4EEC00AF1EE10FAC2
:1028900001DDB0EE600AB4EEC01AF1EE10FA01DD0F
:1028A000B0EE410A7047DC488030C0687047DA48B3
:1028B0008030806B704770B5D74CD74D80342DED8C
:1028C000048BB0EE408A206AA0F5EA41303974D01A
:1028D000E26A216CD4ED0C0A891A401A00EE100A43
:1028E00095ED161A606BB8EEC00A00EEC10AD5ED80
:1028F000150AC0EE208A07F011FD94ED000A41ECA4
:10290000190B20EE280A10EE100A07F007FD41EC23
:10291000100B07F0A5FE51EC100B81F0004153ECB9
:10292000192B07F003FC07F00CFDE064606B07F067
:10293000F5FC95ED170AD4ED000A41EC190B38EEC1
:10294000800A20EE200A10EE100A07F0E7FC41ECA6
:10295000100B07F085FE53EC192B51EC100B07F010
:10296000E5FB07F0EEFC206595ED180AD4ED000AB2
:1029700038EE800A20EE200A10EE100A07F0CEFC96
:1029800041EC100B07F06CFE51EC100B07F0D9FC7A
:1029900000EE100AB1EE400A84ED150AB5EEC08AC9
:1029A000F1EE10FA38D0A06880B1012814D00228C6
:1029B00019D0032830D123E0FFE71FED6E0A84ED24
:1029C000150A84ED140A84ED130AE7E794ED130A5F
:1029D00030EE480A84ED130A94ED140A30EE480AEA
:1029E00084ED140A05E094ED130A30EE480A84EDF4
:1029F000130A94ED150A30EE480A84ED150A0BE02F
:102A000094ED130A30EE480A84ED130A94ED140A8B
:102A100030EE480A84ED140A04F14C0090EC030AED
:102A2000FFF712FFD5ED120AF8EEE00A80EE801AE9
:102A3000BDEEC10A10EE100A6061E168814200DD5E
:102A4000E06001206060BDEC048B70BD7249002223
:102A5000803100280A61886110D11FED960ACA6092
:102A600081ED0D0A47F230500862486281ED0C0A90
:102A70008A6069488A628A6342671CE770476648D1
:102A8000803090ED0C0AB5EEC00AF1EE10FA04D1D8
:102A9000816811B9816A002909D01FEDA60A0021B9
:102AA00080ED0C0A81608162016CC16203E77047AE
:102AB0005948C0ED1B0A80ED1C0A7047564A803207
:102AC000136A834209D113698B4206D1D2ED0D0AF4
:102AD000F4EE400AF1EE10FA0ED01161D16809B996
:102AE0000521D160116CD16282ED0D0A10620020C7
:102AF000D06192ED0C0ADEE67047474A30B480326E
:102B0000936A834209D1D2ED0C0AF4EE400AF1EE49
:102B100010FA02D193688B4226D0146A47F23053E0
:102B20009C4219D1322414610524D460984213DAEE
:102B3000B5EEC00A0123F1EE10FA936302DD136CC7
:102B4000834207DCB5EEC00AF1EE10FA04D2136C32
:102B5000834201DAB1EE400A9160906282ED0C0A84
:102B60000020D06130BCA6E630BC7047014647F279
:102B70003050C2E71FEDDD0AA0E710B5264C2DED61
:102B8000028B8034F0EE608AD4ED090AB0EE418AFF
:102B9000F8EEE00AF4EE400AF1EE10FA0BD12169EA
:102BA000814208D1D4ED0A0AF8EEE00AF4EE680A90
:102BB000F1EE10FA4FD0FDEEC00AC4ED090AD4EDD3
:102BC000100AF8EEE00A30EE600ABDEEC00A10EE20
:102BD000102A1FEDF40A01461046FFF76FFF94ED2F
:102BE000100AF8EEC00A78EEE00AFDEEE00A10EEF8
:102BF000900A002800DA4042B8EEC00A64281DDDC1
:102C0000F4EEC08AF1EE10FA01DCB1EE488A18EE5B
:102C1000100A07F083FB03E0000000206F12833AE4
:102C200007F08FFBFDEEE80ABDEC028B00EE100A08
:102C3000BDE81040002110EE900A5EE738EEC00AB1
:102C400010EE100A07F06AFB9FEDF91B53EC112BF5
:102C500007F072FADFE7BDEC028B10BDF64910B544
:102C6000886B012828DD0A6C886A801AFFF7D4FD7A
:102C7000052809DA886B421C8A63B0F57A7F1BDD70
:102C8000BDE810400020E1E605208A6B0861B2F53E
:102C9000FA7FC86002DD40F2F51088638A6A086C2A
:102CA000904202DDBFEE000A01E0B7EE000A81EDBE
:102CB0000C0ABDE81040FEE510BD70B5DE4991ED8F
:102CC0000D0AB5EEC00AF1EE10FA73D1CB68002BF5
:102CD00070D0886A47F23054A0426BDA91ED0C0A4A
:102CE000B5EEC00AF1EE10FA7DD00D6AA1F18002B6
:102CF000A54260D1B5EEC00A1346F1EE10FA9B6E04
:102D000003DD0D6CC41AAC4208DBB5EEC00AF1EE6F
:102D100010FA17D20C6C0344A34213DD8B6B032B08
:102D200048DA0B6CC01AFFF777FD0A28886A0ADABE
:102D3000C8630020C8609FEDC10A086181ED0C0ADC
:102D40000220886379E091ED030AD1ED0C0A0B6C47
:102D5000B8EEC00A984260EE200A92ED1A0AB8EE68
:102D6000C01A80EE810A0FDDFFF74EFD0B6C886AFA
:102D7000C01AFFF751FD00EE900AB8EEE01AD2ED4E
:102D8000140A40EE010A0EE0FFF73EFD0B6C886A64
:102D9000C01AFFF741FD00EE900AB8EEE01AD2ED3E
:102DA000140A50EE410A91ED030AB8EEC01A80EE03
:102DB000810A42E046E0A04AB5EEC00A803AD2ED70
:102DC000190AF1EE10FA18DD01EE100AF8EEC11A38
:102DD00001EE103AB8EEC11A41EE401AB8EEE01A10
:102DE00071EEC11A00E02BE091ED101AB8EEC11A95
:102DF000F4EEC11AF1EE10FA1BD3B5EEC00AF1EEF3
:102E000010FA1AD201EE100AF8EEE00AF8EEC11A32
:102E100001EE103AB8EEC11A41EE401A31EEA01A96
:102E2000D1ED100AF8EEE00AB4EEE01AF1EE10FA75
:102E300003DD096C401AFFF794FCBDE870403AE5E9
:102E4000C86AF6E770BD7C4910B4886B02280CDABA
:102E50009FED7A0A002281ED0D0A81ED0C0A47F2FE
:102E600030508A600862C1E90902CC69724B641C67
:102E7000803BCC611846DA6F806F944202DBCA61F6
:102E8000596F09B110BC2FE40020FBE76A4AD369EF
:102E90005B1CD361834204DDD0680844D06000200D
:102EA000D061704710B5FFF745FC634C2064FFF715
:102EB000D5FE2269E0684FF0FF31002A0BDD904219
:102EC0000ED006DA616988420ADAFFF7A9FC01210F
:102ED00004E0A06C02E0002831DDA069FFF7D6FF16
:102EE000D4E91001814203D0FFF7E7FE206C606453
:102EF0006068002826D094ED030AD4ED150AB8EED8
:102F0000C00A20EE200AFFF71AFC94ED030AD4ED64
:102F1000140A0246B8EEC00A20EE200AFFF70FFCA2
:102F200094ED030AD4ED130A0146B8EEC00A20EE70
:102F3000200AFFF704FCBDE81040FFF7A8BBBDE87E
:102F4000104080E710BD2DE9F0413D4B2DED028B87
:102F50009878401FF52801D8012400E00024187952
:102F6000401FF52801D8012700E000271878C10686
:102F70000CD541060AD5810608D5010606D52CB127
:102F8000BDEC028B0020BDE8F0415FE55A785107A7
:102F900003D428219FED2B8A02E09FED2B8A142178
:102FA0009846C306244D47F230564FEA40630DD48D
:102FB000002B69DA83064FEA006027D500284FEA24
:102FC000C27029DA90B34FF4E16048E0002B4FEA79
:102FD00080630ADB002B4FEA006021DA00284FEA09
:102FE000C27039DA10B3002039E0002B4FEA0060DC
:102FF00005DB002848DAD00746D014482FE0002827
:1030000039DBD00740D04FF4617028E000283BDA6C
:10301000D00739D00E4822E040B140F246501EE0C1
:10302000002831DAD0072FD00A4818E02CE0000041
:103030007B14AE47E17A743F80000020000000005E
:1030400088010020CDCCCC3ECDCC4C3E7CFCFFFF9B
:10305000BAFAFFFF3EFEFFFFB0B14FF4E170FFF799
:1030600089FD98F80000C1060ED541060CD58106F1
:103070000AD5000608D584BB3FB1286AB04204D007
:103080000020FFF7E3FC00E03CBB98F8021040464C
:1030900005290DD24278D2070AD0286AB0424FF0F3
:1030A000000002D0B6EE000A12E0B0EE480A0FE0CF
:1030B000FA2913D998F80100C0070FD0286AB04246
:1030C0004FF0000002D0BEEE000A01E0B1EE480A67
:1030D000BDEC028BBDE8F04148E5FFE7BDEC028B9B
:1030E000BDE8F041CBE470B5FC486424FC4B866E2F
:1030F00000F18002711C81660146CD6E0021642EB4
:1031000003D25E893544C56604E0B5FBF4F59562EB
:103110008166C166066F751C0567F04D642E6D6F84
:1031200003D21E893544456704E0B5FBF4F5D5624A
:1031300001674167866F751C8567E84D642EED6FEA
:1031400003D29C892C44C46704E0B5FBF4F45463B7
:103150008167C1671468601C1060E0488030782C7B
:10316000406803D2DC892044506005E07824B0FB3D
:10317000F4F01160516010639568681C9060D74846
:103180008030C4683220322D03D21D882C44D46094
:1031900004E0B4FBF0F491609463D16015696C1C99
:1031A0001461CE4C8034322D646903D25D882C4486
:1031B000546104E0B4FBF0F41161D463516195698A
:1031C0006C1C9461C54C8034322DE46903D298881C
:1031D0002044D06170BDB4FBF0F09161D161106406
:1031E00070BD2DE9F041BD4CBE48803CBE4D617ABA
:1031F0004FF48068871421B101294FF0000211D0EB
:1032000000E00122414603F025FF0022394628460E
:1032100003F020FFB54E2021304603F003FF0225C6
:1032200028B108E0414603F015FF0122EEE760787F
:10323000012800D165724021304603F0F3FE18B931
:103240006078022800D165723946304603F0EAFE04
:1032500018B96078032800D165724146304603F002
:10326000E1FE002803D16078042800D16572BDE832
:10327000F0812DE9F0419E4E0021A6F1880403253E
:103280000B464FF00108A4F58072A36477781846C6
:103290005FEAC77C00D1491C401C3228F8DBA064DF
:1032A000012908D0022908D0032908D0042908D010
:1032B00005290BD00DE055700AE0022002E05570A0
:1032C00001E00420507082F8098002E082F8018059
:1032D0005372FFF7CAF90128D7D1C8E7F0B57F4884
:1032E0008038D0E90716B14200DAC661426AC16986
:1032F000914200DDC2617949002580310A248B6B3F
:103300004C31B34201DA8D7303E00126934202DDB2
:103310008E73CC73F0BDC0691A1A01D4174600E051
:103320005742012F15DD834201DD8E7300E08D735E
:10333000002A00DA524269488265C36D9A4200DD74
:103340008365826D0A2A00DA846590F85800C87394
:10335000F0BD0220FBE76648A0F5C4714278C86959
:10336000130604D44B6A984201DA401C05E0920629
:1033700007D40A6A904204DD401EC861B42006F0FA
:10338000A4BA704770B555488038D0E90C139942FB
:1033900000DA0363D0E90B41A14200DD04634F4929
:1033A000002580310A260A6C4C319A4201DA8D746C
:1033B00003E00123A24202DD8B74CE7470BD046B66
:1033C000101B01D4064600E04642072E16DDA2423D
:1033D00001DD8B7400E08D74002800DA4042C200E9
:1033E0003E48DC2A826501DDDC2202E0142A01DA93
:1033F0001422826590F85800C87470BD0220FBE763
:103400003B48A0F5C471C278086BFA2A04D9CB6A8C
:10341000984201DA401C05E0052A07D24A6B904227
:1034200004DD401E0863642006F04FBA704730B4D4
:103430002A4D029C80359FED2F1AED6AEB1AA342AC
:103440000ADD00EE102A01F56171F8EEC00A00EE07
:10345000101AB8EEC00A11E00ADAC1F5617100EE87
:10346000101A00EE902AB8EEC00AF8EEE00A05E065
:1034700000EE102AF8EEC00A9FED1F0A30BCFFF7DD
:103480007CBB30B4154C029D8034E46AA21A01D48E
:10349000144600E0544204EB4404A400AC4200DDB6
:1034A0002C469FED161A9A4209DD00EE101A04F51B
:1034B00061746142F8EEC00A00EE101A0AE000EEF4
:1034C000101A5B429A42F8EEC00A19DAA4F5617448
:1034D00000EE104AB8EEC00A14E0000080000020A0
:1034E000D4030020000C02400004024000100240FF
:1034F00088010020CDCC4C3E00006144CDCCCC3DB9
:103500009FEDFE0A30BCFFF738BB30B4FC4D029C87
:10351000AD6AEB1A9FEDFB1AA34208DD00EE102AFC
:1035200001F56171C1F10001F8EEC00A06E000EE9C
:10353000102AF8EEC00A06DAA1F5617100EE101A41
:10354000B8EEC00A01E09FEDED0A30BCFFF715BBF5
:1035500030B4EB4C029DE46AA21A01D4144600E098
:10356000544204EB4404A400AC4200DD2C461FEDA1
:103570001D1A9A420ADD00EE101A04F56174F8EE85
:10358000C00A00EE104AB8EEC00A13E05B429A424D
:103590000ADAC4F5617200EE102A00EE901AB8EE55
:1035A000C00AF8EEE00A05E000EE101AF8EEC00AD4
:1035B0001FED2F0A30BCFFF7E0BA30B4D04C029DAB
:1035C000646BA21A01D4144600E0544204EB440494
:1035D000A400AC4200DD2C461FED381A9A4206DDED
:1035E00000EE101AF8EEC00A00EE104A09E000EEF4
:1035F000101A5B429A42F8EEC00A05DA614200EE08
:10360000101AB8EEC00A01E09FEDBF0A30BCFFF708
:10361000B4BA30B4BA4C029D246BA21A01D4144639
:1036200000E0544204EB4404A400AC4200DD2C460C
:103630001FED4E1A9A4207DD00EE101A6142F8EEB5
:10364000C00A00EE101A08E000EE101A5B429A421F
:10365000F8EEC00A04DA00EE104AB8EEC00A01E043
:103660009FEDA90A30BCFFF788BA2DE9F041A44EBE
:103670008446DDE90657706B801AFFF7CDF800EB42
:1036800080004400AC4200DD2C469FEDA00A1FEDF7
:10369000671A706BB8421BDD801A984206DDC4F5CC
:1036A000E16000EE100AB8EEC00A11E05A42904202
:1036B0000EDA00EE101AA4F5E1646046F8EEC00AD6
:1036C00000EE104AB8EEC00ABDE8F041FFF755BA67
:1036D00000EE901A6046F8EEE00AF5E72DE9F041B9
:1036E000874E8446DDE90657306B801A00EB800078
:1036F0004000FFF791F80446A84200DD2C469FEDFC
:10370000830A1FED841A306BB8421ADD801A984282
:103710000EDD00EE101AA4F5E1646046F8EEC00A72
:1037200000EE104AB8EEC00ABDE8F041FFF725BA36
:103730005A42904205DAC4F5E16000EE100AB8EE94
:10374000C00A00EE901A6046F8EEE00AECE731B5E8
:103750006F4C2DED048B94F907004FF46175002830
:1037600014DB94F90700012810DA94F90800002806
:103770000CDB94F90800012808DA9DF8101028469F
:10378000BDEC048BBDE83840FFF7F4B994F90700AD
:103790009FED608B002816DA94F90800002800DA03
:1037A000404206F0AAFD53EC182B06F0C5FC06F0CB
:1037B000C8FD00EE100A94F90800002800DA404223
:1037C000C0EB00101CE094F907009FED549B01280A
:1037D00020DB00BF94F90800002800DA404206F020
:1037E0008CFD53EC192B06F0A7FC06F0AAFD00EEA9
:1037F000100A94F90800002800DA4042A0EB0010FB
:103800009DF8101005EB4000BDEC048BBDE838407E
:10381000FFF754B994F908000028BDDB94F90800BB
:103820000128D7DABDEC048B38BD31B5384C2DED0D
:10383000048B94F907003B4D002814DB94F9070032
:10384000012810DA94F9080000280CDB94F908002C
:10385000012808DA9DF810102846BDEC048BBDE85D
:103860003840FFF787B994F907009FED2F8B0028A8
:1038700017DA00BF94F90700002800DA404206F08A
:103880003CFD53EC182B06F057FC06F05AFD00EEF9
:10389000100A94F90700002800DA4042A0EB00105B
:1038A0001CE094F907009FED229B012820DB00BF5C
:1038B00094F90700002800DA404206F01EFD53ECA0
:1038C000192B06F039FC06F03CFD00EE100A94F9C5
:1038D0000700002800DA4042C0EB00109DF81010ED
:1038E00005EB4000BDEC048BBDE83840FFF7E6B8BF
:1038F00094F908000028BDDB1EE00000000061C450
:10390000000100209A99993E000000000000E14467
:1039100000000020B81E85EB51B89E3FB81E85EB15
:1039200051B89EBF7CFCFFFF9A9999999999A9BFBC
:103930009A9999999999A93F94F908000128B7DAB9
:1039400070E72DE9F041FA4C46250127606C4FF0F5
:10395000140804F19806052828D988E4606C616B86
:1039600056F82000401AFEF757FFA84201DD28460E
:1039700003E04146404500DA0846616C626B56F848
:103980002110CB19934203DDC0B2FFF74EFF09E0CF
:10399000C91B914203DAC0B2FFF7D9FE02E00A2048
:1039A000FFF754F8FEF761FE0028D6D1606C616B1A
:1039B00056F82000081AFEF72FFFB842CEDC56E476
:1039C0002DE9F041DA4C3C250127606C4FF01408DA
:1039D00004F1B006052828D949E4606C216B56F83B
:1039E0002000401AFEF718FFA84201DD284603E038
:1039F0004146404500DA0846616C226B56F82110BA
:103A0000CB19934203DDC0B2FFF7A1FE09E0C91B49
:103A1000914203DAC0B2FFF708FF02E06420FFF72B
:103A200015F8FEF722FE0028D6D1606C216B56F8FF
:103A30002000081AFEF7F0FEB842CEDC17E4BC48BE
:103A400088304078C107BB4803D00022402103F0F2
:103A500001BB0122FAE7B649B548496CE03050F89D
:103A60002100B549C86101207047B149B348496C8C
:103A700050F82100B049C86101207047AC4810B52A
:103A8000AE49436C48314C3011F83320C2750122E5
:103A9000827501EBC3010979C17682761046FEF783
:103AA000D5FF012010BDA249A448496C483850F800
:103AB0002100A149C861012070479D4910B59F4868
:103AC000496C183850F821009B49C8610120FEF765
:103AD000BDFF012010BD964810B59849436C1831C0
:103AE0004C3011F83320C2750122827501EBC301FD
:103AF0000979C17682761046FEF7A8FF012010BD35
:103B00002DE9F05F8A4EDFF838828836DFF824B27C
:103B10007078874CC106A6F13C0A4FF0000770D4BC
:103B200000076ED5DFF8109289F80A700122510261
:103B3000844803F08FFA00224FF40041584603F006
:103B400089FA4546A76406E0FEF78FFD012808D0F4
:103B5000012005F0BAFE0821284603F063FA012887
:103B6000F2D0042005F0B1FEA06C401CA064322805
:103B7000F1DB00224FF48041584603F06BFAA76452
:103B800007E000BFFEF771FD012809D0012005F014
:103B90009CFE0421A846284603F044FA0128F1D0EF
:103BA000042005F092FEA06C401CA0643228F0DBDB
:103BB00001224021584603F04DFAD9F83C00C9F8DB
:103BC00030004D46A76406E0FEF74FFD012807D000
:103BD000012005F07AFEE86B216C08388142F3DBA6
:103BE000A06C401CA0643228F5DB41F2883005F05F
:103BF0006CFE01229103D946584603F02BFAA764C4
:103C000007E07EE0FEF731FD012808D0012005F035
:103C10005CFE1021404603F005FA0128F2D0042092
:103C200005F053FEA06C401CA0643228F1DB00229A
:103C30004021484603F00EFA40F6B83005F045FE44
:103C4000FFF749FF00224FF48041484603F002FA93
:103C50000221484603F0E6F9012803D0FFF723FFCD
:103C6000A7640AE0FFF729FFFAE700BFFEF7FDFCB3
:103C7000012808D0012005F028FE0421404603F069
:103C8000D1F90128F2D0042005F01FFEA06C401CE1
:103C9000A0643228F1DBA86B286300224FF40041B6
:103CA000484603F0D7F9A76402E0012005F00DFEB5
:103CB000A86B216C401F8142F7DBA06C401CA06404
:103CC0003228F5DBA06BE969401AFEF7A5FD012853
:103CD000F8DC01224021484603F0BCF942F21070A2
:103CE00000E0012005F0F1FD30784007F9D48AF8B2
:103CF0001B708AF81770A86AE861E86B28630120D6
:103D0000A8720B488830407810F0180F78D10A4D0F
:103D10003E46AF72012251020A4803F09BF900228D
:103D20004FF40041584603F095F94746A66412E067
:103D300000010020000402400000002010020020CA
:103D40000010024000080240FEF78FFC012808D056
:103D5000012005F0BAFD0821384603F063F9012877
:103D6000F2D0042005F0B1FDA06C401CA064322804
:103D7000F1DB4FF4804900224946D846584603F00B
:103D800069F9A6640AE000BFFEF76FFC01280BD0BA
:103D9000012005F09AFD042005F097FD0421384626
:103DA00003F040F90128EFD0A06C401CA064322839
:103DB000F4DB01224021404603F04CF9E86B286314
:103DC000A66406E0FEF751FC012807D0012005F0AB
:103DD0007CFDE86B216C08388142F3DBA06C401C51
:103DE000A0643228F5DB41F2883005F06EFD012237
:103DF000CB464946404603F02DF9B146A66408E09B
:103E000084E000BFFEF731FC012808D0012005F056
:103E10005CFD1021384603F005F90128F2D0A06CB2
:103E2000401CA0643228F4DB002240214646404674
:103E300003F010F940F6B83005F047FDFFF71EFE1D
:103E400000225946304603F005F90221304603F0BE
:103E5000E9F8012805D0FFF7FEFD4E46C4F848906A
:103E600009E0FFF702FEF8E7FEF7FFFB012808D0A4
:103E7000012005F02AFD0421384603F0D3F801287B
:103E8000F2D0042005F021FDA06C401CA064322873
:103E9000F1DBA86B286300224FF4004147464046FF
:103EA00003F0D8F8A66402E0012005F00EFDA86B2F
:103EB000216C08388142F7DB042005F006FDA06C78
:103EC000401CA0643228F2DBA06BE969401AFEF7BF
:103ED000A3FC0128F8DC01224021384603F0BAF89F
:103EE00042F2107005F0F1FCFE4C02E0012005F0FA
:103EF000ECFC20784007F9D48AF81B608AF8176038
:103F0000A86AE861E86B28630120A872BDE8F09F09
:103F10002DE9F05FF34F4FF4004AA7F13C0B78789E
:103F20004FF000084106A7F1880479D4000777D53F
:103F3000A4F58075464685F80A80DFF8AC93002228
:103F40005146484603F086F801225102E74803F043
:103F500081F800224FF48041484603F07BF8A664C4
:103F6000E34E06E0FEF781FB012808D0012005F0B2
:103F7000ACFC0421304603F055F80128F2D00420AF
:103F800005F0A3FCA06C401CA0643228F1DB0022E9
:103F90004021484603F05EF8286C28630122514610
:103FA000484603F057F8C4F8488006E0FEF75DFB8A
:103FB000012808D0012005F088FC5146304603F066
:103FC00031F80128F2D0042005F07FFCA06C401CE1
:103FD000A0643228F1DBC4F8488006E0FEF745FB18
:103FE000012807D0012005F070FC286C216C401FCF
:103FF0008142F3DBA06C401CA0643228F5DB40F664
:10400000B83005F062FC01224021484603F022F856
:1040100001229103484603F01DF8C4F8488008E0E7
:1040200099E000BFFEF721FB012808D0012005F030
:104030004CFC1021304602F0F5FF0128F2D004209C
:1040400005F043FCA06C401CA0643228F1DB002288
:104050004021484602F0FEFF40F6B83005F035FC3E
:1040600000224FF48041484602F0F4FFC4F8488033
:1040700007E000BFFEF7F9FA012808D0012005F09B
:1040800024FC0421304602F0CDFF0128F2D00420A8
:1040900005F01BFCA06C401CA0643228F1DB02215F
:1040A000484602F0BFFF01280DD0FFF7FCFCA86BCB
:1040B0002863FFF710FD00225146484602F0CAFF70
:1040C000C4F8488009E0FFF7F8FCF0E7FEF7CDFA06
:1040D000012808D0012005F0F8FB0821304602F045
:1040E000A1FF0128F2D0042005F0EFFBA06C401CDA
:1040F000A0643228F1DB4646C4F8488002E0012083
:1041000005F0E3FBA86B216C08388142F7DBA06C5B
:10411000401CA0643228F5DBA06BE969401AFEF769
:104120007BFB0128F8DC01224021484602F092FF87
:1041300042F2107000E0012005F0C7FB387840071C
:10414000F9D48BF81B608BF81760A86AE861E86BFC
:1041500028630120A8727878B94610F0480F7CD106
:10416000DFF89081002588F80A505F4F2A465146B3
:10417000384602F06FFF012251025C4802F06AFFEC
:1041800000224FF48041384602F064FF584EA56487
:1041900007E000BFFEF769FA012808D0012005F00A
:1041A00094FB0421304602F03DFF0128F2D00420A8
:1041B00005F08BFBA06C401CA0643228F1DB0022D0
:1041C0004021384602F046FFD8F84000C8F83000D9
:1041D000454601225146384602F03CFF4FF00008A8
:1041E000C4F8488007E000BFFEF73FFA012809D075
:1041F000012005F06AFB4FF40041304602F012FF47
:104200000128F1D0042005F060FBA06C401CA064E4
:104210003228F0DBC246C4F8488006E0FEF725FAF3
:10422000012807D0012005F050FB286C216C401FAD
:104230008142F3DBA06C401CA0643228F5DB40F621
:10424000B83005F042FBB84601224021404602F05A
:1042500001FF01229103384600E0A5E002F0FAFEDA
:104260005746C4F848A006E0FEF7FFF9012808D039
:10427000012005F02AFB1021304602F0D3FE012870
:10428000F2D0042005F021FBA06C401CA064322871
:10429000F1DB00224021404602F0DCFE40F6B8305F
:1042A00005F013FB00224FF48041404602F0D2FE9D
:1042B000A76406E0FEF7D9F9012808D0012005F02F
:1042C00004FB0421304602F0ADFE0128F2D00420A8
:1042D00005F0FBFAA06C401CA0643228F1DB002240
:1042E0000AE00000880100200004024000080240AB
:1042F00000100240000000204FF40041404602F050
:10430000A9FE0221404602F08DFE012807D0FFF7EA
:10431000A2FBA86B2863FFF7B1FBA76405E0FFF7DA
:10432000A4FBF6E7012005F0D0FA0821304602F0A0
:1043300079FE0128F6D0042005F0C7FAA06C401CD5
:10434000A0643228F1DBA76402E0012005F0BDFA89
:10435000A86B216C08388142F7DBA06C401CA0647C
:104360003228F5DBA06BE969401AFEF755FA0128FF
:10437000F8DC01224021404602F06CFE42F210704F
:1043800005F0A3FA4C4602E0012005F09EFA2078E1
:104390004007F9D48BF81B708BF81770A86AE86196
:1043A000E86B28630120A872B0E5F0B5FE480178FB
:1043B0004FF003025FEAC17C4FF002034FF00104AB
:1043C0004FF000054FF0FF366FF00107A0F1060136
:1043D0006FF0020E10D190F800C05FEA8C7C0BD514
:1043E00090F800C05FEA4C7C06D590F800C05FEA08
:1043F0000C7C01D5CA7183E090F800C05FEACC7CE8
:1044000010D190F800C05FEA8C7C0BD490F800C00B
:104410005FEA4C7C06D590F800C05FEA0C7C01D5C1
:10442000CB716DE090F800C05FEACC7C10D090F8C2
:1044300000C05FEA8C7C0BD490F800C05FEA4C7C33
:1044400006D590F800C05FEA0C7C01D5CC7157E02E
:1044500090F800C05FEACC7C10D090F800C05FEA12
:104460008C7C0BD490F800C05FEA4C7C06D490F8AA
:1044700000C05FEA0C7C01D5CD7141E090F800C02E
:104480005FEACC7C10D090F800C05FEA8C7C0BD542
:1044900090F800C05FEA4C7C06D490F800C05FEA58
:1044A0000C7C01D5CE712BE090F800C05FEACC7C8B
:1044B00010D090F800C05FEA8C7C0BD590F800C05B
:1044C0005FEA4C7C06D490F800C05FEA0C7C01D413
:1044D000CF7115E090F800C05FEACC7C10D090F866
:1044E00000C05FEA8C7C0BD590F800C05FEA4C7C82
:1044F00006D590F800C05FEA0C7C01D481F807E093
:1045000090F800C05FEACC6C10D490F800C05FEA6D
:104510008C6C0BD590F800C05FEA4C6C06D590F817
:1045200000C05FEA0C6C01D50A72F0BD0278D206B9
:104530000AD40278920607D40278520604D502788B
:10454000120601D50B72F0BD0278D2060AD50278A8
:10455000920607D40278520604D50278120601D5D5
:104560000C72F0BD0278D2060AD50278920607D402
:104570000278520604D40278120601D50D72F0BDFD
:104580000278D2060AD50278920607D5027852063A
:1045900004D40278120601D50E72F0BD0278D2065C
:1045A0000AD50278920607D50278520604D402781A
:1045B000120601D40F72F0BD0278D206FBD5027844
:1045C0009206F8D502785206F5D500780006F2D4A6
:1045D00081F808E0F0BD2DE9F047DFF8D0814FF019
:1045E0000006A8F5C47598F80100800750D44FF074
:1045F000010985F8019005F580746E726C4FA66410
:1046000007E000BFFEF731F8012808D0012005F0CF
:104610005CF92021384602F005FD0128F2D0A06C9B
:10462000401CA0643228F4DB01221102614802F030
:1046300011FD41F2707005F048F9DFF87CA101220C
:10464000D102504602F006FD01228021504602F0C0
:1046500001FD4FF4FA6005F038F90320687085F821
:1046600009904FF48059A66407E000BFFDF7FDFFF5
:10467000012808D0012005F028F94946384602F003
:10468000D1FC0128F2D0A06C401CA0643228F4DBDD
:1046900098F80000C00702D1022068706E72BDE871
:1046A000F0872DE9F04F2DED068B83B0FDF750FB21
:1046B0009FED428AB0EE481ADFED418A3C20F0EED1
:1046C000680A9FED400AFEF758FA384C0025883CEE
:1046D00041F27C57DFF8DCA040F6B8364FF40078A2
:1046E000A5640FE0FCF7D0F9B04204DD0122414699
:1046F000504602F0AFFCFDF7B8FF012806D00120BC
:1047000005F0E3F8FCF7C0F9B842EBDBA06C401C05
:10471000A0643228F6DBFAEE040A9FED2B1A502033
:104720009FED2A0AFEF729FA1F4E42F21078B61FB3
:1047300041F28839A5640DE0FCF7A6F9484501DD92
:10474000012070707572FDF790FF012806D00120DE
:1047500005F0BBF8FCF798F94045EDDBA06C401C78
:10476000A0643228F6DBB0EE481A9FED199AF9EEF4
:10477000040A7820B0EE490AFEF7FFF949F6404BEB
:10478000A56406E0FDF771FF012806D0012005F0C1
:104790009CF8FCF779F95845F4DBA06C401CA06448
:1047A0003228F6DB16E00000060000208801002019
:1047B000001002400008024000040240CDCCCC3D75
:1047C0000000000000C0A844CDCC4C3E0000614475
:1047D00000805444B0EE481AF9EE040A1E20B0EEF0
:1047E000490AFEF7CAF94AF6C879A56407E000BF8E
:1047F000FDF73BFF012806D0012005F066F8FCF725
:1048000043F94845F4DBA06C401CA0643228F6DB79
:10481000A56406E0FDF729FF012805D0012005F079
:1048200054F8606B6628F5DCA06C401CA06432284C
:10483000F7DB01221102FE4802F00CFCB0EE481A30
:10484000F1EE040A14209FEDFB0AFEF796F9AA4642
:10485000A564F94D07E000BFFDF707FF01280FD061
:10486000012005F032F84FF40051284602F0DAFB3F
:104870000128F1D08021284602F0D4FB0128EBD09A
:10488000A06C401CA0643228EDDB4FF4FA7005F0F8
:104890001CF80020FEF7DAF8B0EE680AB0EE481A0D
:1048A000F0EE400A0F20FEF768F94FF4FA6005F0C9
:1048B0000CF80020FEF7CAF8DFF8809305E000BF8F
:1048C000FEF741FB012005F000F899F80000000711
:1048D000F6D40122D102DA4802F0BCFB0122802189
:1048E000D74802F0B7FB40F6C41004F0EEFFD548FD
:1048F00003215646417001214172C4F848A006E0E8
:10490000FDF7B3FE012809D0012004F0DEFF4FF4CB
:104910008051C94802F086FB0128F1D0A06C401CF0
:10492000A0643228F3DBFDF713FA35464AF2104A49
:10493000A66411E014217820CDE9000103234C2264
:104940006FF004016420FEF790FEFDF78EFE012853
:1049500006D0012004F0B9FFFCF796F85045E9DBDA
:10496000A06C401CA0643228F6DB4DF2D866A5642A
:1049700010E014216420CDE9000101234C22991F8D
:104980002820FEF772FEFDF770FE012806D00120F8
:1049900004F09BFFFCF778F8B042EADBA06C401C07
:1049A000A0643228F6DBA749022048700020487234
:1049B000A06410E014215020CDE9000101234C2215
:1049C000991F0F20FEF751FEFDF74FFE012805D07D
:1049D000012004F07AFFA06A5928EBDC012004F0E2
:1049E00074FFA06C401CA0643228F4DB0020FEF7AA
:1049F0002DF84D4605E000BFFEF7A5FA012004F0B2
:104A000064FF28780007F7D4002280218C4802F048
:104A100021FB40F2DC5004F058FFFDF799F94FF00C
:104A20000009C4F848901BE0FCF72EF8B0F57A6F47
:104A300005DD00224FF480717D4802F00BFB14214C
:104A40006420CDE9000102234C22D91F2820FEF763
:104A50000CFEFDF70AFE012806D0012004F035FF08
:104A6000FCF712F84045DFDBA06C401CA064322844
:104A7000F6DB002043F6A409A06410E014215020C6
:104A8000CDE9000101234C22991F1120FEF7EDFD15
:104A9000FDF7EBFD012806D0012004F016FFFBF71F
:104AA000F3FF4845EADBA06C401CA0643228F6DB2B
:104AB0000020A06410E014215020CDE90001012362
:104AC0004C22991F0C20FEF7D0FDFDF7CEFD0128EA
:104AD00005D0012004F0F9FEA06A2728EBDC0120B4
:104AE00004F0F3FEA06C401CA0643228F4DB00202C
:104AF000FDF7ACFF05E000BFFEF725FA012004F04A
:104B0000E4FE28780007F7D400224FF400614C48F7
:104B100002F0A0FA40F2DC5004F0D7FEFDF718F9DD
:104B2000B0EE481AF0EE680A3C20DFED479AB0EE8E
:104B3000690AFEF722F80020A06406E0FDF795FD63
:104B4000012808D0012004F0C0FEFBF79DFF41F2D0
:104B50007C518842F2DBA06C401CA0643228F4DB5C
:104B6000B0EE481A9FED399AF0EE680A3C20B0EE9C
:104B7000490AFEF702F80027A76406E0FDF775FD75
:104B8000012808D0012004F0A0FEFBF77DFF42F6CB
:104B900004118842F2DBA06C401CA0643228F4DBD4
:104BA0000A20FDF753FFFDF7D3F8B0EE481AF2EEF6
:104BB0000E0A3C20B0EE680AFDF7DFFF4FF0640BF1
:104BC000A76419E0FBF760FF49F64041884202DD27
:104BD0001C49012048701B480A23B6224772002155
:104BE0006420CDF800B0FEF7E8FCFDF73EFD01289B
:104BF00006D0012004F069FEFBF746FFB042E1DB7E
:104C0000A06C401CA0643228F6DBA7640EE0642090
:104C100000900423B62200213C20FEF7CEFCFDF7D5
:104C200024FD01281AD0012004F04FFE10E00000FE
:104C30000008024000802244001002408801002049
:104C4000000402400000002000007AC4000061C49B
:104C5000FBF71AFF4FF6E85B5845D8DBA06C401C09
:104C6000A0643228E2DB0020FE4FA0640EE050205A
:104C700000900323B62200211420FEF79EFCFDF7CE
:104C8000F4FC012808D0012004F01FFE0221384660
:104C900002F0C8F90128EAD0A06C401CA0643228B8
:104CA000F4DB0020A0640EE0502000900223B62226
:104CB00000211120FEF781FCFDF7D7FC012808D068
:104CC000012004F002FE0121384602F0ABF9012870
:104CD000EAD0A06C401CA0643228F4DB4FF496604C
:104CE00004F0F3FD0020FDF7B1FEFDF731F8B0EE62
:104CF000481AF0EE680A0F209FEDDBAAB0EE4A0AD0
:104D0000FDF73BFF0020A0640BE001221102D74811
:104D100002F0A0F9FDF7A9FC01280FD0012004F052
:104D2000D4FD4FF40051384602F07CF90128ECD054
:104D30008021384602F076F90128E6D0A06C401CAC
:104D4000A0643228EDDB4FF47A7004F0BEFD002041
:104D5000FDF77CFE0F210020FDF70CFF40F6C4108C
:104D600004F0B3FD0020FDF771FE04E0FEF7EBF860
:104D7000012004F0AAFD28780007F7D40122D1020F
:104D8000BB4802F067F901228021B94802F062F9BC
:104D90004FF4FA6004F099FDB648032141700121F7
:104DA00041720020A06406E0FDF75FFC012809D0F5
:104DB000012004F08AFD4FF48051AA4802F032F934
:104DC0000128F1D0A06C401CA0643228F3DBFCF772
:104DD000BFFF0027A76411E064217820CDE900011E
:104DE0000323AF226FF004016420FEF73EFCFDF7C1
:104DF0003CFC012806D0012004F067FDFBF744FECF
:104E00005045E9DBA06C401CA0643228F6DBA764A7
:104E10000FE06420009001230190AF22991F282009
:104E2000FEF723FCFDF721FC012806D0012004F049
:104E30004CFDFBF729FEB042EBDBA06C401CA064EC
:104E40003228F6DB8B480221417000214172642731
:104E5000A1640FE05021CDE900170123AF22991F73
:104E60001120FEF702FCFDF700FC012805D001200F
:104E700004F02BFDA06A5928ECDC012004F025FD8C
:104E8000A06C401CA0643228F4DB0020FDF7DEFD9E
:104E900005E000BFFEF757F8012004F016FD287862
:104EA0000007F7D400228021714802F0D3F840F2C5
:104EB000DC5004F00AFDFCF74BFF00204746A064DD
:104EC0001BE000BFFBF7E0FDB0F57A6F05DD0022C7
:104ED0004FF48071654802F0BDF864200090022311
:104EE0000190AF22D91F2820FEF7BFFBFDF7BDFBC5
:104EF000012806D0012004F0E8FCFBF7C5FDB8420C
:104F0000E0DBA06C401CA0643228F6DB00204FF0F0
:104F10005008A0640FE06420CDE900800123AF2297
:104F2000991F1120FEF7A1FBFDF79FFB012806D07A
:104F3000012004F0CAFCFBF7A7FD4845EBDBA06CA1
:104F4000401CA0643228F6DB0020A06410E064213D
:104F50005020CDE900010223AF22D91F0C20FEF71B
:104F600084FBFDF782FB012805D0012004F0ADFC95
:104F7000A06A2728EBDC012004F0A7FCA06C401CF1
:104F8000A0643228F4DB0120FDF760FD05E000BFDE
:104F9000FDF7D9FF012004F098FC28780007F7D42A
:104FA00000224FF40061324802F054F840F2DC5025
:104FB00004F08BFCFCF7CCFEB0EE481AF0EE680A69
:104FC0003C20B0EE690AFDF7D8FD0021A046A1649F
:104FD00041F27C5407E000BFFDF747FB012806D0F3
:104FE000012004F072FCFBF74FFDA042F4DBD8F87F
:104FF0004800401CC8F848003228F4DBB0EE481ADC
:10500000F0EE680A3C20B0EE490AFDF7B6FD00213B
:1050100042F60414C8F8481007E000BFFDF725FB6E
:10502000012806D0012004F050FCFBF72DFDA04222
:10503000F4DBD8F84800401CC8F848003228F4DBFC
:105040000A20FDF703FDFCF783FEB0EE481AF2EEEE
:105050000E0A3C20B0EE680AFDF78FFD002049F6ED
:10506000404409E000100240000048C4000802402B
:105070000004024000000020C8F8480019E000BF0A
:10508000FBF702FDA04202DDF94901204870F84912
:1050900000200823487264204FF48C720021009095
:1050A000FEF78BFAFDF7E1FA012808D0012004F0A1
:1050B0000CFCFBF7E9FC4DF6C0218842E0DBD8F898
:1050C00048004146401CC8F848003228F1DB002067
:1050D0000C464FF48C7888640EE064200090042322
:1050E000424600213C20FEF768FAFDF7BEFA01288F
:1050F00006D0012004F0E9FBFBF7C6FC5845ECDBC9
:10510000A06C401CA0643228F6DB00204FF0500B4E
:10511000DFF86083A0640FE003234FF48C7200215A
:105120001420CDF800B0FEF748FAFDF79EFA0128EA
:1051300008D0012004F0C9FB0221404601F072FFB3
:105140000128E9D0A06C401CA0643228F4DB0021C7
:10515000A1640FE05020009002234FF48C720021D4
:105160001120FEF72AFAFDF780FA012808D0012065
:1051700004F0ABFB0121404601F054FF0128E9D0C7
:10518000A06C401CA0643228F4DB4FF4966004F05D
:105190009CFB0020FDF75AFCFCF7DAFDB0EE481A44
:1051A000F0EE680A0F20B0EE4A0AFDF7E6FC002197
:1051B0004FF4005BA1640BE001221102AE4801F044
:1051C00049FFFDF752FA01280ED0012004F07DFBC3
:1051D0005946404601F026FF0128EDD08021404687
:1051E00001F020FF0128E7D0A16C491CA1643229FD
:1051F000EEDB4FF47A7004F068FB0020FDF726FC2C
:105200000F210020FDF7B6FC40F6C41004F05DFB52
:105210000020FDF71BFC04E0FDF795FE012004F0E3
:1052200054FB28780007F7D4DFF850B20122D102EE
:10523000584601F00FFF01228021584601F00AFF75
:105240004FF4FA6004F041FB8948032141700121C9
:1052500041720020A06406E0FDF707FA012809D09A
:10526000012004F032FB4FF48051404601F0DAFE99
:105270000128F1D0A06C401CA0643228F3DBFCF7BD
:1052800067FDB0EE481AF2EE0E0A2820DFED7C8AA8
:10529000B0EE680AFDF771FC0020A06412E0C8219E
:1052A0007820CDE90001032340F211126FF00E01C6
:1052B0006420FEF7DAF9FDF7D8F9012806D00120BD
:1052C00004F003FBFBF7E0FB5045E8DBA06C401C5F
:1052D000A0643228F6DB4FF0000AC4F848A012E0C0
:1052E000C8216420CDE90001012340F211126FF0C2
:1052F0000E012820FEF7B9F9FDF7B7F9012806D00D
:10530000012004F0E2FAFBF7BFFBB042E8DBA06C3F
:10531000401CA0643228F6DB5548022156464170F5
:1053200080F809A0C4F848A04FF0C80A11E0502145
:10533000CDE9001A012340F211126FF00E01112085
:10534000FEF793F9FDF791F9012805D0012004F04B
:10535000BCFAA06A5928EADC012004F0B6FAA06C75
:10536000401CA0643228F4DB0020FDF76FFB04E052
:10537000FDF7E9FD012004F0A8FA28780007F7D42A
:10538000002280213D4801F065FE40F2DC5004F02F
:105390009CFAFCF7DDFCBB465746A6641DE000BF47
:1053A000FBF772FBB0F57A6F05DD00224FF48071D8
:1053B000314801F04FFE6420CDE90007022340F29E
:1053C00011126FF013012820FEF74FF9FDF74DF988
:1053D000012806D0012004F078FAFBF755FB584568
:1053E000DEDBA06C401CA0643228F6DBCA464FF01E
:1053F000500940F2111BA6640FE0CDE9009701238C
:105400005A466FF013011120FEF72FF9FDF72DF921
:10541000012806D0012004F058FAFBF735FB50456F
:10542000EBDBA06C401CA0643228F6DB6FF0130AA3
:10543000A6640EE0CDE9009701235A4651460C20A0
:10544000FEF713F9FDF711F9012805D0012004F04A
:105450003CFAA06A2728EDDC012004F036FAA06CA3
:10546000401CA0643228F4DB0120FDF7EFFA0EE0C7
:10547000000000200010024000080240000402402A
:105480000000E144FDF75FFD012004F01EFA2878DA
:105490000007F7D4F84D00224FF40061284601F0D0
:1054A000D9FD40F2DC5004F010FAFCF751FCB0EEEC
:1054B000481AF2EE0E0A3C20B0EE690AFDF75DFBD9
:1054C000A9464FF47A6741F27075A66410E000BFF8
:1054D000FBF7DAFAB84204DD01224021484601F028
:1054E000B9FDFDF7C2F8012806D0012004F0EDF95E
:1054F000FBF7CAFAA842EBDBA06C401CA064322880
:10550000F6DBDE4D04204FF00109687085F8099044
:1055100047464FF48068A66407E000BFFDF7A5F892
:10552000012808D0012004F0D0F94146384601F0A6
:1055300079FD0128F2D0A06C401CA0643228F4DB75
:10554000FCF706FCCD4F3C218037386C00F5E1704C
:105550004042FDF70FFB00219FEDC90A40F23A706F
:10556000FDF7CBFA4FF4E16807E000BFFDF77DF8E7
:10557000012805D0012004F0A8F9386C4045F5DB7E
:10558000B0EE481AF0EE680A2820B0EE490AFDF79E
:10559000F4FAA66407E000BFFDF767F8012806D01B
:1055A000012004F092F9606B396E8842F4DCA06C43
:1055B000401CA0643228F6DB0020FDF747FA85F88E
:1055C000009003B0BDEC068BBDE8F08F2DE9F043F1
:1055D0002DED048B81B0FCF7BBFBDFEDAA8AB0EEAA
:1055E000681A9FEDA98A7820F0EE480A9FEDA79AE5
:1055F000B0EE490AFDF7C1FAA54C0025A4F18007D9
:105600004FF03209DFF87482A24EA5640DE000BFAE
:10561000C7F85C90D8F82810C8F81C10FDF725F8DA
:10562000012806D0012004F050F9FBF72DFAB04212
:10563000EEDBA06C401CA0643228F6DBB0EE681AEA
:10564000F0EE480A3C20B0EE490AFDF796FAA56450
:1056500007E000BFFDF709F8012805D0012004F09C
:1056600034F9E06AB428F5DCA06C401CA064322850
:10567000F7DB0020FDF7EAF9FCF76AFBB0EE681AE9
:10568000F0EE480A28209FED840AFDF776FAA5641B
:10569000FCF7EBFF012807D0012004F016F9A06CFD
:1056A000401CA0643228F3DBA56406E0FCF7DDFFB4
:1056B000012805D0012004F008F9E06A5C28F5DC37
:1056C000A06C401CA0643228F7DBFCF741FB782675
:1056D00040F2267942F21078A5640DE002235722A9
:1056E00049461E200096FDF733FFFCF7BEFF012858
:1056F00006D0012004F0E9F8FBF7C6F94045EDDBE0
:10570000A06C401CA0643228F6DBA564604DB03567
:105710000DE00223572249461E200096FDF718FF90
:10572000FCF7A3FF012806D0012004F0CEF828687A
:10573000216B8842EDDBA06C401CA0643228F6DBB4
:105740000120FDF783F9C820F86501B0BDEC048B9A
:10575000BDE8F0832DE9F047FCF7FAFA9FED4F1A08
:10576000DFED4F0A50209FED4F0AFDF706FA484C37
:10577000002641F288354FF40078DFF82C91DFF8ED
:10578000F8A04FF4FA57A66415E000BFFBF77CF9C8
:10579000A84204DD01224146484601F05BFC01229B
:1057A0004021504601F056FCFCF75FFF012806D06F
:1057B000012004F08AF8FBF767F9B842E6DBA06C39
:1057C000401CA0643228F6DB00219FED2D0A40F238
:1057D0003A70FDF792F9294D4FF4E167803506E004
:1057E000FCF743FF012805D0012004F06EF8286C77
:1057F000B842F5DB1E209FED2D1ADFED2D0A9FED3F
:105800002D0AFDF7BAF9A66407E000BFFCF72DFFEB
:10581000012806D0012004F058F8606B296E8842F8
:10582000F4DCA06C401CA0643228F6DBFFF7CEFE4F
:10583000BDE8F0470020FDF709B92DE9F04F2DED47
:10584000068B83B0FCF784FA9FED0E8ADFED148A95
:105850003C20B0EE481AF0EE680A9FED160AFDF7FC
:105860008CF90B4C002640F6B835DFF83C904FF42D
:1058700000786F00A6642FE00004024000000020C2
:105880009A99193FCDCCCC3D00C0E4440000E1C45E
:1058900000010020A009010000409C44CDCC4C3EFA
:1058A0000000000000C0C1C4000802409A9999BEDF
:1058B0000000E64400C0A8C4FBF7E6F8A84204DDF7
:1058C00001224146484601F0C5FBFCF7CEFE012807
:1058D00006D0012003F0F9FFFBF7D6F8B842EBDB66
:1058E000A06C401CA0643228F6DB9FEDFC1AFAEE97
:1058F000040A50209FEDFA0AFDF73FF94FF0010A24
:10590000F84F41F2883B43F69828A6640EE000BFAA
:10591000FBF7BAF8584501DD87F801A07E72FCF765
:10592000A4FE012806D0012003F0CFFFFBF7ACF85E
:105930004045EDDBA06C401CA0643228F6DBB0EEE5
:10594000481AF1EE040A78209FEDE79AB0EE490A72
:10595000FDF713F94AF6C878A66406E0FCF785FE61
:10596000012806D0012003F0B0FFFBF78DF8404579
:10597000F4DBA06C401CA0643228F6DBB0EE481AC1
:10598000F1EE040A1E20B0EE490AFDF7F6F84CF2DB
:105990005038A66407E000BFFCF767FE012806D078
:1059A000012003F092FFFBF76FF84045F4DBA06C99
:1059B000401CA0643228F6DBA66406E0FCF755FE26
:1059C000012805D0012003F080FF206B5028F5DC72
:1059D000A06C401CA0643228F7DB01221102C348EE
:1059E00001F038FBB0EE481AF1EE040A14209FEDE6
:1059F000C00AFDF7C2F8B046A664BE4E07E000BF7D
:105A0000FCF733FE01280FD0012003F05EFF4FF4B6
:105A10000051304601F006FB0128F1D080213046CC
:105A200001F000FB0128EBD0A06C401CA0643228E0
:105A3000EDDB4FF4FA7003F048FF0020FDF706F8A5
:105A4000B0EE680AB0EE481AF0EE400A0F20FDF7FB
:105A500094F840F6B83003F038FF0020FCF7F6FF6A
:105A6000A54D04E0FDF76FFA012003F02EFF287822
:105A70000007F7D4DFF884920122D102484601F0F2
:105A8000E9FA01228021484601F0E4FA4FF4FA6075
:105A900003F01BFF934803214746417001214172E7
:105AA000C4F8488007E000BFFCF7DFFD012809D0FB
:105AB000012003F00AFF4FF480518E4801F0B2FA42
:105AC0000128F1D0A06C401CA0643228F3DBFCF765
:105AD0003FF93E46A7644FF014084AF210470FE022
:105AE0006420CDE90008032352226FF00401FDF782
:105AF000F5FDFCF7BAFD012806D0012003F0E5FE14
:105B0000FAF7C2FFB842EBDBA06C401CA06432285D
:105B1000F6DB4DF2D86A4FF0500BA6640FE0CDE9EA
:105B200000B8012352226FF009012820FDF7D6FDAD
:105B3000FCF79BFD012806D0012003F0C6FEFAF712
:105B4000A3FF5045EBDBA06C401CA0643228F6DBC1
:105B50006449022048704E72A6640FE0CDE900B897
:105B6000012352226FF009011120FDF7B7FDFCF768
:105B70007CFD012805D0012003F0A7FEA06A59286A
:105B8000ECDC012003F0A1FEA06C401CA0643228D4
:105B9000F4DB0020FCF75AFF05E000BFFDF7D3F966
:105BA000012003F092FE28780007F7D4002280211C
:105BB000524801F04FFA40F2DC5003F086FEFCF749
:105BC000C7F8A66442F210761AE000BFFAF75CFF4D
:105BD000B0F57A6F05DD00224FF48071434801F083
:105BE00039FACDE900B801235222991F2820FDF788
:105BF00075FDFCF73AFD012806D0012003F065FE93
:105C0000FAF742FFB042E1DBA06C401CA0643228EE
:105C1000F6DB0020A06443F6A400C14680460EE0F7
:105C2000CDE900B901235222991F1120FDF756FD3D
:105C3000FCF71BFD012806D0012003F046FEFAF711
:105C400023FF4045ECDBA06C401CA0643228F6DB4F
:105C50000020A0640FE05021CDE900190123522259
:105C6000991F0C20FDF73AFDFCF7FFFC012805D039
:105C7000012003F02AFEA06A2728ECDC012003F0B3
:105C800024FEA06C401CA0643228F4DB0020FCF74A
:105C9000DDFE04E0FDF757F9012003F016FE287839
:105CA0000007F7D400224FF40061144801F0D2F944
:105CB00040F2DC5003F009FEFCF74AF89FED10AA11
:105CC000B0EE481AF0EE680A3C20B0EE4A0AFCF743
:105CD00054FF4FF00009C4F848901AE0CDCC4CBEF8
:105CE000000061C400000020008054C4000802408D
:105CF000008022C4001002408801002000040240FD
:105D000000007A44FCF7B1FC012808D0012003F020
:105D1000DCFDFAF7B9FE41F27C518842F2DBA06C5F
:105D2000401CA0643228F4DBB0EE689AB0EE481A4A
:105D3000F0EE490A3C20DFEDFE9AB0EE690AFCF76E
:105D40001CFFC4F8489006E0FCF78FFC012806D041
:105D5000012003F0BAFDFAF797FEB042F4DBA06C25
:105D6000401CA0643228F6DB0A20FCF76FFEFBF72C
:105D7000EFFFF0EE488AB0EE498AB0EE681AF2EE14
:105D80000E0A3C20B0EE480AFCF7F7FEC4F8489033
:105D90004FF2186B4FF064091AE000BFFAF774FE77
:105DA00049F64041884202DDE24901204870E1485D
:105DB00000210A23417299226420CDF80090FDF75A
:105DC00028FCFCF752FC012806D0012003F07DFDE1
:105DD000FAF75AFE5845E1DBA06C401CA06432285B
:105DE000F6DB0020A0640EE06420009004239922DA
:105DF00000213C20FDF70DFCFCF737FC012808D002
:105E0000012003F062FDFAF73FFE4FF6E8594845DE
:105E1000EADBA06C401CA0643228F4DB0020A06404
:105E20000EE0502000900323992200211420FDF75A
:105E3000F0FBFCF71AFC012808D0012003F045FD17
:105E40000221BD4801F0EEF80128EAD0A06C401C08
:105E5000A0643228F4DB0020A0640EE05020009003
:105E60000223992200211120FDF7D3FBFCF7FDFB53
:105E7000012808D0012003F028FD0121AE4801F0DF
:105E8000D1F80128EAD0A06C401CA0643228F4DBD1
:105E900040F2DC5003F019FD0020FCF7D7FDFBF7C2
:105EA00057FFB0EE681AF0EE480A0F20DFEDA3AA04
:105EB000B0EE6A0AFCF761FE0020A0640BE001224C
:105EC00011029F4801F0C6F8FCF7CFFB01280FD064
:105ED000012003F0FAFC4FF40051974801F0A2F8BA
:105EE0000128ECD08021944801F09CF80128E6D0EC
:105EF000A06C401CA0643228EDDB4FF4FA7003F074
:105F0000E4FC0020FCF7A2FD0F210020FCF732FE8C
:105F100040F6C41003F0D9FC0020FCF797FD04E024
:105F2000FDF711F8012003F0D0FC28780007F7D422
:105F30000122D102834801F08DF80122802181489D
:105F400001F088F84FF4FA6003F0BFFC79480321B0
:105F50004170012141720020A06406E0FCF785FB3E
:105F6000012809D0012003F0B0FC4FF480517248A1
:105F700001F058F80128F1D0A06C401CA064322830
:105F8000F3DBFBF7E5FE00206427A06410E0782037
:105F9000CDE900070223B6226FF009016420FDF766
:105FA0009DFBFCF762FB012808D0012003F08DFC6B
:105FB000FAF76AFD4AF210418842E8DBA06C401C07
:105FC000A0643228F4DB0020A0640FE000970123D6
:105FD000B6226FF0090128200197FDF77FFBFCF73F
:105FE00044FB012806D0012003F06FFCFAF74CFDBA
:105FF0005045EBDBA06C401CA0643228F6DB4D4919
:106000000220487000204872A06410E05020CDE9C2
:1060100000070123B6226FF009011120FDF75EFB96
:10602000FCF723FB012805D0012003F04EFCA06AF9
:106030005928EBDC012003F048FCA06C401CA06454
:106040003228F4DB0020FCF701FD04E0FCF77BFFC5
:10605000012003F03AFC28780007F7D400228021C1
:10606000384800F0F7FF40F2DC5003F02EFCFBF75D
:106070006FFE0020A06419E0FAF706FDB0F57A6F14
:1060800005DD00224FF480712D4800F0E3FF02236C
:106090000097B722D91F1E200197FDF71FFBFCF7C1
:1060A000E4FA012806D0012003F00FFCFAF7ECFC1B
:1060B000B042E1DBA06C401CA0643228F6DB00207B
:1060C00047464FF05008A0640FE06420CDE90080FF
:1060D0000123B722991F1120FDF700FBFCF7C5FA39
:1060E000012806D0012003F0F0FBFAF7CDFCB842FE
:1060F000EBDBA06C401CA0643228F6DB0020A0641F
:1061000010E064215020CDE900010123B722991F3E
:106110000C20FDF7E3FAFCF7A8FA012805D00120CE
:1061200003F0D3FBA06A2728EBDC01200CE0000081
:1061300000006144000000200010024000004844BC
:10614000000802400004024003F0BFFBA06C401CAA
:10615000A0643228E6DB0020FCF778FC05E000BFF5
:10616000FCF7F1FE012003F0B0FB28780007F7D41C
:1061700000224FF40061FE4800F06CFF40F2DC505A
:1061800003F0A3FBFBF7E4FDB0EE489AB0EE681A0B
:10619000F0EE490A3C20B0EE4A0AFCF7EEFC002083
:1061A00041F27C58A06406E0FCF75FFA012806D0B3
:1061B000012003F08AFBFAF767FC4045F4DBA06C92
:1061C000401CA0643228F6DBB0EE688AF0EE498A03
:1061D000B0EE481AF0EE680A3C20B0EE690AFCF70F
:1061E000CCFC4FF00008C4F8488006E0FCF73DFA0C
:1061F000012806D0012003F068FBFAF745FCB04205
:10620000F4DBA06C401CA0643228F6DB0A20FCF70B
:106210001DFCFBF79DFDB0EE481AF2EE0E0A3C2085
:10622000B0EE680AFCF7A9FCC4F8488049F640487B
:10623000DFF840B318E000BFFAF726FC404502DD66
:1062400001208BF8010000208BF8090064200A234C
:10625000FD2200210090FDF7DCF9FCF706FA012889
:1062600008D0012003F031FBFAF70EFC4FF2186161
:106270008842E1DBA06C401CA0643228F4DB4FF0C4
:106280000008C4F848800EE0642000900423FD223A
:1062900000213C20FDF7BDF9FCF7E7F9012806D005
:1062A000012003F012FBFAF7EFFB4845ECDBA06C92
:1062B000401CA0643228F6DBC146C4F84880DFF8F1
:1062C000B8820EE0502000900323FD22002114200C
:1062D000FDF79FF9FCF7C9F9012808D0012003F068
:1062E000F4FA0221404600F09DFE0128EAD0A06C9D
:1062F000401CA0643228F4DBC4F848900EE0502023
:1063000000900223FD2200210F20FDF782F9FCF707
:10631000ACF9012808D0012003F0D7FA012140464A
:1063200000F080FE0128EAD0A06C401CA064322856
:10633000F4DB40F2DC5003F0C8FA0020FCF786FBE7
:10634000FBF706FDB0EE481AF0EE680A0F20B0EE3B
:106350006A0AFCF712FC00214FF40059A1640BE01B
:1063600001221102854800F075FEFCF77EF9012834
:106370000ED0012003F0A9FA4946404600F052FE33
:106380000128EDD08021404600F04CFE0128E7D0E6
:10639000A06C401CA0643228EEDB4FF4FA7003F0CE
:1063A00094FA0020FCF752FB0F210020FCF7E2FBDF
:1063B00040F6C41003F089FA0020FCF747FB04E024
:1063C000FCF7C1FD012003F080FA28780007F7D41C
:1063D000DFF89C910122D102484600F03BFE0122E9
:1063E0008021484600F036FE4FF4FA6003F06DFA63
:1063F000604803214FF0000B417001214172C4F845
:1064000048B006E0FCF731F9012809D0012003F07B
:106410005CFA4FF48051404600F004FE0128F1D0B0
:10642000A06C401CA0643228F3DBFBF791FC002039
:106430004FF0640BA06411E07820CDE900B0032395
:1064400040F21B126FF007016420FDF747F9FCF7DB
:106450000CF9012808D0012003F037FAFAF714FBF1
:106460004AF210418842E7DBA06C401CA06432284D
:10647000F4DB0020A06412E078215020CDE9000177
:10648000012340F21B126FF013012820FDF726F9BB
:10649000FCF7EBF8012806D0012003F016FAFAF712
:1064A000F3FA5045E8DBA06C401CA0643228F6DB10
:1064B000304902204FF0000A487081F809A0C4F862
:1064C00048A012E0C8215020CDE90001012340F28C
:1064D0001B126FF013011120FDF700F9FCF7C5F84E
:1064E000012805D0012003F0F0F9A06A5928E9DC61
:1064F000012003F0EAF9A06C401CA0643228F4DB10
:106500000020FCF7A3FA04E0FCF71DFD012003F0D6
:10651000DCF928780007F7D400228021144800F025
:1065200099FD40F2DC5003F0D0F9FBF711FCD146A5
:10653000C4F848A04FF0C80A25E000BFFAF7A4FA53
:10654000B0F57A6F05DD00224FF480710B4800F042
:1065500081FDCDE900BA022340F21B126FF00B015E
:106560001E20FDF7BBF8FCF780F801280FD007E0EC
:106570000004024000000020001002400008024019
:10658000012003F0A2F9FAF77FFAB042D6DBA06C43
:10659000401CA0643228F6DBBB464E464FF48E709A
:1065A000C4F8489057464FF0500982460FE0CDE9B5
:1065B0000097012352466FF009011120FDF78EF874
:1065C000FCF753F8012806D0012003F07EF9FAF712
:1065D0005BFA5845EBDBA06C401CA0643228F6DB6C
:1065E0006FF0090BA6640EE0CDE900970123524637
:1065F00059460C20FDF772F8FCF737F8012805D052
:10660000012003F062F9A06A2728EDDC012003F0E5
:106610005CF9A06C401CA0643228F4DB0020FCF77D
:1066200015FA04E0FCF78FFC012003F04EF92878FE
:106630000007F7D4F84D00224FF40061284600F01F
:1066400009FD40F2DC5003F040F9FBF781FBB0EEAE
:10665000481AF2EE0E0A3C209FEDF00AFCF78DFA84
:10666000A94640F6B83741F29415A66410E000BF81
:10667000FAF70AFAB84204DD01224021484600F048
:10668000E9FCFBF7F2FF012806D0012003F01DF919
:10669000FAF7FAF9A842EBDBA06C401CA0643228A0
:1066A000F6DBDF4D0420012768706F72B146A664E7
:1066B00046464FF4806806E0FBF7D7FF012808D074
:1066C000012003F002F94146304600F0ABFC0128FE
:1066D000F2D0A06C401CA0643228F4DBFBF738FB3E
:1066E000CF4E3C218036306CC0F5E170FCF742FAA9
:1066F00000219FEDCC0ACC48FCF7FFF9DFF8288396
:10670000A8F1140807E000BFFBF7AFFF012805D090
:10671000012003F0DAF8316C4145F5DC9FEDC31A36
:10672000DFEDC30A2820B0EE690AFCF726FAC4F8A8
:10673000489006E0FBF799FF012806D0012003F0FE
:10674000C4F8206B716E8842F4DCA06C401CA0641D
:106750003228F6DB0020FCF779F92F7003B0BDEC8E
:10676000068BBDE8F08F2DE9F0432DED048B81B051
:10677000FBF7EEFA9FEDAF8AB0EE481ADFEDAC8A78
:106780007820F0EE680A9FEDAC9AB0EE490AFCF76B
:10679000F4F9AA4C0025A4F180084FF03209A04E6C
:1067A000A74FA5640BE000BFC8F85C90B06AF06129
:1067B000FBF75BFF012806D0012003F086F8FAF70B
:1067C00063F9B842F0DBA06C401CA0643228F6DB11
:1067D000B0EE481AF0EE680A3C20B0EE490AFCF729
:1067E000CCF9A56407E000BFFBF73FFF012805D007
:1067F000012003F06AF8E06AB428F5DCA06C401CC4
:10680000A0643228F7DB0020FCF720F9FBF7A0FAA0
:10681000B0EE481ADFED8B0A28209FED8B0AFCF7BB
:10682000ACF942F21076A56407E000BFFBF71DFF4C
:10683000012806D0012003F048F8FAF725F9B04204
:10684000F4DBA06C401CA0643228F6DBA56406E0F3
:10685000FBF70BFF012805D0012003F036F8E06AB2
:106860005C28F5DCA06C401CA0643228F7DBFBF749
:106870006FFADFF8B4917827A9F13209A5640DE029
:106880000223572249461E200097FCF7FAFDFBF72A
:10689000ECFE012806D0012003F017F8FAF7F4F80F
:1068A000B042EDDBA06C401CA0643228F6DB634EE6
:1068B000A5644D4698360DE00223572229461E2036
:1068C0000097FCF7DEFDFBF7D0FE012806D0012083
:1068D00002F0FBFF3068616B8842EDDBA06C401C6E
:1068E000A0643228F6DB0120FCF7B0F8C821C8F814
:1068F0005C1001B0BDEC048BBDE8F0832DE9F047DE
:10690000FBF726FA9FED511ADFED510A50209FED5B
:10691000510AFCF732F9494C00264FF40075DFF8B4
:106920003881DFF8F4904FF4FA67A66410E0012292
:106930002946404600F08EFB01224021484600F0E7
:1069400089FBFBF792FE012806D0012002F0BDFF73
:10695000FAF79AF8B842EADBA06C401CA06432282F
:10696000F6DB314F00219FED2F0A3846FCF7C5F8C2
:106970002B4D803507E000BFFBF777FE012805D0DF
:10698000012002F0A2FF286CB842F5DC1E209FED2A
:10699000271ADFED270A9FED310AFCF7EEF8A6640F
:1069A00007E000BFFBF761FE012806D0012002F0DE
:1069B0008CFF206B696E8842F4DCA06C401CA064E4
:1069C0003228F6DB3220FCF741F8BDE8F047CAE692
:1069D000234C1120FBF776FD0121204601F096FEA5
:1069E0000F2002F072FFF4E71E4D4FF4806400BFE9
:1069F000FDF7DBFCFCF777FBFCF7F3FBFCF7C2FCD5
:106A00002146284600F00EFB08B9FCF767FC03207E
:106A100002F05BFFECE700000004024000806D44E0
:106A2000000000209A9919BFF8F8FFFF9A9999BEC3
:106A30000000E1C4CDCCCC3D0000E14400010020C9
:106A4000A00901000040E7C400C0A8C4CDCC4C3E62
:106A50000000000000C0C1440008024000C0A8447B
:106A60000048004000100240634E06F5C474A4F1D3
:106A70008805B07A012801D160796864FCF712FAC0
:106A8000052002F022FFF4E71FB5FAF748F8FAF7FD
:106A900079F8FAF7FAF9FAF7B8FAFAF785FBFAF79C
:106AA000E0FCFAF7D4F84FF4E1342046FAF7A0FD01
:106AB0002046FAF71FFE2046FAF7A2FEE000FAF79A
:106AC000BFFF2046FBF74EF8FBF764F9FBF740F9F0
:106AD000494C002501262570A672370200950195C4
:106AE00002952B463A4645A14948039502F016FD0A
:106AF00000950195029500233A4646A14A48039520
:106B000002F00CFD0420607066720603474F04F526
:106B1000C4754CE0FCF717FAFCF791FFFCF71BFC7F
:106B2000FCF76EFCFCF7ECFFFDF7F2F9FDF753FD07
:106B300002213F4800F076FA012828784FEA0070D9
:106B400004D0002827DB2078D8B11FE000280BDB19
:106B5000207820B9FDF7A5FD2878000704D4207817
:106B6000012801D1FEF732FD2878400701D4FCF757
:106B700027FF3146384600F055FAC0B9FEF7EAFD66
:106B800015E0FEF75AFE2878000704D42078012883
:106B900001D1FFF7E8FD2878400701D4FCF7D1FECA
:106BA0003146384600F03EFA08B9FFF7A7FEA8794B
:106BB000FF28AFD10020FBF749FFF8E77FB500249D
:106BC0004FF4807500940194029423462A4619A13B
:106BD0001B48039402F0A2FC009401940294002349
:106BE0002A4618A11A48039402F098FC02F0BCFF50
:106BF00004B0002070BD0000000000207461736BC1
:106C0000526F626F74416E616C79746963730000D6
:106C1000696A00087461736B446965754B686965DE
:106C20006E436F4361750000E9690008001002407F
:106C3000000402407461736B4D61696E00000000D6
:106C4000896A00087461736B4779726F00000000F5
:106C5000D16900080CB500205149019000900A68E4
:106C600042F480320A604FF4A0630A6802F40032F2
:106C70000092019A521C0192009A12B9019A9A420A
:106C8000F3D10A68920334D5012000904448403083
:106C9000026842F0805202604248026842F4804238
:106CA00002603F48083002680260026842F4004215
:106CB0000260026842F4A0520260031F3A4A1A605E
:106CC0000A6842F080720A600A689201FCD5374A6D
:106CD00040F205611160016821F003010160016863
:106CE00041F0020101600168C1F381010229FAD17A
:106CF0000CBD00900CBD2A4810B5016841F001019F
:106D00000160274A0021083211600268284B1A40AE
:106D10000260031D274A1A60026822F48022026082
:106D20001F480C300160FFF795FF23494FF00060CA
:106D3000086010BD70B51A4C083420681F4A10F066
:106D40000C011F4804D05510042903D0082903D092
:106D500002601BE0056019E01149091D0B68C3F3CF
:106D600080560B6803F03F0316B1B5FBF3F201E068
:106D7000B2FBF3F20B680968C3F388135A43C1F3FB
:106D80000141491C4900B2FBF1F1016021680C4A44
:106D9000C1F30311121D515C0268CA40026070BD4C
:106DA000003802400070004008544007003C024098
:106DB000FFFFF6FE1030002408ED00E00024F40090
:106DC000900200200648804706480047FEE7FEE79D
:106DD000FEE7FEE7FEE7FEE7FEE7FEE7FEE7FEE78B
:106DE000F76C000889010008284908432849086011
:106DF000704730B50F22C47801780123FCB1244CD0
:106E0000246801F1E02104F4E064C4F5E064C4F313
:106E10000724C4F10405E2404478AC40857815406D
:106E200025432A0181F80024007800F01F018B40DF
:106E30004009800000F1E020C0F8003130BD01F0D1
:106E40001F0083404809800000F1E020C0F8803135
:106E500030BD104A114001430D48001F01607047CA
:106E60000B4A121D0029116801D0014300E0814343
:106E7000116070474FF0E0210428086903D020F02A
:106E800004000861704740F00400FAE70000FA05CA
:106E90000CED00E080FFFF1F7C4910B5884206D151
:106EA0000121084600F058FA002101204FE07849FE
:106EB000884206D10121022000F04EFA0021022072
:106EC00045E07449884206D10121042000F044FACB
:106ED000002104203BE07049884206D101210820AE
:106EE00000F03AFA0021082031E06C49884206D1CE
:106EF0000121102000F030FA0021102027E068491D
:106F0000884206D10121202000F026FA002120200D
:106F10001DE06449884206D10121402000F01CFA9E
:106F20000021402013E06049884206D101218020E1
:106F300000F012FA0021802009E05C4988420AD161
:106F400084150121204600F007FA00212046BDE803
:106F5000104000F001BA10BDF0B500230124032752
:106F60000D6804FA03F21540954242D1D0F800C0F2
:106F70005E0007FA06F52CEA050CC0F800C091F88F
:106F800004C0D0F800E00CFA06FC4CEA0E0CC0F885
:106F900000C091F804C0BCF1010F02D0BCF1020F97
:106FA0001FD1D0F808C02CEA050CC0F808C091F831
:106FB00005C0D0F808E00CFA06FC4CEA0E0CC0F84C
:106FC00008C0D0F804C02CEA020CC0F804C0426823
:106FD00091F806C00CFA03FC1FFA8CFC42EA0C0282
:106FE0004260C268AA43C260CA79C568B2402A43F7
:106FF000C2605B1C102BB3D3F0BD4FF6FF71016074
:107000000021017141718171C171704708B541F46E
:1070100080320092C261C1610099C161C169C069D9
:10702000009008BD0246002012690A4200D00120EB
:107030007047006980B270470246002052690A42D8
:1070400000D001207047406980B2704701837047CB
:10705000418370470AB101837047418370474161A2
:10706000704742694A40426170474B07DB0E9A40C5
:10707000C90810B500EB8100016A0F249C40A143B0
:107080000162016A1143016210BD0000000002406C
:107090000004024000080240000C024000100240C0
:1070A0000014024000180240001C02400020024070
:1070B000EA48016841F001010160E84A0021083214
:1070C00011600268E64B1A400260031DE54A1A602F
:1070D000026822F480220260E0480C3001607047B0
:1070E000DE490022891C0A700870704702460020A1
:1070F000510901290CD002290CD0D84974310968F2
:1071000002F01F02012393400B4200D00120704780
:10711000D249F4E7D1497031F1E718B500204FF4B6
:10712000A06400903120FFF7E1FF0099491C009115
:10713000A14201D00028F5D03120FFF7D7FF002869
:1071400000D0012018BDC5490A6822F0F80242EAC1
:10715000C00008607047C44908607047BF490022FA
:1071600070310A700A70012802D0042801D105206C
:1071700008707047BD490860704741EA82115A089B
:1071800010B5BB4B029C03EB02421143014341EAA1
:107190000460B249091D086010BDB3490866704714
:1071A000800140EA0170AD49843108607047AE4902
:1071B00088667047AC49C8647047A84A08321368AB
:1071C000084323F0EC63184310607047A34A083269
:1071D0001368084323F078431843106070479F4AB0
:1071E0000832116821F003010143116070479B4888
:1071F0000830006800F00C007047984A08321168A7
:1072000021F0F001014311607047944A083211687F
:1072100021F4E051014311607047904908310A6838
:1072200022F4604242EAC0000860704770B58B4AA1
:10723000083211688F4C11F00C0104D0661004293B
:1072400003D0082903D004601BE0066019E08349DD
:10725000091D0B68C3F380550B6803F03F0315B19C
:10726000B6FBF3F301E0B4FBF3F30C680968C4F375
:1072700088146343C1F30141491C4900B3FBF1F198
:10728000016011680F2303EA11117B4B5C5C0168FC
:10729000E14041601468072505EA94241C5D21FA49
:1072A00004F48460126805EA52329A5CD140C160ED
:1072B00070BDC0F30121032908D1684A0832116862
:1072C00021F4F8136D49014019431160634970318D
:1072D0000A68C0F30B0002430A60704763494439EF
:1072E0000860704761494039086070475E49C1F8DD
:1072F0005C017047594A30320029116801D00143BE
:1073000000E0814311607047544A3432002911680B
:1073100001D0014300E08143116070474F4A383289
:107320000029116801D0014300E0814311607047DA
:107330004A4A40320029116801D0014300E08143EC
:1073400011607047454A44320029116801D0014359
:1073500000E0814311607047404A103200291168F3
:1073600001D0014300E08143116070473B4A143271
:107370000029116801D0014300E08143116070478A
:10738000364A18320029116801D0014300E08143D8
:1073900011607047314A20320029116801D0014341
:1073A00000E08143116070472C4A243200291168A3
:1073B00001D0014300E0814311607047274A5032F9
:1073C0000029116801D0014300E08143116070473A
:1073D000224A54320029116801D0014300E0814360
:1073E000116070471D4A58320029116801D00143CD
:1073F00000E0814311607047184A6032002911682B
:1074000001D0014300E0814311607047134A6432A8
:107410000029116801D0014300E0814311607047E9
:107420000E4A0D320029117801D0014300E081435A
:107430001170704709487430016841F08071016033
:1074400070470146054A00200C3212680A4200D0FB
:107450000120704701490E31087070470038024022
:10746000FFFFF6FE1030002400004742800E474226
:107470000000FFFF0024F400A4020020FFFCFF0F27
:1074800010B501210C022046FFF78EFF2046BDE813
:1074900010400021FFF788BF30B54268C84B0C7917
:1074A0001A400B6842EA0422134343608268C54BCA
:1074B0004D791A40D1E9034323438C6844EA4504DB
:1074C000234313438360C26A097D22F47002491E7C
:1074D000C9B242EA0151C16230BD002101600171AF
:1074E00041718160C1600161012101757047B64B36
:1074F00010B5D3F80423B5490A40D0E9001421435C
:10750000D0E90240044321431143C3F8041310BDE2
:107510000021016041608160C1607047002981687D
:1075200002D041F0010101E021F0010181607047CA
:107530004268A74B1A400A43426070474162826228
:107540007047426822F01F020A43426070479E491A
:107550000028D1F8040302D040F4000001E020F438
:107560000000C1F80403704797490028D1F80403CC
:1075700002D040F4800001E020F48000C1F8040350
:10758000704770B5072409290AD9C568A1F10A0610
:1075900006EB4606B440A543B3401D43C56007E073
:1075A000056901EB4106B440A543B3401D430561A5
:1075B0001F23072A09D2446B521E02EB820293401A
:1075C0009C4391400C43446370BD0D2A09D2046B67
:1075D000D21F02EB820293409C4391400C43046310
:1075E00070BDC46A0D3A02EB820293409C43914005
:1075F0000C43C46270BD816841F080418160704776
:10760000014600208968490200D501207047002901
:10761000816802D041F4806101E021F480618160E1
:1076200070470029816802D041F0020101E021F099
:107630000201816070474268491E22F4604242EABA
:107640004131416070470029416802D041F4006136
:1076500001E021F4006141607047C06C80B2704766
:107660005948D0F8080370470029816802D041F4D6
:10767000807101E021F48071816070470029816888
:1076800002D041F4007101E021F400718160704783
:107690004D490028D1F8040302D040F4005001E025
:1076A00020F40050C1F80403704770B5072409297D
:1076B0000AD9C568A1F10A0606EB4606B440A543FF
:1076C000B3401D43C56007E0056901EB4106B440C6
:1076D000A543B3401D430561836BC3F30154121BE3
:1076E000921C02EB82041F22A2409343A1400B4351
:1076F000836370BD826B491E22F4401242EA01513D
:107700008163704708B508440090026008BD826834
:1077100022F470220A4382607047826822F4401289
:107720000A4382607047816841F48001816070473C
:10773000014600208968490200D5012070470029D0
:10774000416802D041F4806101E021F48061416030
:1077500070470029416802D041F4805101E021F4D2
:1077600080514160704708B5084428300090006897
:1077700080B208BD01238B4041680AB1194300E083
:107780009943416070470246002012680A4200D0C7
:1077900001207047C9430160704730B502460020A0
:1077A00053680C0A01258D4011682B40214202D0FC
:1077B000002B00D0012030BD6FEA1121016070471D
:1077C000FFFEFFFCFDF7FFC000200140E030FCFFA2
:1077D000FFFD3FFF2DE9F043016821F00101016049
:1077E0000021016041608160C1600161212141612E
:1077F000B849B84A3D251039904202D18D60BDE8A4
:10780000F083B44A4FF474661832904201D18E600E
:10781000F5E7B04A4FF474173032904201D18F60CF
:10782000EDE7AC4A4FF0746C4832904202D1C1F897
:1078300008C0E4E7A74BA84A6033984201D1CA6068
:10784000DDE7A44CA54B7834A04201D1CB60D6E74C
:10785000DFF88082A24C08F19008404501D1CC604D
:10786000CDE7DFF870824FF03D5908F1A808404598
:1078700002D1C1F80C90C2E79A49DFF86882083952
:10788000404501D10D60BAE7964D1835A84201D1A7
:107890000E60B4E7934D3035A84201D10F60AEE7DA
:1078A000904D4835A84202D1C1F800C0A7E78D4DE0
:1078B0008C496035091FA84201D10A609FE7894AB7
:1078C0007832904201D10B6099E7864A903290421B
:1078D00001D10C6093E7834AA83290428FD1C1F85E
:1078E00000908CE730B503687F4ACC6813400A6883
:1078F0002243D1E905452C432243CC6922430C6A3B
:1079000022434C6A22438C6A22434C6B22438C6B89
:1079100022431A430260426922F00703D1E90B2493
:1079200022431A4342610A6942604A688260896858
:10793000C16030BD0021016041608160C1600161B2
:1079400041618161C161016241628162C162016321
:107950004163816370470029016802D041F0010151
:1079600001E021F00101016070470029016802D0A7
:1079700041F4004101E021F4004101607047002919
:10798000016802D041F0200101E021F020010160F6
:10799000704741607047406880B27047002A0268B3
:1079A00002D042F4002201E022F4002202600161D0
:1079B00070470029016802D041F4802101E021F4E0
:1079C0008021016070470AB101617047C160704752
:1079D000014600200968090300D5012070470146CF
:1079E00000200968C90700D001207047406900F0F5
:1079F0003800704702463B4B00209A4202D2354A7B
:107A0000103A01E0374A103A8B0001D5526800E085
:107A10001268364B1A400A4200D001207047314AA2
:107A2000904202D22B48103801E02E4810382F4ADD
:107A30008B0001EA020101D5C16070478160704787
:107A40000B0607D5436912B143F0800301E023F030
:107A500080034361802908D0002A026801F01E01DA
:107A600001D00A4300E08A430260704730B51D4AE6
:107A70000024904202D2174B103B01E0194B103BFF
:107A80001B4A114205D01E2202EAD12502682A4073
:107A900002E0406900F08002880001D5586800E0EB
:107AA0001868124B1840084201D002B10124204648
:107AB00030BD0C4A904202D20648103801E0094815
:107AC00010380A4A8B0001EA020101D5C1607047F3
:107AD00081607047106002403D000020400F002090
:107AE00000003D20106402403F801CF07D0F7D0FA0
:107AF0003C0F3C0F374900200860091D0860091D34
:107B00000860091D08603349334814310860704724
:107B100030B530498379026853B30B6893430B60E7
:107B20000A1D13680468A343136002790A441368AA
:107B3000046823431360274A083213680468A34388
:107B40001360131D1C680568AC431C604479102C3D
:107B500005D021440A68006802430A6030BD1168FC
:107B6000046821431160196800680143196030BD41
:107B70000079084401689143016030BD0021016033
:107B800001710C22427181717047124910310A68EB
:107B900002430A60704701460E4A00201432126800
:107BA0000A4200D0012070470A491431086070472A
:107BB000084A014600201268064B0A4014331B682D
:107BC0000B4202D0002A00D0012070470149143135
:107BD00008607047003C0140FFFF7F00FE4910B580
:107BE000884206D101210846FFF7DEFB0021012073
:107BF0005BE0B0F1804F09D0F84988420DD10121F6
:107C00000220FFF7C7FB0021022070E00121084697
:107C1000FFF7C0FB0021012069E0F149884206D14D
:107C200001210420FFF7B6FB002104205FE0ED49AD
:107C3000884206D101210820FFF7ACFB0021082073
:107C400055E0E949884206D101211020FFF7A2FB47
:107C5000002110204BE0E549884206D10121202077
:107C6000FFF798FB0021202041E0E149884206D13E
:107C700001210220FFF798FB0021022015E0DD49D9
:107C8000884202D101210C040AE0DB49884202D17A
:107C900001214C0404E0D94988420AD101218C0415
:107CA0002046FFF781FB00212046BDE81040FFF78A
:107CB0007BBBD349884206D101214020FFF76AFBF4
:107CC0000021402013E0CF49884206D101218020C5
:107CD000FFF760FB0021802009E0CB4988420AD1F0
:107CE000841501212046FFF755FB00212046BDE801
:107CF0001040FFF74FBB10BD30B50288B64BBC4CEF
:107D000098420DD0A0420BD0B0F1804F08D0B34DB7
:107D1000A84205D0B24DA84202D0B24DA84203D12C
:107D200022F070054A882A43AF4DA84206D0AF4DD5
:107D3000A84203D022F440750A892A4302804A6887
:107D4000C2620A880285984201D0A04201D1897A94
:107D500001860121818230BD4FF0FF314160002159
:107D60000180018141808172704701858282704764
:107D7000028822F070020A43028070474162704715
:107D8000C1627047406A7047008D704700290188C2
:107D900002D041F0020101E021F0020101807047B0
:107DA0000029018802D041F0040101E021F0040122
:107DB000018070470029018802D041F0800101E074
:107DC00021F0800101807047028822F008020280C1
:107DD00002880A4302807047028822F440720280BF
:107DE00002880A43028070470029018802D041F0CE
:107DF000010101E021F001010180704730B5028CE2
:107E000022F001020284028C8388048B22F0020299
:107E100024F073050C882C438D8915434A882A4326
:107E20006D4DA84202D0724DA8420DD122F0080536
:107E3000CA8923F440732A4322F004058A882A431E
:107E40000D8A1D434B8A2B438380048389684163D9
:107E5000028430BD70B5028C22F010020284028CC4
:107E60008488038B0D8823F4E6464FF6FF7303EAFC
:107E7000052535438E8922F0200203EA06161643B3
:107E80004A8803EA02123243534EB04202D0584E9F
:107E9000B04215D122F08006CA8924F4406403EA76
:107EA0000212324322F040068A8803EA0212324369
:107EB0000E8A03EA860626434C8A03EA8404344386
:107EC0008480058389688163028470BD70B5028CEB
:107ED00022F480720284028C8488838B0D8823F0C4
:107EE00073031D4322F400738E894FF6FF7202EA7A
:107EF00006261E434B8802EA03233343364EB04224
:107F000002D03B4EB04215D123F40066CB8924F455
:107F1000405402EA0323334323F480668B8802EA49
:107F2000032333430E8A02EA061626434C8A02EAEA
:107F300004143443848085838968C163038470BDDD
:107F400070B5028C22F480520284048C8288838B68
:107F50000D8823F4E6464FF6FF7303EA0525354303
:107F600024F400568C8903EA043434434E8803EA2F
:107F700006362643184CA04202D01D4CA04205D123
:107F800022F480440A8A03EA821222438280858393
:107F900089680164068470BD002101804180818070
:107FA00081608181C18101824182704730B50124A5
:107FB000058C00F118038C40A543058431B30829D2
:107FC0002CD0091FC1F34E001844016848F6FF7316
:107FD0001940016001681AE00000014000040040FF
:107FE00000080040000C0040001000400014004059
:107FF00000040140004001400044014000480140AD
:1080000000180040001C00400020004006E04FF631
:10801000FF7303EA02221143016030BD03EB5100FC
:1080200001684FF68F73194001600168F3E74163FF
:10803000704781637047C163704701647047028B6A
:1080400022F070020A4302837047028B4FF6FF73DF
:1080500022F4E04203EA0121114301837047828B3D
:1080600022F070020A4382837047828B4FF6FF73BF
:1080700022F4E04203EA0121114381837047028B1D
:1080800022F008020A4302837047028B4FF6FF7307
:1080900022F4006203EA0121114301837047828BBD
:1080A00022F008020A4382837047828B4FF6FF73E7
:1080B00022F4006203EA0121114381837047028B9D
:1080C00022F004020A4302837047028B4FF6FF73CB
:1080D00022F4806203EA0121114301837047828BFD
:1080E00022F004020A4382837047828B4FF6FF73AB
:1080F00022F4806203EA0121114381837047028BDD
:1081000022F080020A4302837047028B4FF6FF730E
:10811000C2F30E0203EA0121114301837047828BEF
:1081200022F080020A4382837047828B4FF6FF73EE
:10813000C2F30E0203EA0121114381837047028CCE
:1081400022F002020A4302847047028C22F00802E5
:108150000A4302847047028C4FF6FF7322F020021C
:1081600003EA0111114301847047028C4FF6FF733B
:1081700022F0800203EA0111114301847047028C4E
:108180004FF6FF7322F4007203EA012111430184C8
:108190007047028C4FF6FF7322F4006203EA01215C
:1081A000114301847047028C4FF6FF7322F4005292
:1081B00003EA013111430184704710B50123048C97
:1081C0008B409C430484038C8A401343038410BD7A
:1081D00010B50423048C8B409C430484038C8A4098
:1081E0001343038410BD828B22F440628283828B0E
:1081F0004FF6FF7303EA01210A4382837047828BA3
:1082000022F00C028283828B0A4382837047028BA6
:1082100022F440620283028B4FF6FF7303EA0121CE
:108220000A4302837047F0B5048C24F010040484E0
:10823000078B068C4FF6FF7404EA011527F4734789
:1082400004EA0331394304EA02220A4326F0A0017A
:10825000294341F0100102830184F0BD028B22F01A
:108260000C020283028B0A43028370472DE9F0411E
:108270000D460E884988AA882B8904460EB3042E21
:1082800026D0082E268C4FF6FF7028D026F4805674
:108290002684A78B268C00EA022200EA013127F40B
:1082A00073473A4300EA0330104326F420420A435E
:1082B00042F48051A0832184E9882046BDE8F04142
:1082C00091E700F062F9E9882046BDE8F041C5E792
:1082D000FFF7A9FFE9882046BDE8F04197E726F4BB
:1082E00080762684A78B268C00EA012100EA031001
:1082F000104327F0F307384326F420620A4342F480
:108300008071A0832184E9882046BDE8F04176E7AA
:1083100000210180418001228280C180018170475B
:108320002DE9F0410C46002649880746012501B990
:108330000226A288012A00D102252088238900284C
:10834000384610D0FFF76FFFE1883846FFF75FFF30
:1083500023892A463146384600F017F9E188384625
:10836000BDE8F0417AE700F010F9E1883846FFF700
:1083700075FF23892A4631463846FFF754FFE188C6
:108380003846BDE8F04142E7406B7047806B70476C
:10839000C06B7047006C704710B50A884B88CC885A
:1083A0001A438B8823431A430B891A434B898989C3
:1083B0001A430A43A0F8442010BD002101804180E7
:1083C0008180C1800181418181817047002930F81D
:1083D000441F02D041F4004101E0C1F30E010180CD
:1083E00070470029818802D041F0040101E021F0AA
:1083F0000401818070470029818802D041F0010189
:1084000001E021F0010181807047002A828901D0BA
:108410000A4300E08A4382817047818270470246A6
:108420000020128A0A4200D001207047C94301820D
:10843000704702460020138A92890B4202EA010229
:1084400002D0002A00D001207047C9430182704742
:108450001143A0F848107047002A828901D00A43CE
:1084600000E08A43828170470029818802D041F070
:10847000080101E021F0080181807047018921F0A5
:10848000070101817047028922F070020A430281CC
:10849000704700B50346FFF7F6FF188940F0070064
:1084A000188100BD70B516460D46602904464FF090
:1084B000010231460AD000F068F829462046FFF74D
:1084C000E2FF208940F00700208170BDFFF7ABFE7E
:1084D000F3E730B504894FF6FF7505EA032313432C
:1084E000E4B20B432343038130BD10B50446FFF7CC
:1084F000F0FF208940F07700208110BD10B50446C0
:10850000FFF7E7FF208940F48040208110BD82887A
:1085100022F07002828082880A438280704702893A
:1085200022F00702028102890A4302817047028910
:1085300022F08002028102890A430281704770B5ED
:108540000589048B068C25F007050D434FF6FC4189
:108550000C4040F201110C434FF6FF7101EA031188
:1085600026F022061143314305810483018470BD46
:108570000029818802D041F0800101E021F08001D2
:1085800081807047A0F85010704770B5048C24F0BB
:1085900001040484058B048C4FF6FF7606EA03136E
:1085A000134325F0F3052B4324F00A020A4342F05B
:1085B00001010383018470BDC74910B5884206D10B
:1085C00001211020FEF7F0FE0021102028E0C34911
:1085D000884202D101214C0410E0C149884202D1F5
:1085E00001218C040AE0BF49884202D10121CC0458
:1085F00004E0BD4988420AD101210C052046FEF75E
:10860000C9FE2046BDE810400021FEF7C3BEB749B1
:10861000884209D101212020FEF7C6FE002120203A
:10862000BDE81040FEF7C0BE10BD7FB50446008A0D
:108630000D4620F44051E88808432082A08941F289
:108640000C618843A9882A8911436A89024311432E
:10865000A181A08A20F44071A8890843A0826846BD
:10866000FEF7E4FD9C48844202D0A048844201D138
:10867000039800E00298A189090400EBC00101EB16
:108680000010296801D5490000E08900B0FBF1F233
:108690006420B2FBF0F109010B096FF018056B4380
:1086A00002EB8302A3891D044FF0320306D503EBCE
:1086B000C202B2FBF0F000F0070005E003EB02128B
:1086C000B2FBF0F000F00F00084320817FBD4FF4B3
:1086D0001651016000218180C18001810C224281FC
:1086E0008181704710B5028A4C8822F470630A8831
:1086F00022438C88C9880C4322431A43028210BD4E
:108700000021018041808180C180704700298189DA
:1087100002D041F4005101E021F400518181704701
:10872000028B02F47F420283028B0A43028370476A
:108730000029818902D041F4004101E0C1F30E011A
:10874000818170470029818A02D041F4006101E0F3
:1087500021F4006181827047C1F308018180704774
:108760008088C0F308007047028A22F00F0202825C
:10877000028A0A43028270470029818902D041F0AF
:10878000020101E021F0020181817047828922F417
:108790000062828182890A4382817047028A22F0C4
:1087A00020020282028A0A43028270470029018A5B
:1087B00002D041F4804101E021F480410182704700
:1087C000818941F00101818170470029818A02D0AD
:1087D00041F0080101E021F0080181827047028B1D
:1087E000D2B20283028B42EA012101837047002941
:1087F000818A02D041F0200101E021F02001818234
:1088000070470029818A02D041F0100101E021F077
:10881000100181827047828A22F004028282828A59
:108820000A43828270470029818A02D041F0020106
:1088300001E021F0020181827047002A828A01D082
:108840000A4300E08A438282704710B5C1F34213A5
:1088500001F01F040121A140012B07D0022B07D0FA
:108860001430002A026805D00A4304E00C30F8E70F
:108870001030F6E78A43026010BD024600201288DD
:108880000A4200D001207047C9430180704730B5CB
:1088900001F01F0201240025C1F3421304FA02F281
:1088A000012B0FD0022B0FD0838A4FEA11210088B1
:1088B000134204FA01F400EA040001D000B10125DA
:1088C000284630BD8389F0E7038AEEE70A0A0121D2
:1088D0009140C943018070470010014000440040AE
:1088E00000480040004C004000500040001401408F
:1088F00010B501218C032046FEF756FD2046BDE849
:1089000010400021FEF750BD13490860704710B5B4
:108910008A0721F003041149130F21440F22D1F8D3
:1089200008489A409443C1F80848D1F8082898406C
:108930000243C1F8082810BD0949C1F8DC0070479E
:108940000849086070470449002020310968C905BA
:1089500000D5012070470000003801400030014080
:10896000000027420004274200F108014FF0FF32C7
:10897000C0E90112C160016100210160704700215E
:1089800001617047426853684B6043688B6053686D
:1089900099605160416008610168491C016070473D
:1089A00010B50B685A1C02D000F1080202E00269FF
:1089B00004E05268546824689C42FAD953684B60BA
:1089C00099608A60516008610168491C016010BDAE
:1089D000D0E901128A60D0E90112516001694A6848
:1089E000824201D182684A60002202610868401E0A
:1089F000086008687047000070B50D4604001FD07D
:108A000000F0EBFCD4E90F21206802FB0103636056
:108A10000023A363521EA06002FB0100E060581E09
:108A20006064A06404F110006DB1FFF79DFF04F1D4
:108A30002400FFF799FF00BF00F0D7FC012070BDB4
:108A4000F7F7F8FBFEE721690029F5D001F07BF983
:108A50000128F1D100F0BBFCEEE72DE9F04117460B
:108A60000E46050019D0502000F0DEFC040014D0A2
:108A700005FB06F0401C00F0D7FC206050B1C4E9B3
:108A80000F5601212046FFF7B7FF84F84D702046AE
:108A9000BDE8F081204600F01CFDF7F7CBFBFEE7B8
:108AA00070B5044600F099FC04F124050AE0606A00
:108AB00058B1284601F047F908B101F0BFF9A06CA0
:108AC000401EA064A06C0028F1DC4FF0FF36A664C5
:108AD00000F08BFC00F081FC04F110050AE0206935
:108AE00058B1284601F02FF908B101F0A7F9606CE0
:108AF000401E6064606C0028F1DC6664BDE8704074
:108B000000F073BC10B51346026C04468AB1CBB1B9
:108B1000E06801F027FAE168206C091AE160226838
:108B2000914202D26168081AE060A06B401CA06309
:108B300010BD20680028F8D1606801F0C7F9002056
:108B40006060F2E7A06801F00DFA216CA0680844AB
:108B5000A06061688842E8D32068A060E5E72DE95D
:108B6000FF4182B098460F4604004FF0000502D046
:108B700000261FB107E0F7F75DFBFEE7206C10B1A0
:108B8000F7F758FBFEE700F028FCA16BE06B814291
:108B900013D2424639462046FFF7B4FF606A38B127
:108BA00004F1240001F0CFF8012801D100F00FFCFE
:108BB00000F01BFC012006B06AE7049808B11DB163
:108BC00006E000F012FC1DE0684601F0E9F801251E
:108BD00000F00BFC00F046FE00F0FFFB606C401C58
:108BE00000D16664A06C401C00D1A66400F0FDFBBF
:108BF00004A9684601F0DFF830B12046FFF750FFC6
:108C000000F0C2FD0020D6E700F0E7FBA06BE16BAF
:108C1000884210D100F0E9FB04F11000049901F042
:108C200061F82046FFF73CFF00F0AEFD0028AAD116
:108C300000F0CDFBA7E700F0D8FB2046FFF730FFA0
:108C400000F0A2FD9FE770B50546502000F0ECFB58
:108C500004001DD0002161602160A160E160A1637A
:108C60000120C4E90F01801E6064A06484F84D50A7
:108C700004F11000FFF778FE04F12400FFF774FE02
:108C800000231A4619462046FFF769FF204670BDAB
:108C9000F7F7D0FAFEE710B5040009D001F0DAF8D2
:108CA000616888420FD1E068401EE06003D008E0B0
:108CB000F7F7C0FAFEE700231A4619462046FFF7E9
:108CC0004EFF012010BD002010BD30B403680D46DA
:108CD000002B0CD0026CC1688C18C46041688C42B7
:108CE00000D3C360C168284630BC01F03BB930BC3A
:108CF00070472DE9FF4383B01F46884604004FF0BC
:108D0000000506D0002604F12409B8F1000F03D0B5
:108D100007E0F7F78FFAFEE7206C10B1F7F78AFA51
:108D2000FEE700F05AFBA06B30B341462046E568F1
:108D3000FFF7CBFF77B1E560606A28B1484601F0E4
:108D400002F808B100F043FB00F04FFB012007B030
:108D5000BDE8F083A06B401EA063206810B901F04D
:108D600079F8606020690028EED004F1100000F06E
:108D7000EAFF0128E6D0E7E7059808B11DB106E053
:108D800000F033FB1DE0684601F00AF8012500F011
:108D90002CFB00F067FD00F020FB606C401C00D154
:108DA0006664A06C401C00D1A66400F01EFB05A9FF
:108DB000684601F000F830B12046FFF771FE00F080
:108DC000E3FC0020C3E700F008FBA06B38B100F023
:108DD0000CFB2046FFF764FE00F0D6FCA1E700F094
:108DE00004FB206830B900F0F8FA606801F040F840
:108DF00000F0FBFA4846059900F074FF2046FFF7A3
:108E00004FFE00F0C1FC00288BD100F0E0FA88E7AB
:108E100070B50D46040009D001F01CF86168884265
:108E200007D1E068401CE060012070BDF7F702FA4E
:108E3000FEE700232A4619462046FFF75AFF01287D
:108E4000F3D1E168491CE16070BD10B50C46022207
:108E50000021FFF702FE08B1846310BDF7F7EAF9BD
:108E6000FEE72DE9F041984615460F46040001D073
:108E70001FB107E0F7F7DEF9FEE7206C10B1F7F756
:108E8000D9F9FEE7F7F7D6F90646A06BE16B884201
:108E90001AD2424639462046FFF734FEA06C401CE9
:108EA00004D0A06C401CA06401240EE0606A00287D
:108EB000FAD004F1240000F046FF0028F4D0002D81
:108EC000F2D001202860EFE700243046F7F7B9F927
:108ED0002046DDE52DE9F04115460F46040001D09E
:108EE0001FB107E0F7F7A6F9FEE7206C10B1F7F71E
:108EF000A1F9FEE7F7F79EF90646A06BE0B1394607
:108F00002046FFF7E2FEA06B401EA063606C401C91
:108F100004D0606C401C606401240EE020690028CD
:108F2000FAD004F1100000F00EFF0028F4D0002D5C
:108F3000F2D001202860EFE700243046F7F781F9EE
:108F40002046A5E510B5040006D000F046FAA46B53
:108F500000F04BFA204610BDF7F76CF9FEE710B5AC
:108F600008B1806B10BDF7F765F9FEE710B5040096
:108F70000BD03348002100BF00EBC1025368A3426D
:108F800006D1002240F8312005E0F7F753F9FEE75B
:108F9000491C0829F0D3206800F09BFA2046BDE860
:108FA000104000F096BA90F84C00704780F84C10D2
:108FB000704790F84D00704710B518B1806B20B124
:108FC000002010BDF7F736F9FEE7012010BD10B5FF
:108FD00028B1816BC06B814204D1012010BDF7F72D
:108FE00029F9FEE7002010BD10B5154B002200BF87
:108FF00053F832401CB1521C082AF9D310BD43F873
:10900000321003EBC201486010BD70B50D46044636
:1090100000F0E3F9626C0020521C00D16064A16C86
:10902000491C00D1A06400F0E0F9A06B20B92946EA
:1090300004F1240000F073FE2046BDE870402FE5E7
:109040000C04002070B500244160BF4D00619142C6
:1090500006D8D11A8269914206D2011DE86807E05C
:109060009A4203D2994201D3012403E0011DA8686A
:10907000FFF796FC204670BDFEB5B34C1D46034677
:1090800027680020089E002F08D08DE80E0035B11B
:1090900000232A4669463846FFF7E3FEFEBD00F08E
:1090A000DCFE01284FF0000305D00022694620684D
:1090B000FFF755FDFEBD3246F8E770B5054600F0F6
:1090C00080FDA14E04467068844203D200F078F817
:1090D000012000E0002028602046746070BD9A4C9A
:1090E000A068016839B1C0680021006800F0E7F8A5
:1090F00000F095F8F4E701210020F7E710B500F043
:109100006CF9914C206880B99048FFF72DFC8F488E
:109110001430FFF729FC8D48A0601430E060002275
:109120000C210A20FFF799FC2060BDE8104000F0F8
:109130005CB91FB5FFF7E2FF8348006868B1002003
:109140000221CDE90010029003460A02039080A19B
:10915000814800F0E3F9002802D1F7F76BF8FEE749
:1091600004B010BD2DE9F0471E46DDF820901746EB
:109170000D00804612D0282000F056F904000AD0D5
:10918000FFF7BCFFC4F80080C4E90657C4E90869CA
:10919000201DFFF7F4FB2046BDE8F087F7F74AF8FB
:1091A000FEE710B5044600F018F9606908B1012423
:1091B00000E0002400F019F9204610BD006A704755
:1091C000F8B5614D20E0C1680E68C068C468201D14
:1091D000FFF7FEFB616A20468847E069012813D14A
:1091E000A0693044B04206D924616060211DA8689E
:1091F000FFF7D6FB08E00020034601460090324608
:109200002046FFF739FF38B1A86801680029DAD194
:10921000E968C5E90210F8BDF7F70CF8FEE770B58C
:1092200088B002A8FFF749FF0546474E3DE0069C7F
:1092300024B1606910B1201DFFF7CAFB049830B15A
:10924000012832D0022820D003282ED12AE0059808
:10925000A169034601442A462046FFF7F3FE012890
:1092600023D1616A20468847E06901281DD100208A
:1092700000900598A1690023421819462046FFF77F
:10928000FBFE90B9F6F7D6FFFEE70598A06130B176
:1092900041192B461A462046FFF7D4FE05E0F6F7A3
:1092A000C9FFFEE7204600F014F900231A4604A97E
:1092B0003068FFF71EFD0028B9D108B070BD2DE958
:1092C000FC410F46054600F0CDFA01A8FFF7F5FE78
:1092D0000446019818B100F057FABDE8FC811A4E17
:1092E00037BBA54224D800F04FFAB0682746C068C3
:1092F000C468201DFFF76CFBE069012811D1A0694B
:109300002B4641193A462046FFF79CFE012808D11A
:1093100000200346014600902A462046FFF7ACFE97
:1093200018B1616A20468847D7E7F6F783FFFEE762
:10933000291B3068FFF769FE00F026FA0028CCD11F
:1093400000F045F8C9E70000B40200204C040020FA
:10935000546D722053766300DF90000810B5031F30
:109360004FF080741C601B1F1960191F00230B60D5
:1093700014390A60091FDA1E44380A6010BD2648F5
:1093800042F210710068B0FBF1F14FF0E020491E8D
:109390004161072101617047204810B5016841F41F
:1093A0007C010160016841F07C410160FFF7E7FF4B
:1093B0001B4900200860F6F70BFF1A48016841F0CE
:1093C00040410160F6F7FAFE002010BD70471349D6
:1093D0004FF080501C390860704710B5F6F72AFF2F
:1093E0000F480168491C016010BD0D490868401E06
:1093F000086001D1F6F725BF7047084910B51C3940
:109400004FF080500860F6F715FF00F06CF9BDE8EA
:1094100010400020F6F715BF9002002020ED00E07C
:10942000C402002034EF00E02DE9F041044600259D
:1094300000F018FA374A02F10801506801F10803F8
:1094400060B93548086000204FF420564860C3E9F1
:1094500000063148C0E900360120506042F2FF703A
:1094600094B31034660704D004F00706C6F108066A
:109470003444661E864227D226480968083001E037
:10948000084631464E68A64202D20E68002EF7D139
:10949000994219D005680B68036048681035001BB5
:1094A00020280DD90B1958601A484C6008305E68A6
:1094B00000E0204604686768B742FAD31C60036086
:1094C00048681168081A106000F05EF92846BDE887
:1094D000F08110B5002817D0A0F1100400F0C2F9F7
:1094E0000C486168083000E01046026853688B42FF
:1094F000FAD3226004600748616802681144016081
:10950000BDE8104000F040B910BD02480068704747
:1095100070470000C8020020780400202DE9FF5F9A
:10952000DDE90E68109F15468A465FEA000B04D0FD
:10953000052E05D3F6F77EFEFEE7F6F77BFEFEE787
:109540004C20FFF771FF04001CD0A80081469FB19A
:109550003846206398B1A522494600F015FD6FF00A
:109560000301206B01EB8501084420F00705680723
:109570000BD0F6F75FFEFEE7FFF756FFE9E7204660
:10958000FFF7A7FF4FF0FF347BE051460A2204F1BA
:10959000340000F017FD002084F83D00E662201D35
:1095A000A664FFF7ECF904F11800FFF7E8F924616D
:1095B000C6F105006462A06159462846039AFFF788
:1095C000CDFE2060B8F1000F01D0C8F80040FFF7D1
:1095D00004FFF94DA868401CA8602868DFF8DC8308
:1095E00010B1A86948B32DE02C60A868012829D1E2
:1095F0005FF0000707EB870108EB8100FFF7B4F984
:109600007F1C052FF6D3ED486430FFF7ADF9EB482A
:109610007830FFF7A9F9E9488C30FFF7A5F9E7485A
:10962000A030FFF7A1F9E548B430FFF79DF9E34812
:10963000643068631430A86304E02868C06AB042EC
:1096400000D82C60E06A2969884200D92861E96A5B
:109650002164491CE9626969884200D9686100EBAC
:10966000800108EB8100211DFFF78CF90124FFF731
:10967000BCFEA86928B12868C06AB04201D2FFF7D1
:10968000A6FE04B02046BDE8F09F70B50646FFF781
:10969000A4FEC94C2068864201D1002620E0FEB11C
:1096A0003546281DFFF794F9A86A18B105F118008E
:1096B000FFF78EF9C148291DA030FFF763F96068F4
:1096C000401C6060E06A401CE062FFF78EFEA0690B
:1096D000002807D0002E05D1BDE87040FFF777BE07
:1096E0002568DEE770BD2DE9F041B34CE06920B19B
:1096F000206A401C2062BDE8F081E068401CE06008
:10970000E0684FF0FF36A0B9606B006810B1F6F763
:1097100091FDFEE7606BA16B6163A063A06A401CD2
:10972000A062606B0068A8B1606BC068C0684068E8
:109730002063E068216B8842DDD3A04F606B006836
:1097400050B1606BC068C568E1686868814205D245
:109750002063D0E72663ECE72663CCE7281DFFF7FC
:1097600037F9A86A18B105F11800FFF731F9E86A6E
:109770006169884200D9606100EB800007EB8000DE
:10978000291DFFF7FFF8D9E72DE9F0478A4C00269D
:10979000E06938B1FFF721FEE069401EE061E06951
:1097A00018B142E0F6F746FDFEE7A06898B3DFF88F
:1097B0000C82002708F18C08DFF800921AE0C068DC
:1097C000C56805F11800FFF703F9281DFFF700F938
:1097D000E86A6169884200D9606100EB800109EBA9
:1097E0008100291DFFF7CEF8E86A2168C96A88421E
:1097F00000D30127D8F8001040460029DFD1206AA5
:1098000028B909E0FFF76FFF206A401E2062206A36
:109810000028F7D104E008E017B9606A012804D1F4
:10982000002001266062FFF7D2FDFFF7DEFD304623
:10983000BDE8F08770B5604C054620684560E0687B
:109840002168854205D2A06BBDE87040091DFFF775
:10985000A7B8606B091DFFF7A3F8206B854200D203
:10986000256370BD5448C169491CC161704710B57A
:109870000B4602000ED083B1FFF7F4FF10684E498B
:10988000C418CB6898420BD9A04214D9C868844246
:1098900008D810E0F6F7CEFCFEE7F6F7CBFCFEE7C3
:1098A000A042F3D914600868001DFFF791F8204624
:1098B000FFF7C0FF00E01460FFF766FF002803D148
:1098C000BDE81040FFF783BD10BD10B502000FD0FA
:1098D000FFF7C8FF3848C16800688C18001DFFF703
:1098E00077F82046FFF7A6FFFFF74EFF002803D1C9
:1098F000BDE81040FFF76BBD10BD10B50446FFF783
:109900006CFD0CB92C480468E46AFFF76EFD204634
:1099100010BD2DE9F04100270D460646052902D36A
:10992000F6F788FCFEE7FFF758FDDFF88C80D8F8E3
:109930000000864201D1002608E03EB13446A06C0A
:10994000A8422CD0854204D926B904E0D8F80040BA
:10995000F5E706B90127E16A884200D1E562C5F161
:109960000501A564A161154D00EB8000616905EB5F
:109970008000814210D1201DFFF72AF8E06AD8F854
:1099800014204146904200D9486100EB800005EB6D
:109990008000211DFEF7F6FF0FB1FFF718FDBDE8AF
:1099A000F041FFF722BD044910B5CA6903485AB116
:1099B0000120486210BD0000E0020020A02C002021
:1099C000D2B14A69521E4A614A6902EB820250F8DA
:1099D0002220002A4A69F3D002EB820200EB8200C7
:1099E0004268526800F1080342609A4201D152680D
:1099F0004260D0680860DDE7F6F71CFCFEE770B552
:109A00000646FFF7EAFCFC4D2868864201D1002695
:109A100018E0BEB13446201DFEF7DAFFA06A18B187
:109A200004F11800FEF7D4FF211DF448FEF7AAFF49
:109A3000FFF7DBFC002E0ED1A86928B1BDE870400D
:109A4000FFF7C5BC2C68E6E7EC480068A9688842C7
:109A500002D10020286070BDBDE87040A3E710B5BA
:109A6000002150B1E54B42699A420AD1806AA3F1C4
:109A70002802904205D018B103E0F6F7DBFBFEE7C1
:109A80000121084696E770B560B1DB4D04462868B1
:109A9000844226D0FFF7A1FC2046FFF7E0FF012813
:109AA00003D01AE0F6F7C6FBFEE7201DFEF790FF95
:109AB000E06A6969884200D96861D04900EB80009A
:109AC000B43901EB8000211DFEF75CFFE06A2968D4
:109AD000C96A884201D3FFF77AFCBDE87040FFF7FE
:109AE00084BC70BD2DE9F041002648B10446F6F76C
:109AF000A1FB07462046FFF7B2FF012803D023E071
:109B0000F6F798FBFEE7BC4DE86920B1BB4804F1CD
:109B10001801283816E0E06A2968C96A884201D32A
:109B2000012600E00026201DFEF752FFE06A696969
:109B3000884200D96861B14900EB8000B43901EB7B
:109B40008000211DFEF71EFF3846F6F77AFB3046EF
:109B5000D1E5AA4CB4F1B40400F0D8F9206801288A
:109B6000FAD9FFF734FCF7E71FB5002400940194FD
:109B7000029423464FF48072A1A1A3480394FFF7F7
:109B8000CDFC012803D1FFF7D4FA012804D0002826
:109B90000CD1F6F74FFBFEE7F6F74CFB9648012198
:109BA0008161C460BDE81F40FFF7F6BB1FBD10B563
:109BB000F6F740FB904900208861BDE81040FFF7B0
:109BC00005BC10B5FFF709FC8B48C468FFF70DFC16
:109BD0002046EFE610B5F6F72DFB8749CC68F6F77F
:109BE00030FB2046E6E68448806870472DE9FE4356
:109BF0008146486890460C46406801F10805486077
:109C0000A84201D1416861606068C76860684068C7
:109C10006060A84201D1416861606068C668316BCC
:109C2000002002E0401C80B2491C0A78A52AF9D025
:109C3000316C8008F26ACDE90020704802914346F9
:109C400006F1340271A1DC3800F0DCFC6B494846B7
:109C5000DC3900F0ABF9BE42D8D1BDE8FE832DE976
:109C6000F0410746FFF7FEFD002038706CA1384632
:109C700000F09CF9604C614E2569B43E6D1C6D1E70
:109C800005EB850056F8201029B106EB8001522221
:109C90003846FFF7ABFF002DF1D1606B006820B1B3
:109CA000616B42223846FFF7A1FFA06B006820B12C
:109CB000A16B42223846FFF799FF504814380068DC
:109CC00028B14E49442214393846FFF78FFF4B48DC
:109CD000006820B1532249493846FFF787FFBDE8A5
:109CE000F04151E570B50C4678B1434D2968183103
:109CF000FEF756FE2868001DFEF76AFE601C07D0BE
:109D0000E8682044BDE8704094E5F6F793FAFEE772
:109D10002968BDE870403948091DFEF733BE70B5AB
:109D20000D4668B1344C21681831FEF72BFE2068CF
:109D3000001DFEF74DFEE0682844BDE8704079E55F
:109D4000F6F778FAFEE770B5C068C4685CB104F154
:109D500018000646FEF73CFE274DE86930B127485B
:109D60003146283811E0F6F765FAFEE7201DFEF7C8
:109D70002FFEE06A6969884200D968611F4900EBDB
:109D80008000B43901EB8000211DFEF7FBFDE06A85
:109D90002968C96A884201D3012070BD002070BDC6
:109DA00010B528B114498A6A0260C968416001E6A9
:109DB000F6F740FAFEE770B50D46040033D08DB3D8
:109DC000FFF70BFB2868411C14D00B4922688B6AF3
:109DD0009A4203D06268CB689A422AD96268CB68FB
:109DE0009B1A834225D2C968891A401A28602046E6
:109DF000FFF7D6FF00241DE0E0020020542D0020D4
:109E000049444C4500000000539B00082573090994
:109E100025630925750925750925750D0A000000BA
:109E20000D0A000002E0F6F705FAFEE7F6F702FA7F
:109E3000FEE70124FFF7D9FA204670BD474901200B
:109E400048627047002800D0406C7047002800D05E
:109E5000416470474148006870474048816919B1C2
:109E6000C06918B102207047002070470120704778
:109E700070B5040029D0394DE06A2968C96A884262
:109E800023D22868364EC06AC0F10500A061E16A9D
:109E9000606901EB810106EB8101884212D1201D2E
:109EA000FEF796FD2868C06AE0626969884200D9B9
:109EB000686100EB800006EB8000211DBDE870406A
:109EC000FEF760BD2868C06AE06270BD10B504008E
:109ED0001BD0A16CE06A884217D0201DFEF778FDE8
:109EE000A06CE062C0F105001C49A061E06A4A690B
:109EF000904200D948611A4900EB800001EB8000D4
:109F0000211DBDE81040FEF73DBD53E570B5144E70
:109F1000124CA0361BE000BFFFF7A4FC3068D0B1A4
:109F2000FFF732FCFFF759FAF068C568281DFEF705
:109F30004FFDA068401EA0606068401E6060FFF793
:109F400054FA286BFFF7C5FA2846FFF7C2FA606893
:109F50000028E1D170BDFFF717FCF8E7E002002010
:109F6000A02C002040EA01039B0703D009E008C9A8
:109F7000121F08C0042AFAD203E011F8013B00F8CE
:109F8000013B521EF9D27047D2B201E000F8012B1A
:109F9000491EFBD270470022F6E710B513460A4669
:109FA00004461946FFF7F0FF204610BD421E12F886
:109FB000013F002BFBD111F8013B02F8013B002BC4
:109FC000F9D1704710B5044604E00B7800F8013B66
:109FD00003B1491C521EF8D2204610BD421C10F895
:109FE000011B0029FBD1801A70472DE9FE4F8046E6
:109FF00081EA0300C00F0C46009021F0004123F0DD
:10A000000045B8EB0200A94105D2404621469046E2
:10A010001C460B46024623F00040104347D0270D54
:10A02000C7F30A00C3F30A510290401A0190402876
:10A030006BDAC3F3130040F4801B0098924620B102
:10A040000023D2EB030A63EB0B0B01985946C0F1D6
:10A050004002504600F0A7F906460D4650465946C4
:10A06000019A00F0AFF910EB08006141002487EA83
:10A07000115284EAE7731A4340D0009A62B3019AFE
:10A08000012A4FEA075215DC001B61EB02014FF079
:10A09000004202EA0752CDE90042001C41F580115E
:10A0A00032462B4600F0E6F903B0BDE8F08F40469B
:10A0B0002146F9E7001B61EB0201001C41F580130A
:10A0C00000185B412018A2F5001747EB030140EA96
:10A0D000D570B6196D4111E06D084FEA360645EAB4
:10A0E000C0754FEA0752001B61EB0201001C41F5ED
:10A0F000801149084FEA30000019514132462B4681
:10A1000003B0BDE8F04F00F0A6B90098012240006E
:10A110000023D0EB020263EBE073009821464FEA84
:10A12000E074B8EB000061EB0401E9E783F0004361
:10A130005BE781F0004158E72DE9FE4F81EA030417
:10A1400004F0004421F0004100944FF0000B23F094
:10A15000004350EA01045ED052EA03045BD0C3F32B
:10A160000A54C1F30A552C44A4F2F3340194A0FB21
:10A170000254C1F3130141F48011C3F3130343F4F8
:10A18000801301FB024400FB034E840A970A44EA51
:10A19000815447EA8357A4FB076802958D0A05FBA3
:10A1A00007854FEA932C04FB0C542705029D4FEAC8
:10A1B000065847EA1637B5EB08056EEB070C870E15
:10A1C000920E47EA811742EA8312A7FB0201B6EB1F
:10A1D0000B0164EB00042B0D43EA0C335E1844EBD7
:10A1E0001C50DA465146E7FB0201C5F313044FEA5F
:10A1F0000B3343EA14534FEA0432019C43EA06034B
:10A20000A4F10C040294009CCDE900B400F032F9F2
:10A2100003B0BDE8F08F00200146F9E72DE9F04DCD
:10A2200081EA030404F0004B21F0004514464FF08E
:10A23000000A23F0004150EA050220D054EA01024E
:10A240001DD0C5F30A570246C5F31303C1F313002B
:10A25000C1F30A5640F4801543F48013A7EB0608B7
:10A26000101BD64608F2FD3873EB050002D308F147
:10A27000010801E092185B41B8F1000F03DA0020F9
:10A280000146BDE8F08D00204FF48011064684465B
:10A290000EE0171B73EB050705D3121B63EB0503D9
:10A2A00006434CEA010C49084FEA300092185B4122
:10A2B00050EA0107EDD152EA030012D082EA04000D
:10A2C00083EA0501084305D0101BAB4106D20122E9
:10A2D000002306E000224FF0004302E06FF001028D
:10A2E00053101AEB06004CEB085110EB0A0041EB3F
:10A2F0000B01BDE8F04D00F0AEB80EB5C10F80EA1D
:10A30000E0700844CA07002140F233438DE80E0094
:10A310000A460B4600F0AEF803B000BD00F0004264
:10A3200030F000400AD0C10D01F56071C0F3160095
:10A3300042EA0151C208400711437047002001461C
:10A34000704701F0004330B421F0004150EA0102AF
:10A3500006D00A0DA2F56072C1F31301002A02DCD7
:10A3600030BC00207047440F44EAC104C100E0182B
:10A3700030BC00EBC25000F037B830B50B46014698
:10A3800000202022012409E021FA02F59D4205D394
:10A3900003FA02F5491B04FA02F52844151EA2F13E
:10A3A0000102F1DC30BD202A04DB203A00FA02F180
:10A3B000002070479140C2F1200320FA03F31943B3
:10A3C00090407047202A06DBCB17203A41FA02F072
:10A3D00043EAE07306E041FA02F3D040C2F1200202
:10A3E00091400843194670470029A8BF7047401C98
:10A3F000490008BF20F00100704710B4B0FA80FC9B
:10A4000000FA0CF050EA010404BF10BC704749B1D7
:10A41000CCF1200421FA04F411FA0CF118BF012147
:10A4200021430843A3EB0C01CB1D4FEA00614FEA27
:10A43000102042BF002010BC704700EBC3501044F6
:10A440000029A4BF10BC7047401C490008BF20F081
:10A45000010010BC704710B5141E73F1000408DA37
:10A46000401C41F1000192185B411A4301D120F0D8
:10A47000010010BD2DE9F04D92469B4611B1B1FA95
:10A4800081F202E0B0FA80F220329046FFF78BFFB3
:10A4900004460F4640EA0A0041EA0B0153465A4679
:10A4A000084313D0114653EA010019D0C8F1400205
:10A4B000504600F03FF805460E4650465946424683
:10A4C000FFF771FF084305D0012004E0204639461C
:10A4D000BDE8F08D0020054346EAE0762C43374383
:10A4E0000A986305E40AA0EB08000022FD0A44EA8A
:10A4F00047540A3002D500200146E9E7010510194A
:10A500006941DDE9084500196941BDE8F04DA2E760
:10A51000064C074D06E0E06840F0010394E80700B0
:10A5200098471034AC42F6D3F5F732FE78B2000803
:10A5300098B20008202A04DB203A21FA02F0002118
:10A54000704721FA02F3D040C2F120029140084343
:10A55000194670470EB540F2334102910021CDE912
:10A5600000110A460B46FFF785FF03B000BD70B52A
:10A57000C1F30A5201F000450024C1F3130140F277
:10A58000FF3341F480119A4201DA002070BD40F29D
:10A5900033439A42A2F2334203DC5242FFF7CAFF2E
:10A5A00000E090402C43F1D0404270BD70B58C1853
:10A5B00010F8015B15F0070301D110F8013B2A11D7
:10A5C00006D110F8012B03E010F8016B01F8016BC4
:10A5D0005B1EF9D12B0705D40023521E0DD401F8C0
:10A5E000013BFAE710F8013BCB1A921C03E013F889
:10A5F000015B01F8015B521EF9D5A142D8D30020BE
:10A6000070BD00000FB4084B10B504A902AA03984E
:10A6100000F0B4FC044602A9002000F08BFD2046A7
:10A6200010BC5DF814FB000035B1000803B40198BC
:10A630004100009850EAC12018BF04204A0D18BFFD
:10A6400040F0010040F2FF72B2EB515F08BF40F0F2
:10A650000200012808BF052002B07047000000007A
:10A6600010B52F499FED2C1B2DED020B84B00598E2
:10A6700020F000408842DCBF00209DED040B32DD5D
:10A680002849884209D1049840B94FF0010000F0F0
:10A690006FFC00F03DFC06B010BD05DB9DED040B2A
:10A6A00000F02AFC06B010BD68469DED040B00F0DA
:10A6B0003BF810F0030011D0012818D09DED021BCB
:10A6C0009DED000B02281AD000F04AFA51EC100B55
:10A6D00081F0004106B041EC100B10BD9DED021B56
:10A6E0009DED000B012000F06FFB06B010BD9DED4D
:10A6F000021B9DED000B00F033FA06B010BD0120E7
:10A7000000F062FB51EC100B81F0004106B041EC0F
:10A71000100B10BD00000000000000000000000051
:10A72000FB21E93F0000F07F2DE9F14F04462DEDBC
:10A73000020B2DED088B8AB09FEDE70B80ED020B2D
:10A74000139EE74826F0004585420ADC9DED120B7A
:10A75000002084ED000B0AB0BDEC088B03B0BDE80F
:10A76000F08FE0489FEDE0AB9FEDE1BBA84247DDF5
:10A77000E14F9FEDE39B9FEDE48B9DED120B53ECBE
:10A780001A2B51EC100B002E1CDDFFF7CFFC41EC17
:10A79000100BBD4208D053EC1B2B51EC100BFFF7F4
:10A7A000C5FCC4E900010BE053EC192B51EC100B74
:10A7B000FFF7BCFC53EC182BFFF7B8FCC4E9000111
:10A7C0000120C8E7FFF711FC41EC100BBD4208D097
:10A7D00053EC1B2B51EC100BFFF707FCC4E90001F5
:10A7E0000BE053EC192B51EC100BFFF7FEFB53EC75
:10A7F000182BFFF7FAFBC4E900014FF0FF30AAE77E
:10A80000C348A84279DB9DED120B51EC100B00F010
:10A8100096FC41EC180B9FEDC00B53EC102BFFF78F
:10A820008BFC9FEDBF1B53EC112BFFF7DEFBFFF7FB
:10A830009EFE0746FFF761FD41EC190B53EC1A2B06
:10A84000FFF77AFC53EC182BFFF773FC41EC180B65
:10A8500053EC1B2B51EC190BFFF76EFCDFF8C8A271
:10A8600041EC100B4FEA15580125FA4453EC102B1C
:10A8700051EC180BFFF75AFC032DC4E900013DD041
:10A88000C1F30A5005EB4511A8EB000011398142D4
:10A8900034DA0AEB051BB0EE48AA9BED000BF0EE94
:10A8A00068AA53EC102B51EC190BFFF745FC41EC57
:10A8B0001B0B51EC1A0B53EC1B2BFFF737FC41EC35
:10A8C000180B51EC1A0B53EC182BFFF72FFC53EC21
:10A8D0001B2BFFF72BFC9BED020B41EC1A0B53ECEF
:10A8E000102B51EC190BFFF727FC53EC1A2BFFF739
:10A8F0001DFC41EC100B6D1CB8E70EE0002EA8BF4C
:10A900003846BFF628AF94ED000B51EC100B81F0E8
:10A910000041C4E9000178421DE7C6F3130040F48A
:10A92000801EC6F30A50A0F2F530471100F01F0553
:10A93000C5F12000DDF848B008900020069007908F
:10A940000520EC467949002D07EB0002794408BF49
:10A9500051F8221009D051F8223001EB8201AB40AE
:10A960004A68089922FA01F11943A1FB0E26A1FBBE
:10A970000B131A449A4234BF0123002303EB060849
:10A980000CEB8003D3E901A60E448E4234BF0121B3
:10A99000002192448A4411B1924502D903E09245C4
:10A9A00001D2012100E00021C3E901A641444CF895
:10A9B0002010011EA0F10100C4DC029800F100503B
:10A9C000850F0298DDE903678000DDF81480FFF74A
:10A9D00094FC41EC1A0B3046FFF7BCFD9FED541B75
:10A9E00053EC112BFFF7A8FB41EC1B0B3846FFF78C
:10A9F000B1FD9FED511B53EC112BFFF79DFB41EC7B
:10AA0000180B4046FFF7A6FD9FED4D1B53EC112B95
:10AA1000FFF792FB41EC190B51EC180B53EC192B7F
:10AA2000FFF7E3FA53EC1B2BFFF7DFFA53EC1A2B7B
:10AA3000FFF7DBFACDE90801002008909DED080B37
:10AA400053EC1A2B51EC100BFFF770FB53EC1B2B44
:10AA5000FFF76CFB53EC182BFFF768FB53EC192B3B
:10AA6000FFF767FB9FED381B53EC112BFFF764FBDF
:10AA70009FED370B41EC180B53EC102B9DED080BA1
:10AA800051EC100BFFF758FB53EC182BFFF7ADFA06
:10AA90009FED310B41EC180B53EC102B9DED080B87
:10AAA00051EC100BFFF748FB53EC182BFFF79DFA06
:10AAB00041EC100B139810F0004F06D06D4251EC92
:10AAC000100B81F0004141EC100B284684ED000B87
:10AAD00041E600000000000000000000000000004F
:10AAE000FB21E93F7CD9024000004054FB21F93FA3
:10AAF0003163621A61B4D03DFB21F93F00000000D0
:10AB00000000601A61B4D03D7370032E8A19A33B14
:10AB1000FB2139410000000083C8C96D305FE43F6C
:10AB2000000000000000E03F1A0900006808000073
:10AB3000000000000000103E000000000000103C7B
:10AB4000000000000000103A182D4454FB21F93D8C
:10AB50003326A611460B113C00000054FB21F93DA1
:10AB600010B52DED040B2DED088B82B0B0EE419A9F
:10AB7000F0EE619A0B9820F000449FED4BABB4F1DE
:10AB8000795F11DA9DED0A0B51EC100BFFF7EFFC2A
:10AB9000002801BFB0EE4A0AF0EE6A0A02B0BDEC2E
:10ABA000088B04BF04B010BD9DED0A0B53EC102BB5
:10ABB00051EC100BFFF7C0FA41EC180B3C48062192
:10ABC000B0EE480AF0EE680A784400F081F853ECE1
:10ABD000182B51EC100BFFF7AFFA9DED0A0B41EC6F
:10ABE0001B0B53EC192B51EC100BFFF7A5FA41ECA2
:10ABF000190B53EC1B2B51EC180BFFF79DFA53EC80
:10AC0000192BFFF793FA9FED2C0B41EC190B53EC2A
:10AC1000102B51EC180BFFF78FFA41EC100B284862
:10AC2000844210DA53EC192B51EC100BFFF77EFA2B
:10AC300053EC1A2BFFF77DFA41EC100B02B0BDEC80
:10AC4000088B04B010BD1F48A042BCBF9FED1E1B67
:10AC50008DED001B06DBA4F5001001900020009094
:10AC60009DED001B51EC100B53EC112BFFF75EFA1E
:10AC70009DED000B41EC180B53EC102B51EC1A0B13
:10AC8000FFF754FA41EC1A0B53EC192B51EC180B4B
:10AC9000FFF74CFA53EC1A2BFFF74BFA41EC100B71
:10ACA000CCE7000000000000000000000000F03FC2
:10ACB0008C05000000000000000000000000E03FE4
:10ACC0003333D33F0000E93F000000000000D23FD3
:10ACD00070B504462DED028B4D1E00EBC500B0EEA5
:10ACE000408AF0EE608A90ED000B35F0060017D038
:10ACF00053EC182B51EC100BFFF71EFA41EC100B24
:10AD00006D1E04EBC50090ED001B51EC100B53ECD5
:10AD1000112BFFF76AF941EC100B35F00600E7D173
:10AD2000022D36D0042D1CD0062D1CBFBDEC028B8D
:10AD300070BD53EC182B51EC100BFFF7FDF994ED9F
:10AD40000A1B53EC112BFFF750F953EC182BFFF7AC
:10AD5000F3F994ED081B53EC112BFFF746F941EC86
:10AD6000100B53EC182B51EC100BFFF7E5F994ED99
:10AD7000061B53EC112BFFF738F953EC182BFFF798
:10AD8000DBF994ED040B53EC102BFFF72EF941EC9B
:10AD9000100B53EC182B51EC100BFFF7CDF994ED81
:10ADA000021B53EC112BFFF720F953EC182BFFF784
:10ADB000C3F994ED001B53EC112BFFF716F9BDEC12
:10ADC000028B41EC100B70BD31B504462DED040B28
:10ADD0002DED0A8BB0EE41BAF0EE61BA0B989DED05
:10ADE0000A0B20F00040B0F1795F0DDA51EC100B46
:10ADF000FFF71CFC042808BF00F09AF89DED0A0B31
:10AE0000BDEC0A8B05B030BD53EC102B51EC100B90
:10AE1000FFF792F941EC180B9DED0A0B53EC182B40
:10AE200051EC100BFFF788F941EC190B2C48B0EEF0
:10AE3000480AF0EE680A05217844FFF749FF9FEDC4
:10AE40002ACBB0EE40AAF0EE60AA9CB353EC1C2BC8
:10AE500051EC190BFFF770F941EC1C0B53EC1A2B5A
:10AE600051EC190BFFF768F99FED210B41EC190B21
:10AE700053EC102B51EC1B0BFFF75EF953EC192B25
:10AE8000FFF754F953EC182BFFF756F953EC1B2B33
:10AE9000FFF74CF953EC1C2BFFF748F99DED0A1B0B
:10AEA00053EC112BFFF745F9BDEC0A8B05B041ECD3
:10AEB000100B30BDFFE753EC1A2B51EC180BFFF7CA
:10AEC0003BF953EC1C2BFFF790F853EC192BFFF7D1
:10AED00033F99DED0A1B53EC112BFFF786F8E3E7DE
:10AEE0001404000000000000495555555555C5BFD4
:10AEF000000000000000E03F10B553EC102B51ECB7
:10AF0000100BFFF772F841EC100B10BD00000000B1
:10AF10009FED050B10B553EC102B51EC100BFFF708
:10AF20007DF941EC100B10BD000000000000000096
:10AF30009FED050B10B553EC102B51EC100BFFF7E8
:10AF4000FBF841EC100B10BD0000000000000010E9
:10AF500002E008C8121F08C1002AFAD170477047E2
:10AF6000002001E001C1121F002AFBD17047000040
:10AF700001490860704700001C0300202DE9FF4FC5
:10AF80008BB09A460F460546002606E025280BD0D2
:10AF900052460D9990476D1C761C28780028F5D1F3
:10AFA0000FB03046BDE8F08F0024A0460122604972
:10AFB00000E0044315F8013F203B02FA03F0084289
:10AFC000F7D128782E2817D115F8010F44F0040482
:10AFD0002A280ED06FF02F022878A0F1300109291D
:10AFE0000AD808EB880102EB410100EB01086D1C57
:10AFF000F2E757F8048B6D1C287869283ED006DCF0
:10B000000028CDD063280BD0642804D136E0732803
:10B0100010D075284BD052460D999047761C85E08C
:10B0200017F8040B8DF8000000208DF80100E946A8
:10B03000012003E057F8049B4FF0FF3061074FF009
:10B04000000401D40AE0641C44450DDA8442FADBB2
:10B0500019F804100029F6D106E0641C8442FCDBD8
:10B0600019F804100029F8D1264404E019F8010B5E
:10B0700052460D999047641EF8D257E001CF4FF029
:10B080000A0B002802DA40422D2102E0210504D5F6
:10B090002B218DF82410012103E0E10705D02021A8
:10B0A000F7E70DF1200908910CE00021F9E701CF45
:10B0B0004FF00A0BF9E75946FFF75FF901F130024B
:10B0C00009F8012D0028F6D1ADEB090000F1200BA5
:10B0D000600701D44FF00108D84502DDA8EB0B0052
:10B0E00000E000208046002406E009A85246005DEA
:10B0F0000D999047641C761C08988442F5DB04E0A7
:10B10000302052460D999047761CB8F10001A8F105
:10B110000108F5DC05E019F8010B52460D9990473E
:10B12000761CBBF10001ABF1010BF4DC6D1C34E7C4
:10B13000092801000A68531C0B601070704782B028
:10B14000CDE9000121F0004001909DED000B02B01F
:10B1500051EC100B704700004C5555555555A53F07
:10B160007751C1166CC156BF9015CB19A001FA3E9C
:10B17000AD529C804F7E92BEC4B1B4BD9EEE213EC6
:10B18000D43888BEE9FAA8BD00004054FB21F93F3D
:10B190003163621A61B4D03D0000601A61B4D03DE1
:10B1A0007370032E8A19A33B0000002E8A19A33B5B
:10B1B000C14920259A837B3900000000000000006F
:10B1C0006E83F9A22915444ED15727FCC0DD34F512
:10B1D000999562DB4190433CAB6351FE61C5BBDE98
:10B1E0003A6E24B7E0D24D42EA2E49061C92D109AC
:10B1F0001CEB1DFE3EA729B1F53582E88444BB2E29
:10B2000026709CE9417E5FB439D69139F439538375
:10B210008B5F849C3B28F9BDFF97F81F0F9805DED4
:10B220008B112FEF1F6D0A5ACF7E366DB709CB27D2
:10B23000663F464F2DEA5F9EC7BA27757BF1E5EB67
:10B24000F739073DEA92528AB15FFB6B085D8D1FAB
:10B25000A6F810111111813FD561C119A0012ABFB3
:10B260007DFEB157E31DC73EEB9C2B8AE6E55ABE37
:10B270007CD5CF5A3AD9E53D98B2000800000020AD
:10B2800020030000ACA50008B0B300082003002094
:10B29000482E000060AF0008011C23430332C81A87
:10B2A000700823B801231C021AB3081A0E041A18D6
:10B2B000041AA4041A12144162FE223F23C0402340
:10B2C00020411AF0041B70420833426429481918BF
:10B2D00019101AC804212937231027051C35FA8EA6
:10B2E0003C4B30750409161C810213142974320773
:10B2F0000267051BFF010419D91BFF03041A04048C
:10B3000019791BFF060419850B1DFF083C790161A3
:10B310002A314C3132CD329932692A35F41918323A
:10B32000FE32CE5A9B1832371A08781A1C041A3A81
:10B33000041A44041A5D041A76041AAE301AC704BB
:10B340002AEA3819045A21241A720C1A63041A457D
:10B3500004296C1A0E041A04041AB80429341A9A1F
:10B360000429241A54041A400429BF2ADC68313203
:10B37000E1320932E65A0C1029085AEB0832F5324C
:10B38000199AA508321E5AAA10290869102908C25C
:10B39000B4847A030A2808010203040607086B39FB
:10B3A0000CA910C11AAA01110246281AFF01C100F6
:040000050800018965
:00000001FF
