:020000040800F2
:10000000D03300205D550008450200084702000873
:100010004B0200084F0200085302000800000000D5
:100020000000000000000000000000009D0100082A
:100030005702000800000000E10100087785000871
:100040007755000877550008775500087755000860
:100050007755000877550008775500087755000850
:100060005F040008A3040008775500080103000896
:10007000E30200083F0300087755000875020008F6
:100080007755000881020008775500087755000869
:100090007755000877550008775500087755000810
:1000A000775500087B030008A70300087755000870
:1000B000A9030008D70300080304000877550008C7
:1000C0007755000877550008775500085B0400084D
:1000D000775500085D02000877550008775500083D
:1000E00077550008775500087755000877550008C0
:1000F0007755000877550008775500081B0300085E
:1001000077550008775500082F0400085D040008A3
:1001100077550008775500084D030008590300087B
:10012000775500089B020008B502000877550008C3
:10013000775500087755000877550008775500086F
:10014000775500087755000877550008775500085F
:10015000D502000877550008775500087755000844
:10016000775500087755000877550008775500083F
:10017000775500087755000877550008775500082F
:100180007755000877550008DFF80CD009F056FDC8
:10019000004800478B520008D0330020234B1968D9
:1001A0000868B0E8F04F80F309884FF0000080F352
:1001B000118870470000000003480068006880F361
:1001C000088862B600DF00BF08ED00E0DFF80C0031
:1001D000016841F470010160704700BF88ED00E0E4
:1001E000EFF30980114B1A681EF0100F08BF20EDC5
:1001F000108A20E9F04F106008B54FF0140080F32A
:10020000118808F080FD4FF0000080F31188BDE8F0
:10021000084019680868B0E8F04F1EF0100F08BFDA
:10022000B0EC108A80F30988704700BF00040020FA
:10023000EFF311804FF0140181F31188704780F3C0
:1002400011887047704700BFFEE700BFFEE700BFA0
:10025000FEE700BFFEE770477047704710B540F2F9
:100260002551904807F09BFA18B120218D4807F0DE
:100270008DFA10BD10B58C498C4806F0C5F910BD3B
:1002800010B58B498948303006F094F920B188497F
:100290008648303006F0B8F910BD10B5854986485B
:1002A00006F088F928B18349834806F0ADF901F0DA
:1002B0008DFD10BD10B581497F48183006F0A4F9B6
:1002C0007F4840787E49097840EA012000B27D49A4
:1002D000088010BD10B57C497748603006F094F96D
:1002E00010BD10B573497148483806F063F930B154
:1002F00070496E48483806F087F900F09FFA10BD43
:1003000010B572496948603806F054F920B16F4958
:100310006648603806F078F910BD10B56C4963483E
:10032000483006F047F948B100216048483006F0EF
:1003300097F867495D48483006F066F910BD10B57A
:1003400059495A48303806F05FF910BD10B50121FF
:10035000604806F081FF10BD10B501215E4806F02F
:100360007BFF7A204F49888001215C4807F026F9FD
:1003700001215B4807F022F910BD10B50121594851
:1003800006F06AFF5748008800F0100028B1564870
:100390000068401E5449086004E053480068401C4F
:1003A0005149086010BD704710B50121880706F05B
:1003B00053FF4FF08040008800F0100028B14B48F8
:1003C0000068401E4949086004E048480068401C35
:1003D0004649086010BD10B50121454806F03CFFB4
:1003E0004348008800F0100028B142480068401ED1
:1003F0004049086004E03F480068401C3D490860EF
:1004000010BD10B501213C4806F026FF3A4800888F
:1004100000F0100028B139480068401E37490860D4
:1004200004E036480068401C3449086010BD10B52F
:100430000121334806F010FF3148008800F0100019
:1004400028B130480068401E2E49086004E02D485D
:100450000068401C2B49086010BD7047704710B5FC
:10046000042006F069F9D8B12021274805F0EDF9FC
:100470000421264805F0C4F9012804D100211648BA
:1004800006F06AFA09E00421204805F0B9F920B91C
:10049000114806F065FA1E49086004201D490860ED
:1004A00010BD7047001001402080002070600240A5
:1004B0000080202000880010286402400080201066
:1004C0001C0600208C0000200088002020800010E6
:1004D0000080002800100040001400400048004048
:1004E00000140140000001406C000020700000205A
:1004F0000004004074000020000800408800002034
:10050000000C00407800002000000240000C024077
:1005100068000020143C014070B50446204608F0F5
:10052000DBFF05462146FE4808F0DDFFA0B195221D
:100530002146FB4808F0C4FF0021FA4805F090FF6F
:10054000F748F8490C310860F648B838C0F8BC5094
:100550000121F44805F084FF70BD70B50446002504
:1005600010E0605D68B1615DEF4807F052F800BFD0
:100570008021ED4807F0FDF80028F9D0681CC5B2CD
:1005800000E070BDEDE770B5044600250FE05CB1FA
:100590002146E54807F03DF800BF8021E24807F01A
:1005A000E8F80028F9D000E070BD681CC5B2032D42
:1005B000EDDB00BFF8E713B50C460020FFF7E3FFC3
:1005C000DAA0FFF7CAFF2346D9A29621D94809F03D
:1005D0007FFBD848FFF7C1FFD7A0FFF7BEFFD4A22B
:1005E0009621D448009B09F073FBD248FFF7B5FF72
:1005F000D3A0FFF7B2FFFF20FFF7C5FFFF20FFF7F3
:10060000C2FFFF20FFF7BFFF1CBD70B505460C46BB
:10061000C6A0FFF7A2FF2246C5A1C64809F070FB9D
:10062000C448FFF79AFFC4A0FFF797FF2846FFF7DB
:1006300094FFC3A0FFF791FFFF20FFF7A4FF70BD59
:1006400077B585B00546FF26BBA103C9CDE90301F7
:10065000BBA000680290B5A00068019000240AE0E9
:100660000020B8490855B8490855B2490855AC4961
:100670000855601CC4B21E2CF2DB0A20AD4908707C
:10068000FF2048708870C870A9A1AF48079A09F088
:1006900037FBAD4901A808F007FF01A9A54808F0FC
:1006A00003FF03A9A34808F0FFFE2946A14808F06C
:1006B000FBFE9FA1A448069A09F022FBA2499D488F
:1006C00008F0F2FE02A99B4808F0EEFEFF209D49CB
:1006D000087048708870974808F0E6FE9548FFF764
:1006E0001BFF08B070BDF7B584B005460E46FF2766
:1006F00091A103C9CDE9020191A0006801908BA0EE
:1007000000680090002408E000208E4908558E49BA
:10071000085588490855601CC4B20A2CF4DB0A202D
:1007200084490870FF2048708870C87080A186488E
:10073000069A09F0E5FA8449684608F0B5FE69466C
:100740007C4808F0B1FE02A97A4808F0ADFE2946BF
:10075000784808F0A9FE3146764808F0A5FE01A9C0
:10076000744808F0A1FEFF20764908704870887030
:100770000020C87008716F4808F096FE6D48FFF7BA
:10078000CBFE07B0F0BD01B58EB070A2322101A83A
:100790000E9B09F09DFA01A8FFF7BEFE0FB000BD49
:1007A00073B584B00546FF2663A103C9CDE90201F4
:1007B00063A0006801905DA00068009000240AE03A
:1007C000002060490855604908555A490855544960
:1007D0000855601CC4B21E2CF2DB0A205549087073
:1007E000FF2048708870C87051A15748059A09F0D9
:1007F00087FA5549684608F057FE69464D4808F0A3
:1008000053FE02A94B4808F04FFE2946494808F01C
:100810004BFE4D49474808F047FE01A9454808F0FE
:1008200043FEFF204749087048708870414808F02F
:100830003BFE4048FFF770FE06B070BD1CB5464851
:100840000078454949780844434989780844424931
:10085000C97808444049097908443F49497908441E
:100860003D49897908443C49C97908443A49097A9B
:100870000844C0B201903848007A00F00F000090A0
:100880009DF800000D2803D00021344806F096FEA4
:100890001CBD3148007A00F00F000D2806D12E480B
:1008A000007800F0010008B10D2070470020FCE73F
:1008B0002948007800F0020008B1012070470020AC
:1008C000FCE730B52DED048B83B0254806F048F8E1
:1008D0002449096840EA0145284608F09AFF41EC9E
:1008E000190B9FED210B53EC102B08F023FF41EC6B
:1008F000180B08F09FFF019000244DE0184806F007
:100900002FF81849096840EA0145284608F081FF98
:1009100041EC190B9FED140B53EC102B28E0000059
:1009200076050020B86002400050004074000000CE
:1009300025640000400400202E7478743D220000DD
:100940002200000026050020FE0400206A302E76DA
:10095000616C3D25640000005806002000480040FE
:1009600000040040740000206666666666A64E407D
:1009700008F0E0FE41EC180B08F05CFF0290DDE9A6
:100980000121881A002801DB014600E041420529C7
:1009900000DA641C02980190022CAFDB029803B0CD
:1009A000BDEC048B30BD30B52DED048B83B0FE481B
:1009B00005F0D6FFFD49096840EA0145284608F0E0
:1009C00028FF41EC190B1FED180B53EC102B08F00E
:1009D000B1FE41EC180B08F02DFF0190002423E03C
:1009E000F14805F0BDFFF149096840EA0145284694
:1009F00008F00FFF41EC190B1FED250B53EC102BEA
:100A000008F098FE41EC180B08F014FF0290DDE9A5
:100A10000121881A002801DB014600E04142052936
:100A200000DA641C02980190022CD9DB0298404243
:100A300003B0BDEC048B30BD30B52DED048B83B01D
:100A40004FF0804005F08CFFD949096840EA014524
:100A5000284608F0DEFE41EC190B1FED3D0B53EC70
:100A6000102B08F067FE41EC180B08F0E3FE019034
:100A7000002424E04FF0804005F072FFCC49096863
:100A800040EA0145284608F0C4FE41EC190B1FED71
:100A90004A0B53EC102B08F04DFE41EC180B08F0FC
:100AA000C9FE0290DDE90121881A002801DB014618
:100AB00000E04142052900DA641C02980190022CF2
:100AC000D8DB029803B0BDEC048B30BD30B52DED02
:100AD000048B83B0B74805F043FFB749096840EA83
:100AE0000145284608F095FE41EC190B1FED620BFD
:100AF00053EC102B08F01EFE41EC180B08F09AFE88
:100B00000190002423E0AB4805F02AFFAA490968B8
:100B100040EA0145284608F07CFE41EC190B1FED28
:100B20006E0B53EC102B08F005FE41EC180B08F08F
:100B300081FE0290DDE90121881A002801DB0146CF
:100B400000E04142322900DA641C02980190022C34
:100B5000D9DB029803B0BDEC048B30BD01B581B088
:100B600000200090019800EBC0004000009002E0DF
:100B70000098401E009000980028F9D10CBD01B5E6
:100B800081B00020009044F25061019848430090E9
:100B900002E00098401E009000980028F9D10CBD9A
:100BA0001CB501211F2005F00FF84FF6FF700090D3
:100BB00001208DF8040000208DF8060001208DF83A
:100BC000070003208DF8050069467C4804F0B6FD57
:100BD0004FF6FF70009001208DF8040000208DF882
:100BE000060001208DF8070003208DF805006946F6
:100BF000734804F0A3FD4FF6FF70009001208DF8BC
:100C0000040000208DF8060001208DF80700032065
:100C10008DF8050069466B4804F090FD1CBD1CB5BD
:100C200001217E2004F0D0FFC020009000208DF82C
:100C3000040001208DF8070002208DF805006946A8
:100C4000614804F07BFD0620009000208DF8040030
:100C500001208DF8070002208DF8050069465748ED
:100C600004F06CFD0420009000208DF804000120A9
:100C70008DF8070002208DF805006946504804F001
:100C80005DFD1CBD1FB54FF4E06004F079FC36201B
:100C90008DF8000000208DF801008DF80200012081
:100CA0008DF80300684604F070FC0121102004F068
:100CB000BEFF3220ADF8040040F2E7300290002081
:100CC000ADF80C00ADF8060001A9404805F0FBFDA9
:100CD00001213E4806F0C0FA012211463B4806F0C9
:100CE00093FA0021394805F037FE0121374805F015
:100CF00073FE1FBD1FB54FF4E06004F041FC3720C8
:100D00008DF8000000208DF801008DF80200012010
:100D10008DF80300684604F038FC0121202004F01F
:100D200086FF3220ADF8040040F2E7300290002048
:100D3000ADF80C00ADF8060001A9254805F0C3FD8B
:100D40000121234806F088FA01221146204806F0C6
:100D50005BFA00211E4805F0FFFD01211C4805F04B
:100D60003BFE1FBD00B58BB00121022004F070FFD7
:100D700001210C2004F028FF03220621104804F072
:100D800068FD032207210E4804F063FD03220821B9
:100D90000B4804F05EFD03220921094804F059FDC7
:100DA0004FF47070069015E0000C004078000020B1
:100DB00070000020000001406C0000200004024090
:100DC00000080240000C02400000024000100040F9
:100DD0000014004002208DF81C0003208DF81D0037
:100DE00000208DF81E0001208DF81F0006A9FE4886
:100DF00004F0A4FCA420ADF8200040F6B83009901F
:100E00004FF48070ADF828000020ADF8220008A94A
:100E1000F64805F058FD6020ADF804000120ADF85B
:100E2000060000200390ADF810000121EF4805F006
:100E3000D3FD0021ED4805F08FFD01A9EB4805F039
:100E4000D7FD01A9E94805F00CFE01A9E74805F026
:100E500055FE01A9E54805F0B7FE0121E34806F07B
:100E6000ACF90BB000BD00B58BB00121082004F037
:100E7000DEFE0121084604F0A7FE02220021DC4824
:100E800004F0E7FC02220121D94804F0E2FC02222E
:100E90001146D74804F0DDFC02220321D44804F0B7
:100EA000D8FC0F20069002208DF81C0003208DF83E
:100EB0001D0000208DF81E0001208DF81F0006A9DE
:100EC000CB4804F03BFCBA20ADF8200042F2107091
:100ED00009900020ADF82800ADF8220008A9C54807
:100EE00005F0F1FC6020ADF804000120ADF806002B
:100EF00000200390ADF810000121BE4805F06CFD04
:100F00000021BC4805F028FD01A9BA4805F070FD94
:100F100001A9B84805F0A5FD01A9B64805F0EEFD08
:100F200001A9B44805F050FE0121B24806F045F988
:100F30000BB000BD00B58BB00121042004F077FE9A
:100F400001210D2004F040FE02220C21AA4804F0E9
:100F500080FC02220D21A84804F07BFC02220E2115
:100F6000A54804F076FC02220F21A34804F071FC8E
:100F70004FF47040069002208DF81C0003208DF87D
:100F80001D0000208DF81E0001208DF81F0006A90D
:100F9000994804F0D3FBA420ADF8200040F6B83007
:100FA00009904FF48070ADF828000020ADF82200C1
:100FB00008A9924805F087FC6020ADF804000120E4
:100FC000ADF8060000200390ADF8100001218B4819
:100FD00005F002FD0021894805F0BEFC01A9874803
:100FE00005F006FD01A9854805F03BFD01A98348F0
:100FF00005F084FD01A9814805F0E6FD0BB000BDB8
:1010000000B589B00121080404F022FE0121084640
:1010100004F0DAFD03221146754804F01AFC03229D
:101020000221734804F015FC0C20019002208DF879
:10103000080003208DF8090000208DF80A00012027
:101040008DF80B0001A96A4804F078FB0020ADF888
:1010500018004FF6FF7007900020ADF82000ADF8A3
:101060001A0006A9664805F02EFC0420ADF80C0015
:101070000020ADF80E00C820ADF814000120ADF836
:10108000100003A95E4805F0F5FF00231A4603216E
:101090005C4806F08CF901215A4806F0DDF801227F
:1010A0001146584806F0B0F80121554805F094FC67
:1010B0000021544805F050FC09B000BD00B589B0CE
:1010C0000121084604F0B3FD0121022004F0AFFD28
:1010D0000121032004F078FD01220F21444804F08F
:1010E000B8FB01220321484804F0B3FB022204218B
:1010F000454804F0AEFB02220521434804F0A9FB59
:101100003820019002208DF8080003208DF8090096
:1011100000208DF80A0001208DF80B0001A93A4843
:1011200004F00CFB4FF40040019002208DF8080001
:1011300003208DF8090000208DF80A0001208DF8A9
:101140000B0001A92A4804F0F9FA0020ADF81800B4
:101150004FF6FF7007900020ADF82000ADF81A00A0
:1011600006A94FF0804005F0AEFB06A9274805F020
:10117000AAFB0420ADF80C000220ADF80E001420EC
:10118000ADF814000120ADF8100003A9800705F0A8
:1011900071FF03A91D4805F06DFF02231A460321C4
:1011A000580706F004F902231A460321174806F0EF
:1011B000FEF80121880706F04FF80121134806F0D8
:1011C0004BF801221146900706F01EF80122114645
:1011D0000E4806F019F80121880705F0FDFB0121F2
:1011E0000A4805F0F9FB13E0000802400004014042
:1011F00000000240000C0040000C024000080040CB
:101200000000014000400140000402400004004092
:1012100000214FF0804005F09FFB0021FE4805F0C3
:101220009BFB4FF4C06004F0ABF91D208DF800006B
:1012300003208DF8010000208DF8020001208DF8B8
:101240000300684604F0A1F91C208DF8000004207A
:101250008DF8010000208DF8020001208DF80300B8
:10126000684604F092F909B000BD00B589B00121CB
:10127000084604F0EDFC0121102004F0A5FC4FF419
:101280002060019002208DF8080003208DF80900ED
:1012900000208DF80A0001208DF80B0001A9DF481D
:1012A00004F04CFA01220921DC4804F0D2FA0122B0
:1012B0000B21DA4804F0CDFA0020ADF818004FF603
:1012C000FF7007900020ADF82000ADF81A0006A9C5
:1012D000D34805F0F8FA0420ADF80C000020ADF872
:1012E0000E000A20ADF814000120ADF8100003A98B
:1012F000CB4805F0BFFE00231A460321C84806F07C
:1013000056F80121C64805F0A7FF01221146C4483E
:1013100005F07AFF0121C24805F09EFF0122114627
:10132000BF4805F071FF0121BD4805F055FB0021C4
:10133000BB4805F011FB4FF4C06004F021F91920FF
:101340008DF8000001208DF8010000208DF80200CA
:1013500001208DF80300684604F017F909B000BDBC
:1013600000B589B00121042004F061FC01210820AE
:1013700004F02AFC4FF44050019002208DF8080040
:1013800003208DF8090000208DF80A0001208DF857
:101390000B0001A9A34804F0D1F90020ADF8180012
:1013A0004FF6FF7007900020ADF82000ADF81A004E
:1013B00006A99D4805F087FA02220C21994804F0FD
:1013C00048FA02220D21974804F043FA0420ADF8B0
:1013D0000C000220ADF80E00C820ADF8140001206A
:1013E000ADF8100003A9904805F044FE02231A4608
:1013F00003218D4805F0DBFF01218B4805F02CFF10
:1014000001221146884805F0FFFE0121864805F0BB
:10141000E3FA0021844805F09FFA00208249143144
:1014200008800120804908804FF4C06004F0A8F8CB
:101430001E208DF8000004208DF8010000208DF89A
:10144000020001208DF80300684604F09EF809B000
:1014500000BD00B589B00121082004F0E8FB01219E
:10146000084604F0B1FB0320019002208DF808002B
:1014700003208DF8090000208DF80A0001208DF866
:101480000B0001A9694804F059F90020ADF81800D3
:101490004FF6FF7007900020ADF82000ADF81A005D
:1014A00006A9634805F00FFA022200215F4804F004
:1014B000D0F9022201215D4804F0CBF90420ADF8F7
:1014C0000C000220ADF80E00C820ADF81400012079
:1014D000ADF8100003A9564805F0CCFD02231A46CA
:1014E0000321534805F063FF0121514805F0B4FE84
:1014F000012211464E4805F087FE01214C4805F0B7
:101500006BFA00214A4805F027FA002048491431B7
:1015100008800120464908804FF4C06004F030F88C
:1015200032208DF8000004208DF8010000208DF895
:10153000020001208DF80300684604F026F809B087
:1015400000BD00B59BB001213A4804F03DFB0121EC
:10155000080204F07DFB00200290374803903748D2
:1015600004900020059008200690002007904FF47A
:10157000806008904000099080000A9040110B9014
:1015800040020C9000200D9001200E9000200F9042
:10159000109002A92A4804F029FF0121284804F0EC
:1015A0005FFF3C20009003208DF8040000208DF8A0
:1015B000070069461D4804F0C1F83C200090032054
:1015C0008DF8040000208DF8070069461D4804F0DE
:1015D000B5F80020119012901390149011A804F007
:1015E0006BFC4FF08070159001208DF858008DF83D
:1015F0005900002017901890199008208DF8680065
:1016000015A90D484C3804F028FC002301220221C2
:1016100009484C3818E00000000400400010024067
:1016200000000140000C02400008004000000240A1
:10163000000C0040050040004C2001400C0600203A
:10164000106402400008024004F08DFC00230222D6
:101650000321FA4804F087FC002303220421F74801
:1016600004F081FC002304220521F44804F07BFCF3
:10167000002305220C21F14804F075FC002306220A
:101680000D21EE4804F06FFC002307220E21EB48E9
:1016900004F069FC002308220F21E84804F063FCF1
:1016A0000121E64804F00AFD0121E44804F0FBFCB6
:1016B0000121E24804F017FCE04804F0B0FC1BB044
:1016C00000BD08B54FF4E06003F05AFF25208DF807
:1016D000000000208DF801008DF8020001208DF837
:1016E0000300684603F051FF08BD10B596B00446EC
:1016F0000121102004F0ACFA0121084604F064FA3C
:101700000121880504F060FA4FF4C06000900220C7
:101710008DF8040000208DF806008DF807000220E7
:101720008DF805006946C64804F008F8072209212B
:10173000C34804F08EF807220A21C14804F089F852
:1017400002940020ADF80C00ADF80E00ADF81000CA
:10175000ADF814000C20ADF8120002A9B94805F04C
:10176000A5FE0121B74805F029FF4FF4A06003F062
:1017700007FF3A208DF8180000208DF819008DF829
:101780001A0001208DF81B0006A803F0FEFEAE48EB
:1017900004F08AFD4FF00060079000200A90AB48EB
:1017A00009900A200B90A748001D089000200C907B
:1017B0004FF480600D9000200E900F904FF48070D9
:1017C00010904002119004201290032013900020EA
:1017D0001490159007A99C4804F008FE01224021AE
:1017E000984805F098FF01221021974804F0C5FEA3
:1017F0000121954804F034FE16B010BD10B596B026
:1018000004460121480504F0DFF90121480404F0F1
:101810000EFA0121082004F0D7F960200090022080
:101820008DF8040000208DF806008DF807000220D6
:101830008DF805006946864803F080FF07220521E0
:10184000834804F006F807220621814804F001F8D5
:1018500002940020ADF80C00ADF80E00ADF81000B9
:10186000ADF814000C20ADF8120002A9794805F07B
:101870001DFE0121774805F0A1FE4FF4A06003F0A2
:101880007FFE11208DF8180000208DF819008DF8CA
:101890001A0001208DF81B0006A803F076FE6E48A2
:1018A00004F002FD4FF00060079040200A906B4862
:1018B000099050200B906748001D089000200C9064
:1018C0004FF480600D9000200E900F904FF48070C8
:1018D00010904002119004201290032013900020D9
:1018E0001490159007A95C4804F080FD0122802126
:1018F000584805F010FF01228021564805F00BFFE3
:1019000001221021544804F038FE0121524804F00D
:10191000A7FD16B010BD10B596B00446012188048D
:1019200004F085F90121082004F04EF90121480551
:1019300004F04AF94FF44070009002208DF8040042
:1019400000208DF806008DF8070002208DF80500B4
:1019500069463F4803F0F2FE072208213C4803F0A5
:1019600078FF072209213A4803F073FF0294002010
:10197000ADF80C00ADF80E00ADF81000ADF8140095
:101980000C20ADF8120002A9354805F08FFD0121A9
:10199000334805F013FE4FF4A06003F0F1FD0C2076
:1019A0008DF8180000208DF819008DF81A0001201C
:1019B0008DF81B0006A803F0E8FD2748783804F0EE
:1019C00073FC4FF00060079000200A9025480990B2
:1019D0000A200B902248001D089000200C904FF424
:1019E00080600D9000200E900F904FF4807010904A
:1019F00040021190042012900320139000201490B4
:101A0000159007A91448783804F0F0FC0122402111
:101A1000134805F080FE01224021114805F07BFEAD
:101A2000012210210C48783804F0A7FD01210A4852
:101A3000783804F015FD16B010BD000000200140FC
:101A40000000024000100140406402401C060020DB
:101A5000000C024000440040A0600240040000204E
:101A6000004800405806002010B596B004460121F9
:101A7000C80404F0DCF80121084604F0A5F80121AF
:101A8000480504F0A1F80320009002208DF804001E
:101A900000208DF806008DF8070002208DF8050063
:101AA0006946FE4803F04AFE08220021FB4803F085
:101AB000D0FE08220121F94803F0CBFE0294002059
:101AC000ADF80C00ADF80E00ADF81000ADF8140044
:101AD0000C20ADF8120002A9F14805F0E7FC012145
:101AE000EF4805F06BFD4FF4A06003F049FD0D20B9
:101AF0008DF8180000208DF819008DF81A000120CB
:101B00008DF81B0006A803F040FDE64804F0CCFB6E
:101B10004FF00060079000200A90E34809900820E9
:101B20000B90DF48001D089000200C904FF480605F
:101B30000D9000200E900F904FF480701090400296
:101B400011900420129003201390002014901590FF
:101B500007A9D44804F04AFC01224021D04805F0EE
:101B6000DAFD01224021CE4805F0D5FD01221021E9
:101B7000CC4804F002FD0121CA4804F071FC16B003
:101B800010BD10B596B004460121480504F01CF8BC
:101B90000121080504F04BF801210C2004F014F891
:101BA0000420009002208DF8040000208DF806002B
:101BB0008DF8070002208DF805006946BB4803F048
:101BC000BDFD4FF48050009002208DF804000020ED
:101BD0008DF806008DF8070002208DF80500694693
:101BE000B34803F0ABFD08220221B04803F031FEF8
:101BF00008220C21AE4803F02CFE4FF4A06003F045
:101C0000BFFC2F208DF8180005208DF819008DF8E5
:101C10001A0001208DF81B0006A803F0B6FC029400
:101C20000020ADF80C00ADF80E00ADF81000ADF8D6
:101C300014000C20ADF8120002A99E4805F036FCF5
:101C400001219C4805F0BAFC9648783004F02CFB42
:101C50004FF00060079040200A9097480990962026
:101C60000B909448001D089000200C904FF4806069
:101C70000D9000200E900F9010904FF400301190B6
:101C8000002012900320139000201490159007A9B3
:101C90008448783004F0AAFB01228021854805F0B1
:101CA0003AFD012210217F48783004F066FC0121C2
:101CB0007C48783004F0D4FB16B010BD10B596B057
:101CC00004460121202003F0C3FF0121042003F07A
:101CD0007BFF0121880503F077FFC02000900220E0
:101CE0008DF8040000208DF806008DF80700022012
:101CF0008DF8050069466E4803F020FD0822062194
:101D00006B4803F0A6FD08220721694803F0A1FDF6
:101D100002940020ADF80C00ADF80E00ADF81000F4
:101D2000ADF814000C20ADF8120002A9634805F0CC
:101D3000BDFB0121614805F041FC4FF4A06003F0B8
:101D40001FFC39208DF8180003208DF819000120A0
:101D50008DF81A008DF81B0006A803F016FC5848F1
:101D600004F0A2FA4FF02060079000200A90554836
:101D7000099010200B905148001D089000200C90F5
:101D80004FF480600D9000200E900F904FF4807003
:101D90001090400211900420129003201390002014
:101DA0001490159007A9464804F020FB0122402119
:101DB000424805F0B0FC01221021414804F0DDFB4F
:101DC00001213F4804F04CFB16B010BD0EB50020B9
:101DD0000290019000903B48007802282ED13948AB
:101DE000407801903748C0783649897840EA012028
:101DF000009034490978334A52781144314A927834
:101E00001144304AD2788818C11700EB11610912C9
:101E1000A0EB0121C9B202912A4800799DF808106F
:101E200088420BD127484079032807D19DF8040048
:101E300025490870BDF80000244908800EBD00B592
:101E400085B00121082003F0BFFE0121880303F0C3
:101E5000FFFE00208DF8100001208DF813000C20EB
:101E6000039003A9114803F069FC0221032005F047
:101E7000EBFC0420009000208DF8040010208DF869
:101E8000050001208DF80600684604F0EFFB0820ED
:101E90008DF8080000208DF8090019E000000240CC
:101EA000004C0040406002402B060020000C024025
:101EB0000008024000500040760500200014014058
:101EC000286402406706002073010020740100208E
:101ED0008DF80A0001208DF80B0002A803F055FBD5
:101EE00005B000BD70B504460D46012C0BD1294646
:101EF000FE4805F08EFB00BF4021FC4805F039FC90
:101F00000028F9D028E0032C0BD12946F84805F029
:101F100080FB00BF4021F64805F02BFC0028F9D0DB
:101F20001AE0042C0BD12946F24805F072FB00BFE1
:101F30004021F04805F01DFC0028F9D00CE0052CEC
:101F40000AD12946EC4805F064FB00BF4021EA486D
:101F500005F00FFC0028F9D070BD0020E749486269
:101F6000E7490860E7490860E749086070470020D2
:101F7000E2494862E24908604FF080414862E34923
:101F80000860E3490860E3490860DE490860DE490B
:101F90000860E1490860E1490860704700204FF09F
:101FA00080414862D949086070470020D8490860DC
:101FB000D8490860704710B50020D949087000243E
:101FC00007E061210120FFF78DFF3220FEF7D7FDEA
:101FD000641C022CF5D30120D14908707A20D14924
:101FE000087010BD10B50020CF490870002407E02C
:101FF00061210320FFF776FF3220FEF7C0FD641C4D
:10200000022CF5D30120C84908707A20C74908700E
:1020100010BD2DE9F14FAEB0C5A02D9000202C9041
:102020008DF888008DF860002E98122831D2DFE8F4
:1020300000F009313A41484F565F68717A81888FC4
:10204000969DA4FD0221C34803F0DAFB88B100226B
:102050004FF40041C04803F0F1FB4FF40041BE488B
:1020600003F0DBFB044600222146BCA0FEF7E8FAA1
:102070000FE00122D103B84803F0E0FB4FF4004128
:10208000B54803F0CAFB044600222146BBA0FEF778
:10209000D7FA4DE20122C148B0F900004142C0A088
:1020A000FEF7CEFA44E20222BF480168BFA0FEF765
:1020B000C7FA3DE20322C0480168C0A0FEF7C0FA9B
:1020C00036E20422BF480168BFA0FEF7B9FA2FE24A
:1020D0000522C0480168C0A0FEF7B2FA28E2FEF768
:1020E000F0FB044606222146BFA0FEF7A9FA1FE234
:1020F000FEF759FC044607222146BEA0FEF7A0FACF
:1021000016E2FEF799FC044608222146BCA0FEF721
:1021100097FA0DE2FEF7DAFC044609222146BBA03D
:10212000FEF78EFA04E20A22BB480168BBA0FEF764
:1021300087FAFDE10B22A3480168BCA0FEF780FAF4
:10214000F6E10C229C480168BCA0FEF779FAEFE1A9
:102150000D22BD480178BDA0FEF772FAE8E10E221B
:10216000BD480188BDA0FEF76BFAE1E10F22BD4832
:102170000168BDA0FEF764FADAE10121BE4803F070
:102180003FFB4FF400511790734803F039FB0446AE
:102190000221B94803F034FB05464FF480416E48F4
:1021A00003F02EFB06460421B34803F029FB4FF44D
:1021B00000411690B04803F023FB07460821AE48C3
:1021C00003F01EFB80464FF48041AB4803F018FB40
:1021D00081461021A84803F013FB4FF400511590DD
:1021E000A54803F00DFB82460821A44803F008FB34
:1021F0004FF480511490A04803F002FB102113907B
:102200009E4803F0FDFA4FF4806112909A4803F063
:10221000F7FA83468021984803F0F2FA4FF4807170
:102220001190954803F0ECFA109000E021E0179827
:10223000CDE90B65CDE90D401698CDE90798CDE9BC
:102240000970DDE913121598CDE9042A039106906F
:10225000DDE91101CDE901B1009089A2282122A870
:10226000109B07F035FD102222A98EA0FEF73BFA45
:102270005EE18021374803F0D0FA04460121354859
:1022800003F0CBFA05464021324803F0C6FA064671
:102290004FF40041794803F0C0FA07464FF48051EB
:1022A000814803F0BAFA80464FF48061294803F070
:1022B000B4FA81464FF400617B4803F0AEFA4FF464
:1022C00000611790234803F0A8FA82464FF480611A
:1022D0006A4803F0A2FA83464FF480511D4803F088
:1022E0009CFA4FF4006116906448DFE00010014052
:1022F00000480040004C00400050004000000140F9
:102300006C0000202408004088000020700000209D
:102310002404004074000020240C004078000020B9
:1023200091000020900000209300002092000020E7
:10233000313131313131313131313131313131318D
:10234000313131313131303131313131313131317E
:10235000000000000004024000080240524F424FBB
:102360005420322044414E47204348415920534194
:102370004E2058414E483A2020200000524F424FF4
:102380005420322044414E47204348415920534174
:102390004E20444F3A202020000000008C000020F6
:1023A000494D553A00000000B000002042545F4EF5
:1023B000414E475F48413A0010030020204C5543EE
:1023C000203A0000080300204C75632042616E3AF9
:1023D000200000009C0000204769615F7472695F03
:1023E0006C617A6572200000454E434F4445525F50
:1023F00030482000454E434F4445525F344820004A
:10240000454E434F4445525F38482000454E434FA8
:102410004445525F52522000AC00002042545F4EAF
:10242000414E475F4E4F4E473A00000046696E618D
:102430006C5F666F726365203A000000666F7263BE
:10244000655F4C3A00000000730100204F66667320
:102450006574203A00000000740100204469737420
:10246000633A000018030020466F7263655F747260
:1024700061636B3A0000000000100240000C024053
:102480002564256425642564256425642564256404
:1024900025642564256425642564256425642564F4
:1024A00000000000493A00000000024003F0B5F9C6
:1024B0004FF400511590FD4803F0AFF94FF48041FF
:1024C0001490FB4803F0A9F94FF480411390F748AA
:1024D00003F0A3F94FF480711290F64803F09DF9D0
:1024E0004FF400411190F14803F097F9CDE90B76D4
:1024F000CDE90D5410901798CDE907A0CDE90998C2
:1025000014A807C803ABA3E80708DDE91112139864
:10251000CDE900120290AFF29802282122A8109B68
:1025200007F0D6FB112222A9E3A0FEF7DCF800BFDA
:1025300000BF2FB0BDE8F08F10B50121E04803F0D7
:102540008FFF10BD01B5DF4800680099884203DDA8
:102550000020DC49086004E0DA480068401CD949E2
:102560000860D8480068FFF754FD08BD10B5FEF7B5
:10257000A8F9D5490860FEF716FAD4490860FEF7B5
:102580005BFAD349086010BD2DE9F0412DED088BB1
:1025900006460F46304607F03CF941EC190B9FED1B
:1025A000CD1BB0EE490AF0EE690A08F015F8B0EE5E
:1025B000408AF0EE608A51EC180B07F03BF90446B4
:1025C000002C02DBA4F5E16401E004F5E164384687
:1025D00007F01FF941EC1B0B9FEDBE1BB0EE4B0A41
:1025E000F0EE6B0A07F0F8FFB0EE409AF0EE609A5A
:1025F000304607F00EF941EC1B0B9FEDB61BB0EE19
:102600004B0AF0EE6B0A07F0E7FFB0EE40AAF0EEDF
:1026100060AA53EC192B51EC1A0B07F013F841EC9C
:10262000180B07F007F905462846211E01DB0A466C
:1026300000E04A42002801DB034600E043429A42A0
:1026400005DA25464FF0FF30A449086003E035461F
:102650000120A24908602846BDEC088BBDE8F08146
:102660000146FA2901DDFA2102E0032900DC0221FA
:10267000C8B2704710B504460B4624B99848007894
:102680009849C87116E0984890ED000AB5EEC00A66
:10269000F1EE10FA07DD2046FFF7E2FF9149C8711D
:1026A0000120887106E06042FFF7DAFF8D49C871AA
:1026B0000020887123B98A4800788A49C87516E0D5
:1026C0008A4890ED000AB5EEC00AF1EE10FA07DD77
:1026D0001846FFF7C5FF8349C8750020887506E0D6
:1026E0005842FFF7BDFF7F49C8750120887522B9A0
:1026F0007B4800787B49C87316E07D4890ED000A5E
:10270000B5EEC00AF1EE10FA07DD1046FFF7A8FF9C
:102710007449C8730020887306E05042FFF7A0FF99
:102720007049C8730120887310BD724B1860724BDA
:102730001960724B1A6070476A4AD071D075D073B5
:1027400070476848C079032809DA6648C07D0328C5
:1027500005DA6448C07B032801DA012070470020B5
:10276000FCE701206649086070476648006847F248
:102770003051884201D0012070470020FCE710B59D
:10278000FFF719FC10BD00207047B5EEC00AF1EE4E
:1027900010FA09D25C48D0ED000A70EE600AFDEE36
:1027A000E00A10EE900A70475748D0ED000A70EE2C
:1027B000200AFDEEE00A10EE900AF4E710B52DEDC8
:1027C000088B044624B99FED510ABDEC088B10BD5F
:1027D000002C1DDA4E48006807F01BF841EC190B7D
:1027E000600007F016F841EC1B0B9FED4A0B53EC11
:1027F000102B06F027FF41EC1A0B53EC192B06F0B7
:1028000099FF41EC180B07F047F800EE100ADCE7DF
:102810003F48006806F0FDFF41EC190B600006F030
:10282000F8FF41EC1B0B9FED3B0B53EC102B06F01C
:1028300068FE41EC1A0B53EC192B06F07BFF41ECC0
:10284000180B07F029F800EE100ABEE7F0EE400A78
:10285000F5EEC00AF1EE10FA02DBB0EE600A704746
:10286000B1EE600AFBE70146002901DB084670472C
:102870004842FCE701462948D0ED000AF1EE600A23
:102880002748D0ED001A80EEA11A00EE901AF8EE5B
:10289000E01A2248D0ED000A41EE210AB0EE600AAB
:1028A000FDEEC00A10EE900A7047000000040240DE
:1028B000000C0240000002404F55543A0000000056
:1028C000A060024084000020680300206C03002008
:1028D00070030020000000000020AC4064020020D3
:1028E000C001002004000020280200202C0200204B
:1028F000300200204C020020500200205402002030
:10290000A0020020EC010020800100200000000057
:10291000D8010020333333333333D33FB8010020A1
:10292000BC010020F0EE401A9FEDFE2AB0EE420AF4
:10293000F5EEC01AF1EE10FA03D2B1EE612AF0EE14
:10294000421AF5EEC00AF1EE10FA03D2B1EE602A97
:10295000F0EE420AB5EEC01AF1EE10FA03D2B1EE73
:10296000412AB0EE421AF4EEC01AF1EE10FA01DD7F
:10297000B0EE610AF4EEC00AF1EE10FA01DDB0EE3D
:10298000600AB4EEC01AF1EE10FA01DDB0EE410AB1
:102990007047E54800687047E4480068704710B524
:1029A0002DED0A8BF0EE408A18EE900A06F061FFDA
:1029B00041EC1C0B1FED391BB0EE4C0AF0EE6C0A1B
:1029C00007F00AFEB0EE40BAF0EE60BA1FED3F0B22
:1029D00053EC102B51EC1B0B06F093FD41EC1A0B42
:1029E0001FED441BB0EE4A0AF0EE6A0A07F0F4FD50
:1029F000B0EE409AF0EE609A51EC190B06F04CFFE5
:102A000008EE100A9FEDCA0AB4EEC08AF1EE10FA81
:102A100006DD9FEDC80AB4EEC08AF1EE10FA0BD3C2
:102A2000B5EEC08AF1EE10FA0ADB9FEDC30AB4EEF0
:102A3000C08AF1EE10FA03D80120BDEC0A8B10BD5C
:102A40009FEDBE0AB4EEC08AF1EE10FA01D8022062
:102A5000F3E79FEDBB0AB4EEC08AF1EE10FA01D89D
:102A60000320EAE70420E8E710B52DED108B8AB0CB
:102A7000B0EE408AF0EE608AB0EE419AB14890ED37
:102A8000000A28EE000ADFEDB00A80EE201A11EEEF
:102A9000104A204606F0EDFECDE908019DED080B39
:102AA00007F096FAB0EE40FAF0EE60FA18EE900AEF
:102AB00006F0DFFE41EC1E0B53EC1F2B06F0C8FDA9
:102AC00041EC1C0B06F0E8FE0AEE900A19EE100A23
:102AD00006F0CFFECDE906019A4890ED000A28EEF7
:102AE000000ADFED990A80EE201A11EE104A204606
:102AF00006F0BFFE41EC1E0BB0EE4E0AF0EE6E0A81
:102B000008F0FAFD8DED040B18EE900A06F0B1FE08
:102B100041EC1C0B9DED040B53EC102B06F098FDC3
:102B200041EC1F0B9DED060B53EC102B06F0E9FC5E
:102B3000CDE908019DED080B51EC100B06F0ACFE41
:102B40000BEE100A9FED810A38EE400A7D48D0ED69
:102B5000000A20EE200ADFED7C0A80EE201A11EE3A
:102B6000104A204606F085FECDE908019DED080BD0
:102B700007F02EFAB0EE40FAF0EE60FA18EE900A86
:102B800006F077FE41EC1E0B53EC1F2B06F060FDA8
:102B900041EC1C0B06F080FE0BEE900A19EE100AB9
:102BA00006F067FE41EC1F0B9FED680A38EE400A05
:102BB0006448D0ED000A20EE200ADFED630A80EEC3
:102BC000201A11EE104A204606F053FE41EC1E0B6F
:102BD000B0EE4E0AF0EE6E0A08F08EFD8DED040B9D
:102BE00018EE900A06F045FE41EC1C0B9DED040B1F
:102BF00053EC102B06F02CFD53EC1F2BCDE90601F6
:102C00009DED060B51EC100B06F07BFCCDE90801A5
:102C10009DED080B51EC100B06F03EFE0DEE100A78
:102C20009FED4B0A38EE400A4648D0ED000A20EEF0
:102C3000200ADFED450A80EE201A11EE104A2046E8
:102C400006F017FE41EC1E0BB0EE4E0AF0EE6E0AD7
:102C500007F0BEF9B0EE40FAF0EE60FA18EE900A16
:102C600006F007FE41EC1C0B53EC1F2B06F0F0FCAA
:102C7000CDE908019DED080B51EC100B06F00CFEA0
:102C800009EE900A19EE100A06F0F3FD9FED300AE6
:102C900038EE400ACDE906012A48D0ED000A20EEC0
:102CA000200ADFED290A80EE201A11EE104A204694
:102CB00006F0DFFD41EC1E0BB0EE4E0AF0EE6E0AA0
:102CC00008F01AFDB0EE40CAF0EE60CA18EE900AA5
:102CD00006F0CFFD41EC1F0B53EC1C2B06F0B8FCAB
:102CE000CDE904019DED060B53EC102B9DED040B7B
:102CF00051EC100B06F005FCCDE908019DED080B29
:102D000051EC100B06F0C8FD0AEE100AF0EE6A0A4C
:102D1000B0EE4B0A07F034F8DFED0B0A20EE200A84
:102D2000084817E06F12833AD801002008020020FB
:102D300000E04445000061450000E14300C0A844B4
:102D400000A00C45CC0100200000E14400009644A6
:102D500000001645D0ED000A80EE201AFD4880EDF7
:102D6000001AFD480168FB4890ED000ABDEEC00A5C
:102D700010EE100AFFF708FC00EE100AB8EEC00AC9
:102D8000F44880ED000AF54890ED000AB8EEC00A5C
:102D9000F34880ED000AF148006806F03AFDCDE9FD
:102DA00006011BEE100A06F064FD41EC1E0B9FEDC0
:102DB000ED1BB0EE4E0AF0EE6E0A07F075FEB0EEB7
:102DC00040FAF0EE60FA1AEE900A06F052FD41EC7D
:102DD0001E0B9FEDE41BB0EE4E0AF0EE6E0A07F0FC
:102DE00063FE8DED000B53EC1F2B9DED000B51ECA2
:102DF000100B06F086FBCDE902019DED020B08F0F9
:102E0000DFFCB0EE40CAF0EE60CA9FEDD80B53EC89
:102E1000102B51EC1C0B06F08DFCCDE904019DED4F
:102E2000060B53EC102B9DED040B51EC100B06F030
:102E30000FFCCDE908019DED080B51EC100B06F0DD
:102E40002BFDCC490860F0EE6B0AB0EE4D0A06F09F
:102E500097FF5FED430A20EE200AC748D0ED000A35
:102E600080EE201AC54880ED001AC5480168C348A5
:102E700090ED000ABDEEC00A10EE100AFFF784FBC9
:102E800000EE100AB8EEC00ABC4880ED000AB34854
:102E900090ED000AB8EEC00ABA4880ED000AAF48CB
:102EA000006806F0B6FCCDE906011DEE100A06F03A
:102EB000E0FC41EC1E0B9FEDAB1BB0EE4E0AF0EEBA
:102EC0006E0A07F0F1FD8DED020B1BEE900A06F085
:102ED000D0FC41EC1E0B9FEDA31BB0EE4E0AF0EEB2
:102EE0006E0A07F0E1FD8DED000B9DED020B53EC3A
:102EF000102B9DED000B51EC100B06F002FB41EC8A
:102F00001C0BB0EE4C0AF0EE6C0A08F059FCB0EE67
:102F100040FAF0EE60FA9FED950B53EC102B51EC5C
:102F20001F0B06F007FCCDE904019DED060B53ECE9
:102F3000102B9DED040B51EC100B06F089FBCDE935
:102F400008019DED080B51EC100B06F0A5FC8E4915
:102F50000860F0EE690AB0EE4A0A06F011FF5FED74
:102F6000860A20EE200A8448D0ED000A80EE201A5E
:102F7000864880ED001A86480168844890ED000A72
:102F8000BDEEC00A10EE100AFFF7FEFA00EE100ABE
:102F9000B8EEC00A7D4880ED000A704890ED000A46
:102FA000B8EEC00A7B4880ED000A6C48006806F065
:102FB00030FC41EC1F0B1AEE100A06F05AFC41ECF3
:102FC0001E0B9FED681BB0EE4E0AF0EE6E0A07F086
:102FD0006BFD8DED000B19EE900A06F04AFC41ECFA
:102FE0001E0B9FED601BB0EE4E0AF0EE6E0A07F06E
:102FF0005BFDB0EE40CAF0EE60CA9DED000B53ECF5
:10300000102B51EC1C0B06F07CFACDE902019DED72
:10301000020B08F0D5FB8DED040B9FED540B53EC28
:10302000102B9DED040B51EC100B06F083FB53ECC1
:103030001F2BCDE906019DED060B51EC100B06F0A0
:1030400007FBCDE908019DED080B51EC100B06F0D4
:1030500023FC514908601AEE100A06F00AFC41EC04
:103060001F0B9FED401BB0EE4F0AF0EE6F0A07F00A
:103070001BFD8DED080B19EE900A06F0FAFB41ECF2
:103080001F0B9FED381BB0EE4F0AF0EE6F0A07F0F2
:103090000BFD8DED060B9DED080B53EC102B9DEDFC
:1030A000060B51EC100B06F02CFA41EC1C0BB0EEA9
:1030B0004C0AF0EE6C0A08F083FBB0EE40EAF0EE4A
:1030C00060EA51EC1E0B06F0B5FB344908602E484F
:1030D00090ED000ABDEEC00A314880ED000A31488B
:1030E00090ED000AB8EEC00AFFF759FC2E490860BF
:1030F0000AB0BDEC108B10BDF0EE400AB0EE600AD5
:10310000BAEE0E1AF4EEC10AF1EE10FA04D2BAEEDB
:103110000E1AB0EE410A0DE01F4890ED001AF2EED3
:103120000E1AB4EEE11AF1EE10FA03DDB2EE0E1A49
:10313000B0EE410A70471848D0ED000AF5EEC00A1B
:10314000F1EE10FA32DDD0ED000A70EEC00AC0EDEB
:10315000000A32E0340200206803002064020020EC
:1031600028020020000000000000004000000000D5
:10317000000034401C020020CC0100203802002056
:103180006C0300202C020020200200203C020020C2
:1031900070030020300200202402002040020020A2
:1031A00044020020EC01002048020020FC48D0ED41
:1031B000000A70EE800AC0ED000AF948D0ED000A5E
:1031C000BAEE0E1AF4EEC10AF1EE10FA04D2FAEEDB
:1031D0000E0AC0ED000A0DE0F148D0ED000AB2EE93
:1031E0000E1AF4EEC10AF1EE10FA03DDF2EE0E0A49
:1031F000C0ED000A7047EA48D0ED000AF5EEC00ABB
:10320000F1EE10FA06DDD0ED000A70EE800AC0ED96
:10321000000A06E0E248D0ED000A70EEC00AC0EDF8
:10322000000ADF48D0ED000ABAEE0E1AF4EEC10A29
:10323000F1EE10FA04D2FAEE0E0AC0ED000A0DE02B
:10324000D748D0ED000AB2EE0E1AF4EEC10AF1EE44
:1032500010FA03DDF2EE0E0AC0ED000A7047D14805
:10326000D0ED000AF5EEC00AF1EE10FA06DDD0ED61
:10327000000A70EEC00AC0ED000A06E0C948D0EDB1
:10328000000A70EE800AC0ED000AC648D0ED000AC0
:10329000BAEE0E1AF4EEC10AF1EE10FA04D2FAEE0A
:1032A0000E0AC0ED000A0DE0BE48D0ED000AB2EEF5
:1032B0000E1AF4EEC10AF1EE10FA03DDF2EE0E0A78
:1032C000C0ED000A7047B748D0ED000AF5EEC00A1D
:1032D000F1EE10FA06DDD0ED000A70EE800AC0EDC6
:1032E000000A06E0AF48D0ED000A70EEC00AC0ED5B
:1032F000000AAC48D0ED000ABAEE0E1AF4EEC10A8C
:10330000F1EE10FA04D2FAEE0E0AC0ED000A0DE05A
:10331000A448D0ED000AB2EE0E1AF4EEC10AF1EEA6
:1033200010FA03DDF2EE0E0AC0ED000A70479E4867
:10333000D0ED000AF5EEC00AF1EE10FA06DDD0ED90
:10334000000A70EEC00AC0ED000A06E09648D0ED13
:10335000000A70EE800AC0ED000A9348D0ED000A22
:10336000BAEE0E1AF4EEC10AF1EE10FA04D2FAEE39
:103370000E0AC0ED000A0DE08B48D0ED000AB2EE57
:103380000E1AF4EEC10AF1EE10FA03DDF2EE0E0AA7
:10339000C0ED000A70478448D0ED000AF5EEC00A7F
:1033A000F1EE10FA06DDD0ED000A70EE800AC0EDF5
:1033B000000A06E07C48D0ED000A70EEC00AC0EDBD
:1033C000000A7948D0ED000ABAEE0E1AF4EEC10AEE
:1033D000F1EE10FA04D2FAEE0E0AC0ED000A0DE08A
:1033E0007148D0ED000AB2EE0E1AF4EEC10AF1EE09
:1033F00010FA03DDF2EE0E0AC0ED000A704710B5B8
:103400002DED068BB0EE408A18EE100A06F031FA68
:1034100041EC1A0B9FED650B53EC102B06F018F9DD
:1034200041EC190B06F038FA08EE900A6148006882
:1034300047F2305188420FD1B2EE040A28EE000A5A
:103440005D4880ED000A90ED001ADFED5C0A9FED0B
:103450005B0AFFF709FB24E05948006859490968ED
:10346000401A54490968081A00EE100AB8EEC00A5A
:10347000554880ED000A554890ED000AF2EE080A22
:1034800020EE200A4C4880ED000A90ED001A5048CA
:1034900090ED000AF8EEC00A4B4890ED000AFFF7E5
:1034A000E3FAB5EEC08AF1EE10FA3AD0414800686E
:1034B00047F23051884234D03E4890ED000AB8EED1
:1034C000C00AFFF76CFA012806D002280DD00328A5
:1034D00014D0042824D11AE0B0EE680AFFF7BFFE2A
:1034E000B0EE680AFFF787FE1AE0B0EE680AFFF751
:1034F00052FFB0EE680AFFF7B2FE11E0B0EE680AC4
:10350000FFF7E1FEB0EE680AFFF715FE08E0B0EE47
:10351000680AFFF70CFFB0EE680AFFF76CFE00BF09
:1035200000BF1F4890ED001A1E48D0ED000A1E484B
:1035300090ED000AFFF7F6F92648D0ED000AF8EE04
:10354000E00A80EE801ABDEEC10A234880ED000A31
:103550002248006820490968884203DD1E48006847
:103560001E49086001201E490860BDEC068B10BD95
:1035700010B504460020164908601A48046074B962
:103580000020164908609FED0D0A174880ED000ADB
:1035900047F23050074908601449086028E039E0D4
:1035A00024020020200200201C0200207B14AE47D1
:1035B000E17AB43FEC010020880200200000000006
:1035C00010020020F80100207801002000020020F5
:1035D000DC0100207C010020E0010020D801002057
:1035E000D0010020E401002004020020F0010020AE
:1035F0001FED0E0AF74880ED000A0020F64908602A
:10360000F6490860F6490860F64908601FED150A9A
:10361000FFF7F5FE10BD10B5EE4890ED000AB5EECF
:10362000C00AF1EE10FA05D1EB48006810B9EB487A
:10363000006890B11FED1F0AE64880ED000A0020E7
:10364000E5490860E5490860E7480068E74908601F
:10365000E04890ED000AFFF7D2FE10BDE448C0ED4F
:10366000000AE44880ED000A704770B52DED028B2A
:1036700005460C46B0EE408ADF480068A8420BD1F0
:10368000DE480068A04207D1DD4890ED000AB4EEA4
:10369000480AF1EE10FA18D0D8480460D9480068FA
:1036A00010B90520D7490860CF480068CF490860A5
:1036B000D34880ED008AD04805600020D2490860D8
:1036C000C44890ED000AFFF79AFEBDEC028B70BD76
:1036D00070B52DED028B0446B0EE408A0D46BF4812
:1036E0000068A0420BD1BB4890ED000AB4EE480A36
:1036F000F1EE10FA03D1B8480068A84237D0BE48AE
:10370000006847F23051884222D13220BB4908601C
:103710000A20BC49086047F23050844218DA012080
:10372000AF490860B5EEC08AF1EE10FA03DDAE488D
:103730000068A04208DCB5EEC08AF1EE10FA07D2AC
:10374000A9480068A04203DAB1EE480AB0EE408A08
:10375000A2480460A04805609E4880ED008A0020D1
:10376000A94908609B4890ED000AFFF748FEBDECB0
:10377000028B70BD10B52DED028BB0EE408A044671
:103780002146B0EE480A47F23050FFF7A1FFBDECEA
:10379000028B10BD70B504460D461FED780A294610
:1037A0002046FFF762FF70BD10B52DED088BF0EEDF
:1037B000408A0446B0EE608AB0EE419A934890ED9C
:1037C000000AB8EEC00AB4EE680AF1EE10FA0DD1A4
:1037D0008A480068A04209D1804890ED000AB8EEFE
:1037E000C00AB4EE480AF1EE10FA5ED0BDEEE80A67
:1037F000864880ED000A7C4991ED000AB8EEC00AC7
:1038000038EEC00ABDEEC00A10EE100A1FED950A90
:103810002146FFF72AFF7448D0ED000AF8EEE00ACF
:1038200078EE600AB0EE600AFFF710F8DFED780A74
:10383000B4EEE00AF1EE10FA14DD6B4890ED000AE8
:10384000B8EEC00AB4EEC08AF1EE10FA02DDB0EEB6
:10385000490A01E0B1EE490A10EE101A084606F0D6
:1038600008F813E0604890ED000AB8EEC00A38EEA0
:10387000400A10EE101A084605F0FBFF41EC1B0B46
:103880009FED640B53EC102B05F0E2FE41EC1A0B9C
:1038900006F002F809EE900A0021B0EE690AFDEE8A
:1038A000C80A10EE900AFFF713FFBDEC088B10BD9D
:1038B00010B54B48006801283DDD484909684A4A6F
:1038C0001268881AFEF7CFFF05280CDA4448016811
:1038D0000068401C424A1060B1F5FA7F2BDD0020E1
:1038E000FFF746FE10BD3E480068FA2808DD0520B7
:1038F0004249086043490860FB203949086004E0F8
:1039000005203E4908603F49086037480068334950
:103910000968884205DDBFEE000A2E4880ED000AE6
:1039200004E0B7EE000A2B4880ED000A294890ED2C
:10393000000AFFF764FD00BFD4E710B52DED028B40
:103940002F4890ED000AB5EEC00AF1EE10FA08D14A
:103950002C48006828B12148006847F2305188425D
:1039600002DBBDEC028B10BD204909681E4A1268BB
:10397000881AFEF723FFB0EE408AFFF740FD00BF34
:10398000EFE700B516480068022815DA1FEDF50AC2
:103990001B4880ED000A1FEDF70A0E4880ED000A73
:1039A00000200D49086047F230501349086017495C
:1039B000086000200949086013480068401C12494B
:1039C00008601649096888422CDA15480068FEF735
:1039D000B3FE36E000020020D4010020F4010020F4
:1039E00008020020A002002010020020F8010020A0
:1039F000B8010020BC010020EC010020DC01002007
:103A000004020020D8010020E8010020F00100207D
:103A100000004842FCA9F1D24D62403FC4010020A1
:103A2000C0010020FE480068FE490860FE480068AA
:103A300020B1FE480068FEF77FFE02E00020FEF79E
:103A40007BFE00BDF74A1268521CF64B1A60824298
:103A500007DDF74A12680A44F54B1A600022F14B61
:103A60001A60704770B5FEF78EFEF2490860FFF7E6
:103A70001FFFF1480068002821DDED480068EE498D
:103A80000968884229D0EA480068EB4909688842F9
:103A90000EDAE7480068E949096888421DDAE44817
:103AA0000068FEF7E7FE04460121FFF7CBFF14E0B4
:103AB0004FF0FF31E2480068FFF7C4FF0DE0DC483B
:103AC0000068002806DD4FF0FF31DE480068FFF790
:103AD000B9FF02E0FFF755FF70BDDB480068D5492C
:103AE0000968884205D0FFF728FFD2480068D64908
:103AF0000860D6480068E8B3CD48D0ED000AF8EE7B
:103B0000E00AD34890ED001A60EE810AB0EE600A38
:103B1000FEF73BFE0446C648D0ED000AF8EEE00A88
:103B2000CC4890ED001A60EE810AB0EE600AFEF714
:103B30002CFE0546BE48D0ED000AF8EEE00AC64865
:103B400090ED001A60EE810AB0EE600AFEF71DFEED
:103B5000064622462946FEF78DFDC04890ED000A34
:103B6000BDEEC00A10EE102ABD4890ED000ABDEE71
:103B7000C00A00E00AE010EE101ABA4890ED000A00
:103B8000BDEEC00A10EE100AFEF7CFFD00BFA3E79E
:103B900010B5B548007800F08000C8B1022005F0EB
:103BA0002FF8B148007800F0800088B1AF48006875
:103BB000401CAE49086008460068022801DD00206C
:103BC000086000BFA848007800F080000028F9D104
:103BD000A6480068012824D101224102A44801F02E
:103BE0002DFE40F6B83005F00BF80120A149086021
:103BF000A14800685A2802DD5920A04908609F4862
:103C000000789F4981F82F0081F82B0081F8270068
:103C1000002081F8260081F82A00012081F82E007A
:103C20002CE092480068022828D10122C101904866
:103C300001F004FE42F2107004F0E2FF002090490F
:103C400081F82F0081F82B0081F82700894908604E
:103C500000224FF40071864801F0F0FD41F28830F7
:103C600004F0CEFF00224FF48071814801F0E6FDA0
:103C70000020834981F833007C49086010BD10B5ED
:103C80007948C079002850D07748007800F080004B
:103C900000284AD101225102754801F0CFFD0120D0
:103CA00074490860744800685A2802DD5A20754932
:103CB000086074480078724981F82F0081F82B0061
:103CC00081F82700002081F8260081F82A000120D1
:103CD00081F82E0043F6982004F092FF0122110291
:103CE000634801F0ABFD42F2107004F089FF002040
:103CF000634981F82F0081F82B0081F827005D4986
:103D0000086000224FF40071594801F097FD41F21C
:103D1000883004F075FF00224FF48071544801F0A0
:103D20008DFD0020564981F8330010BD4E48C07902
:103D300090B94D48407800F0200068B10020524909
:103D4000086001205149086000205149086051482D
:103D500000685149086012E0504801684D48006809
:103D6000C01C81420BDC4C4800684A490968884203
:103D700005D14548006810B901203E4908603A481D
:103D8000C07978B93848407800F0040050B1444810
:103D900000684149086001203B490860002035491E
:103DA000086015E03A48006890B93B4800683C4913
:103DB000096888420CD13A4800680A3837490968CE
:103DC000884205DA00203149086001203049086046
:103DD000704710B524488079A8B1322004F010FF54
:103DE0002148807978B12F480068401C2D4908602F
:103DF00008460068022801DD0020086000BF1A485C
:103E000080790028FBD12748006801286AD1022167
:103E1000254801F0F5FC08B9002247E062E0000007
:103E2000C4010020E8010020A0020020C001002001
:103E3000D801002010020020DC010020E001002059
:103E400018020020E401002014020020D00100200C
:103E500024020020200200201C0200203C0200203E
:103E600038020020340200205806002038030020C9
:103E7000000802402403002018030020080300204B
:103E8000040000201C030020300300202803002031
:103E90002C0300203C01002038010020B00000204D
:103EA000400100203C030020001002404FF400714C
:103EB000FD4801F0C3FC41F2883004F0A1FE1A2055
:103EC000FA4981F82700DC2081F82B001A2081F8BC
:103ED0002F00002081F8260081F82A00012081F8B7
:103EE0002E0064E0F2480068022860D10122C1017E
:103EF000ED4801F0A3FC41F2883004F081FE01227C
:103F00005102E94801F09AFC0020E84981F82F00AD
:103F100081F82B0081F8270000224FF48071E248DD
:103F200001F08CFC42F2107004F06AFE3220DF498E
:103F300081F833000A2081F82F0081F82B0081F8E6
:103F40002700012081F8260081F82A00002081F84E
:103F50002E00D849086013E006E0FCF7A9FC00B188
:103F600008E0012004F04CFE0221D34801F048FC97
:103F70000128F2D000BFCF480068401CCD4908603E
:103F8000CC4800686428E7DB40F6B83004F038FE1F
:103F900001225102C44801F051FC0020C34981F8BC
:103FA0002F0081F82B0081F82700C149086010BD5F
:103FB000002100EE900AF8EEE00A70EE600AFDEED5
:103FC000E00A10EE901ABD4A11607047704770B554
:103FD0002DED0E8B04469FEDBA0AB0EE408AB9482B
:103FE000006805F046FC41EC1C0B9FEDB70B53EC51
:103FF000102B05F02DFB41EC1A0B204605F009FCB7
:1040000041EC1C0B9FEDB20B53EC102B05F020FB89
:1040100041EC1B0B53EC1A2B05F073FA41EC190B16
:1040200005F03AFCA7490860084690ED000A20EE2A
:10403000000A10EE101A084605F01BFC41EC1A0BA2
:10404000B0EE4A0AF0EE6A0A07F0BAFBB0EE409A08
:10405000F0EE609A51EC190B05F01EFC054628465F
:1040600005F007FC41EC1C0B9FED9B0B06F038FBA9
:10407000B0EE40EAF0EE60EA9FED990B53EC102BA6
:1040800051EC1E0B05F056FB41EC1D0B53EC1C2BA9
:1040900005F0DEFA41EC1B0BB0EE4B0AF0EE6B0ABA
:1040A00005F0FAFFB0EE40AAF0EE60AA9FED8E0B8D
:1040B00053EC102B51EC1A0B05F0CAFA41EC190B1A
:1040C00005F0EAFB08EE100A9FED890AB4EEC08AFB
:1040D000F1EE10FA04DD9FED860AB0EE408A0AE0A8
:1040E000B3EE040AB4EEC08AF1EE10FA03D2B3EED6
:1040F000040AB0EE408ABDEEC80A7E4880ED000A90
:1041000000687D4908607B480068322804D1B2EE1F
:10411000040A7A4880ED000ABDEC0E8B70BD10B524
:104120002DED048B04469FED760AF0EE409AA4F143
:10413000640000EE100AB8EEC00AB0EEC00AF0EE5D
:10414000408AB0EE000AF4EEC08AF1EE10FA04D80C
:104150009FED5B0ABDEC048B10BDDFED690A68EED4
:10416000A00AB0EE600A07F069FBB0EE409AB2EE2A
:104170000E0AF4EEC08AF1EE10FA02D29FED618AC7
:1041800007E0B0EE080AF7EE000AB0EE408A00EE53
:10419000898AB1EE000AB4EEC08AF1EE10FA03DDAE
:1041A000B1EE000AB0EE408AB0EE480AD2E710B590
:1041B0002DED028B5448C07801EE100AB8EE411A7A
:1041C000DFED521A31EE611AF0EE410A4E48807866
:1041D00001EE100AB8EE411ADFED4C1A31EE611A09
:1041E000B0EE410A05F0CCFDF0EE408A4848D0ED33
:1041F000000A9FED481A81EE200A20EE280AB0EE50
:10420000408AB5EEC08AF1EE10FA05D29FED420A5F
:1042100038EE000AB0EE408A3B48C0787E2807D1CD
:10422000394880787F2803D19FED3C0AB0EE408A60
:104230009FED380AB4EEC08AF1EE10FA06D8B2EE5D
:10424000040A28EE000AB0EE408A09E09FED320A27
:1042500038EE400AF2EE040A20EE200AB0EE408A60
:104260009FED2F0A38EE400A2E4880ED000ABDEC83
:10427000028B10BD10B52448407800F08000002863
:1042800079D00A20094981F82F0081F82B0081F8A4
:104290002700012081F8260081F82A00002081F8FB
:1042A0002E00002450E0000000080240040000201E
:1042B0003C030020D40200200010024048030020EC
:1042C000000000004C030020CDCCCCCCCCCCEC3F8B
:1042D0009A9999999999B93F000000E0505EF33F8F
:1042E0000000000000C069400000000000003340F2
:1042F00000007A431C030020180300202003002044
:10430000D578693D62104040580600200000FF4209
:10431000F8020020000034430000B44300409C46F3
:104320000000E143CC00002006E0FCF7C1FA00B138
:1043300008E0012004F064FC0221FE4801F060FA6C
:104340000128F2D000BF641C642CEDDB40F6B830CD
:1043500004F056FC3220F84981F83300002081F83F
:104360002F0081F82B0081F8270001225102F34829
:1043700001F064FA00BF10BD10B5F148007800F0FC
:104380000200C8B10020EC4981F82F0081F82B0011
:1043900081F82700EB490860E74981F833000022E3
:1043A0004FF40071E54801F049FA0020E649086041
:1043B000E6490860E649086010BDE6480168006803
:1043C000401CE44A1060642907D2E3484089E3496D
:1043D00009680844E14908600BE0E048006864218E
:1043E000B0FBF1F0DE4908600020DA490860DB49E3
:1043F0000860DC4801680068401CDA4A10606429E3
:1044000007D2D5480089D84909680844D6490860C8
:104410000BE0D54800686421B0FBF1F0D349086097
:104420000020D0490860D0490860D1480168006880
:10443000401CCF4A1060642907D2C7488089CD4903
:1044400009680844CB4908600BE0CA480068642149
:10445000B0FBF1F0C84908600020C5490860C549B3
:104460000860C64801680068401CC44A106078298A
:1044700007D2B948C089C24909680844C0490860E0
:104480000BE0BF4800687821B0FBF1F0BD4908603F
:104490000020BA490860BA490860BB480168006852
:1044A000401CB94A10600A2907D2AB48C088B749F6
:1044B00009680844B54908600BE0B44800680A215F
:1044C000B0FBF1F0B24908600020AF490860AF4985
:1044D0000860B04801680068401CAE4A106032298C
:1044E00007D29D484088AC4909680844AA49086039
:1044F0000BE0A94800683221B0FBF1F0A749086041
:104500000020A4490860A4490860A5480168006823
:10451000401CA34A1060322907D28F480088A14965
:10452000096808449F4908600BE09E4800683221F2
:10453000B0FBF1F09C490860002099490860994956
:10454000086070479948006899490968884203DA09
:10455000974800689549086094480068954909683B
:10456000884203DD93480068904908608E490968D5
:104570008E4A1268881A002801DB014600E0414299
:10458000032928DD8848006888490968884204DDD5
:104590000020694981F8220003E00120664981F882
:1045A000220081490968814A1268881A002801DBC3
:1045B000014600E0414249007F4A11601046006810
:1045C000FA2802DDFA20114608607B4800785A4933
:1045D00081F8230003E00A20574981F82300774837
:1045E000006818B90020544981F82300704710B5BD
:1045F0005348C079A0B15248407800F0040078B127
:104600006A4800686B490968884209DA67480068A7
:10461000401C664908604FF4967004F0F1FA16E009
:104620004748C07998B14648407800F0200070B102
:104630005E4800685E490968884208DD5B4800689A
:10464000401E5A4908604FF4C87004F0D9FA10BDF2
:1046500073B52DED028B14251FEDE70AB0EE408AED
:1046600037480079322805DB35480079C82801DC55
:10467000012000E0002004463148007800F00800E6
:10468000A8B92F48007800F0100080B92C480078B5
:1046900000F0200058B92A48007800F0400030B9F6
:1046A0002CB11920FEF764FFBDEC028B7CBD2448C1
:1046B000407800F0020030B19DF80C509FED400AA8
:1046C000B0EE408A05E09DF808509FED3E0AB0EE3E
:1046D000408A1B48007800F0080098B1184800781C
:1046E00000F0100070B91648007800F0200048B9BA
:1046F0001348007800F0400020B929460020FFF759
:1047000049F8FEE00E48007800F0080080B90C4837
:10471000007800F0100058B10948007800F020003F
:1047200030B90748007800F0400008B929464BE04E
:104730004FE000000010024004000020000802408A
:104740005806002044030020400300203C030020C2
:1047500038030020780300200C0600207C03002092
:104760009800002080030020840300209C0000208B
:10477000880300208C030020A40000209003002068
:1047800094030020A0000020980300209C03002038
:10479000B4000020A0030020A4030020AC000020EF
:1047A000A8030020AC030020B00000203801002046
:1047B0003C01002040010020540300202803002079
:1047C000CDCC4C403333333F4FF4E160FEF7E2FF92
:1047D00097E0FC48007800F00800A0B9F94800789C
:1047E00000F0100078B9F748007800F0200050B1D0
:1047F000F448007800F0400028B929464FF4617071
:10480000FEF7C8FF7DE0EF48007800F0080098B997
:10481000EC48007800F0100070B9EA48007800F029
:10482000200048B9E748007800F0400020B1294650
:10483000E548FEF7AFFF64E0E248007800F00800CA
:10484000A0B1E048007800F0100078B9DD480078A9
:1048500000F0200050B1DB48007800F0400028B99B
:1048600029464FF4E170FEF795FF4AE0D5480078FD
:1048700000F0080098B1D348007800F0100070B93B
:10488000D048007800F0200048B9CE48007800F009
:10489000400020B12946CD48FEF77CFF31E0C948F1
:1048A000007800F00800A0B9C648007800F01000B9
:1048B00078B1C448007800F0200050B1C1480078B9
:1048C00000F0400028B9294640F24650FEF762FF4A
:1048D00017E0BC48007800F0080090B9B9480078AB
:1048E00000F0100068B1B748007800F0200040B92F
:1048F000B448007800F0400018B12946B448FEF7EB
:1049000049FFB048007800F00800A8B9AD48007829
:1049100000F0100080B9AB48007800F0200058B9D2
:10492000A848007800F0400030B92CB1FDF71DFF19
:1049300010B11920FEF71CFE14B1FEF76CFE27E043
:10494000A048007932280EDAFDF70FFF28B10020C9
:10495000B1EE480AFEF70EFF1AE00020B1EE480A59
:10496000FEF708FF14E097480079C8280EDDFDF730
:10497000FCFE28B10020B0EE480AFEF7FBFE07E07F
:104980000020B0EE480AFEF7F5FE01E0FEF743FE18
:1049900000BF89E610B500208E49887004218E483A
:1049A00000F02EFF012804D102208A49C87001209E
:1049B00010BD64208749C8700020F9E710B50421B4
:1049C000854800F01DFF01280BD18448007840B9CC
:1049D00064208049C87000208149086081490860CE
:1049E00010BDFBF76EFF041E01DB204600E06042B5
:1049F0007D490968884208DD78480078012804D19B
:104A000002207449C8700120EAE71E207149C8706D
:104A10000120724908700020E2E710B500206D49BE
:104A200088744FF400416C4800F0EAFE012804D17C
:104A300002206849C874012010BD64206549C8740B
:104A40000020F9E710B54FF40041634800F0D8FEAC
:104A500001280BD16548007840B964205D49C874CD
:104A60000020634908606349086010BDFBF79BFFA5
:104A7000041E01DB204600E060425F49096888426D
:104A800008DD5A480078012804D102205149C87431
:104A90000120EAE71E204F49C874012053490870DD
:104AA0000020E2E710B500204A4988724FF48041A7
:104AB000494800F0A5FE012804D102204549C872EA
:104AC000012010BD64204349C8720020F9E710B5E9
:104AD0004FF48041404800F093FE01280CD1474834
:104AE000007848B964203B49C87200204FF08041EB
:104AF00048624349086010BDFBF79EFF041E01DBBE
:104B0000204600E060423F490968884208DD3B4892
:104B10000078012804D102202E49C8720120EAE75A
:104B20001E202C49C8720120344908700020E2E799
:104B300010B52DED048BFBF7C4FE33490968441A08
:104B4000002C01DB204600E06042002864DDFBF71A
:104B5000B8FE2D490968884203DD01201D4988708F
:104B600002E000201B498870FBF7ABFE264909686C
:104B7000441A002C01DB214600E06142084604F0A3
:104B800048FE41EC190B9FED210B53EC102B04F068
:104B90005FFD41EC180B04F04DFE1E49086008460D
:104BA0000068FA2801DDFA2008601A4800680A281F
:104BB00002DA0A2017490860164800780549C870CB
:104BC0002DE029E0580600207CFCFFFF3EFEFFFFA1
:104BD000BAFAFFFF0400002000100240500300203A
:104BE00024040040740000205C03002051030020D6
:104BF000240C0040780000206003002053030020B4
:104C000070000020640300204C0200209A999999BA
:104C10009999E93F540300200220FE49C870BDEC79
:104C2000048B10BD10B52DED048BFBF7BCFEFA49CB
:104C30000968441A002C01DB204600E0604200288D
:104C400039DDFBF7B0FEF4490968884203DD012035
:104C5000F049887402E00020EE498874FBF7A3FE57
:104C6000ED490968441A002C01DB214600E061424D
:104C7000084604F0CEFD41EC190B1FED1C0B53EC64
:104C8000102B04F0E5FC41EC180B04F0D3FDE349D4
:104C9000086008460068FA2801DDFA200860DF484D
:104CA00000680A2802DA0A20DC490860DB4800783C
:104CB000D849C87402E00220D649C874BDEC048B00
:104CC00010BD10B52DED048BFBF7B6FED449096875
:104CD000441A002C01DB204600E06042002839DD48
:104CE000FBF7AAFECE490968884203DD0120C949C5
:104CF000887202E00020C7498872FBF79DFEC84910
:104D00000968441A002C01DB214600E06142084694
:104D100004F07FFD41EC190B1FED440B53EC102BFD
:104D200004F096FC41EC180B04F084FDBB490860CC
:104D300008460068FA2801DDFA200860B7480068D4
:104D40000A2802DA0A20B5490860B4480078B14957
:104D5000C87202E00220AF49C872BDEC048B10BDDE
:104D600070B52DED108BF0EE408A04469FEDAD0A34
:104D7000B0EE40FA9FEDAB0AB0EE408AAA48006858
:104D800004F077FD41EC1C0B9FEDA80B53EC102BAE
:104D900004F05EFC41EC1A0B00EE104AB8EEC00ABB
:104DA00038EEC00A10EE101A084604F062FD41EC1D
:104DB0001C0B9FEDA00B53EC102B04F049FC41ECB5
:104DC0001B0B53EC1A2B04F09CFB41EC190B04F069
:104DD00063FD95490860084690ED000A20EE000A40
:104DE00010EE101A084604F044FD41EC1A0BB0EE28
:104DF0004A0AF0EE6A0A06F0E3FCB0EE409AF0EEE2
:104E0000609A51EC190B04F047FD0546284604F062
:104E100030FD41EC1C0B9FED890B05F061FCB0EE01
:104E200040EAF0EE60EA9FED870B53EC102B51EC5B
:104E30001E0B04F07FFC41EC1D0B53EC1C2B04F00B
:104E400007FC41EC1B0BB0EE4B0AF0EE6B0A05F0D1
:104E500023F9B0EE40AAF0EE60AA9FED7C0B53EC74
:104E6000102B51EC1A0B04F0F3FB41EC190B04F07E
:104E700013FD08EE100A9FED770AB4EEC08AF1EE3A
:104E800010FA04DD9FED730AB0EE408A0AE0B3EE3B
:104E9000040AB4EEC08AF1EE10FA03D2B3EE040AAB
:104EA000B0EE408ABDEEC80A6B4880ED000A00688B
:104EB0006A490860BDEC108B70BD70B52DED108B8C
:104EC000F0EE408A04469FED570AB0EE40FA9FED9F
:104ED000550AB0EE408A5448006804F0CAFC41EC20
:104EE0001C0B9FED520B53EC102B04F0B1FB41EC6B
:104EF0001A0B00EE104AB8EEC00A38EEC00A10EEE7
:104F0000101A084604F0B5FC41EC1C0B9FED490B50
:104F100053EC102B04F09CFB41EC1B0B53EC1A2BB5
:104F200004F0EFFA41EC190B04F0B6FC3E490860BE
:104F3000084690ED000A20EE000A10EE101A08460E
:104F400004F097FC41EC1A0BB0EE4A0AF0EE6A0A44
:104F500006F036FCB0EE409AF0EE609A51EC190B78
:104F600004F09AFC0546284604F083FC41EC1C0B37
:104F70009FED3B0B05F0B4FBB0EE40EAF0EE60EACB
:104F80009FED300B53EC102B51EC1E0B04F0D2FBB9
:104F900041EC1D0B53EC1C2B04F05AFB41EC1B0B9A
:104FA000B0EE4B0AF0EE6B0A05F076F8B0EE40AAD0
:104FB000F0EE60AA9FED250B53EC102B51EC1A0B71
:104FC00004F046FB41EC190B04F066FC08EE100AF5
:104FD0009FED200AB4EEC08AF1EE10FA04DD9FEDD9
:104FE0001D0AB0EE408A0AE0B3EE040AB4EEC08AAD
:104FF000F1EE10FA03D2B3EE040AB0EE408ABDEE31
:10500000C80A154880ED000A006814490860BDEC24
:10501000108B70BD040000205002002054030020BB
:10502000540200200000000074030020CDCCCCCC42
:10503000CCCCEC3F9A9999999999B93F000000A07E
:10504000D750FE3F0000000000C069400000000093
:105050000000334000007A431003002008030020C2
:10506000000000C06B28FF3F09E01120FDF76AFA3D
:105070000121954802F0A2FA0F2003F0C1FDF4E7E8
:105080000CE09248006810B9FFF75CFA03E00A20D0
:105090008F4981F82300032003F0B2FDF1E715E00A
:1050A0008C48007800F0010020B13C211E20FFF761
:1050B000CFFA02E01920FEF75BFAFFF739FDFFF7A0
:1050C000B1FDFFF7FEFD032003F09AFDE8E708E0DD
:1050D000FFF773F9FDF74AFAFEF7C4FC042003F06A
:1050E0008FFDF5E71FB5FBF75BFDFBF798FDFBF7C1
:1050F000E5FFFCF7BAF8FCF7ACF9FCF731F9FCF77F
:1051000020FAFBF7F7FD4FF4E130FCF7EEFA4FF42D
:10511000E130FCF773FB4FF4E130FCF7FCFB4FF49C
:105120006120FCF72EFD4FF4E130FCF7C7FDFDF7E1
:1051300026FB00BFFFF72EFC08B9012400E0002485
:10514000FFF76BFC08B9012000E000200443FFF7E3
:10515000A9FC08B9012000E000200443002CE9D19B
:1051600000BFFFF72BFC08B9012400E00024FFF783
:1051700069FC08B9012000E000200443FFF7A7FC08
:1051800008B9012000E000200443002CE9D10020F0
:1051900051490860FCF7EBFE00200090019002905E
:1051A00003464FF480724DA10390514803F0E9FA91
:1051B000002000900190029003464FF480724DA1B0
:1051C0000390514803F0DDFA002000900190029016
:1051D00003464FF480724DA10390514803F0D1FA79
:1051E0000020504908604FE045E0FFF7C5F8022174
:1051F0004D4800F005FB01280DD14C4800784C4982
:1052000091ED000AB8EEC00AFFF757FE4948008842
:10521000FEF7DDFE0CE045480078454991ED000AB7
:10522000B8EEC00AFFF79CFD42480088FEF7CFFEAB
:105230004148006850280BDCFEF721FD25484078E6
:1052400000F0400008B1FEF7C1FEFEF7A1FC0AE045
:105250003948006840F26631884204DB1D48807995
:1052600008B1FEF7B6FDFEF70AFDFEF791FCFEF76A
:105270005DFDFEF7FFFF1748007800F001000028F1
:10528000B3D10A20FEF774F9AEE71FB500200090F5
:105290000190029003464FF4807228A103902A489F
:1052A00003F06FFA002000900190029003464FF443
:1052B000807226A10390284803F063FA03F07AFE77
:1052C000002004B010BD000000480040240300206E
:1052D0000400002058060020D00000207461736B89
:1052E000526F626F74416E616C7974696373000010
:1052F000CF5000087461736B446965754B686965CC
:105300006E436F43617500009F5000087461736BBA
:10531000446965754B6869656E436F43617531001B
:10532000815000082803002000040240730100207F
:105330009C00002074010020B00000207461736B99
:105340004D61696E00000000E55000087461736BE8
:105350004779726F00000000695000080CB500200A
:10536000019000907248006840F4803070490860F5
:1053700000BF6F48006800F4003000900198401CA6
:105380000190009818B90198B0F5A06FF1D1684864
:10539000006800F4003010B10120009001E000200E
:1053A00000900098012846D161484030006840F0E4
:1053B00080505F49403108605E48006840F480409A
:1053C0005C4908605A48083000685949083108604B
:1053D0000846006840F4004008600846006840F451
:1053E000A05008605448091F0860081F006840F07A
:1053F0008070091F086000BF4D48006800F0007011
:105400000028F9D040F205604C490860484808304F
:10541000006820F00300464908310860084600682B
:1054200040F00200086000BF41480830006800F00A
:105430000C000828F8D10CBD10B53D48006840F0BC
:1054400001003B49086000203949083108603848AC
:1054500000683B490840364908603A48091D086021
:10546000081F006820F48020091F086000203049D0
:105470000C310860FFF772FF4FF00060324908609E
:1054800010BD70B500200022022300240221284D07
:1054900008352D6805F00C0020B1042806D0082836
:1054A00034D107E0294D2A4E356033E0294D284E8E
:1054B00035602FE01E4D2D1D2D68C5F380541C4D09
:1054C0002D1D2D6805F03F0154B1224DB5FBF1F5BE
:1054D000174E361D3668C6F3881605FB06F209E03E
:1054E0001A4DB5FBF1F5124E361D3668C6F3881617
:1054F00005FB06F20E4D2D1D2D68C5F301456D1CF3
:105500006B00B2FBF3F5124E356003E00F4D104E09
:10551000356000BF00BF064D08352D68C5F3031583
:105520000D4E705D0A4D2D68C540094E356070BD49
:10553000003802400070004008544007003C024020
:10554000FFFFF6FE1030002408ED00E00024F40018
:10555000B003002000127A00B40300200648804700
:1055600006480047FEE7FEE7FEE7FEE7FEE7FEE748
:10557000FEE7FEE7FEE7FEE7395400088901000870
:1055800032490143324A1160704770B5002100234F
:105590000F22C4781CB32E4C246804F4E064C4F5D4
:1055A000E064C4F30721C1F10404E3B20A41447882
:1055B0009C40E1B28478144021430C07210E254C15
:1055C00005786155047804F01F050124AC40057886
:1055D0006D11AD0005F1E025C5F8004109E0047842
:1055E00004F01F050124AC401B4D0678761145F8E8
:1055F000264070BD194A0A400243154B1B1F1A6012
:10560000704739B1124A121D12680243104B1B1D1C
:105610001A6006E00E4A121D126882430C4B1B1DD5
:105620001A607047042808D14FF0E021096941F061
:1056300004014FF0E022116107E04FF0E021096919
:1056400021F004014FF0E022116170470000FA05DB
:105650000CED00E000E400E080E100E080FFFF1FCF
:1056600010B504468C48844208D10121084600F058
:1056700000FB0021012000F0FCFA5EE08748844234
:1056800008D10121022000F0F4FA0021022000F0EC
:10569000F0FA52E08248844208D10121042000F04F
:1056A000E8FA0021042000F0E4FA46E07D48844254
:1056B00008D10121082000F0DCFA0021082000F0C8
:1056C000D8FA3AE07848844208D10121102000F04D
:1056D000D0FA0021102000F0CCFA2EE0734884426A
:1056E00008D10121202000F0C4FA0021202000F080
:1056F000C0FA22E06E48844208D10121402000F027
:10570000B8FA0021402000F0B4FA16E0694884425B
:1057100008D10121802000F0ACFA0021802000F0A7
:10572000A8FA0AE06448844207D10121801500F0FC
:10573000A0FA0021A01500F09CFA10BDF0B50A46B1
:1057400000210023002400BF3DE0012505FA01F3FC
:10575000156805EA03049C4234D105684F0003260E
:10576000BE40B543056015794E00B5400668354327
:1057700005601579012D02D01579022D16D18568A5
:105780004F000326BE40B543856055794E00B540B5
:10579000866835438560456801268E40B54345607F
:1057A000456896798E40B6B235434560C5684F006E
:1057B0000326BE40B543C560D5794E00B540C668E6
:1057C0003543C560491C1029BFD3F0BD4FF6FF71AA
:1057D00001600021017141718171C171704708B58B
:1057E0004FF480320092009A0A430092009AC261FC
:1057F000C161009AC261C2690092C269009208BD8B
:105800000246002013690B400BB1012000E000208C
:1058100070470146086980B270470246002053690C
:105820000B400BB1012000E00020704701464869A1
:1058300080B2704701837047418370470AB101838A
:1058400000E0418370474161704742694A404261CC
:105850007047F0B5002300244D07ED0E02FA05F362
:10586000CE1000F1200555F826504E07F70E0F26F2
:10587000BE40B543CF1000F1200646F82750CE10A9
:1058800000F1200555F8265045EA0304CE1000F13A
:10589000200545F82640F0BD00000240000402400B
:1058A00000080240000C02400010024000140240B8
:1058B00000180240001C024000200240FA48006824
:1058C00040F00100F84908600020F74908310860FD
:1058D000F5480068F5490840F3490860F448091D97
:1058E0000860081F006820F48020091F086000205D
:1058F000ED490C31086070470021EB4A921C117091
:1059000011460870704710B50146002200230020A0
:105910004A11012A02D1E44C236808E0022A03D18B
:10592000E14C7034236802E0DF4C7434236801F0EA
:105930001F02012494401C400CB1012000E0002013
:1059400010BD38B5002000900024002500BF312094
:10595000FFF7D9FF05460098401C00900098B0F56D
:10596000A06F01D0002DF2D03120FFF7CCFF08B19D
:10597000012400E00024204638BD01460020CA4A28
:10598000106820F0F80040EAC10010607047C94973
:10599000086070470021C44A7032117011700128EC
:1059A00002D004280AD104E00121BF4A70321170EC
:1059B00005E00521BC4A7032117000E000BF00BF55
:1059C0007047BD490860704770B5049C41EA821574
:1059D0000126C6EB530645EA0645054345EA04653C
:1059E000B14E361D356070BDB24908667047820100
:1059F00042EA0172AC4B84331A607047AD49886645
:105A00007047AC49C864704702460020A64B083373
:105A1000186820F0EC6042EA01031843A24B0833F7
:105A200018607047024600209F4B0833186820F02A
:105A3000784042EA010318439B4B083318607047D3
:105A400001460020984A0832106820F003000843FD
:105A50001060704794480830006800F00C007047F0
:105A600001460020904A0832106820F0F0000843F8
:105A700010607047014600208B4A0832106820F4FD
:105A8000E05008431060704701460020864A083203
:105A9000106820F4604040EAC10010607047F0B523
:105AA0000021002200240225002602237E4F083711
:105AB0003F6807F00C0121B1042905D0082937D12E
:105AC00005E07E4F076036E07D4F076033E0764F9C
:105AD0003F1D3F68C7F38056734F3F1D3F6807F077
:105AE0003F036EB1764FB7FBF3F7DFF8BCC10CF1A3
:105AF000040CDCF800C0CCF3881C07FB0CF40CE0B1
:105B00006E4FB7FBF3F7DFF8A0C10CF1040CDCF823
:105B100000C0CCF3881C07FB0CF4634F3F1D3F68AB
:105B2000C7F301477F1C7D00B4FBF5F7076002E077
:105B3000624F076000BF00BF5B4F08373F6807F048
:105B4000F00109095F4F7A5C0768D7404760564FFC
:105B500008373F6807F4E051890A5A4F7A5C476872
:105B6000D7408760504F08373F6807F46041490BC2
:105B7000544F7A5C4768D740C760F0BD002100F4FD
:105B80004072B2F5407F0AD1474A0832116821F4C9
:105B9000F8114D4A02401143434A08321160424A0B
:105BA00070321268C0F30B031A433F4B70331A6014
:105BB000704741494439086070473F49403908609F
:105BC000704742490860704739B1374A303212682D
:105BD0000243354B30331A6006E0334A30321268E4
:105BE0008243314B30331A60704739B12E4A343218
:105BF000126802432C4B34331A6006E02A4A3432CE
:105C000012688243284B34331A60704739B1264AF0
:105C1000383212680243244B38331A6006E0224AB5
:105C2000383212688243204B38331A60704739B1DA
:105C30001D4A4032126802431B4B40331A6006E093
:105C4000194A403212688243174B40331A6070473A
:105C500039B1154A443212680243134B44331A6077
:105C600006E0114A4432126882430F4B44331A60F3
:105C7000704739B10C4A1032126802430A4B103394
:105C80001A6006E0084A103212688243064B10334D
:105C90001A607047E1B1044A143212680243024BA1
:105CA00014331A6019E0000000380240FFFFF6FECE
:105CB0001030002400004742800E47420024F400C8
:105CC00000127A00C4030020FFFCFF0F5C01474272
:105CD0005B4A126882435A4B1A60704739B1584A7E
:105CE000121D12680243564B1B1D1A6006E0544AEF
:105CF000121D12688243524B1B1D1A60704739B146
:105D00004F4A0C32126802434D4B0C331A6006E0C6
:105D10004B4A0C3212688243494B0C331A6070476D
:105D200039B1474A103212680243454B10331A60AA
:105D300006E0434A103212688243414B10331A6026
:105D4000704739B13E4A3C32126802433C4B3C3307
:105D50001A6006E03A4A3C3212688243384B3C33C0
:105D60001A60704739B1364A403212680243344BE8
:105D700040331A6006E0324A403212688243304BA8
:105D800040331A60704739B12D4A443212680243D9
:105D90002B4B44331A6006E0294A4432126882438E
:105DA000274B44331A60704739B1254A4C32126888
:105DB0000243234B4C331A6006E0214A4C321268EE
:105DC00082431F4B4C331A60704739B11C4A503222
:105DD000126802431A4B50331A6006E0184A5032D8
:105DE00012688243164B50331A60704739B1144A17
:105DF000D21F12780243124BDB1F1A7006E0104AC2
:105E0000D21F127882430E4BDB1F1A7070470C486A
:105E10006030006840F08070094960310860704768
:105E200001460020064A083A12680A400AB10120D9
:105E300000E0002070470249891F08707047000089
:105E40001438024010B501210802FFF769FF002154
:105E50004FF48070FFF764FF10BD30B5024600209C
:105E600000235068F84C20400D790C6844EA052462
:105E7000204350609068F54C2040D1E903542C43F6
:105E80008D682C434D7944EA450420439060D06AE4
:105E900020F470000C7D641EE4B2234340EA0350FA
:105EA000D06230BD00210160017141718160C1602B
:105EB00001610121017570470021E54A1168E54A39
:105EC0001140D0E900231A4383681A43C3681A4378
:105ED0001143E14AC2F80413704700210160416098
:105EE0008160C160704721B1826842F00102826026
:105EF00003E0826822F00102826070470A460021B6
:105F00004168D64B1940114341607047416282623B
:105F100070470A460021416821F01F01114341608A
:105F2000704738B1CA49096841F40001CA4AC2F849
:105F3000041306E0C649096821F40001C64AC2F804
:105F40000413704738B1C249096841F48001C24A5C
:105F5000C2F8041306E0BE49096821F48001BE4A74
:105F6000C2F804137047F0B504460D460020002126
:105F7000092D11DDE068A5F10A0606EB46070726A4
:105F800006FA07F18843A5F10A0606EB460603FA6E
:105F900006F10843E0600CE0206905EB45070726A1
:105FA00006FA07F1884305EB450603FA06F10843B4
:105FB0002061072A0FDA606B561E06EB86071F2644
:105FC00006FA07F18843561E06EB860605FA06F127
:105FD0000843606322E00D2A0FDA206BD61F06EB20
:105FE00086071F2606FA07F18843D61F06EB8606AA
:105FF00005FA06F10843206310E0E06AA2F10D06FD
:1060000006EB86071F2606FA07F18843A2F10D0664
:1060100006EB860605FA06F10843E062F0BD8168EA
:1060200041F0804181607047014600208A6802F497
:1060300080020AB1012000E00020704721B182688F
:1060400042F48062826003E0826822F480628260AF
:10605000704721B1826842F00202826003E08268E8
:1060600022F002028260704710B50A460021002328
:10607000416821F46041531E41EA4331416010BD43
:1060800021B1426842F40062426003E0426822F4B7
:106090000062426070470146C86C80B270476C482D
:1060A000001D0068704721B1826842F480728260EE
:1060B00003E0826822F480728260704721B18268B6
:1060C00042F40072826003E0826822F4007282600F
:1060D000704738B15E49096841F400515E4AC2F820
:1060E000041306E05A49096821F400515A4AC2F8DB
:1060F00004137047F0B50446154600200022002620
:10610000092911DDE068A1F10A0707EB470C072711
:1061100007FA0CF29043A1F10A0707EB470703FACD
:1061200007F21043E0600CE0206901EB410C072707
:1061300007FA0CF2904301EB410703FA07F2104310
:106140002061A06BC0F30156EF1C06F1010CA7EB18
:106150000C0707EB870C1F2707FA0CF29043EF1C84
:1061600006F1010CA7EB0C0707EB870701FA07F212
:106170001043A063F0BD10B50A4600210023816BD7
:1061800021F44011531E41EA0351816310BD08B54B
:10619000002300930090009B0B440093009B1A6027
:1061A00008BD0A460021816821F4702111438160F5
:1061B00070470A460021816821F440111143816033
:1061C0007047816841F4800181607047014600207A
:1061D0008A6802F480020AB1012000E000207047C2
:1061E00021B1426842F48062426003E0426822F4D6
:1061F00080624260704721B1426842F4805242603E
:1062000003E0426822F480524260704708B50246BB
:1062100000200090009201F12800009B184400909B
:106220000098006880B208BD10B50B460021D9B2B5
:10623000012404FA01F11AB144680C43446002E0FD
:1062400044688C43446010BDFFFEFFFCFDF7FFC0B7
:1062500004230140E030FCFF00200140FFFD3FFF30
:106260000246002013680B400BB1012000E0002023
:106270007047CA430260704770B502460020002391
:1062800000240B12556801268E4005EA06041568A5
:106290001D4015B10CB1012000E0002070BD0022AE
:1062A0000A12D34303607047016821F001010160C5
:1062B0000021016041608160C16001612121416173
:1062C000DB49884204D13D21D94A103A91608CE0E3
:1062D000D7491831884205D14FF47461D44A103A35
:1062E000916082E0D2493031884205D14FF4741177
:1062F000CF4A103A916078E0CD494831884205D1C3
:106300004FF07461CA4A103A91606EE0C84960313A
:10631000884204D1C749C64A103AD16065E0C449F1
:106320007831884204D1C449C14A103AD1605CE056
:10633000BF499031884204D1C049BD4A103AD1606A
:1063400053E0BB49A831884205D14FF03D51B84ACE
:10635000103AD16049E0BA49884204D13D21B84A97
:10636000083A116041E0B6491831884205D14FF42E
:106370007461B34A083A116037E0B149303188425C
:1063800005D14FF47411AE4A083A11602DE0AC49C2
:106390004831884205D14FF07461A94A083A11602A
:1063A00023E0A7496031884204D1A249A44A121FC0
:1063B00011601AE0A2497831884204D19E49A04A6E
:1063C000121F116011E09E499031884204D19B490F
:1063D0009B4A121F116008E09949A831884204D1F4
:1063E0004FF03D51964A121F1160704710B50022C0
:1063F0000268944B1A40CC680B6823434C692343D2
:106400008C692343CC6923430C6A23434C6A23439E
:106410008C6A23434C6B23438C6B23431A430260E7
:10642000426922F00702D1E90B3423431A43426147
:106430000B6943604B6883608B68C36010BD0021AB
:10644000016041608160C160016141618161C16140
:10645000016241628162C16201634163816370478D
:1064600021B1026842F00102026003E0026822F0FA
:1064700001020260704721B1026842F400420260EA
:1064800003E0026822F400420260704721B1026812
:1064900042F02002026003E0026822F02002026063
:1064A0007047416070470146486880B2704722B12A
:1064B000036843F40023036003E0036823F400232C
:1064C00003600161704721B1026842F480220260DA
:1064D00003E0026822F48022026070470AB1016181
:1064E00000E0C1607047014600200A6802F4002203
:1064F0000AB1012000E000207047014600200A6830
:1065000002F001020AB1012000E0002070470146BC
:1065100000204A6902F03800704730B503460A4649
:1065200000200024464DAB4202D24149103901E01F
:106530004349103902F000550DB14C6800E00C6879
:10654000414D2C4004EA02050DB1012000E000207D
:1065500030BD02463A4B9A4202D23548103801E02B
:106560003748103801F000531BB1374B0B40C36064
:1065700002E0354B0B408360704710B501F080039B
:106580004BB122B1436943F08003436103E04369A7
:1065900023F08003436180290BD02AB1036801F006
:1065A0001E042343036004E0036801F01E04A343B8
:1065B000036010BD70B50246002000240025204E67
:1065C000B24202D21A4B103B01E01D4B103B1F4E52
:1065D0000E4036B11E2606EAD124166806EA0405E6
:1065E00002E0566906F0800501F000560EB15C68C5
:1065F00000E01C68144E344004EA010616B10DB1E7
:10660000012000E0002070BD02460D4B9A4202D2EC
:106610000748103801E00A48103801F000531BB158
:10662000094B0B40C36002E0074B0B40836070478F
:10663000106002403D000020400F002000003D207F
:10664000106402403F801CF07D0F7D0F3C0F3C0F1B
:10665000002044490860091D0860091D0860091DE3
:10666000086041483F4914310860704700213D49A6
:106670008279002A3AD00A46126803689A430B4688
:106680001A600A1D126803689A430B1D1A6002798A
:1066900011440A6803681A430A60324A08321268D1
:1066A00003689A432F4B08331A601A1D1268036857
:1066B0009A432C4B0C331A604279102A0ED11A1FC0
:1066C000126803681A43274B08331A601A1D1268B0
:1066D00003681A43234B0C331A600DE021494279B9
:1066E00011440A6803681A430A6005E002791144FC
:1066F0000A6803689A430A607047002101600171CB
:106700000C214171002181717047164910310968CF
:106710000143144A10321160704701460020114AAB
:10672000143212680A400AB1012000E000207047CC
:106730000C49143108607047014600200022094BC3
:106740001B6803EA0102074B14331B680B4013B1AB
:106750000AB1012000E000207047024914310860AE
:1067600070470000003C0140FFFF7F0010B5044669
:10677000FE48844208D101210846FFF7D1FA0021E2
:106780000120FFF7CDFA9DE0B4F1804F08D101213F
:106790000846FFF7B4FA00210120FFF7B0FA91E0B4
:1067A000F348844208D101210220FFF7A8FA002112
:1067B0000220FFF7A4FA85E0EE48844208D10121C7
:1067C0000420FFF79CFA00210420FFF798FA79E0F3
:1067D000E948844208D101210820FFF790FA0021FE
:1067E0000820FFF78CFA6DE0E448844208D10121CB
:1067F0001020FFF784FA00211020FFF780FA61E0F3
:10680000DF48844208D101212020FFF778FA0021D7
:106810002020FFF774FA55E0DA48844208D10121BC
:106820000220FFF77DFA00210220FFF779FA49E004
:10683000D548844209D101210804FFF771FA0021EB
:106840004FF48030FFF76CFA3CE0D048844209D125
:1068500001214804FFF764FA00214FF40030FFF7EC
:106860005FFA2FE0CA48844209D101218804FFF76A
:1068700057FA00214FF48020FFF752FA22E0C54872
:10688000844208D101214020FFF739FA002140203D
:10689000FFF735FA16E0C048844208D10121802074
:1068A000FFF72DFA00218020FFF729FA0AE0BB4804
:1068B000844207D101218015FFF721FA0021A0159C
:1068C000FFF71DFA10BD00220288A84B98420ED097
:1068D000AC4B98420BD0B0F1804F08D0A44B9842FB
:1068E00005D0A44B984202D0A34B984204D14FF656
:1068F0008F731A404B881A43A04B984207D0A04B85
:10690000984204D04FF6FF431A400B891A43028085
:106910004B68C3620B880385944B984202D0994B15
:10692000984201D18B7A03860123838270474FF00E
:10693000FF314160002101800181418081727047F7
:106940000185828270470A46002101884FF68F73C5
:10695000194011430180704741627047C16270471E
:106960000146486A70470146088D704721B1028888
:1069700042F00202028004E002884FF6FD731A40E2
:106980000280704721B1028842F00402028004E0D4
:1069900002884FF6FB731A400280704721B10288CB
:1069A00042F08002028004E002884FF67F731A40B2
:1069B0000280704702884FF6F7731A4002800288FF
:1069C0000A430280704702884FF6FF431A40028054
:1069D00002880A430280704721B1028842F0010216
:1069E000028004E002884FF6FE731A40028070476E
:1069F00070B5002400220023058C4FF6FE7635404A
:106A00000584028C8388048B4FF68F752C40B51E4D
:106A10002C400D882C43751E2A408D892A434D88B1
:106A20002A43524DA84202D0564DA84213D14FF6E8
:106A3000F7752A40CD892A434FF6FB752A408D8889
:106A40002A434FF6FF652B404FF6FF552B400D8A2A
:106A50002B434D8A2B43838004838D6845630284D6
:106A600070BD70B5002400220023058C4FF6EF7630
:106A700035400584028C8388048B48F6FF752C40D2
:106A80004FF6FF452C400D884FF6FF7606EA0525A8
:106A90002C434FF6DF752A408D8906EA05152A43F7
:106AA0004D8806EA05152A43304DA84202D0354DDF
:106AB000A8421DD14FF67F752A40CD894FF6FF764B
:106AC00006EA05152A434FF6BF752A408D8806EA67
:106AD00005152A434FF6FF352B404FF2FF752B402B
:106AE0000D8A06EA85052B434D8A06EA85052B4368
:106AF000838004838D688563028470BD70B5002433
:106B000000220023058C4FF6FF6635400584028C79
:106B10008388848B4FF68F752C404FF6FC752C4084
:106B20000D882C434FF6FF552A408D894FF6FF768E
:106B300006EA05252A434D8806EA05252A430B4D1A
:106B4000A84202D00F4DA84238D14FF2FF752A401B
:106B5000CD894FF6FF7606EA05252A434FF6FF3525
:106B60002A408D8806EA05252A4319E000000140E5
:106B70000004004000080040000C004000100040ED
:106B80000014004000040140004001400044014066
:106B90000048014000180040001C00400020004058
:106BA0004EF6FF752B404DF6FF752B400D8A06EA19
:106BB00005152B434D8A06EA05152B4383808483F4
:106BC0008D68C563028470BD70B500220023002467
:106BD000058C4EF6FF7635400584038C8488828BC5
:106BE00048F6FF752A404FF6FF452A400D884FF6BC
:106BF000FF7606EA05252A434DF6FF752B408D8961
:106C000006EA05352B434D8806EA05352B43FE4D34
:106C1000A84202D0FD4DA84208D14BF6FF752C408A
:106C20000D8A4FF6FF7606EA85152C438480828311
:106C30008D680564038470BD0021018041808180DE
:106C400081608181C18101824182704770B50346B4
:106C5000002000241846183001258D40ACB21D8C50
:106C6000A5431D8409B108290AD100EB610005681C
:106C70004FF68F76354005600568154305600FE0D7
:106C80000D1FC5F34E052844056848F6FF763540CC
:106C9000056005684FF6FF7606EA02263543056073
:106CA00070BD4163704781637047C1637047016481
:106CB00070470A460021018B4FF68F73194011432C
:106CC000018370470A460021018B48F6FF73194083
:106CD0004FF6FF7303EA02231943018370470A4604
:106CE0000021818B4FF68F731940114381837047C8
:106CF0000A460021818B48F6FF7319404FF6FF7357
:106D000003EA02231943818370470A460021018B5D
:106D10004FF6F77319401143018370470A4600216B
:106D2000018B4FF2FF7319404FF6FF7303EA022302
:106D30001943018370470A460021818B4FF6F77390
:106D400019401143818370470A460021818B4FF21D
:106D5000FF7319404FF6FF7303EA0223194381833F
:106D600070470A460021018B4FF6FB73194011430F
:106D7000018370470A460021018B4FF6FF3319400B
:106D80004FF6FF7303EA02231943018370470A4653
:106D90000021818B4FF6FB731940114381837047AB
:106DA0000A460021818B4FF6FF3319404FF6FF73DF
:106DB00003EA02231943818370470A460021018BAD
:106DC0004FF67F7319401143018370470A46002133
:106DD000018BC1F30E014FF6FF7303EA022319433F
:106DE000018370470A460021818B4FF67F7319405B
:106DF0001143818370470A460021818BC1F30E0144
:106E00004FF6FF7303EA02231943818370470A4652
:106E10000021018C4FF6FD73194011430184704726
:106E20000A460021018C4FF6F77319401143018483
:106E300070470A460021018C4FF6DF7319404FF668
:106E4000FF7303EA02131943018470470A460021C5
:106E5000018C4FF67F7319404FF6FF7303EA02135C
:106E60001943018470470A460021018C4FF6FF53F5
:106E700019404FF6FF7303EA022319430184704758
:106E80000A460021018C4FF2FF7319404FF6FF7341
:106E900003EA02231943018470470A460021018C4A
:106EA0004DF6FF7319404FF6FF7303EA023319439F
:106EB0000184704730B5002301248C40A3B2048CB8
:106EC0009C430484048C02FA01F5ADB22C43048483
:106ED00030BD30B5002304248C40A3B2048C9C4305
:106EE0000484048C02FA01F5ADB22C43048430BD55
:106EF000828B4FF2FF331A408283828B4FF6FF73EF
:106F000003EA01231A4382837047F0B50C46154605
:106F1000002100220026078C4EF6FF7C07EA0C07B2
:106F20000784818B028C4FF6FF7707EA043640F620
:106F3000FF4739404FF6FF7707EA052739434FF6F9
:106F4000FF7707EA0337394345F6FF773A4046F4BF
:106F500080573A4381830284F0BD828B4FF6F373EE
:106F60001A408283828B0A4382837047F0B50C46B5
:106F70001546002100220026078C4FF6FF6C07EA19
:106F80000C070784818B028C4FF6FF7707EA0426F3
:106F90004FF60C7739404FF6FF7707EA03172F4378
:106FA00039434FF2FF573A4046F480773A438183A2
:106FB0000284F0BD028B4FF2FF331A400283028B32
:106FC0004FF6FF7303EA01231A4302837047F0B5BB
:106FD0000C461546002100220026078C4FF6EF7C58
:106FE00007EA0C070784018B028C4FF6FF7707EA4C
:106FF000041640F6FF4739404FF6FF7707EA03379C
:1070000039434FF6FF7703E00000014000040140E0
:1070100007EA052739434FF65F773A4046F01007F5
:107020003A4301830284F0BD028B4FF6F3731A409A
:107030000283028B0A4302837047F0B50C46154663
:1070400000210022068C4FF6FE773E400684018B1D
:10705000028C4FF60C7631407E1C06EA03162E4356
:1070600031434FF6F576324044F001063243018356
:107070000284F0BD70B505460C46208850B92389BE
:10708000A28861882846FFF7D8FFE1882846FFF7E5
:10709000CBFF25E0208804280AD12389A2886188B3
:1070A0002846FFF794FFE1882846FFF783FF17E0A3
:1070B000208808280AD12389A28861882846FFF7FA
:1070C00055FFE1882846FFF748FF09E02389A28899
:1070D00061882846FFF719FFE1882846FFF708FF77
:1070E00070BD002101804180012181800021C1808B
:1070F000018170472DE9F04105460C460026012725
:10710000608808B9022600E00026A088012801D185
:10711000022700E001272088A0B92389A28861887E
:107120002846FFF78AFFE1882846FFF77DFF23897D
:107130003A4631462846FFF74AFFE1882846FFF7DE
:1071400039FF13E02389A28861882846FFF73FFFB3
:10715000E1882846FFF72EFF23893A463146284624
:10716000FFF76BFFE1882846FFF75EFFBDE8F0817F
:107170000146486B70470146886B70470146C86BF3
:1071800070470146086C70470A884B881A438B8801
:107190001A43CB881A430B891A434B891A438B89AC
:1071A0001A43A0F84420704700210180418081806B
:1071B000C180018141818181704731B1B0F84420A3
:1071C00042F40042A0F8442005E0B0F84420C2F3A5
:1071D0000E02A0F84420704721B1828842F00402D8
:1071E000828004E082884FF6FB731A4082807047E9
:1071F00021B1828842F00102828004E082884FF649
:10720000FE731A40828070471AB183890B438381D1
:1072100002E083898B4383817047818270470246F5
:107220000020138A0B400BB1012000E000207047C2
:10723000CA430282704730B5024600200023002472
:10724000158A05EA0103958905EA010413B10CB119
:10725000012000E0002030BDCA430282704741EAAD
:107260000203A0F8483070471AB183890B43838129
:1072700002E083898B438381704721B1828842F089
:107280000802828004E082884FF6F7731A408280F9
:10729000704701894FF6F8721140018170470A4624
:1072A000002101894FF68F73194011430181704706
:1072B00030B504460D4629462046FFF7F0FF2089E9
:1072C00040F00700208130BD2DE9F04104460D4615
:1072D00016461F46602D06D13B4601223146204608
:1072E000FFF775FE05E03B46012231462046FFF7D9
:1072F000A4FE29462046FFF7D2FF208940F0070070
:107300002081BDE8F08130B50C4600210189C9B269
:107310004FF6FF7505EA03251543254329430181EF
:1073200030BD2DE9F04105460E461746984600242B
:1073300043463A4631462846FFF7E5FF2C894FF68B
:10734000F870044044F007044FF68F70044044F096
:1073500070042C81BDE8F081F0B504460D46164658
:107360001F463B46324629462046FFF7CCFF208980
:1073700040F480402081F0BD82884FF68F731A4020
:10738000828082880A438280704702894FF6F873B0
:107390001A40028102890A430281704702894FF62E
:1073A0007F731A40028102890A4302817047F0B557
:1073B0000C4615461E460021002200230189028B3F
:1073C000038C4FF6F877394021434FF6FC473A409B
:1073D00040F201173A434FF6DD773B404FF6FF7717
:1073E00007EA06172F433B43018102830384F0BD64
:1073F00021B1828842F08002828004E082884FF6C8
:107400007F731A4082807047A0F8501070470000C8
:1074100010B50446F748844208D101211020FEF738
:107420007FFC00211020FEF77BFC3EE0F248844206
:1074300009D101214804FEF762FC00214FF400301D
:10744000FEF75DFC31E0ED48844209D1012188045A
:10745000FEF755FC00214FF48020FEF750FC24E09D
:10746000E748844209D10121C804FEF748FC002105
:107470004FF40020FEF743FC17E0E248844209D1B4
:1074800001210805FEF73BFC00214FF48010FEF7B8
:1074900036FC0AE0DC48844207D101212020FEF7B7
:1074A0003FFC00212020FEF73BFC10BD2DE9FF47EB
:1074B00005460E460024A14600BFA046B08900B193
:1074C00000BF2C8A24F44054F08804432C82AC89F9
:1074D00041F20C608443B0883189084371890843C4
:1074E0000443AC81AC8A24F44074B0890443AC8278
:1074F0006846FEF7D4FABF48854202D0C2488542AA
:1075000002D1DDF80C9001E0DDF80890A88900F4C4
:10751000004040B109EBC90000EB09103168490097
:10752000B0FBF1F707E009EBC90000EB0910316887
:107530008900B0FBF1F76420B7FBF0F004012009EB
:10754000642101FB1078A88900F4004040B132208A
:1075500000EBC800B0FBF1F000F00700044308E0C6
:10756000322000EB08106421B0FBF1F000F00F00B6
:1075700004432C81BDE8FF874FF4165101600021C0
:107580008180C18001810C2141810021818170476E
:1075900010B502460020108A20F470600B884C88D9
:1075A00023438C882343CC8823431843108210BD87
:1075B0000021018041808180C180704721B1828992
:1075C00042F40052828104E082894DF6FF731A4032
:1075D00082817047028B02F47F420283028B0A434E
:1075E0000283704721B1828942F40042828103E024
:1075F0008289C2F30E028281704721B1828A42F4ED
:107600000062828204E0828A4FF2FF731A40828213
:107610007047C1F308028280704701468888C0F332
:1076200008007047028A4FF6F0731A400282028AFD
:107630000A430282704721B1828942F002028281AC
:1076400004E082894FF6FD731A4082817047828977
:107650004FF2FF731A40828182890A438281704708
:10766000028A4FF6DF731A400282028A0A430282BC
:10767000704721B1028A42F48042028204E0028A09
:107680004BF6FF731A4002827047818941F0010175
:107690008181704721B1828A42F00802828204E02F
:1076A000828A4FF6F7731A4082827047028BD2B2F9
:1076B0000283028B42EA01220283704721B1828A4F
:1076C00042F02002828204E0828A4FF6DF731A4081
:1076D0008282704721B1828A42F01002828204E0E5
:1076E000828A4FF6EF731A4082827047828A4FF681
:1076F000FB731A408282828A0A438282704721B1D8
:10770000828A42F00202828204E0828A4FF6FD738E
:107710001A40828270471AB1838A0B43838202E047
:10772000838A8B4383827047F0B50346002400268A
:107730000025002040F66A17B94200D100BF184664
:10774000C1F3421401F01F06012707FA06F5012CC8
:1077500001D10C3004E0022C01D1103000E01430D3
:107760001AB107682F43076002E00768AF4307605C
:10777000F0BD02460020B1F5007F00D100BF1388A4
:107780000B400BB1012000E00020704701F40072B3
:10779000B2F5007F00D100BFCA430280704770B5C8
:1077A0000246002400230025002040F66A16B1425C
:1077B00000D100BFC1F3421501F01F03012606FAF4
:1077C00003F3012D02D19689334006E0022D02D148
:1077D000168A334001E0968A33400C12012606FADD
:1077E00004F41688344013B10CB1012000E00020ED
:1077F00070BD0000001001400044004000480040FF
:10780000004C0040005000400014014010B5002220
:10781000002340F66A14A14200D100BF0A120124DD
:107820009440A3B2DC43048010BD000010B50121D8
:107830008803FEF775FA00214FF48040FEF770FAD6
:1078400010BD1A490860704730B500228B071C0F25
:107850000F2303FA04F2154B08338C1053F824302D
:107860009343124C08348D1044F8253023468C1075
:1078700053F824308C07240F00FA04F423430B4CF4
:1078800008348D1044F8253030BD09490860704730
:10789000084908607047002004492031096801F454
:1078A000807109B1012000E00020704700380140DC
:1078B000DC0027420004274200F1080141604FF03C
:1078C000FF31816000F10801C160016100210160A8
:1078D0007047002101617047426853684B604368FC
:1078E0008B605368996051604160086103685B1C5C
:1078F0000360704710B502460B685C1C0CB9106938
:1079000007E002F1080000E04068446824689C42F7
:10791000FAD944684C604C68A160886041600A6193
:107920001468641C146010BD0146D1E901309860F0
:10793000D1E9010358600A695068884201D188681A
:107940005060002008611068401E10601068704789
:1079500070B504460D461CB9F8F76AFC00BFFEE797
:1079600000F0F3FDD4E90F12206801FB0200606013
:107970000020A0632068A060E06B401E226C21689C
:1079800000FB0210E0604FF0FF306064A06475B946
:10799000206908B9012000E0002080B904F110003E
:1079A00001F02AFC01280AD100F0C9FD07E004F12A
:1079B0001000FFF781FF04F12400FFF77DFF00F0C6
:1079C000CDFD012070BD2DE9F04705460E46174656
:1079D0004FF00009DDB1502000F0E4FD0446B4B1E1
:1079E00005FB06F000F10108404600F0DBFD2060D9
:1079F000206848B1E563266401212046FFF7A8FF0F
:107A000084F84D70A14602E0204600F02CFEB9F14A
:107A1000000F03D1F8F70CFC00BFFEE74846BDE8B5
:107A2000F08710B5044600F090FD11E0606A08B9D7
:107A3000012000E0002050B904F1240001F0DCFB3B
:107A400008B101F054FCA06C401EA06400E002E00C
:107A5000A06C0028EADC00BF4FF0FF30A06400F00B
:107A60007DFD00F072FD11E0206908B9012000E001
:107A7000002050B904F1100001F0BEFB08B101F084
:107A800036FC606C401E606400E002E0606C002820
:107A9000EADC00BF4FF0FF30606400F05FFD10BD16
:107AA00070B5044600F051FDA06BE16B884201D136
:107AB000012000E00020054600F050FD284670BD82
:107AC00070B504460E461546206C38B9206838BBA0
:107AD000606801F09BFC0020606021E07DB93146C8
:107AE000226CA06801F0BCFC216CA0680844A06076
:107AF000D4E90110884213D32068A06010E0314619
:107B0000226CE06801F0ACFC216CE068401AE06097
:107B10002168E068884203D2216C6068401AE06006
:107B2000A06B401CA06370BDFFB583B004460D463A
:107B30001E4600271CB9F8F77BFB00BFFEE70DB916
:107B4000206C08B9012000E0002018B9F8F770FB9C
:107B500000BFFEE700BF00F0F8FCA06BE16B8842BD
:107B600017D2324629462046FFF7AAFF606A08B9B5
:107B7000012000E0002038B904F1240001F03CFBB2
:107B8000012801D100F0DBFC00F0E8FC012007B087
:107B9000F0BD059818B900F0E1FC0020F7E71FB927
:107BA00001A801F05EFB012700F0D8FC00F0DEFF29
:107BB00000F0CBFC606C401C08B900206064A06C35
:107BC000401C08B90020A06400F0C8FC05A901A869
:107BD00001F055FBC0B92046FFF762FF70B104F118
:107BE0001000059901F0CBFA2046FFF71AFF00F0CC
:107BF0000DFF0028AFD100F0A2FCACE72046FFF754
:107C000010FF00F003FFA6E72046FFF70AFF00F091
:107C1000FDFE0020BBE770B50546502000F0C2FC19
:107C20000446E4B1002060602060A060E060A063D2
:107C30000120E06300202064401E6064A06484F89A
:107C40004D5004F11000FFF737FE04F12400FFF758
:107C500033FE00231A4619462046FFF765FF1CB97C
:107C6000F8F7E6FA00BFFEE7204670BD70B504469F
:107C70001CB9F8F7DDFA00BFFEE701F047FB6168C9
:107C800088420CD1E068401EE060E06828B900231B
:107C90001A4619462046FFF747FF012500E0002558
:107CA000284670BD70B5044600F04FFCA06B08B9C3
:107CB000012000E00020054600F050FC284670BD81
:107CC00070B504460D46206870B1216CE068084428
:107CD000E0606168E068884201D32068E06028467F
:107CE000226CE16801F0BCFB70BD2DE9FF4182B060
:107CF00004460D461E464FF000081CB9F8F798FAE6
:107D000000BFFEE70DB9206C08B9012000E000209B
:107D100018B9F8F78DFA00BFFEE700BF00F015FCB8
:107D2000A06B80B3E76829462046FFF7C9FFB6B9C4
:107D3000A06B401EA063206810B901F0E7FA6060F4
:107D4000206908B9012000E00020B0B904F110005A
:107D500001F052FA012810D100F0F1FB0DE0E760CC
:107D6000606A08B9012000E0002030B904F1240065
:107D700001F042FA08B100F0E2FB00F0EFFB012055
:107D800006B0BDE8F081FFE7049818B900F0E6FB03
:107D90000020F5E7B8F1000F04D1684601F061FA60
:107DA0004FF0010800F0DAFB00F0E0FE00F0CDFB40
:107DB000606C401C08B900206064A06C401C08B9CD
:107DC0000020A06400F0CAFB04A9684601F057FA3D
:107DD00008BB2046FFF766FFB8B1206830B900F055
:107DE000B4FB606801F0A1FA00F0B8FB04F12400D4
:107DF000049901F0C4F92046FFF713FE00F006FED7
:107E000000288BD100F09BFB88E72046FFF709FE96
:107E100000F0FCFD82E72046FFF703FE00F0F6FDD0
:107E20000020ADE770B504460E461CB9F8F700FA1D
:107E300000BFFEE701F06AFA6168884204D1E06899
:107E4000401CE06001250BE0002332461946204625
:107E5000FFF74BFF0546012D02D1E068401CE060B2
:107E6000284670BD70B506460D46022200213046F8
:107E7000FFF7A9FD044604B1A5631CB9F8F7D8F9CA
:107E800000BFFEE7204670BD2DE9F04704460F46CF
:107E9000154698461CB9F8F7CBF900BFFEE70FB9B5
:107EA000206C08B9012000E0002018B9F8F7C0F9EB
:107EB00000BFFEE7F8F7BCF98146A06BE16B884292
:107EC0001BD2424639462046FFF7FAFDA06C401C03
:107ED00070B9606A08B9012000E0002058B904F1C7
:107EE000240001F089F930B12DB10120286002E0B1
:107EF000A06C401CA064012600E000264846F8F76C
:107F00009EF93046BDE8F0872DE9F04104460F4662
:107F100015461CB9F8F78CF900BFFEE70FB9206CC5
:107F200008B9012000E0002018B9F8F781F900BF76
:107F3000FEE7F8F77DF98046A06BE8B139462046A8
:107F4000FFF7BEFEA06B401EA063606C401C70B9C2
:107F5000206908B9012000E0002058B904F11000A0
:107F600001F04AF930B12DB10120286002E0606CC7
:107F7000401C6064012600E000264046F8F75FF9E7
:107F80003046BDE8F08170B504461CB9F8F750F9E9
:107F900000BFFEE700F0D9FAA56B00F0DFFA284633
:107FA00070BD70B504461CB9F8F742F900BFFEE792
:107FB000A56B284670BD014600200BE03D4A02EB50
:107FC000C00252688A4204D100223A4B43F8302062
:107FD00002E0401C0828F1D300BF704710B50446EA
:107FE0001CB9F8F725F900BFFEE72046FFF7E3FFCD
:107FF000206800F038FB204600F035FB10BD01463C
:1080000091F84C00704780F84C107047014691F889
:108010004D00704770B504461CB9F8F709F900BF68
:10802000FEE7A06B08B9012000E0002005462846C5
:1080300070BD70B504461CB9F8F7FAF800BFFEE74A
:10804000A06BE16B884201D1012000E000200546D1
:10805000284670BD024600200BE0164B53F8303026
:1080600033B9144B43F8301003EBC0035A6002E0FD
:10807000401C0828F1D300BF704770B504460D4678
:1080800000F063FA606C401C08B900206064A06CCA
:10809000401C08B90020A06400F060FAA06B20B971
:1080A000294604F1240001F08DF82046FFF7B9FCC1
:1080B00070BD0000740600202DE9F04104460D4615
:1080C00016461F464FF0000865602461B5420CD883
:1080D000F01BA169884202D34FF0010811E0211D75
:1080E000F0480068FFF706FC0BE0BE4204D2BD4238
:1080F00002D34FF0010804E0211DEB480068FFF7B0
:10810000F9FB4046BDE8F0812DE9FE4305460E46E9
:1081100017461C46DDF828804FF00009E348006848
:1081200008B3009601970295ACB901F0F2F8012866
:1081300008D1002342466946DC480068FFF7F4FC9A
:10814000814610E000231A466946D8480068FFF7C8
:10815000EBFC814607E0002322466946D3480068CD
:10816000FFF792FE81464846BDE8FE832DE9F843BD
:1081700081462BE0CC480068C0680568CA480068A2
:10818000C068C468201DFFF7CFFB2046616A88479E
:10819000E06901281AD1A0694619AE4207D9666084
:1081A0002461211DC0480068FFF7A4FB0EE00020F9
:1081B00003462A46014600902046FFF7A5FF0746E2
:1081C0001FB9F8F735F800BFFEE700BFB6480068F2
:1081D000006808B9012000E000200028CAD0B24899
:1081E000D0F80080AF480068AF490860AD48C0F8DB
:1081F0000080BDE8F88370B5044600F009FF05462D
:10820000AB480068854206D2A9480068FFF7AEFF78
:108210000120206001E000202060A548056028467C
:1082200070BD70B586B002A8FFF7E5FF064650E0C6
:10823000059C44B1606908B9012000E0002010B934
:10824000201DFFF771FB039830B1012826D00228CA
:1082500025D003283BD136E00498A2698118034653
:1082600032462046FFF728FF012816D12046616AD2
:108270008847E069012810D1002000900498A16986
:108280004218002319462046FFF73EFF05461DB958
:10829000F7F7CEFF00BFFEE700BF19E018E0049833
:1082A000A061A06908B1012000E0002018B9F7F72B
:1082B000BFFF00BFFEE7A069811933463246204662
:1082C000FFF7FAFE04E0204600F0CDF900E000BF21
:1082D00000BF00231A4603A974480068FFF705FD94
:1082E0000028A5D106B070BDF8B505460F466E480A
:1082F0000068C068C468201DFFF716FBE06901280C
:1083000017D1A06941192B463A462046FFF7D4FE03
:1083100001280ED1002003462A460146009020463F
:10832000FFF7F2FE06461EB9F7F782FF00BFFEE731
:1083300000BF2046616A8847F8BDF8B504460E467E
:1083400000F014FC6846FFF756FF05460098A0B9F8
:1083500046B9AC4206D800F059FB29462046FFF743
:10836000C3FF0CE0611B51480068FFF786FE00F078
:108370004DFB20B900F0E3F801E000F047FBF8BD49
:108380000146494A126812680AB9012200E0002237
:108390000A600A6822B9444A1268D268106800E08C
:1083A0000020704708B500BF6846FFF7E9FF0446A4
:1083B00020460099FFF7C1FFFFF733FFF4E710B540
:1083C00000F0C3F83948006890B93A48FFF774FAEA
:1083D0003948FFF771FA3748334908603648314960
:1083E000086000220C210A20FFF7EDFA2F490860EF
:1083F00000F0B4F810BD1FB50024FFF7E0FF2B48D4
:10840000006868B100200223CDE9003002900346E5
:108410004FF4007229A103902A4800F0B2F90446F3
:108420001CB9F7F705FF00BFFEE7204604B010BDFA
:108430002DE9F04706460D4617469846DDF8209090
:108440004DB900240DB1012000E00020A0B9F7F7DC
:10845000EFFE00BFFEE7282000F0A4F804465CB160
:10846000FFF7ADFF2660A561E761C4F82080C4F87E
:108470002490201DFFF72DFA2046BDE8F08770B547
:108480000446264600F061F8706908B1012000E05A
:108490000020054600F062F8284670BD01460A46F5
:1084A000106A7047D8030020D4030020DC030020AA
:1084B000E0030020B4060020C8060020546D72209E
:1084C00053766300A5830008001F4FF0807303609C
:1084D000001F0160001F0023036014380260001FAA
:1084E000DB1E0360203870472A48006842F2107192
:1084F000B0FBF1F0401E4FF0E02148610720086119
:10850000704710B52448006840F47C002249086098
:108510000846006840F07C400860FFF7E5FF002057
:108520001E490860F7F752FE1D48006840F04040C1
:108530001B490860F7F740FE002010BD70474FF060
:10854000805015491C390860704710B5F7F770FE68
:1085500012480068401C1149086010BD10B50F4852
:108560000068401E0D4908600846006810B90020E8
:10857000F7F765FE10BD10B54FF0805006491C3965
:108580000860F7F755FE00F0C2F90020F7F757FE34
:1085900010BD0000B003002020ED00E0E403002047
:1085A00034EF00E02DE9F04104464FF0000800F000
:1085B000DDFA3D48006898B93C493D4A1160002108
:1085C00051604FF420513B4A5160002111603748FF
:1085D0004FF420514160114601600120324908608A
:1085E00044B1103404F0070020B104F00700C0F1DA
:1085F00008000444002C31D0B4F5205F2ED22C4F5B
:108600003846056801E02F462D686868A04202D20E
:1086100028680028F7D1274885421FD0386800F124
:108620001008286838606868001B202810D92E19A7
:108630006868001B70606C6071681D4800E000682D
:10864000026852688A42FAD302683260066000BF4C
:10865000194968680968081A1749086000F0D6F9CE
:108660004046BDE8F08170B506463546B6B1103DCE
:108670002C4600F07BFA61680D4800E00068026853
:1086800052688A42FAD30268226004600A4960682C
:10869000096808440849086000F0B8F970BD064848
:1086A0000068704770470000FC030020E0060020CF
:1086B000E8030020F0030020F803002010B5002498
:1086C00007E004EB8401FE4A02EB8100FFF7F4F8B7
:1086D000641C052CF5D3FB48FFF7EEF8FA48FFF7CA
:1086E000EBF8FA48FFF7E8F8F948FFF7E5F8F9483A
:1086F000FFF7E2F8F348F8490860F348F7490860E3
:1087000010BD2DE9F04104460E4615469846069FD9
:108710000A22314604F1340000F0D2FE00213D204F
:108720000155052D00D30425E562A564201DFFF742
:10873000D0F804F11800FFF7CCF82461C5F105006A
:10874000A0616462BDE8F08170B505460E464C201C
:10875000FFF728FF044694B11EB9A800FFF722FFD7
:1087600000E030462063206B20B92046FFF77BFFF6
:10877000002404E0A900A522206B00F083FE20461F
:1087800070BD2DE9FF4F81B0804616469A46DDE95F
:108790000E5BB8F1000F03D1F7F74AFD00BFFEE70B
:1087A000052D01D2012000E0002018B9F7F740FDA7
:1087B00000BFFEE730461099FFF7C6FF0446002CC5
:1087C00064D0701E216B01EB800929F0070909F0C4
:1087D000070008B9012000E0002018B9F7F728FDCC
:1087E00000BFFEE700962A462046119B0299FFF73C
:1087F00088FF524641464846FFF766FE2060BBF1BF
:10880000000F01D0CBF80040FFF79FFEB44800688E
:10881000401CB3490860B348006840B9B1480460DF
:108820000846006801280CD1FFF748FF09E0AE4870
:10883000006830B9AB480068C06AA84201D8A948AE
:108840000460AA49E06A0968884202D9A749E06A37
:108850000860A74800682064A5480068401CA44937
:108860000860A449E06A0968884202D9A149E06A1F
:108870000860E16A01EB8101914A02EB8100211D50
:10888000FFF72AF80127FFF769FE01E04FF0FF37F5
:10889000012F09D19448006830B192480068C06A3D
:1088A000A84201D2FFF74BFE384605B0BDE8F08F75
:1088B00070B50446FFF749FE8A480068844200D13B
:1088C000002414B98748006800E020460546281DAA
:1088D000FFF72AF8A86A18B105F11800FFF724F885
:1088E000291D7B48FEF7F8FF83480068401C824939
:1088F00008607F480068401C7D490860FFF72EFE35
:108900007948006810B10CB9FFF719FE70BD70B559
:108910007A480068002873D179480068401C78497B
:1089200008600846006868BB6B480068006808B9C2
:10893000012000E0002018B9F7F77AFC00BFFEE73D
:1089400065480568654800686349086063480560D4
:108950006C480068401C6B4908605F48006800680C
:1089600008B9012000E0002020B14FF0FF30664937
:10897000086006E058480068C068C46862496068DA
:10898000086000BF5E4800685F490968884236D3C6
:1089900000BF51480068006808B9012000E00020CD
:1089A00020B14FF0FF305849086027E04A4800687E
:1089B000C068C468656852480068A84202D252483C
:1089C00005601BE0201DFEF7AFFFA06A18B104F19F
:1089D0001800FEF7A9FF4749E06A0968884202D9F2
:1089E0004449E06A0860E16A01EB8101344A02EB24
:1089F0008100211DFEF770FFCBE701E000BF04E01E
:108A000042480068401C4149086070BD70B50025AF
:108A10003A48006818B9F7F70BFC00BFFEE7FFF70C
:108A200094FD36480068401E3449086008460068D6
:108A3000002878D12A480068002874D0002621E058
:108A40002248C068C46804F11800FEF76DFF201DBD
:108A5000FEF76AFF2749E06A0968884202D925497A
:108A6000E06A0860E16A01EB8101154A02EB8100CE
:108A7000211DFEF731FF1B49E06A0968C96A884277
:108A800000D301261148006808B9012000E0002049
:108A90000028D5D01D48006860B106E0FFF737FF19
:108AA0001A480068401E19490860184800680028E4
:108AB000F4D10126012E2FD01548006801282AE0A4
:108AC000E02E0020442F0020582F00206C2F002083
:108AD000802F0020942F0020040400200804002090
:108AE00010040020000400202004002018040020AE
:108AF000340400201C0400200C0400202404002066
:108B00001404002030040020380400202804002031
:108B10002C04002007E005D101250020F949086058
:108B2000FFF70DFD00BFFFF719FD284670BD10B51A
:108B30000446F54800684460F4480068844207D25F
:108B4000F1480168091DF2480068FEF7D3FE0CE009
:108B5000ED480168091DEF480068FEF7CBFEEE48BE
:108B60000068844201D2EC48046010BDEB48006804
:108B7000401CEA49086070472DE9F04104460E4662
:108B80004FF000081CB9F7F753FB00BFFEE70EB12A
:108B9000012000E0002018B9F7F74AFB00BFFEE70C
:108BA000FFF7E4FF20688519D849206809688842E2
:108BB00009D92068A8420FD9D448006885420BD94A
:108BC0004FF0010808E02068A84203D8CF480068A9
:108BD000854201D94FF001082560B8F1000F07D098
:108BE000C9480068001DFEF79FFE2846FFF79FFF5B
:108BF000FFF70CFF07460FB9FFF7A1FCBDE8F081B6
:108C000070B5044600267CB1FFF7B0FFBF4800688E
:108C10000519BD480068001DFEF786FE2846FFF7CF
:108C200086FFFFF7F3FE06460EB9FFF788FC70BD1E
:108C300070B50446FFF789FC14B9B348006800E03A
:108C400020460646F56AFFF789FC284670BD2DE9E7
:108C5000F04706460D464FF00009052D01D20120D0
:108C600000E0002018B9F7F7E3FA00BFFEE7052D92
:108C700000D30425FFF769FCA3480068864200D1B1
:108C8000002616B9A048006800E030460446A76CEC
:108C9000AF4234D0BD4203D92EB14FF0010902E0FA
:108CA0000EB94FF00109D4F82C80E16AA06C88421B
:108CB00000D1E562A564C5F10500A06107EB87015D
:108CC000974A02EB81016069884213D1201DFEF7AB
:108CD0002BFE9449E06A0968884202D99149E06A0A
:108CE0000860E16A01EB81018D4A02EB8100211DE0
:108CF000FEF7F2FDB9F1010F01D1FFF720FCFFF7FC
:108D00002DFCBDE8F08710B58448006818B101203B
:108D10007C4908602CE00BE08248006818B9F7F73E
:108D200087FA00BFFEE77F480068401E7D49086063
:108D30007C48006800EB8000794951F82000002849
:108D4000EAD07849096801EB8101754A02EB81009C
:108D500041684968416000F1080142688A4202D1D5
:108D60004168496841604168C968674A116000BF4D
:108D700010BD70B50446FFF7E8FB63480068844205
:108D800000D1002414B96048006800E02046054680
:108D9000281DFEF7C9FDA86A18B105F11800FEF7F5
:108DA000C3FD291D6048FEF797FDFFF7D7FB8CB97F
:108DB0005E48006810B1FFF7C2FB0BE05A4800683C
:108DC0005B490968884203D100204F49086001E0EF
:108DD000FFF799FF70BD70B5054600262C461DB9FA
:108DE000F7F726FA00BFFEE74F496069884201D1D4
:108DF000012000E0002080B14E49A06A884201D1E4
:108E0000012000E00020012807D0A06A08B9012055
:108E100000E00020012800D10126304670BD70B569
:108E200005461DB9F7F704FA00BFFEE72C4644B328
:108E300035480068844224D0FFF787FB2046FFF7BF
:108E4000CAFF01281BD1201DFEF76EFD3549E06ADF
:108E50000968884202D93349E06A0860E16A01EB97
:108E600081012F4A02EB8100211DFEF735FD2649C5
:108E7000E06A0968C96A884201D3FFF760FBFFF71F
:108E80006DFB70BD2DE9F041054600261DB9F7F7D1
:108E9000CFF900BFFEE72C46F7F7CAF90746204690
:108EA000FFF799FF012826D11C480068F0B9164940
:108EB000E06A0968C96A884201D3012000E0002005
:108EC0000646201DFEF730FD1649E06A0968884213
:108ED00002D91449E06A0860E16A01EB8101104A95
:108EE00002EB8100211DFEF7F7FC04E004F11801FC
:108EF0001048FEF7F1FC3846F7F7A1F93046BDE817
:108F0000F08100002C040020000400201404002044
:108F10000804002004040020380400202404002059
:108F2000E02E00201C040020942F002020040020AC
:108F3000100400206C2F002010B50446206BFFF7B2
:108F400092FB2046FFF78FFB10BD70B523E0FFF7C3
:108F50000DFEFD48006808B9012000E0002005462C
:108F6000FFF754FDBDB9FFF7F0FAF748C068C468D1
:108F7000201DFEF7D9FCF5480068401EF349086043
:108F8000F3480068401EF2490860FFF7E7FA204600
:108F9000FFF7D2FF00BFEE4800680028D7D170BDB0
:108FA00000BFFFF7D2FFEB4800680128F9D9FFF7AF
:108FB000C6FAF6E71FB50020009001900290034624
:108FC0004FF48072E4A10390E548FFF7DAFB044612
:108FD000012C02D1FFF70FFA0446012C09D1F7F753
:108FE00027F90120DF4908600020DF490860FFF70A
:108FF00088FA1CB9F7F71CF900BFFEE71FBD10B5D2
:10900000F7F716F90020D7490860FFF797FA10BD67
:1090100010B5FFF79AFAD4480468FFF79FFA204684
:1090200010BD70B5F7F704F90546CF480468284627
:10903000F7F705F9204670BDC4480068704701463F
:10904000002002E0491C421C90B20A78A52AF9D0FF
:10905000800870472DE9FE4381460C46164620469F
:1090600041684968416000F1080142688A4202D1C2
:109070004168496841604168CF6800BF2046416847
:109080004968416000F1080142688A4202D14168A2
:10909000496841604168CD68286BFFF7D0FF804682
:1090A000286CE96A334605F13402CDE900180290D4
:1090B000AEA1B34800F024FEB149484600F0F4F9EF
:1090C000BD42DBD1BDE8FE8370B50546FFF74EFD1E
:1090D00000202870ABA1284600F0E6F9AA480068F5
:1090E000441C00BF641E04EB84009A4951F8200020
:1090F00008B9012000E0002040B904EB8400954A43
:1091000002EB800152222846FFF7A4FF002CE9D190
:109110009E480068006808B9012000E0002028B9D6
:1091200042229A4801682846FFF794FF9848006851
:10913000006808B9012000E0002028B942229448C4
:1091400001682846FFF786FF7F48006808B90120BC
:1091500000E0002020B944227B492846FFF77AFF2F
:109160008C48006808B9012000E0002020B9532293
:1091700088492846FFF76EFFFFF748FC70BD70B5C1
:1091800005460C461DB9F7F753F800BFFEE78248C5
:10919000016818312846FEF7ADFB7F480068001DC6
:1091A000FEF7C2FB601C30B97B480168091D794895
:1091B000FEF792FB05E06C48006806193046FFF7A1
:1091C000B6FC70BD70B504460D461CB9F7F730F813
:1091D00000BFFEE77048016818312046FEF77CFBAF
:1091E0006D480068001DFEF79FFB5F480068461948
:1091F0003046FFF79CFC70BD70B50646F068C46849
:109200001CB9F7F715F800BFFEE704F11800FEF7E8
:109210008BFB62480068A0B9201DFEF785FB604902
:10922000E06A0968884202D95D49E06A0860E16A3B
:1092300001EB8101474A02EB8100211DFEF74CFB47
:1092400004E004F118015748FEF746FB5249E06A72
:109250000968C96A884201D3012500E00025284633
:1092600070BD10B504461CB9F6F7E2FF00BFFEE77B
:109270004D48006820603C480068606010BD70B5D3
:1092800004460D461CB9F6F7D3FF00BFFEE71DB933
:10929000F6F7CEFF00BFFEE7FFF757F92868401C3E
:1092A00008B900261FE0404920680968884206D0B6
:1092B0002D4960680968884201D8012613E02A49CF
:1092C00060680968081A296888420BD22868264A0B
:1092D00061681268511A401A28602046FFF7C1FFE2
:1092E000002600E00126FFF739F9304670BD012065
:1092F0002E4908607047014611B10A46506C00E0E3
:109300000020704708B1024651647047224908683E
:1093100070471449096809B9002005E01F49096828
:1093200009B9012000E00220704770B505462C46BF
:109330004DB11949E06A0968C96A884265D2164880
:109340000068C06A34E060E0802F00201004002034
:109350000C040020E02E002049444C450000000091
:10936000A18F00082004002014040020257309099F
:1093700025630925750925750925750D0A00000065
:10938000A82F00200D0A000018040020040400206B
:1093900008040020942F0020000400202404002052
:1093A0001C0400206C2F0020300400202C0400201E
:1093B000C0F10500A061E16A01EB8101254A02EBE1
:1093C00081016069884201D1012000E00020C0B124
:1093D000201DFEF7A9FA20480068C06AE0621F4914
:1093E000E06A0968884202D91C49E06A0860E16ABB
:1093F00001EB8101174A02EB8100211DFEF76CFA97
:1094000003E015480068C06AE06270BD70B50546AB
:109410002C46EDB1A16CE06A884219D0201DFEF700
:1094200083FAA06CE062E06AC0F10500A0610B491C
:10943000E06A0968884202D90849E06A0860E16A7E
:1094400001EB8101034A02EB8100211DFEF744FA82
:1094500070BD0000E02E0020000400201C0400204D
:1094600040EA01039B0703D009E008C9121F08C0A6
:10947000042AFAD203E011F8013B00F8013B521E26
:10948000F9D27047D2B201E000F8012B491EFBD29D
:1094900070470022F6E710B513460A4604461946FF
:1094A000FFF7F0FF204610BD421E12F8013F002BCF
:1094B000FBD111F8013B02F8013B002BF9D17047B9
:1094C00010B5044604E00B7800F8013B03B1491CD9
:1094D000521EF8D2204610BD421C10F8011B002974
:1094E000FBD1801A704710B5002200E0521C835C4B
:1094F0008C5CA34201D1002BF8D1D8B2E1B2401A62
:1095000010BD2DE9FE4F804681EA0300C00F0C46D6
:10951000009021F0004123F00045B8EB0200A94182
:1095200005D24046214690461C460B46024623F093
:109530000040104347D0270DC7F30A00C3F30A5178
:109540000290401A019040286BDAC3F3130040F4F4
:10955000801B0098924620B10023D2EB030A63EBF4
:109560000B0B01985946C0F14002504600F0C6F975
:1095700006460D4650465946019A00F0DEF910EBBA
:1095800008006141002487EA115284EAE7731A4314
:1095900040D0009A62B3019A012A4FEA075215DCC3
:1095A000001B61EB02014FF0004202EA0752CDE9D5
:1095B0000042001C41F5801132462B4600F015FA9E
:1095C00003B0BDE8F08F40462146F9E7001B61EB90
:1095D0000201001C41F5801300185B412018A2F520
:1095E000001747EB030140EAD570B6196D4111E051
:1095F0006D084FEA360645EAC0754FEA0752001B70
:1096000061EB0201001C41F5801149084FEA30006E
:109610000019514132462B4603B0BDE8F04F00F02F
:10962000D5B90098012240000023D0EB020263EB81
:10963000E073009821464FEAE074B8EB000061EB5C
:109640000401E9E783F000435BE781F0004158E75C
:109650002DE9FE4F81EA030404F0004421F00041AB
:1096600000944FF0000B23F0004350EA01045ED059
:1096700052EA03045BD0C3F30A54C1F30A552C44E5
:10968000A4F2F3340194A0FB0254C1F3130141F49A
:109690008011C3F3130343F4801301FB024400FB66
:1096A000034E840A970A44EA815447EA8357A4FB8D
:1096B000076802958D0A05FB07854FEA932C04FB8A
:1096C0000C542705029D4FEA065847EA1637B5EBBA
:1096D00008056EEB070C870E920E47EA811742EAE7
:1096E0008312A7FB0201B6EB0B0164EB00042B0D08
:1096F00043EA0C335E1844EB1C50DA465146E7FB54
:109700000201C5F313044FEA0B3343EA14534FEA43
:109710000432019C43EA0603A4F10C040294009C69
:10972000CDE900B400F061F903B0BDE8F08F00208E
:109730000146F9E72DE9F04D81EA030404F0004BFE
:1097400021F0004514464FF0000A23F0004150EA92
:10975000050220D054EA01021DD0C5F30A57024683
:10976000C5F31303C1F31300C1F30A5640F4801587
:1097700043F48013A7EB0608101BD64608F2FD3809
:1097800073EB050002D308F1010801E092185B4178
:10979000B8F1000F03DA00200146BDE8F08D00208B
:1097A0004FF48011064684460EE0171B73EB050745
:1097B00005D3121B63EB050306434CEA010C490871
:1097C0004FEA300092185B4150EA0107EDD152EAAE
:1097D000030012D082EA040083EA0501084305D0A1
:1097E000101BAB4106D20122002306E000224FF0FD
:1097F000004302E06FF0010253101AEB06004CEB3D
:10980000085110EB0A0041EB0B01BDE8F04D00F0F0
:10981000DDB80EB5C10F80EAE0700844CA07002128
:1098200040F233438DE80E000A460B4600F0DDF8A7
:1098300003B000BD70B5C1F30A5201F00045002429
:10984000C1F3130140F2FF3341F480119A4201DA6F
:10985000002070BD40F233439A42A2F2334203DC4F
:10986000524200F05AF800E090402C43F1D04042C0
:1098700070BD00F0004230F000400AD0C10D01F58B
:109880006071C0F3160042EA0151C208400711435B
:10989000704700200146704701F0004330B421F0CA
:1098A000004150EA010206D00A0DA2F56072C1F330
:1098B0001301002A02DC30BC00207047440F44EA48
:1098C000C104C100E01830BC00EBC25000F047B842
:1098D00030B50B46014600202022012409E021FA80
:1098E00002F59D4205D303FA02F5491B04FA02F57D
:1098F0002844151EA2F10102F1DC30BD202A04DB50
:10990000203A00FA02F1002070479140C2F1200392
:1099100020FA03F3194390407047202A04DB203AD1
:1099200021FA02F00021704721FA02F3D040C2F17F
:1099300020029140084319467047202A06DBCB17C6
:10994000203A41FA02F043EAE07306E041FA02F3FA
:10995000D040C2F1200291400843194670470029C7
:10996000A8BF7047401C490008BF20F001007047A5
:1099700010B4B0FA80FC00FA0CF050EA010404BF05
:1099800010BC704749B1CCF1200421FA04F411FA5B
:109990000CF118BF012121430843A3EB0C01CB1D9F
:1099A0004FEA00614FEA102042BF002010BC704710
:1099B00000EBC35010440029A4BF10BC7047401CEA
:1099C000490008BF20F0010010BC704710B5141EFC
:1099D00073F1000408DA401C41F1000192185B4168
:1099E0001A4301D120F0010010BD2DE9F04D92463F
:1099F0009B4611B1B1FA81F202E0B0FA80F2203256
:109A00009046FFF77BFF04460F4640EA0A0041EA12
:109A10000B0153465A46084313D0114653EA01003E
:109A200019D0C8F140025046FFF777FF05460E46B1
:109A3000504659464246FFF761FF084305D00120D2
:109A400004E020463946BDE8F08D0020054346EA93
:109A5000E0762C4337430A986305E40AA0EB08003C
:109A60000022FD0A44EA47540A3002D5002001468C
:109A7000E9E7010510196941DDE908450019694167
:109A8000BDE8F04DA2E770B521F0004303430CD0D0
:109A9000C1F30A550024D5EB040564EB0403D61783
:109AA000AD1AB34102DB0020014670BD201841EB26
:109AB000025170BD2DE9F04D00231A461B1A8A4150
:109AC00003DB00200146BDE8F08DC1F30A52C1F36B
:109AD000130141F480154FF0000BD10702D100189B
:109AE0006D41521E0027044640F2FF11384601EB3B
:109AF000620A3E468046024600204FF48011FFF77E
:109B00000CFFC2197141BB1846EB0100B4EB030C0A
:109B100075EB000C04D3E41A65EB000517460E46FE
:109B2000241908F101006D4180463428E3DDF9195C
:109B300046EB0600091BA84103D24FF0FF32134643
:109B400001E0002213461BEB070046EB0A51BDE87B
:109B5000F04DFFF73BBF2DE9FE4FC3F30A5701F06D
:109B600000450024C1F30A56C3F31303C1F31301E4
:109B700043F4801312EB020AA64641F480110095CB
:109B800043EB030CA7F1010B16E0B0EB0A0061EB0D
:109B90000C01071E71F1000707DA4FF00008D0EB47
:109BA000080085F0004568EB0101171A73EB010707
:109BB000EBD3761E001849415E45F6DA50EA010201
:109BC00009D0CDE900E5002213460296FFF70DFF0C
:109BD00003B0BDE8F08F20460099F9E730B5041EC8
:109BE00071F1000404DB4FF00044404264EB0101DA
:109BF000141E73F1000405DB1C464FF00043524273
:109C000063EB04038B4208BF824230BD30B5041EB3
:109C100071F1000404DB4FF00044404264EB0101A9
:109C2000141E73F1000405DB1C464FF00043524242
:109C300063EB0403994208BF904230BD064C074DC8
:109C400006E0E06840F0010394E80700984710340C
:109C5000AC42F6D3F6F79CFAD0C60008F0C600086E
:109C60000EB540F2334102910021CDE900110A46C0
:109C70000B46FFF7BAFE03B000BD70B58C1810F8A4
:109C8000015B15F0070301D110F8013B2A1106D141
:109C900010F8012B03E010F8016B01F8016B5B1E5B
:109CA000F9D12B0705D40023521E0DD401F8013B36
:109CB000FAE710F8013BCB1A921C03E013F8015BA2
:109CC00001F8015B521EF9D5A142D8D3002070BD26
:109CD0000FB41CB50246002007AC00290BD0491E6A
:109CE000CDE90021054B6A462146069802F088FA24
:109CF000009A002111701CBC5DF814FBB9C3000868
:109D00000FB4084B10B504A902AA039802F078FA20
:109D1000044602A9002002F05AFB204610BC5DF860
:109D200014FB0000CFC3000803B401984100009861
:109D300050EAC12018BF04204A0D18BF40F00100AE
:109D400040F2FF72B2EB515F08BF40F00200012801
:109D500008BF052002B070474100080218BF042068
:109D60000A0E18BF40F001004FF07F4232EA0101B5
:109D700008BF40F00200012808BF0520704700001E
:109D800010EE100A10B510EE901A4FF0684202EB78
:109D900040032DED028BB3F1654F3CBF02EB410256
:109DA000B2F1654F7CD200BFC0F3C753C1F3C752B5
:109DB0009A1A1B2A09DD10F0004F14BF9FED6E0A9E
:109DC0009FED6E0ABDEC028B10BD12F11A0F1BDA6B
:109DD00011F0004F09D010F0004F0CBF9FED680A42
:109DE0009FED680ABDEC028B10BD80EE208A18EE54
:109DF000100AFFF7B1FF042808BF02F0E3F9B0EE44
:109E0000480ABDEC028B10BD4200B2EB410F37D9BE
:109E100010F0004F19BFDFED5C1A9FED5C1ADFED0B
:109E20005C1A9FED5C1AB0EE602A0A46F1EE400A19
:109E300080F00041B0EE420A10460A1A5200B2F118
:109E4000807F34D2484010F0004FDFED532A9FED61
:109E5000533A1DBFBEEE002A71EEE21A31EE431AEC
:109E6000B6EE002A04BF71EEA21A31EE031AF0EE2C
:109E7000402A42EE602A40EE020A82EEA02A18E052
:109E800011F0004F04BF9FED461AF0EE411AD4D0F6
:109E900010F0004F1CBFDFED431A9FED431A00E0A6
:109EA00026E004BFDFED411A9FED411AC5E780EEC1
:109EB000202A22EE020ADFED3F0ADFED3F2ABDEC49
:109EC000028B40EE202ADFED3D0A40EE220ADFED54
:109ED0003C2A40EE202ADFED3B0A40EE220A22EE29
:109EE000000A00EE201A31EE020A30EE210A10BDFF
:109EF0004FF07F42B2EB400F28BFB2EB410F05D2CB
:109F0000BDEC028BBDE8104002F051B940EA0103FC
:109F10005B0008BF41F0FF410BD0B2EB400F08BF20
:109F2000B2EB410F08D120F0804000EE100A21F082
:109F3000804100EE901A37E7B2EB400F12BF5FEAA4
:109F4000410240F0FF4001F000413FF42DAF4A00D4
:109F500092EA40033FF528AF002AACBF9FED1A1AE2
:109F60009FED1A1A20EE010A60EE810A10EE100A27
:109F700010EE901A18E70000DB0FC9BFDB0FC93FD6
:109F8000DB0F4940DB0F49C00000C9BF22AAFDB961
:109F90000000C93F22AAFD390060ED3EC30ACE375A
:109FA00000000000000049C022AA7DBA000049401C
:109FB00022AA7D3A2DAD65BD8FB8D53D0FB511BE36
:109FC00061C84C3EA8AAAABE0000804F0000802FA6
:109FD00010B52F499FED2C1B2DED020B84B0059879
:109FE00020F000408842D8BF9DED040B2DDD2949AB
:109FF000884209D1049840B94FF0010002F0FAF804
:10A0000002F0A2F806B010BD05DB9DED040B02F0D6
:10A0100087F806B010BD68469DED040B01F080FC8A
:10A0200010F0030004BF9DED021B9DED000B0CD052
:10A0300001280ED09DED021B9DED000B022817D0CC
:10A04000012001F0BDFF06B010BD01F085FE06B095
:10A0500010BD9DED021B9DED000B012001F0B0FF36
:10A0600051EC100B81F0004106B041EC100B10BD1B
:10A0700001F072FE51EC100B81F0004106B041EC92
:10A08000100B10BD000000000000000000000000E8
:10A09000FB21E93F0000F07F70B52DED020B2DEDA7
:10A0A0000A8B82B00D98C40F20F00045AE4885425F
:10A0B00048D3AE48854219D30C99C5F31300084321
:10A0C00009D09DED0C0B02B0BDEC0A8B02B0BDE8CF
:10A0D000704002F025B8002C14BF9FEDA50B9DED3C
:10A0E0000C0B02B0BDEC0A8B02B070BD9FEDA20B51
:10A0F00053EC102B9DED0C0B51EC100BFFF786FD74
:10A100000AD2022002F076F802B0BDEC0A8B02B04F
:10A11000BDE8704002F028B89FED990B53EC102B6E
:10A120009DED0C0B51EC100BFFF758FD0AD20220ED
:10A1300002F060F802B0BDEC0A8B02B0BDE87040DE
:10A1400002F022B890489FED92BBA8425CD29248A0
:10A15000854219D29148784400EBC40090ED000B81
:10A1600053EC102B9DED0C0B51EC100BFFF76AFA22
:10A1700041EC1A0B8A48784400EBC40090ED009B38
:10A18000C4F10100041B36E09FED870B53EC102B4C
:10A190009DED0C0B51EC100BFFF75AFA41EC100B34
:10A1A0008348784400EBC40090ED001B51EC100B89
:10A1B00053EC112BFFF7A5F9FFF73CFB0446FFF723
:10A1C00028FB41EC180B9FED7C0B53EC102BFFF799
:10A1D0003FFA9DED0C1B53EC112BFFF736FA41ECC7
:10A1E0001A0B9FED770B51EC180B53EC102BFFF76C
:10A1F0002FFA41EC190B51EC1A0B53EC192BFFF70A
:10A2000021FACDE90C011BE06F48854217D29FED82
:10A21000700B53EC102B9DED0C0B51EC100BFFF75A
:10A2200070F953EC1B2BFFF7F1FC08D29DED0C0BE2
:10A2300053EC1B2B51EC100BFFF763F96EE000247D
:10A240009DED0C0B53EC102B51EC100BFFF700FAAB
:10A2500041EC180B60480521B0EE480AF0EE680AA0
:10A26000784401F031FE53EC182B51EC100BFFF742
:10A27000EFF99DED0C1B53EC112BFFF7E6F941ECC8
:10A28000180B9FED570B5CB353EC182B51EC100BD4
:10A29000FFF7D8F99DED0C0B41EC1C0B53EC182B80
:10A2A00051EC100BFFF7D4F953EC1C2BFFF742FADB
:10A2B00053EC192BFFF7C9F953EC1A2BFFF7C2F92E
:10A2C00053EC1B2BFFF7C1F9CDE900016FF47F7050
:10A2D000844226DB01EB045001909DED000B00E76A
:10A2E00053EC102B51EC180BFFF7ACF99DED0C0B58
:10A2F00041EC190B53EC182B51EC100BFFF7A8F99C
:10A3000053EC192BFFF716FA9DED0C1B53EC112B98
:10A31000FFF798F953EC1B2BFFF797F941EC100B63
:10A32000DFE608464FF07A5101EB04519FED2E0B0A
:10A33000084453EC102B01909DED000B51EC100BD9
:10A34000FFF786F90D4645EC100B044651EC100B57
:10A35000FFF7EAFC042808BF01F016FF45EC104B9C
:10A36000BFE6000000000000422E86400000F07FA3
:10A370000000000000000000EF39FAFE422E864087
:10A3800051302DD5104987C0422ED63F0000000025
:10A39000000000000000F03FB2A2F03F16230000D2
:10A3A0000623000000000000FE822B654715F73FE2
:10A3B000BA220000000000000000E0FE422EE63F4E
:10A3C000763C7935EF39EA3D0000303E0000000070
:10A3D0009C7500883CE4377E2C22000000000000C1
:10A3E00000000000000000400000000000007001BC
:10A3F00010B510EE104A4FF019406849002200EBEA
:10A4000044002DED028B884257D8DFED650A14F029
:10A41000004F60EE200A14BFBEEE001AB6EE001A1E
:10A4200071EE200AFDEEE00A10EE900A00EE900AAE
:10A43000F8EEE00A9FED5B1A00EEC10A9FED5A1A92
:10A4400000EEC10ADFED590A9FED591A00EE201AFD
:10A45000DFED580A40EE010A9FED571A574B00F006
:10A46000030100EE201A21EE000A7B4403EB810376
:10A47000D3ED000A524B7B4403EB810393ED001AAA
:10A48000504B41EE000A7B4403EB8101801091EDBB
:10A49000000A70EE800AEABB00EE100AB8EEC01A9D
:10A4A000DFED491A9FED490ABDEC028B01EE210A4E
:10A4B000BCEEC00A20EE200A10BD4FF0FF40A043C2
:10A4C0001BD04FF0CE40B0EB440F82BFB7EE000A76
:10A4D000BDEC028B10BD3E48B0EB440F28BF0122FB
:10A4E00093D2022001F086FE14F0004F15D0BDEC8F
:10A4F000028BBDE8104001F065BE14F5000F02BFED
:10A500009FED340ABDEC028B10BDBDEC028BBDE8A3
:10A51000104000E007E001F047BEBDEC028BBDE853
:10A52000104001F047BE00EBD07359104FF07E523F
:10A5300002EBC15100EE101AA0EB630002EBC05019
:10A5400060EE200A00EE100A20EE208A18EE100AB3
:10A5500088B118EE100AB0F1FF4F15D018EE100AAE
:10A56000FFF7FAFB042808BF01F02CFEB0EE480A02
:10A57000BDEC028B10BD022001F03CFEBDEC028B55
:10A58000BDE8104001F01EBE022001F033FEBDEC1C
:10A59000028BBDE8104001F00DBE00000000501E0F
:10A5A0003BAAB8400070313EF4FD053712BB2A3D8E
:10A5B00012BB2A3EFFFFFF3EFFFF7F3F4A21000004
:10A5C0004E2100001E2100000000004B00007E4EC6
:10A5D0000000A0850000000010B52DED040B86B032
:10A5E0009DED060B10EE100A10EE901A8DED000B8B
:10A5F000002818BF0120084320F00040C0F17F6010
:10A6000000F1E040C00F21D19DED080B10EE101AB3
:10A6100010EE900A8DED000B002918BF01210843B0
:10A6200020F00040C0F17F6000F1E040C00F0DD18C
:10A6300029490798B1EB400F04BF0698002842D083
:10A640000998400004BF089800283CD09DED080BF5
:10A6500053EC102B9DED060B51EC100BFFF77BFA22
:10A66000CDE902019DED020B40F2FF7110EE900A60
:10A670008DED000B31EA105021D00798039900F0BE
:10A68000004001F00041884219D09DED080B8DED8E
:10A69000040B9DED020B8DED000B10EE900A059959
:10A6A00061F31E0005909DED041B9DED020B51EC26
:10A6B000110B53EC102BFEF7C8FFCDE902019DED05
:10A6C000020B0AB010BD012001F094FD0AB0BDE8F4
:10A6D000104001F039BD00000000E0FF0000000064
:10A6E00070B5D94B00242DED020B2DED108BDDE95B
:10A6F0001010984205DA20F000429A4201D809D1A0
:10A7000041B19DED100BBDEC108B02B0BDE8704067
:10A7100001F006BDB0F5801F26DA11430BD00028EA
:10A7200013DA012001F066FDBDEC108B02B0BDE82C
:10A73000704001F009BD022001F05CFD01F0D8FC81
:10A7400051EC100B81F000419EE06FF035049FED5D
:10A75000C00B53EC102B9DED100B51EC100BFEF7C2
:10A7600077FFCDE91001084604EB2051C0F3130434
:10A77000B948A1F2FF31204400F4801080F07F62DC
:10A7800082F04052224301EB20559FEDB50B119210
:10A7900053EC102B9DED100B51EC100BFEF752FFFC
:10A7A00041EC180BA01CC0F313009FEDAFDB9FED35
:10A7B000B0EBB14E7E4403286CD296ED000B51EC09
:10A7C000180B53EC102BFFF709FA1DD1002D01BF18
:10A7D00096ED000BBDEC108B02B070BD2846FFF764
:10A7E00018F841EC180B53EC1D2BFEF731FF41EC30
:10A7F000190B53EC1E2B51EC180BFEF729FF53ECF1
:10A80000192BFEF77EFE3FE09FED9D0B51EC180BE0
:10A8100053EC102BFEF71CFF9FED9B1B53EC112BF1
:10A82000FEF713FF41EC190B53EC182B51EC180BEE
:10A83000FEF70EFF53EC192BFEF70AFF41EC190B44
:10A84000002D04BF53EC192B51EC180B1AD02846DD
:10A85000FEF7DFFF41EC1A0B53EC1D2BFEF7F8FE61
:10A8600053EC192BFEF7F1FE53EC182BFEF7EAFE22
:10A8700041EC180B53EC1E2B51EC1A0BFEF7E8FEC3
:10A8800053EC182BFEF7DEFEBDEC108B02B041EC52
:10A89000100B70BD9FED7E0B51EC180B53EC102B81
:10A8A000FEF72FFE41EC100B51EC180B53EC102B64
:10A8B000FEF740FF41EC190B2846FEF7AAFF41ECDA
:10A8C0001B0B53EC192B51EC190BFEF7C1FE41EC9D
:10A8D0001A0B714853EC1A2B261851EC1A0BFEF781
:10A8E000B7FE41EC1F0B6D48C4F1510404F5D724A9
:10A8F000B0EE4F0AF0EE6F0A0321784401F0E4FA5B
:10A9000053EC1F2B51EC100BFEF7A2FE41EC1C0B7D
:10A910006348B0EE4F0AF0EE6F0A0421784401F06C
:10A92000D3FA53EC1A2B51EC100BFEF791FE344383
:10A9300053EC1C2BFEF7E5FD41EC1C0B002C4CDD11
:10A940009FED510B51EC180B53EC102BFEF780FED2
:10A9500053EC182BFEF77CFE41EC1A0B55B353EC6D
:10A960001D2B51EC1B0BFEF773FE41EC1D0B53EC42
:10A970001C2B51EC1A0BFEF7C4FD53EC192BFEF700
:10A9800067FE53EC1D2BFEF7BCFD53EC1A2BFEF7B4
:10A990005CFE53EC182BFEF755FE41EC180B53EC04
:10A9A0001E2B51EC1B0BFEF753FE53EC182BFEF73E
:10A9B00049FE69E753EC1C2B51EC1A0BFEF7A1FD85
:10A9C00053EC192BFEF744FE53EC1A2BFEF73DFE19
:10A9D00053EC182BFEF739FE56E735B353EC1D2B1D
:10A9E00051EC1B0BFEF734FE41EC1A0B53EC1C2B05
:10A9F00051EC180BFEF726FE53EC192BFEF728FE40
:10AA000053EC1A2BFEF71EFE53EC182BFEF71AFE22
:10AA100041EC180B53EC1E2B51EC1B0BFEF718FEF0
:10AA200053EC182BFEF70EFE2EE753EC1C2B51ECCB
:10AA3000180BFEF707FE53EC192BFEF709FE53EC3B
:10AA4000182BFEF702FE1FE70000F07F0000000059
:10AA50000000000000005043645F09000000000097
:10AA6000000000000000F03F763C7935EF39EA3D08
:10AA70000000E0FE422EE63F201E00000000000025
:10AA8000555555555555D53F000000000000E03F95
:10AA9000000000000000004086EBF9FFBA1B000038
:10AAA000B01B0000000000002DE9F04D2DED040B5F
:10AAB0002DED0E8B96B0DDE92550279CDDF890A09A
:10AAC00025F0004624F00048BAF1000F14BF012120
:10AAD000002101EB4502FC4953184A1093422AD346
:10AAE000002814BF0123002303EB44030B44F74960
:10AAF0008B4220D358EA00019FEDF59B76D0DFF81A
:10AB0000D8B35D4503D1BAF1000F05D188E0BAF1A1
:10AB1000000F08BF002100D0012101EB450111F514
:10AB2000001F08D8002814BF0121002101EB4401B7
:10AB300011F5001F0BD99DED261B9DED240B16B0C2
:10AB4000BDEC0E8B04B0BDE8F04D01F0F3BA002768
:10AB5000002DBCBFE149884521DAE1498845A8BFFD
:10AB600002271CDAC3451ADCDE4901EB28511429FF
:10AB700008DDC1F1340220FA02F101FA02F2824248
:10AB80000DD108E058B9C1F1140228FA02F101FA16
:10AB900002F2424503D101F00101C1F1020756EA78
:10ABA0000A0124D1002C22DA002D18BF022F01D077
:10ABB000012F0AD0022001F01DFB16B0BDEC0E8B58
:10ABC00004B0BDE8F04D01F093BA022001F012FB91
:10ABD00001F08EFA51EC100B81F0004141EC100BAA
:10ABE00016B0BDEC0E8B04B0BDE8F08D18E09FED03
:10ABF000BEAB9FEDBF8B002871D1B848804522D1F4
:10AC000005F1804010F5801008BFBAF1000F07D0A1
:10AC1000B3450ADC002CA8BF9DED260BE0DA0DE061
:10AC2000B0EE490AF0EE690ADAE7002C06DA9DED8B
:10AC3000260B51EC100B81F000416FE0AE487844D8
:10AC400090ED000BCCE7D8454DD1002C48DA2EB161
:10AC500086423AD1BAF1000F42D126E0BAF1000F94
:10AC600013D0022001F0C6FA01F07EFA8DED020B3E
:10AC70009DED240B8DED000B10EE900A039961F30E
:10AC80001E0003909DED020BAAE78DED02AB9DED3A
:10AC9000240B1AEE901A10EE900A8DED000B61F362
:10ACA0001E0003909DED020B9AE78DED028B9DED4A
:10ACB000240B18EE901A10EE900A8DED000B61F344
:10ACC0001E0003909DED020B8AE709DA9DED240B2F
:10ACD00051EC190B53EC102BFEF72CFD1EE020E07D
:10ACE0009DED240B7CE786421BDAB4F1804F0DD03A
:10ACF000A4F10050B0F1FF5013D1002D11DB9DEDF8
:10AD0000240B51EC100B01F073FB07E09DED240BBD
:10AD100053EC102B51EC100B00F0C2BC41EC100BAB
:10AD20005EE79DED240B51EC100B01F055FBBAF1E1
:10AD3000000FCDE90E0142D19FED710B46B3A6F194
:10AD4000E040B0F17F600CD05E4538D1002D00DAD4
:10AD5000A7B3022F0CBF01204FF0FF30FEF759FDC3
:10AD6000DCE7002D01DD002C0DDA002D01DD002CCB
:10AD70001FDB002D16DA002C14DB012F08BF9FED1E
:10AD8000620B3FF42DAFB0EE4A0AF0EE6A0A27E7F5
:10AD9000022F18BF002D0CD0012F0AD1002DFFF675
:10ADA0001FAF06E0002DB8BF002C08DA012F3FF4DA
:10ADB00017AFB0EE480AF0EE680A11E71BE0012079
:10ADC00000EBE57050EA070115D0791EB0EE498A14
:10ADD000F0EE698A084308BF9FED4D8B4E48002571
:10ADE000804570DD4D494E48884514DDB0420DDB8D
:10ADF000002C19DB2FE0012001F0FCF916B0BDECAE
:10AE00000E8B04B0BDE8F04D01F09EB9B34502DCF5
:10AE1000002C09DC1FE0864202DA002C1BDA03E07A
:10AE20005E452BDD002C16DD022001F0E3F901F078
:10AE30009BF98DED020B53EC1A2B51EC180BFEF71E
:10AE400007FCCDE900010399019861F31E0003900E
:10AE50009DED020BC4E6022001F0CCF901F094F95B
:10AE600010EE901A18EE900A8DED020B8DED008B0E
:10AE700061F31E0003909DED020BB1E69DED0E0BFC
:10AE800053EC192B51EC100BFEF7DCFB9FED260B5E
:10AE9000CDE9080153EC102B9DED080B51EC100B84
:10AEA000FEF7D6FB9FED221B53EC112BFEF7CDFBDB
:10AEB0009DED081B53EC112BFEF7CAFB9FED1E1BEB
:10AEC00053EC112B3CE08CE0FFFF1F00FFFF0F0055
:10AED000000000000000F03F0000F03F0000F07FA5
:10AEE0000000404301FCFFFF000000000000F07F75
:10AEF00000000000000000009619000000000000A3
:10AF00000000000000000080000000000000F0FFD2
:10AF1000000000000000F0BF0000E0410000F0432E
:10AF2000FFFFEF3F00000000000000000000D03FE6
:10AF3000555555555555D53F000000000000E03FE0
:10AF4000FEF783FB9DED080B41EC1A0B53EC102B25
:10AF500051EC100BFEF77CFB53EC1A2BFEF778FB41
:10AF600041EC1A0B9FEDFE0B53EC102B9DED080BE3
:10AF700051EC100BFEF76CFB41EC1B0B9FEDFA0B39
:10AF800051EC1A0B53EC102BFEF762FB41EC1A0B41
:10AF90009FEDF70B53EC102B9DED080B51EC100BB4
:10AFA000FEF756FB53EC1A2BFEF74CFB41EC1A0B49
:10AFB00051EC1B0B53EC1A2BFEF7A3FA0690CDE9CC
:10AFC00006519DED060B53EC1B2B51EC100BFEF7BD
:10AFD00039FB53EC1A2BFEF738FB41EC100B00F059
:10AFE000A1B90020B6F5801F0EDA9FEDE30B53ECFC
:10AFF000102B9DED0E0B51EC100BFEF729FBCDE94C
:10B000000E016FF034000E4600EB2650A0F2FF3721
:10B01000C6F31300DA4940F07F6646F04056884296
:10B02000D8BF002408DDD7498142C8BF012403DC12
:10B030000024A6F580167F1CD348784400EBC4009A
:10B040000F9690ED00CB9DED0E0B53EC1C2B51ECAD
:10B05000100BFEF7F7FA9DED0E0B41EC1B0B53ECBA
:10B060001C2B51EC100BFEF74CFA41EC100B51EC81
:10B07000190B53EC102BFEF75DFB41EC1D0B51EC53
:10B080001B0B53EC1D2BFEF7E3FA41EC1A0BBF48E8
:10B090008DED10AB7844109590ED000B4FF0005003
:10B0A00040EA660000EB84408DED080B00F50020BF
:10B0B00009909DED080B53EC1C2B51EC100BFEF787
:10B0C000C1FA9DED0E1B53EC112BFEF7BEFA41ECBD
:10B0D000100B53EC102B9DED100B51EC100BFEF7E9
:10B0E000B7FA9DED080B41EC1C0B53EC102B9DEDBA
:10B0F000100B51EC100BFEF7ABFA53EC1B2BFEF7C9
:10B10000A4FA53EC1C2BFEF79DFA53EC1D2BFEF713
:10B110009FFA41EC1C0B53EC1A2B51EC1A0BFEF767
:10B1200097FA41EC1B0B9A480621B0EE4B0AF0EE61
:10B130006B0A784400F0C8FEB0EE401AF0EE601AD8
:10B14000B0EE41DAF0EE61DA53EC1B2B51EC1B0B45
:10B15000FEF77EFA53EC1D2BFEF77AFA9DED100BED
:10B1600041EC1B0B53EC1A2B51EC100BFEF7C9F9F9
:10B1700053EC1C2BFEF76CFA53EC1B2BFEF7C1F9BA
:10B180009DED100B41EC1B0B53EC102B51EC100BF5
:10B19000FEF75EFA41EC1D0B9FED7FEB53EC1E2B8F
:10B1A000FEF7AFF953EC1B2BFEF7ABF90890CDE996
:10B1B00008519DED080B53EC1E2B51EC100BFEF7C4
:10B1C00041FA53EC1D2BFEF73DFA53EC1B2BFEF717
:10B1D0003CFA9DED080B41EC1D0B53EC102B9DED43
:10B1E000100B51EC100BFEF733FA41EC1B0B53EC38
:10B1F0001A2B51EC1D0BFEF72BFA9DED080B41ECC1
:10B200001A0B53EC102B51EC1C0BFEF721FA53ECEC
:10B210001A2BFEF776F941EC1A0B51EC1B0B53EC91
:10B220001A2BFEF76EF90C90CDE90C519DED0C0B2D
:10B2300053EC1B2B51EC100BFEF704FA53EC1A2BBA
:10B24000FEF703FA41EC1B0B9FED550B53EC102B53
:10B250009DED0C0B51EC100BFEF7FAF941EC1A0BBB
:10B260009FED510B51EC1B0B53EC102BFEF7F0F93B
:10B2700041EC1B0B9FED4E0B53EC102B9DED0C0B7B
:10B2800051EC100BFEF7E4F953EC1B2BFEF739F9E8
:10B2900041EC100B4848784400EBC40090ED001BD3
:10B2A00051EC100B53EC112BFEF72BF941EC1B0B5F
:10B2B0003846FEF7AEFACDE9080153EC1B2B51ECF2
:10B2C0001A0BFEF71EF941EC100B3C48784400EBDA
:10B2D000C40090ED00CB51EC100B53EC1C2BFEF78F
:10B2E00010F99DED081B53EC112BFEF70AF906909F
:10B2F000CDE906519DED080B53EC102B9DED060B8F
:10B3000051EC100BFEF79EF953EC1C2BFEF79AF94B
:10B3100053EC1A2BFEF796F953EC1B2BFEF795F91D
:10B3200041EC100B9DED261B53EC102B8DED001BFB
:10B3300000959DED260B51EC100BFEF789F99DED64
:10B34000000B41EC1A0B53EC102B9DED260B51EC2E
:10B35000100BFEF777F99DED061B53EC112B2FE038
:10B36000000000604715F73FFE822B654715F73F49
:10B3700044DF5DF80BAE543E000000000000404387
:10B380008E9803007AB60B00B2140000401500003E
:10B39000EA13000000000000000000000000084068
:10B3A000000000E009C7EE3FFD033ADC09C7EE3FAD
:10B3B000F5015B14E02F3EBE761200003012000053
:10B3C000FEF746F953EC1A2BFEF79BF89DED060BA2
:10B3D00041EC1A0B53EC102B9DED000B51EC100BB4
:10B3E000FEF736F9CDE90C019DED0C0B51EC1A0B73
:10B3F00053EC102BFEF785F8CDE902010C46AA4963
:10B400008C422FDB611A084318D19DED0C0B53ECD5
:10B41000102B9DED020B51EC100BFEF713F941ECD4
:10B420001B0B9FEDA30B51EC1A0B53EC102BFEF7EB
:10B4300068F853EC1B2BFEF7E9FB2DD2022000F03D
:10B44000D9FE00F091FE10EE901A18EE900A8DEDE4
:10B45000020B8DED008B61F31E0003909DED020B3E
:10B46000FFF7BEBB944A24F00041914214D39349A4
:10B47000214408437FF4EFAC9DED0C0B53EC102BF3
:10B480009DED020B51EC100BFEF7DCF853EC1A2B80
:10B49000FEF7BCFB7FF6DFAC24F000408849894A08
:10B4A000002601EB205182422BDA481C4FF4801118
:10B4B00021FA00F02044844AC0F30A517A44A1F2F0
:10B4C000FF3192ED000B814A8DED080BCA4020EA56
:10B4D0000202C0F3130040F48010C1F1140120FAFD
:10B4E00001F60992002CB8BF76429DED080B53EC93
:10B4F000102B9DED0C0B51EC100BFEF7A3F8CDE9D2
:10B500000C019DED0C0B51EC1A0B53EC102BFDF7BD
:10B51000F8FF9FED6F0B0890CDE9085153EC102B0D
:10B520009DED080B51EC100BFEF792F841EC1B0B54
:10B530009FED690B53EC102B9DED080B51EC100B9C
:10B54000FEF786F89DED0C0B41EC1C0B53EC102B19
:10B550009DED080B51EC100BFEF774F853EC1A2B11
:10B56000FEF773F89FED5E1B53EC112BFEF770F89E
:10B5700053EC1C2BFDF7C5FF41EC1A0B51EC1B0BD8
:10B5800053EC1A2BFDF7BDFFCDE902019DED020B37
:10B5900053EC1B2B51EC100BFEF754F853EC1A2B09
:10B5A000FEF753F89DED020B41EC1A0B53EC102BF8
:10B5B00051EC100BFEF74CF8CDE908014A489DED1F
:10B5C000080B0521784400F07FFC9DED081B51EC31
:10B5D000100B53EC112BFEF73BF89DED021B53ECC7
:10B5E000112BFEF732F8CDE906019DED020B53EC6D
:10B5F0001A2B51EC100BFEF72BF853EC1A2BFDF71E
:10B6000080FF9FED3B0B41EC1A0B53EC102B9DED93
:10B61000060B51EC100BFEF715F89DED060B41ECF7
:10B620001B0B53EC102B9DED020B51EC100BFEF796
:10B630000FF853EC1B2BFEF77DF853EC1A2BFEF79B
:10B6400001F89DED021B53EC112BFDF7FBFF53ECB2
:10B65000192BFDF7FAFFCDE9020101EB06500115A8
:10B660000029C8BF039015DC9DED020B324651EC5A
:10B67000100BFEF708FAFEF757FB042808BF00F08E
:10B6800083FD32469DED020B51EC100BFEF7FBF9EA
:10B69000CDE902019DED020B51EC180B53EC102B80
:10B6A000FDF7D6FFFFF73ABB000090400000000016
:10B6B000FE822B654715973C00CC904000346F3FCD
:10B6C00001FCFFFF0000E03F18110000FFFF0F002A
:10B6D00000000000432EE63F396CA80C615C20BEE0
:10B6E000EF39FAFE422EE63F880F0000000000000E
:10B6F000000000000000004010B52F499FED2C1BFA
:10B700002DED020B84B0059820F000408842DCBF8C
:10B7100000209DED040B32DD2849884209D10498B0
:10B7200040B94FF0010000F065FD00F00DFD06B0DE
:10B7300010BD05DB9DED040B00F0F2FC06B010BD62
:10B7400068469DED040B00F0EBF810F0030011D0FB
:10B75000012818D09DED021B9DED000B02281AD088
:10B7600000F0FAFA51EC100B81F0004106B041EC08
:10B77000100B10BD9DED021B9DED000B012000F094
:10B780001FFC06B010BD9DED021B9DED000B00F0EF
:10B79000E3FA06B010BD012000F012FC51EC100BD2
:10B7A00081F0004106B041EC100B10BD000000001C
:10B7B0000000000000000000FB21E93F0000F07FD6
:10B7C00000B52DED048BB0EE409AF0EE609A83B098
:10B7D00051EC190BFEF76EF941EC180B18EE100A3C
:10B7E00018EE901A8DED008B002818BF0120084339
:10B7F00020F00040C0F17F6000F1E040C00F14D0A5
:10B8000019EE101A19EE900A8DED009B002918BF51
:10B810000121084320F00040C0F17F6000F1E040CA
:10B82000C00F04BF012000F0E5FCB0EE480A03B0F1
:10B83000F0EE680ABDEC048B00BD000010B510EE00
:10B84000104A2DED028B4FF07F40B0EEC08AB0EB76
:10B85000440F55D318EE101A2C4A914220DD18EEF1
:10B86000101AB0EB410F1BD318EE101A284AF7EE4E
:10B87000008A914207DD18EE101AB0EB410F28BF85
:10B88000B0EE680A35D238EE080AFEF7B1FD70EE68
:10B89000280AB0EE001A81EE200A38EEC00A28E02D
:10B8A00018EE101AB1F1665F0FDA18EE101AB0EB4D
:10B8B000410F0AD318EE100AFEF74EFA042808BF0B
:10B8C00000F080FCB0EE480A13E028EE080ADFED35
:10B8D000110ADFED111A9FED111A40EE210A60EEF8
:10B8E000800A30EE010A80EE801AB0EE480A08EEB7
:10B8F000010A002CB8BFB1EE400ABDEC028B10BDAE
:10B90000BDEC028BBDE8104000F04EBC549F0C3FD4
:10B91000B32C1041C6E252BFB2117BBB1A2A1E40A3
:10B920002DE9F14F04462DED020B2DED088B8AB069
:10B930009FEDE70B80ED020B139EE74826F00045D4
:10B9400085420ADC9DED120B002084ED000B0AB04D
:10B95000BDEC088B03B0BDE8F08FE0489FEDE0AB95
:10B960009FEDE1BBA84247DDE14F9FEDE39B9FEDDB
:10B97000E48B9DED120B53EC1A2B51EC100B002EA7
:10B980001CDDFDF75FFE41EC100BBD4208D053EC0F
:10B990001B2B51EC100BFDF755FEC4E900010BE029
:10B9A00053EC192B51EC100BFDF74CFE53EC182BFC
:10B9B000FDF748FEC4E900010120C8E7FDF7A1FD3D
:10B9C00041EC100BBD4208D053EC1B2B51EC100B7B
:10B9D000FDF797FDC4E900010BE053EC192B51EC86
:10B9E000100BFDF78EFD53EC182BFDF78AFDC4E913
:10B9F00000014FF0FF30AAE7C348A84279DB9DED74
:10BA0000120B51EC100B00F0E7FC41EC180B9FED12
:10BA1000C00B53EC102BFDF71BFE9FEDBF1B53EC2F
:10BA2000112BFDF76EFDFDF705FF0746FDF7F1FE53
:10BA300041EC190B53EC1A2BFDF70AFE53EC182BB3
:10BA4000FDF703FE41EC180B53EC1B2B51EC190BCB
:10BA5000FDF7FEFDDFF8C8A241EC100B4FEA1558C8
:10BA60000125FA4453EC102B51EC180BFDF7EAFDBD
:10BA7000032DC4E900013DD0C1F30A5005EB451187
:10BA8000A8EB00001139814234DA0AEB051BB0EE55
:10BA900048AA9BED000BF0EE68AA53EC102B51EC7A
:10BAA000190BFDF7D5FD41EC1B0B51EC1A0B53ECB8
:10BAB0001B2BFDF7C7FD41EC180B51EC1A0B53EC97
:10BAC000182BFDF7BFFD53EC1B2BFDF7BBFD9BEDCA
:10BAD000020B41EC1A0B53EC102B51EC190BFDF738
:10BAE000B7FD53EC1A2BFDF7ADFD41EC100B6D1CAF
:10BAF000B8E70EE0002EA8BF3846BFF628AF94ED99
:10BB0000000B51EC100B81F00041C4E900017842B8
:10BB10001DE7C6F3130040F4801EC6F30A50A0F2DE
:10BB2000F530471100F01F05C5F12000DDF848B0E1
:10BB300008900020069007900520EC467949002DDA
:10BB400007EB0002794408BF51F8221009D051F8E0
:10BB5000223001EB8201AB404A68089922FA01F1D8
:10BB60001943A1FB0E26A1FB0B131A449A4234BFC2
:10BB70000123002303EB06080CEB8003D3E901A6A5
:10BB80000E448E4234BF0121002192448A4411B1F7
:10BB9000924502D903E0924501D2012100E0002143
:10BBA000C3E901A641444CF82010011EA0F1010098
:10BBB000C4DC029800F10050850F0298DDE90367AC
:10BBC0008000DDF81480FDF724FE41EC1A0B3046AE
:10BBD000FEF746F89FED541B53EC112BFDF738FD93
:10BBE00041EC1B0B3846FEF73BF89FED511B53EC25
:10BBF000112BFDF72DFD41EC180B4046FEF730F8F8
:10BC00009FED4D1B53EC112BFDF722FD41EC190B61
:10BC100051EC180B53EC192BFDF773FC53EC1B2B59
:10BC2000FDF76FFC53EC1A2BFDF76BFCCDE9080117
:10BC3000002008909DED080B53EC1A2B51EC100BD3
:10BC4000FDF700FD53EC1B2BFDF7FCFC53EC182B10
:10BC5000FDF7F8FC53EC192BFDF7F7FC9FED381BB3
:10BC600053EC112BFDF7F4FC9FED370B41EC180B57
:10BC700053EC102B9DED080B51EC100BFDF7E8FC7D
:10BC800053EC182BFDF73DFC9FED310B41EC180BED
:10BC900053EC102B9DED080B51EC100BFDF7D8FC6D
:10BCA00053EC182BFDF72DFC41EC100B139810F002
:10BCB000004F06D06D4251EC100B81F0004141EC79
:10BCC000100B284684ED000B41E600000000000048
:10BCD0000000000000000000FB21E93F7CD9024089
:10BCE00000004054FB21F93F3163621A61B4D03D3A
:10BCF000FB21F93F000000000000601A61B4D03D54
:10BD00007370032E8A19A33BFB2139410000000008
:10BD100083C8C96D305FE43F000000000000E03FD1
:10BD20007A0B0000C80A0000000000000000103E6E
:10BD3000000000000000103C000000000000103A6D
:10BD4000182D4454FB21F93D3326A611460B113C16
:10BD500000000054FB21F93D10B52DED040B2DED35
:10BD6000088B82B0B0EE419AF0EE619A0B9820F009
:10BD700000449FED4BABB4F1795F11DA9DED0A0BF6
:10BD800051EC100BFDF756FD002801BFB0EE4A0A3A
:10BD9000F0EE6A0A02B0BDEC088B04BF04B010BD1F
:10BDA0009DED0A0B53EC102B51EC100BFDF750FCE2
:10BDB00041EC180B3C480621B0EE480AF0EE680A48
:10BDC000784400F081F853EC182B51EC100BFDF780
:10BDD0003FFC9DED0A0B41EC1B0B53EC192B51EC76
:10BDE000100BFDF735FC41EC190B53EC1B2B51EC00
:10BDF000180BFDF72DFC53EC192BFDF723FC9FEDE1
:10BE00002C0B41EC190B53EC102B51EC180BFDF7DC
:10BE10001FFC41EC100B2848844210DA53EC192B1C
:10BE200051EC100BFDF70EFC53EC1A2BFDF70DFC3B
:10BE300041EC100B02B0BDEC088B04B010BD1F48E4
:10BE4000A042BCBF9FED1E1B8DED001B06DBA4F5C1
:10BE500000100190002000909DED001B51EC100B94
:10BE600053EC112BFDF7EEFB9DED000B41EC180B95
:10BE700053EC102B51EC1A0BFDF7E4FB41EC1A0BC1
:10BE800053EC192B51EC180BFDF7DCFB53EC1A2B80
:10BE9000FDF7DBFB41EC100BCCE7000000000000DD
:10BEA000000000000000F03FB407000000000000A8
:10BEB000000000000000E03F3333D33F0000E93FC3
:10BEC000000000000000D23F70B504462DED028B4B
:10BED0004D1E00EBC500B0EE408AF0EE608A90ED9A
:10BEE000000B35F0060017D053EC182B51EC100B5B
:10BEF000FDF7AEFB41EC100B6D1E04EBC50090EDA1
:10BF0000001B51EC100B53EC112BFDF7FAFA41EC2E
:10BF1000100B35F00600E7D1022D36D0042D1CD0D1
:10BF2000062D1CBFBDEC028B70BD53EC182B51ECE1
:10BF3000100BFDF78DFB94ED0A1B53EC112BFDF755
:10BF4000E0FA53EC182BFDF783FB94ED081B53EC40
:10BF5000112BFDF7D6FA41EC100B53EC182B51ECDA
:10BF6000100BFDF775FB94ED061B53EC112BFDF741
:10BF7000C8FA53EC182BFDF76BFB94ED040B53EC54
:10BF8000102BFDF7BEFA41EC100B53EC182B51ECC3
:10BF9000100BFDF75DFB94ED021B53EC112BFDF72D
:10BFA000B0FA53EC182BFDF753FB94ED001B53EC48
:10BFB000112BFDF7A6FABDEC028B41EC100B70BD06
:10BFC00031B504462DED040B2DED0A8BB0EE41BAD0
:10BFD000F0EE61BA0B989DED0A0B20F00040B0F135
:10BFE000795F0DDA51EC100BFDF79EFE042808BFB7
:10BFF00000F0CAF89DED0A0BBDEC0A8B05B030BD10
:10C0000053EC102B51EC100BFDF722FB41EC180BFD
:10C010009DED0A0B53EC182B51EC100BFDF718FBA0
:10C0200041EC190B2C48B0EE480AF0EE680A0521E5
:10C030007844FFF749FF9FED2ACBB0EE40AAF0EE1F
:10C0400060AA9CB353EC1C2B51EC190BFDF700FBC1
:10C0500041EC1C0B53EC1A2B51EC190BFDF7F8FAC1
:10C060009FED210B41EC190B53EC102B51EC1B0BEA
:10C07000FDF7EEFA53EC192BFDF7E4FA53EC182B0D
:10C08000FDF7E6FA53EC1B2BFDF7DCFA53EC1C2B07
:10C09000FDF7D8FA9DED0A1B53EC112BFDF7D5FAED
:10C0A000BDEC0A8B05B041EC100B30BDFFE753EC43
:10C0B0001A2B51EC180BFDF7CBFA53EC1C2BFDF7A8
:10C0C00020FA53EC192BFDF7C3FA9DED0A1B53EC34
:10C0D000112BFDF716FAE3E77406000000000000DC
:10C0E000495555555555C5BF000000000000E03FBB
:10C0F0009FED070B10B553EC102B9FED070B51EC88
:10C10000100BFDF717FB41EC100B10BD00000000F9
:10C110000000000000000000000000000000F03FF0
:10C1200010B553EC102B51EC100BFDF7EAF941EC74
:10C13000100B10BD10B553EC112B51EC100BFDF78B
:10C14000E0F941EC100B10BD9FED050B10B553EC61
:10C15000102B51EC100BFDF7EDFA41EC100B10BD5C
:10C1600000000000000000009FED050B10B553EC2F
:10C17000102B51EC100BFDF76BFA41EC100B10BDBE
:10C1800000000000000000709FED050B10B553EC9F
:10C19000102B51EC100BFDF75BFA41EC100B10BDAE
:10C1A000000000000000001030EE000A704730EE82
:10C1B000200A70479FED020A20EE000A7047000037
:10C1C000000000709FED020A20EE000A7047000098
:10C1D0000000001002E008C8121F08C1002AFAD1AE
:10C1E00070477047002001E001C1121F002AFBD1F7
:10C1F0007047000001490860704700003C040020BF
:10C200002DE9FF4F8BB09A460F460546002606E003
:10C2100025280BD052460D9990476D1C761C287826
:10C220000028F5D10FB03046BDE8F08F0024A046BD
:10C230000122604900E0044315F8013F203B02FA67
:10C2400003F00842F7D128782E2817D115F8010FEE
:10C2500044F004042A280ED06FF02F022878A0F1B1
:10C26000300109290AD808EB880102EB410100EBF3
:10C2700001086D1CF2E757F8048B6D1C28786928BB
:10C280003ED006DC0028CDD063280BD0642804D132
:10C2900036E0732810D075284BD052460D99904740
:10C2A000761C85E017F8040B8DF8000000208DF84F
:10C2B0000100E946012003E057F8049B4FF0FF30EE
:10C2C00061074FF0000401D40AE0641C44450DDA14
:10C2D0008442FADB19F804100029F6D106E0641C48
:10C2E0008442FCDB19F804100029F8D1264404E04C
:10C2F00019F8010B52460D999047641EF8D257E089
:10C3000001CF4FF00A0B002802DA40422D2102E053
:10C31000210504D52B218DF82410012103E0E1072C
:10C3200005D02021F7E70DF1200908910CE000214C
:10C33000F9E701CF4FF00A0BF9E75946FDF7C8FAC4
:10C3400001F1300209F8012D0028F6D1ADEB09000A
:10C3500000F1200B600701D44FF00108D84502DD41
:10C36000A8EB0B0000E000208046002406E009A8AE
:10C370005246005D0D999047641C761C08988442D3
:10C38000F5DB04E0302052460D999047761CB8F159
:10C390000001A8F10108F5DC05E019F8010B52468F
:10C3A0000D999047761CBBF10001ABF1010BF4DC59
:10C3B0006D1C34E7092801004A68002A06D00A6883
:10C3C000531C0B6010704868401E486070470A6834
:10C3D000531C0B601070704782B0CDE9000121F052
:10C3E000004001909DED000B02B051EC100B704726
:10C3F00000B52DED048B83B041EC190BFDF75AFB12
:10C4000041EC180B18EE100A18EE901A8DED008B07
:10C41000002818BF0120084320F00040C0F17F60D1
:10C4200000F1E040C00F14D019EE101A19EE900A76
:10C430008DED009B002918BF0121084320F000402A
:10C44000C0F17F6000F1E040C00F04BF0120FFF7A2
:10C45000D1FE51EC180B03B0BDEC048B00BD000005
:10C46000000000000000E03F000000000000E0BF0E
:10C470000000E0FE422EE63F0000E0FE422EE6BF56
:10C48000763C7935EF39EA3D763C7935EF39EABDCE
:10C490003E5555555555C53F93BDBE166CC166BF3B
:10C4A0002CDE25AF6A56113FF16BD2C541BDBBBE34
:10C4B000D0A4BE726937663E04FA97999999D93F1C
:10C4C000AF788E1DC571CC3F9FC678D0099AC33F07
:10C4D000935555555555E53F599322942449D23FDC
:10C4E000DE03CB966446C73F44523EDF12F1C23FA3
:10C4F000000000000000F03F000000000000F83FD6
:10C5000000000000000000000000004003B8E23F0F
:10C51000000000000000000006D0CF43EBFD4C3EC1
:10C52000033333333333E33FFFAB6FDBB66DDB3FB6
:10C530004D268F515555D53F01411DA96074D13FFE
:10C5400065DBC9934A86CD3FEF4E454A287ECA3FF8
:10C550003E5555555555C53F93BDBE166CC166BF7A
:10C560002CDE25AF6A56113FF16BD2C541BDBBBE73
:10C57000D0A4BE726937663E4C5555555555A53FFA
:10C580007751C1166CC156BF9015CB19A001FA3E68
:10C59000AD529C804F7E92BEC4B1B4BD9EEE213E92
:10C5A000D43888BEE9FAA8BD0000803F0030983F2B
:10C5B0000000B53F0040D73F00000000320A7E393E
:10C5C0007F661E395B991F390000803FF037983F26
:10C5D000F304B53FFD44D73F000000000000000019
:10C5E00000004054FB21F93F3163621A61B4D03D31
:10C5F0000000601A61B4D03D7370032E8A19A33B0A
:10C600000000002E8A19A33BC14920259A837B395B
:10C6100000000000000000006E83F9A22915444EBE
:10C62000D15727FCC0DD34F5999562DB4190433C3E
:10C63000AB6351FE61C5BBDE3A6E24B7E0D24D421A
:10C64000EA2E49061C92D1091CEB1DFE3EA729B11A
:10C65000F53582E88444BB2E26709CE9417E5FB4A8
:10C6600039D69139F43953838B5F849C3B28F9BDCB
:10C67000FF97F81F0F9805DE8B112FEF1F6D0A5AD9
:10C68000CF7E366DB709CB27663F464F2DEA5F9EBA
:10C69000C7BA27757BF1E5EBF739073DEA92528A75
:10C6A000B15FFB6B085D8D1FA6F810111111813F62
:10C6B000D561C119A0012ABF7DFEB157E31DC73E58
:10C6C000EB9C2B8AE6E55ABE7CD5CF5A3AD9E53D9C
:10C6D000F0C6000800000020400400007A9C00081A
:10C6E00008C8000840040020902F0000E4C10008A2
:10C6F000411BFF01041A02041A03041A04041A0558
:10C70000041A06041A07041A08041A09041A0A0467
:10C710001A0B041A0C041A0D041A0E041A0F041A28
:10C7200010041A11041A12041A130422141A844849
:10C73000C1195F01B91ACCBD233A021A4C041AE0A0
:10C740000C1A76085AB8D119EF111A7AEC290F1A77
:10C75000DA181ACB041AD60D1A1C081AB3081A0EC6
:10C76000041A18041AA4041A1214011062FA223FBF
:10C770001A8004111A400819041AA0041AC0041BD4
:10C7800020410C19041AF0042334421A700434F0C6
:10C79000425052782316432BC84257320A180835A4
:10C7A000FA8E3CC3F54838011A4B307504091A203B
:10C7B000810273142D295C8F3E04013823420172DB
:10C7C00069231C021A2C1081323C320A326432C8AE
:10C7D000052CDB0F4940294B6904012823E204237F
:10C7E0005F051A2D0401492B7A03C7499468080292
:10C7F0000304060708090CA910C11AAA01011102B5
:08C800003E281AFF014100006F
:040000050800018965
:00000001FF
