:020000040800F2
:10000000F0330020054F00084502000847020008B1
:100010004B0200084F0200085302000800000000D5
:100020000000000000000000000000009D0100082A
:100030005702000800000000E10100081F7F0008CF
:100040001F4F00081F4F00081F4F00081F4F0008D8
:100050001F4F00081F4F00081F4F00081F4F0008C8
:100060005F040008A30400081F4F000801030008F4
:10007000E30200083F0300081F4F00087502000854
:100080001F4F0008810200081F4F00081F4F000883
:100090001F4F00081F4F00081F4F00081F4F000888
:1000A0001F4F00087B030008A70300081F4F00082C
:1000B000A9030008D7030008030400081F4F000825
:1000C0001F4F00081F4F00081F4F00085B04000867
:1000D0001F4F00085D0200081F4F00081F4F000857
:1000E0001F4F00081F4F00081F4F00081F4F000838
:1000F0001F4F00081F4F00081F4F00081B03000878
:100100001F4F00081F4F00082F0400085D0400085F
:100110001F4F00081F4F00084D0300085903000837
:100120001F4F00089B020008B50200081F4F00087F
:100130001F4F00081F4F00081F4F00081F4F0008E7
:100140001F4F00081F4F00081F4F00081F4F0008D7
:10015000D50200081F4F00081F4F00081F4F00085E
:100160001F4F00081F4F00081F4F00081F4F0008B7
:100170001F4F00081F4F00081F4F00081F4F0008A7
:100180001F4F00081F4F0008DFF80CD009F02CFAB1
:1001900000480047A74C0008F0330020234B1968A3
:1001A0000868B0E8F04F80F309884FF0000080F352
:1001B000118870470000000003480068006880F361
:1001C000088862B600DF00BF08ED00E0DFF80C0031
:1001D000016841F470010160704700BF88ED00E0E4
:1001E000EFF30980114B1A681EF0100F08BF20EDC5
:1001F000108A20E9F04F106008B54FF0140080F32A
:10020000118808F054FA4FF0000080F31188BDE81F
:10021000084019680868B0E8F04F1EF0100F08BFDA
:10022000B0EC108A80F30988704700BFD403002027
:10023000EFF311804FF0140181F31188704780F3C0
:1002400011887047704700BFFEE700BFFEE700BFA0
:10025000FEE700BFFEE770477047704710B540F2F9
:100260002551904806F06FFF18B120218D4806F007
:1002700061FF10BD10B58C498C4805F099FE10BD8A
:1002800010B58B498948303005F068FE20B18849A7
:100290008648303005F08CFE10BD10B58549864883
:1002A00005F05CFE28B18349834805F081FE01F02A
:1002B00019FD10BD10B581497F48183005F078FE52
:1002C0007F4840787E49097840EA012000B27D49A4
:1002D000088010BD10B57C497748603005F068FE95
:1002E00010BD10B573497148483805F037FE30B17C
:1002F00070496E48483805F05BFE00F09FFA10BD6B
:1003000010B572496948603805F028FE20B16F4980
:100310006648603805F04CFE10BD10B56C49634866
:10032000483005F01BFE48B100216048483005F018
:100330006BFD67495D48483005F03AFE10BD10B5C9
:1003400059495A48303805F033FE10BD10B5012127
:10035000604806F055FC10BD10B501215E4806F05E
:100360004FFC7A204F49888001215C4806F0FAFD55
:1003700001215B4806F0F6FD10BD10B5012159487A
:1003800006F03EFC5748008800F0100028B156489F
:100390000068401E5449086004E053480068401C4F
:1003A0005149086010BD704710B50121880706F05B
:1003B00027FC4FF08040008800F0100028B14B4827
:1003C0000068401E4949086004E048480068401C35
:1003D0004649086010BD10B50121454806F010FCE3
:1003E0004348008800F0100028B142480068401ED1
:1003F0004049086004E03F480068401C3D490860EF
:1004000010BD10B501213C4806F0FAFB3A480088BF
:1004100000F0100028B139480068401E37490860D4
:1004200004E036480068401C3449086010BD10B52F
:100430000121334806F0E4FB3148008800F0100049
:1004400028B130480068401E2E49086004E02D485D
:100450000068401C2B49086010BD7047704710B5FC
:10046000042005F03DFED8B12021274804F0C1FE4C
:100470000421264804F098FE012804D100211648E2
:1004800005F03EFF09E00421204804F08DFE20B96C
:10049000114805F039FF1E49086004201D49086015
:1004A00010BD7047001001402080002070600240A5
:1004B0000080202000880010286402400080201066
:1004C000F00500208400002000880020208000101B
:1004D0000080002800100040001400400048004048
:1004E000001401400000014064000020680000206A
:1004F000000400406C000020000800408000002044
:10050000000C00407000002000000240000C02407F
:1005100060000020143C014070B50446204608F0FD
:10052000AFFC05462146F74808F0B1FCA0B1952282
:100530002146F44808F098FC0021F34805F064FCDB
:10054000F048F1490C310860EF48B838C0F8BC50A9
:100550000121ED4805F058FC70BD70B5044600253A
:1005600010E0605D68B1615DE84806F026FD00BFFF
:100570008021E64806F0D1FD0028F9D0681CC5B2FC
:1005800000E070BDEDE770B5044600250FE05CB1FA
:100590002146DE4806F011FD00BF8021DB4806F051
:1005A000BCFD0028F9D000E070BD681CC5B2032D69
:1005B000EDDB00BFF8E713B50C460020FFF7E3FFC3
:1005C000D3A0FFF7CAFF2346D2A29621D24809F052
:1005D00049F8D148FFF7C1FFD0A0FFF7BEFFCDA279
:1005E0009621CD48009B09F03DF8CB48FFF7B5FFB9
:1005F000CCA0FFF7B2FFFF20FFF7C5FFFF20FFF7FA
:10060000C2FFFF20FFF7BFFF1CBD70B505460C46BB
:10061000BFA0FFF7A2FF2246BEA1BF4809F03AF8EB
:10062000BD48FFF79AFFBDA0FFF797FF2846FFF7E9
:1006300094FFBCA0FFF791FFFF20FFF7A4FF70BD60
:1006400077B585B00546FF26B4A103C9CDE90301FE
:10065000B4A000680290AEA00068019000240AE0F7
:100660000020B1490855B1490855AB490855A5497D
:100670000855601CC4B21E2CF2DB0A20A649087083
:10068000FF2048708870C870A2A1A848079A09F096
:1006900001F8A64901A808F0DBFB01A99E4808F073
:1006A000D7FB03A99C4808F0D3FB29469A4808F0D9
:1006B000CFFB98A19D48069A08F0ECFF9B4996480D
:1006C00008F0C6FB02A9944808F0C2FBFF20964937
:1006D000087048708870904808F0BAFB8E48FFF7A1
:1006E0001BFF08B070BDF7B584B005460E46FF2766
:1006F0008AA103C9CDE902018AA00068019084A003
:1007000000680090002408E00020874908558749C8
:10071000085581490855601CC4B20A2CF4DB0A2034
:100720007D490870FF2048708870C87079A17F48A3
:10073000069A08F0AFFF7D49684608F089FB6946D4
:10074000754808F085FB02A9734808F081FB29462B
:10075000714808F07DFB31466F4808F079FB01A92C
:100760006D4808F075FBFF206F490870487088706D
:100770000020C8700871684808F06AFB6648FFF7F7
:10078000CBFE07B0F0BD01B58EB069A2322101A841
:100790000E9B08F067FF01A8FFF7BEFE0FB000BD7B
:1007A00073B584B00546FF265CA103C9CDE90201FB
:1007B0005CA00068019056A00068009000240AE048
:1007C00000205949085559490855534908554D497C
:1007D0000855601CC4B21E2CF2DB0A204E4908707A
:1007E000FF2048708870C8704AA15048059A08F0E8
:1007F00051FF4E49684608F02BFB6946464808F011
:1008000027FB02A9444808F023FB2946424808F088
:100810001FFB4649404808F01BFB01A93E4808F071
:1008200017FBFF2040490870487088703A4808F06C
:100830000FFB3948FFF770FE06B070BD1CB53F488E
:1008400000783E49497808443C49897808443B4946
:10085000C97808443949097908443849497908442C
:100860003649897908443549C97908443349097AB0
:100870000844C0B201903148007A00F00F000090A7
:100880009DF800000D2803D000212D4806F06AFBDA
:100890001CBD2A48007A00F00F000D2806D1274819
:1008A000007800F0010008B10D2070470020FCE73F
:1008B0002248007800F0020008B1012070470020B3
:1008C000FCE71CB51F4805F01FFD1F49096840EAF9
:1008D0000140092190FBF1F0009000243CE0194810
:1008E00005F012FD1849096840EA0140092190FB12
:1008F000F1F00190DDE90021881A002826DB01468D
:1009000025E000004A050020B86002400050004089
:100910007400000025640000140400202E74787414
:100920003D22000022000000FA040020D204002032
:100930006A302E76616C3D25640000002C06002094
:1009400000480040000C0040700000204142052992
:1009500000DA641C01980090022CC0DB01981CBDD9
:100960001CB54FF0804005F0CFFCFE49096840EA15
:100970000140092190FBF1F00090002418E04FF0B5
:10098000804005F0C1FCF749096840EA01400921AF
:1009900090FBF1F00190DDE90021881A002801DBCD
:1009A000014600E04142052900DA641C01980090EC
:1009B000022CE4DB01981CBD1CB5EB4805F0A4FC3F
:1009C000EA49096840EA0140092190FBF1F00090F2
:1009D000002417E0E44805F097FCE449096840EA80
:1009E0000140092190FBF1F00190DDE90021881A16
:1009F000002801DB014600E04142052900DA641CC1
:100A000001980090022CE5DB01981CBD1CB5D8486C
:100A100005F07AFCD749096840EA0140092190FBBA
:100A2000F1F00090002417E0D14805F06DFCD149A9
:100A3000096840EA0140092190FBF1F00190DDE9ED
:100A40000021881A002801DB014600E04142052907
:100A500000DA641C01980090022CE5DB01981CBDB3
:100A600001B581B000200090019800EBC00040006B
:100A7000009002E00098401E009000980028F9D1F4
:100A80000CBD01B581B00020009044F25061019886
:100A90004843009002E00098401E00900098002813
:100AA000F9D10CBD1CB501211F2004F061FD4FF6EA
:100AB000FF70009001208DF8040000208DF80600E2
:100AC00001208DF8070003208DF805006946AA482B
:100AD00004F008FB4FF6FF70009001208DF8040031
:100AE00000208DF8060001208DF8070003208DF806
:100AF00005006946A14804F0F5FA4FF6FF70009032
:100B000001208DF8040000208DF8060001208DF8EA
:100B1000070003208DF805006946994804F0E2FAC1
:100B20001CBD1CB501217E2004F022FDC0200090D8
:100B300000208DF8040001208DF8070002208DF8B8
:100B4000050069468F4804F0CDFA06200090002089
:100B50008DF8040001208DF8070002208DF80500B3
:100B60006946854804F0BEFA0420009000208DF804
:100B7000040001208DF8070002208DF80500694669
:100B80007E4804F0AFFA1CBD1FB54FF4E06004F0DE
:100B9000CBF936208DF8000000208DF801008DF88B
:100BA000020001208DF80300684604F0C2F901211B
:100BB000102004F010FD3220ADF8040040F2E730C0
:100BC00002900020ADF80C00ADF8060001A96E48B7
:100BD00005F04DFB01216C4806F012F80122114688
:100BE000694805F0E5FF0021674805F089FB012110
:100BF000654805F0C5FB1FBD1FB54FF4E06004F06C
:100C000093F937208DF8000000208DF801008DF851
:100C1000020001208DF80300684604F08AF90121E2
:100C2000202004F0D8FC3220ADF8040040F2E73078
:100C300002900020ADF80C00ADF8060001A9534861
:100C400005F015FB0121514805F0DAFF012211469C
:100C50004E4805F0ADFF00214C4805F051FB012145
:100C60004A4805F08DFB1FBD00B58BB00121022065
:100C700004F0C2FC01210C2004F07AFC03220621BE
:100C80003E4804F0BAFA032207213C4804F0B5FAC2
:100C900003220821394804F0B0FA03220921374819
:100CA00004F0ABFA4FF47070069002208DF81C002F
:100CB00003208DF81D0000208DF81E0001208DF806
:100CC0001F0006A92D4804F00DFAA420ADF820005D
:100CD00040F6B83009904FF48070ADF8280000203D
:100CE000ADF8220008A92A4805F0C1FA6020ADF845
:100CF00004000120ADF8060000200390ADF81000BC
:100D00000121234805F03CFB0021214805F0F8FAB9
:100D100001A91F4805F040FB01A91D4805F075FB1E
:100D200001A91B4805F0BEFB01A9194805F020FCEC
:100D30000121174805F015FF0BB000BD00B58BB0C1
:100D40000121082004F047FC0121084604F010FCB2
:100D5000022200210B4804F050FA02220121094826
:100D600018E000006800002000080040800000201B
:100D7000000400406C000020000402400008024013
:100D8000000C02400000024000100040001400402F
:100D90000004014004F031FA02221146FE4804F03A
:100DA0002CFA02220321FC4804F027FA0F200690B7
:100DB00002208DF81C0003208DF81D0000208DF806
:100DC0001E0001208DF81F0006A9F34804F08AF9DF
:100DD000BA20ADF8200042F2107009900020ADF862
:100DE0002800ADF8220008A9EC4805F040FA602080
:100DF000ADF804000120ADF8060000200390ADF826
:100E000010000121E54805F0BBFA0021E34805F098
:100E100077FA01A9E14805F0BFFA01A9DF4805F01A
:100E2000F4FA01A9DD4805F03DFB01A9DB4805F016
:100E30009FFB0121D94805F094FE0BB000BD00B521
:100E40008BB00121042004F0C6FB01210D2004F029
:100E50008FFB02220C21D24804F0CFF902220D218F
:100E6000CF4804F0CAF902220E21CD4804F0C5F99A
:100E700002220F21CA4804F0C0F94FF470400690D6
:100E800002208DF81C0003208DF81D0000208DF835
:100E90001E0001208DF81F0006A9C14804F022F9A8
:100EA000A420ADF8200040F6B83009904FF48070CF
:100EB000ADF828000020ADF8220008A9B94805F0D7
:100EC000D6F96020ADF804000120ADF8060000203E
:100ED0000390ADF810000121B24805F051FA00214D
:100EE000B04805F00DFA01A9AE4805F055FA01A980
:100EF000AC4805F08AFA01A9AA4805F0D3FA01A97D
:100F0000A84805F035FB0BB000BD00B589B0012144
:100F1000080404F071FB0121084604F029FB0322B8
:100F200011469D4804F069F9032202219A4804F011
:100F300064F90C20019002208DF8080003208DF840
:100F4000090000208DF80A0001208DF80B0001A98E
:100F5000914804F0C7F80020ADF818004FF6FF7074
:100F600007900020ADF82000ADF81A0006A98E48C1
:100F700005F07DF90420ADF80C000020ADF80E005E
:100F8000C820ADF814000120ADF8100003A9864870
:100F900005F044FD00231A460321844805F0DBFEDA
:100FA0000121824805F02CFE012211467F4805F000
:100FB000FFFD01217C4805F0E3F900217B4805F0A5
:100FC0009FF909B000BD00B589B00121084604F0C1
:100FD00002FB0121022004F0FEFA0121032004F0AB
:100FE000C7FA01220F216C4804F007F901220321FE
:100FF0006F4804F002F9022204216D4804F0FDF864
:10100000022205216A4804F0F8F8382001900220F5
:101010008DF8080003208DF8090000208DF80A00E3
:1010200001208DF80B0001A9614804F05BF84FF432
:101030000040019002208DF8080003208DF809007F
:1010400000208DF80A0001208DF80B0001A95248FC
:1010500004F048F80020ADF818004FF6FF70079034
:101060000020ADF82000ADF81A0006A94FF080402E
:1010700005F0FDF806A94F4805F0F9F80420ADF891
:101080000C000220ADF80E001420ADF81400012071
:10109000ADF8100003A9800705F0C0FC03A945487E
:1010A00005F0BCFC02231A460321580705F053FE45
:1010B00002231A4603213F4805F04DFE012188070F
:1010C00005F09EFD01213B4805F09AFD01221146E5
:1010D000900705F06DFD01221146364805F068FDC8
:1010E0000121880705F04CF90121324805F048F943
:1010F00000214FF0804005F003F900212D4805F054
:10110000FFF84FF4C06003F00FFF1D208DF80000C2
:1011100003208DF8010000208DF8020001208DF8D9
:101120000300684603F005FF1C208DF80000042032
:101130008DF8010000208DF8020001208DF80300D9
:10114000684603F0F6FE09B000BD00B589B0012184
:10115000084604F051FA0121102004F009FA4FF476
:101160002060019002208DF8080003208DF809000E
:1011700000208DF80A0001208DF80B0001A90E480F
:1011800003F0B0FF012209210B4804F036F80122D8
:101190000B21094812E0000000000240000C004052
:1011A000000C0240000800400000014000400140E7
:1011B00000040240000400400010024004F01DF84A
:1011C0000020ADF818004FF6FF7007900020ADF832
:1011D0002000ADF81A0006A9FE4805F048F80420E2
:1011E000ADF80C000020ADF80E000A20ADF8140098
:1011F0000120ADF8100003A9F64805F00FFC00230C
:101200001A460321F34805F0A6FD0121F14805F037
:10121000F7FC01221146EF4805F0CAFC0121ED4818
:1012200005F0EEFC01221146EA4805F0C1FC01215F
:10123000E84805F0A5F80021E64805F061F84FF40C
:10124000C06003F071FE19208DF8000001208DF8B8
:10125000010000208DF8020001208DF8030068468F
:1012600003F067FE09B000BD00B589B0012104207C
:1012700004F0B1F90121082004F07AF94FF440504C
:10128000019002208DF8080003208DF8090000204D
:101290008DF80A0001208DF80B0001A9CE4803F05B
:1012A00021FF0020ADF818004FF6FF7007900020D6
:1012B000ADF82000ADF81A0006A9C84804F0D7FF21
:1012C00002220C21C44803F098FF02220D21C248DB
:1012D00003F093FF0420ADF80C000220ADF80E00DF
:1012E000C820ADF814000120ADF8100003A9BB48D8
:1012F00005F094FB02231A460321B84805F02BFDA4
:101300000121B64805F07CFC01221146B34805F0E6
:101310004FFC0121B14805F033F80021AF4804F03B
:10132000EFFF0020AD49143108800120AB4908804F
:101330004FF4C06003F0F8FD1E208DF8000004207B
:101340008DF8010000208DF8020001208DF80300C7
:10135000684603F0EEFD09B000BD00B589B001217B
:10136000082004F038F90121084604F001F90320AF
:10137000019002208DF8080003208DF8090000205C
:101380008DF80A0001208DF80B0001A9944803F0A4
:10139000A9FE0020ADF818004FF6FF70079000205E
:1013A000ADF82000ADF81A0006A98E4804F05FFFE2
:1013B000022200218A4803F020FF022201218848EE
:1013C00003F01BFF0420ADF80C000220ADF80E0066
:1013D000C820ADF814000120ADF8100003A9814821
:1013E00005F01CFB02231A4603217E4805F0B3FCDE
:1013F00001217C4805F004FC01221146794805F0E2
:10140000D7FB0121774804F0BBFF0021754804F0A9
:1014100077FF00207349143108800120714908804A
:101420004FF4C06003F080FD32208DF800000420EE
:101430008DF8010000208DF8020001208DF80300D6
:10144000684603F076FD09B000BD00B59BB00121F0
:10145000654804F08DF80121080204F0CDF8002061
:101460000290624803906248049000200590082092
:101470000690002007904FF480600890400009908B
:1014800080000A9040110B9040020C9000200D90BB
:1014900001200E9000200F90109002A9554804F0F2
:1014A00079FC0121534804F0AFFC3C20009003205C
:1014B0008DF8040000208DF807006946484803F0C5
:1014C00011FE3C20009003208DF8040000208DF8D0
:1014D00007006946484803F005FE0020119012906D
:1014E0001390149011A804F0BBF94FF08070159080
:1014F00001208DF858008DF85900002017901890A1
:10150000199008208DF8680015A938484C3804F067
:1015100078F900230122022134484C3804F0F7F90D
:1015200000230222032131484C3804F0F0F9002353
:10153000032204212D484C3804F0E9F90023042249
:1015400005212A484C3804F0E2F9002305220C2139
:1015500026484C3804F0DBF9002306220D212348ED
:101560004C3804F0D4F9002307220E211F484C38D0
:1015700004F0CDF9002308220F211C484C3804F058
:10158000C6F9012119484C3804F06CFA01211748BA
:101590004C3804F05CFA012114484C3804F077F917
:1015A00012484C3804F00FFA1BB000BD08B54FF4D8
:1015B000E06003F0B9FC25208DF8000000208DF8D4
:1015C00001008DF8020001208DF80300684603F049
:1015D000B0FC08BD00000140000C024000080040C3
:1015E00000000240000C0040050040004C2001407B
:1015F000E0050020106402400008024010B596B0DB
:1016000004460121102003F0F7FF0121084603F0F2
:10161000AFFF0121880503F0ABFF4FF4C0600090DD
:1016200002208DF8040000208DF806008DF80700D8
:1016300002208DF805006946FE4803F053FD07229D
:101640000921FC4803F0D9FD07220A21F94803F0DB
:10165000D4FD02940020ADF80C00ADF80E00ADF8FA
:101660001000ADF814000C20ADF8120002A9F248E9
:1016700005F0F0FB0121F04805F074FC4FF4A06088
:1016800003F052FC3A208DF8180000208DF8190064
:101690008DF81A0001208DF81B0006A803F049FC04
:1016A000E64804F0D5FA4FF00060079000200A9059
:1016B000E34809900A200B90DF48001D08900020A5
:1016C0000C904FF480600D9000200E900F904FF41E
:1016D000807010904002119004201290032013900B
:1016E00000201490159007A9D44804F053FB012260
:1016F0004021D14805F0E3FC01221021CF4804F03D
:1017000010FC0121CD4804F07FFB16B010BD10B5D0
:1017100096B004460121480503F02AFF0121480440
:1017200003F059FF0121082003F022FF6020009000
:1017300002208DF8040000208DF806008DF80700C7
:1017400002208DF805006946BE4803F0CBFC072255
:101750000521BC4803F051FD07220621B94803F0DA
:101760004CFD02940020ADF80C00ADF80E00ADF871
:101770001000ADF814000C20ADF8120002A9B24818
:1017800005F068FB0121B04805F0ECFB4FF4A060C8
:1017900003F0CAFB11208DF8180000208DF8190005
:1017A0008DF81A0001208DF81B0006A803F0C1FB7C
:1017B000A64804F04DFA4FF00060079040200A90D0
:1017C000A348099046200B909F48001D08900020D8
:1017D0000C904FF480600D9000200E900F904FF40D
:1017E00080701090400211900420129003201390FA
:1017F00000201490159007A9944804F0CBFA012218
:101800008021914805F05BFC012280218E4805F083
:1018100056FC012210218D4804F083FB01218B48E6
:1018200004F0F2FA16B010BD10B596B004460121CE
:10183000880403F0D0FE0121082003F099FE012165
:10184000480503F095FE4FF44070009002208DF89B
:10185000040000208DF806008DF8070002208DF8A6
:1018600005006946774803F03DFC072208217548CA
:1018700003F0C3FC07220921724803F0BEFC029466
:101880000020ADF80C00ADF80E00ADF81000ADF87A
:1018900014000C20ADF8120002A96E4805F0DAFA27
:1018A00001216C4805F05EFB4FF4A06003F03CFBA7
:1018B0000C208DF8180000208DF819008DF81A0002
:1018C00001208DF81B0006A803F033FB5F48783831
:1018D00004F0BEF94FF00060079000200A905E48C7
:1018E00009900A200B905B48001D089000200C9086
:1018F0004FF480600D9000200E900F904FF4807098
:1019000010904002119004201290032013900020A8
:101910001490159007A94D48783804F03BFA01223D
:1019200040214C4805F0CBFB01224021494805F0FD
:10193000C6FB012210214548783804F0F2FA012153
:101940004248783804F060FA16B010BD10B596B071
:1019500004460121C80403F03EFE0121084603F0BD
:1019600007FE0121480503F003FE0320009002203A
:101970008DF8040000208DF806008DF80700022085
:101980008DF8050069462B4803F0ACFB08220021C6
:10199000284803F032FC08220121264803F02DFCE0
:1019A00002940020ADF80C00ADF80E00ADF8100068
:1019B000ADF814000C20ADF8120002A9274805F07C
:1019C00049FA0121254805F0CDFA4FF4A06003F053
:1019D000ABFA0D208DF8180000208DF819008DF855
:1019E0001A0001208DF81B0006A803F0A2FA174880
:1019F000603804F02DF94FF00060079000200A9045
:101A00001748099008200B901448001D08900020EA
:101A10000C904FF480600D9000200E900F904FF4CA
:101A200080701090400211900420129003201390B7
:101A3000002017E000000240001001404064024016
:101A4000F0050020000C024000440040A06002406D
:101A500004000020004800402C060020004C0040FC
:101A6000FF0500201490159007A9FB4804F092F997
:101A700001224021F94805F022FB01224021F748CC
:101A800005F01DFB01221021F34804F04AFA012160
:101A9000F14804F0B9F916B010BD10B596B004467F
:101AA0000121480503F064FD0121080503F093FDC1
:101AB00001210C2003F05CFD0420009002208DF831
:101AC000040000208DF806008DF8070002208DF834
:101AD00005006946E24803F005FB4FF48050009092
:101AE00002208DF8040000208DF806008DF8070014
:101AF00002208DF805006946DA4803F0F3FA08225F
:101B00000221D74803F079FB08220C21D54803F0C5
:101B100074FB4FF4A06003F007FA2F208DF8180033
:101B200005208DF819008DF81A0001208DF81B0092
:101B300006A803F0FEF902940020ADF80C00ADF801
:101B40000E00ADF81000ADF814000C20ADF8120036
:101B500002A9C54805F07EF90121C34805F002FA43
:101B6000BD48783004F074F84FF0006007904020D2
:101B70000A90BE48099096200B90BB48001D089023
:101B800000200C904FF480600D9000200E900F907C
:101B900010904FF400301190002012900320139009
:101BA00000201490159007A9AB48783004F0F2F8A3
:101BB00001228021AC4805F082FA01221021A648BA
:101BC000783004F0AEF90121A348783004F01CF914
:101BD00016B010BD10B596B004460121202003F0C8
:101BE0000BFD0121042003F0C3FC0121880503F053
:101BF000BFFCC020009002208DF8040000208DF86A
:101C000006008DF8070003208DF805006946954809
:101C100003F068FA08220621924803F0EEFA08223F
:101C20000721904803F0E9FA02940020ADF80C0077
:101C3000ADF80E00ADF81000ADF814000C20ADF8B2
:101C4000120002A98A4805F005F90121884805F02B
:101C500089F94FF4A06003F067F939208DF8180076
:101C600003208DF8190001208DF81A008DF81B0053
:101C700006A803F05EF97F4803F0EAFF4FF020600A
:101C8000079000200A907C48099010200B9078481B
:101C9000001D089000200C904FF480600D900020F3
:101CA0000E900F904FF4807010904002119004201D
:101CB00012900320139000201490159007A96D48EE
:101CC00004F068F801224021694805F0F8F9012282
:101CD0001021684804F025F90121664804F094F8C1
:101CE00016B010BD0FB50020039002900190009037
:101CF00061480078022849D15F48407802905E48E8
:101D0000C0785D49897840EA012001905A484079BD
:101D10005949097940EA012000B20090BDF800005D
:101D200000F4004018B1BDF8000000B20090524924
:101D30000978514A527811444F4A927811444E4AD8
:101D4000D27811444C4A127911444B4A527988187E
:101D5000C11700EB11610912A0EB0121C9B2039177
:101D6000454880799DF80C1088420FD14248C079CF
:101D700003280BD19DF8080040490870BDF8040005
:101D80003F490880BDF900003E4908800FBD00B5FD
:101D900085B00121082003F0EBFB0121880303F04B
:101DA0002BFC00208DF8100001208DF813000C2072
:101DB000039003A92A4803F095F90221032005F0B6
:101DC00017FA0420009000208DF8040010208DF8F0
:101DD000050001208DF80600684604F01BF9082074
:101DE0008DF8080000208DF809008DF80A00012008
:101DF0008DF80B0002A803F09CF805B000BD70B58B
:101E000004460D46012C0BD129461F4805F0D5F894
:101E100000BF40211C4805F080F90028F9D044E0BB
:101E2000032C0BD12946194805F0C7F800BF402103
:101E3000164805F072F90028F9D036E0042C27D1B5
:101E40002946064805F0B9F800BF4021034805F0CF
:101E500064F90028F9D028E040600240004C0040BE
:101E6000000C024000080240005000404A050020DB
:101E700000140140286402403B0600205701002066
:101E80005A01002058010020001001400048004085
:101E9000052C0AD12946FE4805F08FF800BF4021E5
:101EA000FB4805F03AF90028F9D070BD0020F94947
:101EB0004862F9490860F9490860F94908607047C3
:101EC0000020F4494862F44908604FF080414862BC
:101ED000F4490860F4490860F4490860EF49086073
:101EE000EF490860F2490860F24908607047002035
:101EF0004FF080414862EB49086070470020EA4992
:101F00000860EA490860704710B50020EA49087087
:101F1000002407E061210120FFF771FF3220FEF766
:101F2000B0FD641C022CF5D30120E34908707A202F
:101F3000E249087010BD10B50020E1490870002486
:101F400007E061210320FFF75AFF3220FEF799FDD9
:101F5000641C022CF5D30120D94908707A20D94994
:101F6000087010BD2DE9F14FAEB0D7A02D90002024
:101F70002C908DF888008DF860002E98122831D2B0
:101F8000DFE800F009313A41484F565F68717A81C5
:101F9000888F969DA5FE0221D44803F005F988B1EB
:101FA00000224FF40041D24803F01CF94FF40041E5
:101FB000CF4803F006F9044600222146CDA0FEF7E3
:101FC0003FFB0FE00122D103C94803F00BF94FF4A6
:101FD0000041C74803F0F5F8044600222146CDA091
:101FE000FEF72EFB4EE20122D248B0F9000041423A
:101FF000D1A0FEF725FB45E20222D1480168D1A01D
:10200000FEF71EFB3EE20322D1480168D1A0FEF795
:1020100017FB37E20422D2480168D2A0FEF710FB7A
:1020200030E20522D3480168D3A0FEF709FB29E27C
:10203000FEF747FC044606222146D2A0FEF700FB2D
:1020400020E2FEF78DFC044607222146D0A0FEF7D1
:10205000F7FA17E2FEF7B0FC044608222146CFA0AB
:10206000FEF7EEFA0EE2FEF7D1FC04460922214605
:10207000CDA0FEF7E5FA05E2CE4801790A22CEA00E
:10208000FEF7DEFAFEE10B22CD480178CDA0FEF787
:10209000D7FAF7E10C22CE480188CEA0FEF7D0FA9D
:1020A000F0E10D22CE480168CEA0FEF7C9FAE9E1C1
:1020B0000E22D0480168D0A0FEF7C2FAE2E10F225A
:1020C000D148B0F90010D1A0FEF7BAFADAE1012147
:1020D000D14803F069F84FF400511790844803F099
:1020E00063F804460221CC4803F05EF805464FF43D
:1020F00080417F4803F058F806460421C64803F0A3
:1021000053F84FF400411690C34803F04DF80746CA
:102110000821C14803F048F880464FF48041BE488A
:1021200003F042F881461021BB4803F03DF84FF41C
:1021300000511590B84803F037F882460821B74897
:1021400003F032F84FF480511490B34803F02CF8A8
:1021500010211390B14803F027F84FF480611290DA
:10216000AD4803F021F883468021AB4803F01CF80A
:102170004FF480711190A84803F016F8109000E019
:1021800021E01798CDE90B65CDE90D401698CDE912
:102190000798CDE90970DDE914211398CDE9042AE7
:1021A00006910390DDE91110CDE9001B02909CA27D
:1021B000282122A8109B07F055FA102222A9A1A0DD
:1021C000FEF791FA5EE18021484802F0FAFF0446EA
:1021D0000121464802F0F5FF05464021434802F040
:1021E000F0FF06464FF400418C4802F0EAFF074634
:1021F0004FF48051944802F0E4FF80464FF4806130
:102200003A4802F0DEFF81464FF400618E4802F04A
:10221000D8FF4FF400611790344802F0D2FF824695
:102220004FF480617D4802F0CCFF83464FF480512B
:102230002E4802F0C6FF4FF400611690774802F076
:10224000C0FF4FF400511590284802F0BAFF4FF438
:1022500080411490714802F0B4FF4FF48041139014
:10226000224802F0AEFF4FF480711290764802F0DF
:10227000A8FF4FF4004111901C4802F0A2FFCDE9E5
:102280000B76CDE90D5410901798CDE907A0DDE04D
:10229000005000400000014064000020240800407D
:1022A0008000002068000020240400406C00002012
:1022B000240C0040700000208900002088000020CD
:1022C0008B0000208A000020313131313131313131
:1022D00031313131313131313131313131313031EF
:1022E0003131313131313131000000000004024020
:1022F00000080240524F424F5420322044414E4782
:1023000020434841592053414E2058414E483A20DD
:1023100020200000524F424F5420322044414E476B
:1023200020434841592053414E20444F3A20202019
:102330000000000084000020494D553A00000000D4
:10234000A0000020474F432042414E3A00000000C9
:10235000F802002066696E616C5F43414D3A0000EF
:10236000F00200204C75632042616E5F43414D3A9C
:10237000200000009800002047545F4C617A6520DF
:1023800000000000454E434F4445525F464C20003C
:10239000454E434F4445525F46522000454E434F01
:1023A0004445525F524C2000454E434F4445525FD6
:1023B000525220002C06002042544E3A00000000E9
:1023C000570100206F6666736574203A00000000B4
:1023D0005A01002064697374616E63653A000000FD
:1023E000FC02002046696E616C5F4C617A65723A4E
:1023F00000000000F40200204C75632042616E2052
:102400004C617A65720000005801002064697265B1
:102410006374696F6E3A000000100240000C0240C5
:102420002564256425642564256425642564256464
:102430002564256425642564256425642564256454
:1024400000000000493A000000000240CDE9099870
:10245000DDE914121698CDE9050BCDE90312DDE98B
:1024600011121398CDE900120290AFF24C0228210C
:1024700022A8109B07F0F6F8112222A9FEA0FEF771
:1024800032F900BF00BF2FB0BDE8F08F10B50121B9
:10249000FB4803F0B9FC10BD01B5FA48006800998B
:1024A000884203DD0020F749086004E0F548006831
:1024B000401CF4490860F3480068FFF753FD08BD6D
:1024C00010B5FEF779FAF0490860FEF79FFAEF4978
:1024D0000860FEF7F6F9EE490860FEF741FAED49AB
:1024E000086010BD2DE9F0412DED088B06460F4622
:1024F000304606F062FE41EC190B9FEDE71BB0EE93
:10250000490AF0EE690A07F0D5FAB0EE408AF0EE1B
:10251000608A51EC180B06F061FE0446002C02DBC9
:10252000A4F5E16401E004F5E164384606F045FEF7
:1025300041EC1B0B9FEDD81BB0EE4B0AF0EE6B0A83
:1025400007F0B8FAB0EE409AF0EE609A304606F026
:1025500034FE41EC1B0B9FEDD01BB0EE4B0AF0EEAE
:102560006B0A07F0A7FAB0EE40AAF0EE60AA53ECAF
:10257000192B51EC1A0B06F039FD41EC180B06F043
:102580002DFE05462846211E01DB0A4600E04A4290
:10259000002801DB034600E043429A4205DA254663
:1025A0004FF0FF30BE49086003E035460120BC49CA
:1025B00008602846BDEC088BBDE8F0810146FA2989
:1025C00001DDFA2102E0032900DA0221C8B27047D6
:1025D00030B505460C4625B9B2480078B249C877EF
:1025E00016E0B24890ED000AB5EEC00AF1EE10FA1E
:1025F00007DD2846FFF7E2FFAB49C8770020887760
:1026000006E06842FFF7DAFFA749C877012088771C
:1026100024B9A4480078A449C87516E0A44890EDF0
:10262000000AB5EEC00AF1EE10FA07DD2046FFF70A
:10263000C5FF9D49C8750020887506E06042FFF718
:10264000BDFF9949C8750120887522B99548007861
:102650009549C87116E0974890ED000AB5EEC00A9A
:10266000F1EE10FA07DD1046FFF7A8FF8E49C8719A
:102670000120887106E05042FFF7A0FF8A49C87127
:102680000020887123B9874800788749C87316E00D
:10269000894890ED000AB5EEC00AF1EE10FA07DDA8
:1026A0001846FFF78BFF8049C8730120887306E046
:1026B0005842FFF783FF7C49C8730020887330BD00
:1026C00010B57E4C20607E4C21607E4C22607E4C9A
:1026D000236010BD744AD077D075D071D073704725
:1026E0007148C07F03280DDA6F48C07D032809DADE
:1026F0006D48C079032805DA6B48C07B032801DAEE
:10270000012070470020FCE70120704908607047F5
:102710006F48006847F23051884201D0012070476D
:102720000020FCE710B5FFF7EFFB10BD6948B0F9DA
:10273000000040427047B5EEC00AF1EE10FA09D22F
:102740006548D0ED000A70EE600AFDEEE00A10EE7A
:10275000900A70476048D0ED000A70EE200AFDEE46
:10276000E00A10EE900AF4E710B52DED0A8B04464E
:1027700024B99FED5A0ABDEC0A8B10BD002C25DA56
:102780005748006806F019FD41EC190B204606F089
:1027900014FD41EC1C0B9FED530B53EC102B06F07A
:1027A0002BFC41EC1B0B9FED510B53EC102B06F057
:1027B0001DFC41EC1A0B53EC192B06F08FFC41EC7D
:1027C000180B06F03DFD00EE100AD4E744480068FF
:1027D00006F0F3FC41EC190B204606F0EEFC41EC50
:1027E0001C0B9FED400B53EC102B06F005FC41EC4D
:1027F0001B0B9FED3E0B53EC102B06F056FB41ECF0
:102800001A0B53EC192B06F069FC41EC180B06F07F
:1028100017FD00EE100AAEE7F0EE400AF5EEC00A32
:10282000F1EE10FA02DBB0EE600A7047B1EE600A1A
:10283000FBE70146002901DB084670474842FCE7F8
:1028400001462C48D0ED000AF1EE600A2A48D0ED8E
:10285000001A80EEA11A00EE901AF8EEE01A254850
:10286000D0ED000A41EE210AB0EE600AFDEEC00A8A
:1028700010EE900A704700004F55543A00000000D7
:10288000A06002407C0000203403002038030020B8
:102890003C03002040030020000000000020AC406A
:1028A0004C020020A0010020040000200C020020A7
:1028B0001002002014020020180200203402002020
:1028C000380200202C020020300200208802002064
:1028D000CC010020840000206001002000000000E6
:1028E000B8010020EC51B81E85EBB13F9A99999937
:1028F0009999B93F980100209C010020B0EE402A30
:10290000DFEDFE2AB0EE620AB5EEC02AF1EE10FA53
:1029100003D2F1EE422AB0EE622AF5EEC00AF1EEE1
:1029200010FA03D2F1EE602AF0EE620AB5EEC01A98
:10293000F1EE10FA03D2F1EE412AB0EE621AF5EE92
:10294000C01AF1EE10FA03D2F1EE612AF0EE621A2B
:10295000B4EEC02AF1EE10FA01DDB0EE420AF4EE58
:10296000C00AF1EE10FA01DDB0EE600AB4EEC01A52
:10297000F1EE10FA01DDB0EE410AF4EEC01AF1EE0C
:1029800010FA01DDB0EE610A7047DD48006870475B
:10299000DC480068704710B52DED048BF0EE408ADE
:1029A000B0EE608AD848D0ED000AD84890ED000A11
:1029B00007F02AFFB0EE409A08F05DFBBDEEC00ABA
:1029C00010EE104AD24880ED008AD24880ED008A8D
:1029D000B0EE680A08F04AFAF0EE000A20EE200A8B
:1029E000CD4880ED000AB0EE680A06F0BBFFF0EEBD
:1029F000000A20EE200AC94880ED000A90ED000A86
:102A0000F2EE040A20EE200AC54880ED000AB0EE7E
:102A1000680A08F02BFAB0EE409AFFF78CFE00EE41
:102A2000100AB8EEC00ABF4880ED000ABA4890ED1F
:102A3000000AB748D0ED000A30EE600ABA4880EDCF
:102A4000000AB54890ED000AB148D0ED000A30EE1A
:102A5000200AB64880ED000AB04890ED000AAD4863
:102A6000D0ED000A30EE600AB14880ED000AAB48B4
:102A700090ED000AA748D0ED000A30EE200AAD48DC
:102A800080ED000AAA48D0ED000AA84890ED000A9F
:102A900006F040FEDFEDA80A20EE200AA748D0EDA0
:102AA000000A80EE201AA64880ED001AA5480168A9
:102AB000A34890ED000ABDEEC00A10EE100AFFF721
:102AC00011FD00EE100AB8EEC00A9D4880ED000A24
:102AD0009D4890ED000AB8EEC00A9C4880ED000ABF
:102AE0009248D0ED000A60EEA00A914890ED001ADD
:102AF000D0ED001A41EE210AB0EE600A08F0BBFAF0
:102B00009148D0ED000AF8EEE00A20EE200A904845
:102B100080ED000A8748D0ED000A844890ED000A55
:102B200006F0F8FDDFED840A20EE200A8348D0EDA0
:102B3000000A80EE201A874880ED001A8648016856
:102B4000844890ED000ABDEEC00A10EE100AFFF7AF
:102B5000C9FC00EE100AB8EEC00A7E4880ED000AFB
:102B6000794890ED000AB8EEC00A7C4880ED000A72
:102B70006E48D0ED000A60EEA00A6E4890ED001A93
:102B8000D0ED001A41EE210AB0EE600A08F073FAA7
:102B90006D48D0ED000AF8EEE00A20EE200A7048F9
:102BA00080ED000A6348D0ED000A5F4890ED000A0E
:102BB00006F0B0FDDFED600A20EE200A5F48D0EDA0
:102BC000000A80EE201A674880ED001A6648016806
:102BD000644890ED000ABDEEC00A10EE100AFFF73F
:102BE00081FC00EE100AB8EEC00A5E4880ED000AD3
:102BF000554890ED000AB8EEC00A5C4880ED000A26
:102C00004948D0ED000A60EEA00A4A4890ED001A4B
:102C1000D0ED001A41EE210AB0EE600A08F02BFA5E
:102C20004948D0ED000AF8EEE00A20EE200A5048AC
:102C300080ED000A3E48D0ED000A3B4890ED000AC6
:102C400006F068FDDFED3C0A20EE200A3B48D0ED9F
:102C5000000A80EE201A474880ED001A46480168B5
:102C6000444890ED000ABDEEC00A10EE100AFFF7CE
:102C700039FC00EE100AB8EEC00A3E4880ED000AAA
:102C8000314890ED000AB8EEC00A3C4880ED000AD9
:102C90002548D0ED000A60EEA00A254890ED001A04
:102CA000D0ED001A41EE210AB0EE600A08F0E3F917
:102CB0002548D0ED000AF8EEE00A20EE200A304860
:102CC00080ED000ABDEC048B10BD10B52DED028B1C
:102CD000B0EE408A2B48006847F23051884268D1F4
:102CE0009FED290A28EE000A284880ED000AD0ED61
:102CF000000A9FED270AFFF74EFE4BE06F12833A62
:102D0000B8010020E80100207402002078020020B1
:102D1000680200206C0200205002002054020020B3
:102D20007C02002080020020580200205C0200206B
:102D300060020020640200200000E144AC01002099
:102D400020020020400300204C020020100200203E
:102D5000000200201C0200203C0300200C02002086
:102D6000FC01002024020020340300201402002073
:102D7000040200202802002038030020180200204E
:102D800008020020CC0100200000E1437002002076
:102D9000000000001FED020AFE4880ED000AFE4818
:102DA00080ED000AFD4880ED000AFD4880ED000A34
:102DB00021E0FC480068FC490968401AFB490968A1
:102DC000081A00EE100AB8EEC00AF948D0ED000A61
:102DD00020EE200AF748D0ED000AC0EE208AF6481F
:102DE00090ED000AF54880ED000AD0ED000AB0EE43
:102DF000680AFFF7D0FDB5EEC08AF1EE10FA75D083
:102E0000EF480068052870D2DFE800F00371879D65
:102E1000B300EC4890ED000AFAEE040AB4EEE00AC2
:102E2000F1EE10FA08D390ED000AF2EE040AB4EEC7
:102E3000E00AF1EE10FA1CDDD94890ED000A30EE00
:102E4000080A80ED000AD54890ED000A30EE480AE5
:102E500080ED000AD04890ED000A30EE080A80EDBF
:102E6000000ACC4890ED000A30EE480A80ED000AD6
:102E70003BE0D54890ED000AD448D0ED000A60EE62
:102E8000200AC74890ED000A00EE880A80ED000A8B
:102E9000CD4890ED000ACE48D0ED000A60EE200A41
:102EA000BE4890ED000A00EE880A80ED000AC64890
:102EB00090ED000AC748D0ED000A60EE200AB6483F
:102EC00090ED000A00EEC80A80ED000ABE4890EDC1
:102ED000000AC148D0ED000A60EE200AAD4890ED2E
:102EE000000A00EEC80A80ED000A58E058E0AB483E
:102EF00090ED000A30EE480A80ED000AA64890EDF9
:102F0000000A30EE080A80ED000AA24890ED000A9F
:102F100030EE480A80ED000A41E0A14890ED000A39
:102F200030EE080A80ED000A9B4890ED000A30EE72
:102F3000080A80ED000A974890ED000A30EE480A32
:102F400080ED000A2BE0964890ED000A30EE080A6A
:102F500080ED000A914890ED000A30EE480A80EDBD
:102F6000000A8C4890ED000A30EE480A80ED000A15
:102F700015E08B4890ED000A30EE080A80ED000A5B
:102F8000864890ED000A30EE480A80ED000A82483B
:102F900090ED000A30EE080A80ED000A00BF00BF85
:102FA0007C48D0ED001A7C4890ED001A7B48D0EDAB
:102FB000000A7B4890ED000AFFF7A0FC8748D0ED9F
:102FC000000AF8EEE00A80EE801ABDEEC10A8448DD
:102FD00080ED000A8348006881490968884203DD62
:102FE0007F4800687F49086001207F490860BDEC88
:102FF000028B10BD10B5044600207C4908607C4857
:103000000460FCB90020774908601FED9F0A7948E9
:1030100080ED000A47F23050644908607649086044
:103020001FEDA50A644880ED000A0020644908608D
:103030007249086072490860724908601FEDAC0A65
:10304000FFF743FE10BD10B55B4890ED000AB5EEEA
:10305000C00AF1EE10FA05D15948006810B9674866
:10306000006890B11FEDB60A534880ED000A0020B9
:1030700053490860614908604A4800684A49086045
:103080004D4890ED000AFFF720FE10BD5E48C0EDF0
:10309000000A5E4880ED000A704770B52DED028B86
:1030A00005460C46B0EE408A40480068A8420BD165
:1030B0004E480068A04207D14E4890ED000AB4EE99
:1030C000480AF1EE10FA18D04848046045480068F4
:1030D00010B9052043490860324800683249086049
:1030E000444880ED008A3148056000204849086066
:1030F000314890ED000AFFF7E8FDBDEC028B70BD92
:1031000070B52DED028B0446B0EE408A0D463B486B
:103110000068A0420BD1284890ED000AB4EE480A9E
:10312000F1EE10FA03D126480068A84279D01F4872
:10313000006847F23051884222D132202B49086082
:1031400007202849086047F23050844218DA0120ED
:103150002B490860B5EEC08AF1EE10FA03DD114884
:103160000068A04208DCB5EEC08AF1EE10FA07D282
:103170000C480068A04203DAB1EE480AB0EE408A7B
:103180001E4804600E4805600B4880ED008A002050
:103190001F4940E008020020040200200002002035
:1031A000FC010020F0010020D8010020CC0100200B
:1031B000A801002078010020E0010020700200201A
:1031C000B40100207C020020500200200C020020EC
:1031D0001002002014020020180200205C010020D0
:1031E000C0010020B8010020B0010020BC01002077
:1031F000C4010020E4010020D0010020D4010020FF
:10320000E801002088020020980100209C01002095
:10321000C801002005E00860FE4890ED000AFFF7B5
:1032200054FDBDEC028B70BD10B52DED028BB0EEE0
:10323000408A04462146B0EE480A47F23050FFF774
:103240005FFFBDEC028B10BD70B504460D469FEDCF
:10325000F20A29462046FFF720FF70BD10B52DED7C
:10326000088BF0EE408A0446B0EE608AB0EE419AD8
:10327000EA4890ED000AB8EEC00AB4EE680AF1EE32
:1032800010FA0DD1E6480068A04209D1E54890ED5A
:10329000000AB8EEC00AB4EE480AF1EE10FA5ED0A9
:1032A000BDEEE80ADD4880ED000ADF4991ED000A35
:1032B000B8EEC00A38EEC00ABDEEC00A10EE100A21
:1032C0009FEDD50A2146FFF7E8FED748D0ED000A6A
:1032D000F8EEE00A78EE600AB0EE600AFFF79CFABA
:1032E000DFEDD20AB4EEE00AF1EE10FA14DDCE48BA
:1032F00090ED000AB8EEC00AB4EEC08AF1EE10FA02
:1033000002DDB0EE490A01E0B1EE490A10EE101AF2
:10331000084605F082FF13E0C34890ED000AB8EEBE
:10332000C00A38EE400A10EE101A084605F075FF84
:1033300041EC1B0B9FEDBE0B53EC102B05F05CFE1C
:1033400041EC1A0B05F07CFF09EE900A0021B0EE6B
:10335000690AFDEEC80A10EE900AFFF7D1FEBDEC37
:10336000088B10BD10B5B448006801283DDDAD499B
:103370000968AD4A1268881AFFF75BFA0A280CDA66
:10338000AD4801680068401CAB4A1060B1F5FA7F97
:103390002BDD0020FFF72EFE10BDA7480068FA289D
:1033A00008DD05209E490860A4490860FB20A24969
:1033B000086004E005209A490860A04908609A481E
:1033C000006898490968884205DDBFEE000A914807
:1033D00080ED000A04E0B7EE000A8E4880ED000A96
:1033E0008C4890ED000AFFF770FC00BFD4E710B5E1
:1033F0002DED028B924890ED000AB5EEC00AF1EE79
:1034000010FA08D18D48006828B18648006847F254
:103410003051884202DBBDEC028B10BD7D4890ED3F
:10342000000AB5EEC00AF1EE10FA7DD085480068BA
:1034300047F23051884278D1764890ED000AB5EED7
:10344000C00AF1EE10FA08DD764800687E49096886
:10345000401A75490968884210DB6E4890ED000AF1
:10346000B5EEC00AF1EE10FA7DD26E4800687649DA
:10347000096808446C490968884274DD6E48006830
:1034800005285BDA67490968674A1268881AFFF7F6
:10349000D0F9322816DA634800686C4908600020C9
:1034A000664908605E4908609FED5B0A594880EDF7
:1034B000000A022060490860564890ED000AFFF7B4
:1034C00004FCA8E75748006857490968884236DD78
:1034D0005A4890ED000AB8EEC00A4E48D0ED000AF6
:1034E00060EE200A584890ED000AB8EEC00AC0EE1F
:1034F000801AB0EE611AB0EE410AFFF78DF9494922
:103500000968494A1268881AFFF793F900EE900A91
:10351000B8EEE01AF1EE040A40EE010A474890EDD9
:10352000000AB8EEC00A01E0C9E044E080EE801A6B
:10353000B0EE418AB0EE480AFFF7C7FBBEE03F4855
:1035400090ED000AB8EEC00A3248D0ED000A60EEF5
:10355000200A3D4890ED000AB8EEC00AC0EE801A7D
:10356000B0EE611A00E020E0B0EE410AFFF754F936
:103570002C4909682C4A1268881AFFF75AF900EE9C
:10358000900AB8EEE01AF1EE040A50EE410A2B4818
:1035900090ED000AB8EEC00A80EE801AB0EE418AC3
:1035A000B0EE480AFFF791FB88E01A4890ED000A58
:1035B000FFF78BFB82E0174890ED000AB5EEC00ADA
:1035C000F1EE10FA1FDD174890ED000AB8EEC00AC0
:1035D0001A48D0ED000AF8EEE00A0E4890ED001A05
:1035E00000EEC10A1A48D0ED000AF8EEE00A70EECB
:1035F000600A0D4890ED000AB8EEC00AF4EEC00A69
:10360000F1EE10FA49D3034890ED000AB5EEC00A76
:1036100020E00000E001002000000000D0010020B8
:10362000BC010020D4010020F0010020000048422D
:10363000FCA9F1D24D62403FE8010020B801002012
:10364000E4010020CC01002094010020EC010020C6
:1036500090010020F1EE10FA2BD2F74890ED000A0D
:10366000B8EEC00AF548D0ED000AF8EEE00AF448DA
:1036700090ED001A00EEC10AF248D0ED000AF8EE13
:10368000E00A70EE200AF04890ED000AB8EEC00A99
:10369000F4EEC00AF1EE10FA0BDDE7490968EA4AD8
:1036A0001268881AFFF760F8B0EE408AFFF70DFB4A
:1036B00004E0E34890ED000AFFF707FBABE6E349BF
:1036C0000968E14A1268881AFFF74EF8B0EE408A9E
:1036D000FFF7FBFA00BF9EE600B5DD480068022850
:1036E00015DA1FED330ADB4880ED000A1FED360ABC
:1036F000D34880ED000A0020D749086047F23050D7
:10370000D6490860D64908600020CB490860D548F2
:103710000068401CD3490860D3490968884204DA2C
:10372000D2480068FEF7D6FF0EE0CF480068CD49CA
:103730000860CF48006820B1CC480068FEF7CAFF97
:1037400002E00020FEF7C6FF00BDC64A1268521C08
:10375000C44B1A60824207DDB84A12680A44B74B6C
:103760001A600022BF4B1A6070472DE9F041FEF746
:10377000DDFFB5490860FFF7F5FDBE480068002889
:1037800021DDAE480068BB49096888422AD0AB48B1
:103790000068B849096888420EDAA8480068B64946
:1037A000096888421EDAA5480068FFF749F8044610
:1037B0000121FFF7CAFF15E04FF0FF31AF48006865
:1037C000FFF7C3FF0EE09D480068002806DD4FF0BC
:1037D000FF31AB480068FFF7B8FF03E0FFF77CFF5D
:1037E000BDE8F081A748006897490968884205D07C
:1037F000FFF7FDFD94480068A2490860A2480068F0
:10380000F0B38E48D0ED000AF8EEE00A9F4890ED44
:10381000001A60EE810AB0EE600AFEF78CFF0446E3
:103820008648D0ED000AF8EEE00A994890ED001ABB
:1038300060EE810AB0EE600AFEF77DFF05467F4824
:10384000D0ED000AF8EEE00A924890ED001A60EE22
:10385000810AB0EE600AFEF76EFF06467748D0EDAB
:10386000000AF8EEE00A8C4890ED001A60EE810A3A
:10387000B0EE600AFEF75FFF074623462A4600E0E7
:1038800020E03146FEF7A4FE844890ED000ABDEE2C
:10389000C00A10EE103A824890ED000ABDEEC00A50
:1038A00010EE102A7F4890ED000ABDEEC00A10EE1F
:1038B000101A7D4890ED000ABDEEC00A10EE100A05
:1038C000FEF7FEFE00BF8BE710B57848807988B31D
:1038D0007648007800F0800060B37548007875493C
:1038E00081F82B0081F8270081F82F00012081F852
:1038F0002E00002081F8260081F82A0043F6982047
:1039000004F052FEFA206B4981F8330044F620603F
:1039100004F04AFE0020674981F82B0081F8270057
:1039200081F82F0081F8330000224FF400516248E3
:1039300001F058FC5D48807988BB5C48007800F055
:10394000800060B35D4800785A4981F82B0081F807
:10395000270081F82F00012081F82E00002081F837
:10396000260081F82A0043F6982004F01DFEFA2074
:10397000504981F8330044F6206004F015FE002021
:103980004C4981F82B0081F8270081F82F0081F83D
:10399000330000224FF40051474801F023FC434814
:1039A000407800F08000D8B12820424981F82B00EF
:1039B00081F8270081F82F00002081F82E000120D7
:1039C00081F8260081F82A0044F6206004F0ECFD1E
:1039D0000020384981F82F0081F8270081F82B005A
:1039E00010BD3248407800F0400020B1FA20314943
:1039F00081F8330003E000202E4981F8330070473E
:103A00002F49304A126841F822002E490968491CA2
:103A1000142291FBF2F302FB13112A4A1160704742
:103A2000284800681330142290FBF2F302FB1301C4
:103A3000234850F821007047D4010020B80100202D
:103A4000E001002090010020F0010020D8010020BA
:103A5000E8010020E4010020B4010020CC01002096
:103A6000D0010020C8010020A4010020A0010020F6
:103A700088020020BC010020C0010020F8010020C5
:103A8000C4010020F4010020B00100200802002041
:103A90000402002000020020FC0100202802002077
:103AA00024020020200200201C0200202C060020FE
:103AB000F80200200400002000040240FC02002064
:103AC000480600200803002010B52DED0C8B04469D
:103AD000A4F16400002801DB014600E0414200EE51
:103AE000101AB8EEC08ADFEDFE8AB7EE000AB4EE17
:103AF000C08AF1EE10FA04D89FEDFA0ABDEC0C8BE7
:103B000010BDB0EE080AB4EEC08AF1EE10FA04D28D
:103B10009FEDF50AF0EE408A51E0B3EE0E0AB4EEE6
:103B2000C08AF1EE10FA2ED218EE100A05F075FBDD
:103B300041EC1D0B9FEDED0B53EC102B05F05CFAE7
:103B400041EC1C0BB0EE4C0AF0EE6C0A07F0B0FA38
:103B5000B0EE40BAF0EE60BA9FEDE60B53EC102BDE
:103B600051EC1B0B05F048FA41EC1A0B9FEDE30BEF
:103B700053EC102B05F099F941EC190B05F060FBA3
:103B800008EE900A1BE09FEDDF0AB4EEC08AF1EE6A
:103B900010FA04D29FEDDC0AF0EE408A0FE09FEDB0
:103BA000DB0AB4EEC08AF1EE10FA04D29FEDD80A17
:103BB000F0EE408A03E0B7EE080AF0EE408AB0EE7D
:103BC000680A9BE770B52DED028B0546B6EE000A3C
:103BD000F0EE408A2846FFF713FFFFF721FF044667
:103BE000622C04DB662C02DC0020FFF72CFA204656
:103BF000FFF76AFFB0EE408A632C05DA0020B1EED1
:103C0000480AFFF711FB06E0652C04DD0020B0EE4A
:103C1000480AFFF709FBBDEC028B70BD70B5054685
:103C20000C46B4F57A6F22DA012D12D0022D05D0A0
:103C3000032D08D0A5F22B20A0B90FE01421B54820
:103C4000FFF702FB12E014214FF4E170FFF7FCFADA
:103C50000CE01421B048FFF7F7FA07E01420FFF753
:103C6000C9F903E01420FFF7C5F900BF00BF70BD1C
:103C700010B52DED0A8BF0EE408A9FED9A0AB0EE5A
:103C800040CA9FED980AB0EE408A9FEDA40AC8EEA4
:103C9000800A10EE904A204605F0BFFA41EC1B0B5B
:103CA0009FED9F1BB0EE4B0AF0EE6B0A05F084FF10
:103CB000B0EE40AAF0EE60AA9FED9B0B53EC102BE8
:103CC00051EC1A0B05F098F941EC190B05F0B8FA14
:103CD00008EE100A9FED960AB4EEC08AF1EE10FAD3
:103CE00004DD9FED930AB0EE408A0AE09FED870A5B
:103CF000B4EEC08AF1EE10FA03D29FED840AB0EE62
:103D0000408A9FED860A78EEC00A9FED841A80EE05
:103D1000810ADFED7E0A20EE200A10EE104A2046CE
:103D200005F07BFA41EC1B0B9FED820B53EC102B43
:103D300005F062F941EC1A0B9FED800B53EC102B50
:103D400005F0B3F841EC190B05F07AFA08EE100A09
:103D50009FED7C0AB4EEC08AF1EE10FA04DD9FED0F
:103D6000790AB0EE408A0AE09FED770AB4EEC08A85
:103D7000F1EE10FA03D29FED740AB0EE408ABDEE68
:103D8000C80A724880ED000ABDEEC80A704880ED8E
:103D9000000ABDEC0A8B10BD10B52DED088BF0EEBE
:103DA000408A9FED500AF0EE409A9FED4E0AB0EE29
:103DB000408A28EEA80A10EE101A084605F02DFADF
:103DC00041EC1B0BB0EE4B0AF0EE6B0A07F016F954
:103DD000B0EE40AAF0EE60AA51EC1A0B05F030FAF2
:103DE00009EE100A9FED5B0AC9EE000A9FED5A0A20
:103DF00020EE800AB0EE408A9FED4D0AB4EEC08AF4
:103E0000F1EE10FA04DD9FED4A0AB0EE408A0AE0B6
:103E10009FED3E0AB4EEC08AF1EE10FA03D29FED98
:103E20003B0AB0EE408ABDEEC80A4C4880ED000A5D
:103E300000684B49086049480068002808DB47488B
:103E40000068632804DCB2EE080A464880ED000AE8
:103E500042480068642808DB40480068702804DC99
:103E60009FED410A3F4880ED000A3C4800687128F8
:103E700008DB3A4800687C2804DCB2EE060A3948C0
:103E800080ED000A354800687D2808DB334800686B
:103E9000862804DCB2EE050A324880ED000A2F487D
:103EA0000068872808DB2D480068942804DC9FED13
:103EB0002F0A2C4880ED000A28480068952808DB66
:103EC000264800689A2804DC9FED290A254880EDE1
:103ED000000A224800689B2853DB2048006849E01C
:103EE0003333333F00000000AA65FB3E9A9999994D
:103EF0009999A93FE07A14AE47E1CA3F5C8FC2F5B9
:103F0000285CDF3F00002042355E0A3F0000484247
:103F1000F31F123FBAFAFFFF3EFEFFFF00A07F45EE
:103F20009A9999999999F13F0000000000805A40B0
:103F300000007A43666666666666E63F000000003B
:103F400000C0824000001644008009440C03002099
:103F50001003002000401C4500000C43F00200202C
:103F6000F80200200003002066663641CDCC2441D3
:103F7000CDCC1C41AA2804DC9FEDFA0AFA4880ED5A
:103F8000000AFA480068AB2808DBF8480068B42843
:103F900004DC9FEDF70AF44880ED000AF34800685E
:103FA000B52808DBF1480068C72804DC9FEDF10A5A
:103FB000ED4880ED000AED480068C82808DBEB48B2
:103FC0000068FA2804DC9FEDEB0AE74880ED000A60
:103FD000E64890ED000AB8EEC00AE348D0ED000ACA
:103FE00020EE200AF2EE040A80EE201ABDEEC10A8D
:103FF000E14880ED000ABDEC088B10BD10B52DED39
:10400000088BF0EE408A1FED490AF0EE409A1FED52
:104010004B0AB0EE408A28EEA80A10EE101A0846A5
:1040200005F0FBF841EC1B0BB0EE4B0AF0EE6B0A0F
:1040300006F0E4FFB0EE40AAF0EE60AA51EC1A0BD5
:1040400005F0FEF809EE100ADFEDCC0A89EE200A31
:10405000DFEDCB0A20EE200AB0EE408A1FED4C0ABD
:10406000B4EEC08AF1EE10FA04DD1FED4F0AB0EE97
:10407000408A0AE01FED5B0AB4EEC08AF1EE10FA46
:1040800003D21FED5E0AB0EE408ABDEEC80ABD48FD
:1040900080ED000A0068BC490860BA4800683C2806
:1040A00009DBB8480068B0F5AF7F04DC9FEDB70AC4
:1040B000B74880ED000AB34890ED000AB8EEC00A98
:1040C000B348D0ED000A20EE200AF2EE040A80EE9A
:1040D000201ABDEEC10AAC4880ED000ABDEC088B89
:1040E00010BDAC4801680068401CAA4A10606429F1
:1040F00007D2A9484089A94909680844A749086026
:104100000BE0A64800686421B0FBF1F0A449086008
:104110000020A0490860A1490860A2480168006821
:10412000401CA04A1060642907D29B4800899E4920
:10413000096808449C4908600BE09B4800686421BA
:10414000B0FBF1F099490860002096490860964953
:104150000860974801680068401C954A106064290F
:1041600007D28D48808993490968084491490860BD
:104170000BE0904800686421B0FBF1F08E490860C4
:1041800000208B4908608B4908608C4801680068F2
:10419000401C8A4A1060782907D27F48C089884924
:1041A00009680844864908600BE085480068782162
:1041B000B0FBF1F083490860002080490860804925
:1041C0000860814801680068401C7F4A10600A2925
:1041D00007D2714880887D49096808447B49086096
:1041E0000BE07A4800680A21B0FBF1F078490860DA
:1041F00000207549086075490860764801680068C4
:10420000401C744A1060322907D26348C088724942
:1042100009680844704908600BE06F480068322163
:10422000B0FBF1F06D49086000206A4908606A49F6
:1042300008606B4801680068401C694A10603229B8
:1042400007D25548008867490968084465490860ED
:104250000BE0644800683221B0FBF1F0624908606D
:1042600000205F4908605F490860704773B52DED15
:10427000028B142505261FEDE50AB0EE408A5B4847
:104280000079322805DB59480079C82801DC012073
:1042900000E0002004465548007800F00800D0B93E
:1042A0005248007800F01000A8B95048007800F09B
:1042B000200080B94D48007800F0400058B954B152
:1042C0004A48407800F0400028B90020FEF792FEEE
:1042D000BDEC028B7CBD4548407800F0020030B157
:1042E0009DF80C50B7EE000AB0EE408A05E09DF84C
:1042F00008509FED3F0AB0EE408A3C48007800F03D
:10430000080098B13948007800F0100070B93748BB
:10431000007800F0200048B93448007800F04000F0
:1043200020B929463348FEF78FFFFCE02F4800787C
:1043300000F00800A0B92D48007800F0100078B116
:104340002A48007800F0200050B92848007800F092
:10435000400028B9294640F24650FEF775FFE2E0DA
:104360004AE0000000001C4100030020F002002091
:1043700066661A4166661641F80200200000524344
:104380000000DC42F4020020FC02002066661E41B0
:10439000040300204C030020E0050020500300200F
:1043A00090000020540300205803002094000020B7
:1043B0005C030020600300209C00002064030020B8
:1043C00068030020980000206C0300207003002088
:1043D000A00000207403002078030020AC0000201F
:1043E0007C03002080030020A80000202C06002071
:1043F000CDCC4C3E3EFEFFFFF948007800F00800AF
:10440000A0B9F748007800F0100078B9F4480078B7
:1044100000F0200050B1F248007800F0400028B9C8
:1044200029464FF4E170FEF70FFF7CE0EC4800787E
:1044300000F0080098B9EA48007800F0100070B960
:10444000E748007800F0200048B9E548007800F01F
:10445000400020B12946E348FEF7F6FE63E0E0485D
:10446000007800F0080098B1DD48007800F01000F6
:1044700070B9DB48007800F0200048B1D8480078D7
:1044800000F0400020B929460020FEF7DDFE4AE09A
:10449000D348007800F0080098B1D148007800F0C7
:1044A000100070B9CE48007800F0200048B9CC4820
:1044B000007800F0400020B12946CB48FEF7C4FE4A
:1044C00031E0C748007800F00800A0B9C44800787F
:1044D00000F0100078B1C248007800F0200050B120
:1044E000BF48007800F0400028B929464FF46170B9
:1044F000FEF7AAFE17E0BA48007800F0080090B96D
:10450000B748007800F0100068B1B548007800F0B6
:10451000200040B9B248007800F0400018B12946A8
:10452000B248FEF791FEAE48007800F00800D0B91E
:10453000AB48007800F01000A8B9A948007800F056
:10454000200080B9A648007800F0400058B954B166
:10455000FEF7DEF838B1A248407800F0400010B90C
:104560000020FEF747FD14B1FEF76DFD27E09C48E3
:10457000007932280EDAFEF7CBF828B10020B1EE30
:10458000480AFEF751FE1AE00020B1EE480AFEF795
:104590004BFE14E092480079C8280EDDFEF7B8F80B
:1045A00028B10020B0EE480AFEF73EFE07E00020EA
:1045B000B0EE480AFEF738FE01E0FEF744FD00BF0A
:1045C00086E610B500208A4988704FF4004189487A
:1045D00000F0EAFD012804D102208549C8700120BD
:1045E00010BD64208249C8700020F9E710B5002092
:1045F0007F4988704FF400417E4800F0D5FD0128C6
:104600000BD17D48007840B964207949C8700020FA
:104610007A4908607A49086010BDFCF7CDF9041E9C
:1046200001DB204600E0604276490968884208DDE7
:1046300071480078012804D102206D49C87001201A
:10464000EAE732206A49C87001206B4908700020EF
:10465000E2E710B50020664988720421654800F041
:10466000A3FD012804D102206149C872012010BDB8
:1046700064205F49C8720020F9E710B504215D4845
:1046800000F092FD01280BD15F48007840B964200A
:104690005749C87200205D4908605D49086010BD37
:1046A000FCF7B4F9041E01DB204600E060425949E2
:1046B0000968884208DD54480078012804D10220A6
:1046C0004B49C8720120EAE732204949C8720120EB
:1046D0004D4908700020E2E710B500204449887673
:1046E0004FF48041434800F05FFD012804D10220CF
:1046F0003F49C876012010BD64203D49C87600209E
:10470000F9E710B500203A4988764FF480413948DE
:1047100000F04AFD01280BD13F48007840B96420E1
:104720003349C87600203D4908603D49086010BD06
:10473000FCF7C7F8041E01DB204600E0604239495F
:104740000968884208DD34480078012804D1022035
:104750002749C8760120EAE732202549C87601209A
:104760002D4908700020E2E710B500202049887428
:104770000121204800F018FD012804D102201C4925
:10478000C874012010BD64201949C8740020F9E7DD
:1047900010B50121174800F007FD01280CD122486F
:1047A000007848B964201249C87400204FF0804155
:1047B00048621E49086010BDFCF7D2F8041E01DBF8
:1047C000204600E060421A490968884232DD1648F6
:1047D000007801282ED102200549C8740120EAE79B
:1047E0002C060020BAFAFFFF7CFCFFFFF8F8FFFF61
:1047F000040000200010024018030020240800409C
:10480000800000202403002019030020240400401D
:104810006C000020280300201B030020240C004013
:10482000700000202C0300201A03002068000020E4
:10483000300300203220F849C8740120F74908707D
:104840000020B8E710B5FCF7B7F8F5490968441A35
:10485000002C01DB204600E0604214282ADDFCF732
:10486000ABF8EF490968884203DD0120EA49887006
:1048700002E00020E8498870FCF79EF8E8490968E2
:10488000441A002C01DB204600E06042E549086044
:1048900008460068FA2801DDFA200860E14800684F
:1048A0000A2802DA0A20DF490860DE480078DA497F
:1048B000C87002E00220D849C87010BD10B5FCF7DE
:1048C000A5F8D9490968441A002C01DB204600E00C
:1048D000604214282ADDFCF799F8D3490968884218
:1048E00003DD0120CC49887202E00020CA498872A9
:1048F000FCF78CF8CC490968441A002C01DB2046EF
:1049000000E06042C749086008460068FA2801DDF7
:10491000FA200860C34800680A2802DA0A20C14960
:104920000860C0480078BC49C87202E00220BA4959
:10493000C87210BD10B5FBF7C4FFBC490968441A22
:10494000002C01DB204600E0604214282ADDFBF742
:10495000B8FFB6490968884203DD0120AE49887670
:1049600002E00020AC498876FBF7ABFFAF4909684D
:10497000441A002C01DB204600E06042A94908608F
:1049800008460068FA2801DDFA200860A54800689A
:104990000A2802DA0A20A3490860A24800789E4942
:1049A000C87602E002209C49C87610BD10B5FBF71E
:1049B000D7FF9F490968441A002C01DB204600E01C
:1049C000604214282ADDFBF7CBFF99490968884229
:1049D00003DD01209049887402E000208E4988742C
:1049E000FBF7BEFF92490968441A002C01DB204600
:1049F00000E060428B49086008460068FA2801DD43
:104A0000FA200860874800680A2802DA0A208549E7
:104A10000860844800788049C87402E002207E491A
:104A2000C87410BD09E01120FDF736FD0121814851
:104A300002F098FA0F2003F0B7FDF4E704E0FFF767
:104A400050FB032003F0B0FDF9E723E07A4800783B
:104A500000F0010080B17848407800F0200030B1CB
:104A60007648018876480078FFF7D8F807E05021AB
:104A70000C20FFF7FBFB02E00A20FEF7BBFAFFF772
:104A8000E1FEFFF71BFFFFF755FFFFF78FFF032046
:104A900003F08AFDDAE706E0FDF712FDFEF765FE9A
:104AA000032003F081FDF7E71FB5FBF7FBFFFCF7E1
:104AB00038F8FCF788FAFCF748FBFCF74EFCFCF7EB
:104AC000D3FBFCF7C2FCFCF797F84FF4E130FCF79E
:104AD00095FD4FF4E130FCF71AFE4FF4E130FCF79E
:104AE000A3FE4FF46120FCF7D8FF4FF4E130FDF74F
:104AF00071F8FDF717FE00BFFFF763FD08B9012449
:104B000000E00024FFF7A5FD08B9012000E0002027
:104B10000443FFF729FE08B9012000E00020044308
:104B2000FFF7DAFD08B9012000E000200443002C63
:104B3000E2D100BFFFF75AFD08B9012400E00024CC
:104B4000FFF79BFD08B9012000E000200443FFF7B8
:104B50001FFE08B9012000E000200443FFF7D1FD4B
:104B600008B9012000E000200443002CE2D100201D
:104B700034490860FDF7A4F90020009001900290EC
:104B800003464FF4807230A10390344803F0CDFA0D
:104B9000002000900190029003464FF4807230A1F3
:104BA0000390344803F0C1FA002000900190029075
:104BB00003464FF4807230A10390344803F0B5FAF5
:104BC000002033490860144981F8380081F8370023
:104BD00081F83D0081F83C0064E01748007800F05F
:104BE0000100C0B12B4890ED000AB8EEC00AFFF7F3
:104BF00005FA1248008800EE100AB8EE400AFFF7E6
:104C0000CBF80D48C07918B10D480078FEF7DAFFEF
:104C1000FEF75AFE43E03FE0040000201A030020A4
:104C20002C0200201C03002030020020340200204F
:104C300038020020004800402C0600205A010020C5
:104C400057010020B40000207461736B526F626FD3
:104C500074416E616C79746963730000974A00084F
:104C60007461736B446965754B6869656E436F4326
:104C7000617500004B4A00087461736B4469657587
:104C80004B6869656E436F43617531003D4A0008AA
:104C9000E8020020980000201420FEF7ABF9052060
:104CA00003F082FC99E71FB500200090019002906C
:104CB00003464FF480720BA103900D4803F035FAC0
:104CC000002000900190029003464FF4807209A1E9
:104CD00003900B4803F029FA03F040FE002004B0D3
:104CE00010BD00007461736B4D61696E00000000BF
:104CF000A94A00087461736B4779726F0000000065
:104D0000254A00080CB50020019000907248006808
:104D100040F480307049086000BF6F48006800F4BC
:104D2000003000900198401C0190009818B901983B
:104D3000B0F5A06FF1D16848006800F4003010B100
:104D40000120009001E0002000900098012846D149
:104D500061484030006840F080505F494031086051
:104D60005E48006840F480405C4908605A4808305A
:104D700000685949083108600846006840F400405E
:104D800008600846006840F4A05008605448091FB5
:104D90000860081F006840F08070091F086000BFAD
:104DA0004D48006800F000700028F9D040F205601E
:104DB0004C49086048480830006820F00300464924
:104DC000083108600846006840F00200086000BF33
:104DD00041480830006800F00C000828F8D10CBDEC
:104DE00010B53D48006840F001003B4908600020D4
:104DF000394908310860384800683B49084036495D
:104E000008603A48091D0860081F006820F48020E7
:104E1000091F0860002030490C310860FFF772FF5D
:104E20004FF000603249086010BD70B500200022CC
:104E3000022300240221284D08352D6805F00C00BE
:104E400020B1042806D0082834D107E0294D2A4E85
:104E5000356033E0294D284E35602FE01E4D2D1D65
:104E60002D68C5F380541C4D2D1D2D6805F03F01A4
:104E700054B1224DB5FBF1F5174E361D3668C6F319
:104E8000881605FB06F209E01A4DB5FBF1F5124E46
:104E9000361D3668C6F3881605FB06F20E4D2D1D2D
:104EA0002D68C5F301456D1C6B00B2FBF3F5124E86
:104EB000356003E00F4D104E356000BF00BF064D5A
:104EC00008352D68C5F303150D4E705D0A4D2D682C
:104ED000C540094E356070BD00380240007000408A
:104EE00008544007003C0240FFFFF6FE103000244B
:104EF00008ED00E00024F4008403002000127A0092
:104F0000880300200648804706480047FEE7FEE782
:104F1000FEE7FEE7FEE7FEE7FEE7FEE7FEE7FEE769
:104F2000E14D00088901000832490143324A11600D
:104F3000704770B5002100230F22C4781CB32E4C9B
:104F4000246804F4E064C4F5E064C4F30721C1F10B
:104F50000404E3B20A4144789C40E1B284781440EE
:104F600021430C07210E254C05786155047804F087
:104F70001F050124AC4005786D11AD0005F1E02559
:104F8000C5F8004109E0047804F01F050124AC4095
:104F90001B4D0678761145F8264070BD194A0A4027
:104FA0000243154B1B1F1A60704739B1124A121D7C
:104FB00012680243104B1B1D1A6006E00E4A121DB8
:104FC000126882430C4B1B1D1A607047042808D1DD
:104FD0004FF0E021096941F004014FF0E022116136
:104FE00007E04FF0E021096921F004014FF0E022D1
:104FF000116170470000FA050CED00E000E400E0EC
:1050000080E100E080FFFF1F10B504468C48844219
:1050100008D10121084600F000FB0021012000F02A
:10502000FCFA5EE08748844208D10121022000F0AA
:10503000F4FA0021022000F0F0FA52E082488442A3
:1050400008D10121042000F0E8FA0021042000F03A
:10505000E4FA46E07D48844208D10121082000F0AE
:10506000DCFA0021082000F0D8FA3AE078488442BF
:1050700008D10121102000F0D0FA0021102000F00A
:10508000CCFA2EE07348844208D10121202000F0A0
:10509000C4FA0021202000F0C0FA22E06E488442C9
:1050A00008D10121402000F0B8FA0021402000F092
:1050B000B4FA16E06948844208D10121802000F04A
:1050C000ACFA0021802000F0A8FA0AE0644884428B
:1050D00007D10121801500F0A0FA0021A01500F0F1
:1050E0009CFA10BDF0B50A4600210023002400BF41
:1050F0003DE0012505FA01F3156805EA03049C4229
:1051000034D105684F000326BE40B54305601579CC
:105110004E00B5400668354305601579012D02D073
:105120001579022D16D185684F000326BE40B54380
:10513000856055794E00B540866835438560456881
:1051400001268E40B5434560456896798E40B6B2DB
:1051500035434560C5684F000326BE40B543C56072
:10516000D5794E00B540C6683543C560491C102945
:10517000BFD3F0BD4FF6FF71016000210171417195
:105180008171C171704708B54FF480320092009A66
:105190000A430092009AC261C161009AC261C26969
:1051A0000092C269009208BD0246002013690B40BC
:1051B0000BB1012000E0002070470146086980B271
:1051C00070470246002053690B400BB1012000E0FC
:1051D000002070470146486980B2704701837047DC
:1051E000418370470AB1018300E041837047416108
:1051F000704742694A4042617047F0B5002300247D
:105200004D07ED0E02FA05F3CE1000F1200555F81A
:1052100026504E07F70E0F26BE40B543CF1000F1C3
:10522000200646F82750CE1000F1200555F82650EC
:1052300045EA0304CE1000F1200545F82640F0BDF4
:10524000000002400004024000080240000C02403E
:10525000001002400014024000180240001C0240EE
:1052600000200240FA48006840F00100F849086058
:105270000020F74908310860F5480068F549084002
:10528000F3490860F448091D0860081F006820F40D
:105290008020091F08600020ED490C31086070472C
:1052A0000021EB4A921C117011460870704710B52E
:1052B00001460022002300204A11012A02D1E44CB9
:1052C000236808E0022A03D1E14C7034236802E02D
:1052D000DF4C7434236801F01F02012494401C4009
:1052E0000CB1012000E0002010BD38B50020009076
:1052F0000024002500BF3120FFF7D9FF05460098A4
:10530000401C00900098B0F5A06F01D0002DF2D0A5
:105310003120FFF7CCFF08B1012400E00024204633
:1053200038BD01460020CA4A106820F0F80040EA63
:10533000C10010607047C949086070470021C44A25
:10534000703211701170012802D004280AD104E0D3
:105350000121BF4A7032117005E00521BC4A70324C
:10536000117000E000BF00BF7047BD490860704782
:1053700070B5049C41EA82150126C6EB530645EA46
:105380000645054345EA0465B14E361D356070BDDE
:10539000B24908667047820142EA0172AC4B84331D
:1053A0001A607047AD4988667047AC49C864704759
:1053B00002460020A64B0833186820F0EC6042EA51
:1053C00001031843A24B08331860704702460020BF
:1053D0009F4B0833186820F0784042EA01031843D5
:1053E0009B4B08331860704701460020984A0832EA
:1053F000106820F00300084310607047944808309C
:10540000006800F00C00704701460020904A083206
:10541000106820F0F000084310607047014600203B
:105420008B4A0832106820F4E0500843106070473F
:1054300001460020864A0832106820F4604040EAA5
:10544000C10010607047F0B5002100220024022541
:10545000002602237E4F08373F6807F00C0121B178
:10546000042905D0082937D105E07E4F076036E0D2
:105470007D4F076033E0764F3F1D3F68C7F380568E
:10548000734F3F1D3F6807F03F036EB1764FB7FB88
:10549000F3F7DFF8BCC10CF1040CDCF800C0CCF36E
:1054A000881C07FB0CF40CE06E4FB7FBF3F7DFF83A
:1054B000A0C10CF1040CDCF800C0CCF3881C07FB85
:1054C0000CF4634F3F1D3F68C7F301477F1C7D000D
:1054D000B4FBF5F7076002E0624F076000BF00BF52
:1054E0005B4F08373F6807F0F00109095F4F7A5CAE
:1054F0000768D7404760564F08373F6807F4E051C8
:10550000890A5A4F7A5C4768D7408760504F0837FE
:105510003F6807F46041490B544F7A5C4768D740B5
:10552000C760F0BD002100F44072B2F5407F0AD19F
:10553000474A0832116821F4F8114D4A02401143DC
:10554000434A08321160424A70321268C0F30B03BA
:105550001A433F4B70331A60704741494439086021
:1055600070473F49403908607047424908607047BA
:1055700039B1374A303212680243354B30331A6042
:1055800006E0334A303212688243314B30331A60BE
:10559000704739B12E4A3432126802432C4B3433EF
:1055A0001A6006E02A4A343212688243284B3433A8
:1055B0001A60704739B1264A383212680243244BC8
:1055C00038331A6006E0224A383212688243204B90
:1055D00038331A60704739B11D4A403212680243AD
:1055E0001B4B40331A6006E0194A4032126882436E
:1055F000174B40331A60704739B1154A443212686C
:105600000243134B44331A6006E0114A44321268D5
:1056100082430F4B44331A60704739B10C4A103241
:10562000126802430A4B10331A6006E0084A10322F
:1056300012688243064B10331A607047E1B1044A86
:10564000143212680243024B14331A6019E000004E
:1056500000380240FFFFF6FE1030002400004742F1
:10566000800E47420024F40000127A0098030020C4
:10567000FFFCFF0F5C0147425B4A126882435A4BB2
:105680001A60704739B1584A121D12680243564BCE
:105690001B1D1A6006E0544A121D12688243524BC9
:1056A0001B1D1A60704739B14F4A0C321268024311
:1056B0004D4B0C331A6006E04B4A0C3212688243A1
:1056C000494B0C331A60704739B1474A103212689F
:1056D0000243454B10331A6006E0434A1032126809
:1056E0008243414B10331A60704739B13E4A3C3215
:1056F000126802433C4B3C331A6006E03A4A3C32A3
:1057000012688243384B3C331A60704739B1364ACD
:10571000403212680243344B40331A6006E0324A8A
:10572000403212688243304B40331A60704739B1BF
:105730002D4A4432126802432B4B44331A6006E070
:10574000294A443212688243274B44331A60704717
:1057500039B1254A4C3212680243234B4C331A604C
:1057600006E0214A4C32126882431F4B4C331A60C8
:10577000704739B11C4A5032126802431A4B5033F9
:105780001A6006E0184A503212688243164B5033B2
:105790001A60704739B1144AD21F12780243124B73
:1057A000DB1F1A7006E0104AD21F127882430E4B9C
:1057B000DB1F1A7070470C486030006840F0807042
:1057C000094960310860704701460020064A083ADE
:1057D00012680A400AB1012000E000207047024927
:1057E000891F0870704700001438024010B501216D
:1057F0000802FFF769FF00214FF48070FFF764FF94
:1058000010BD30B50246002000235068F84C2040FF
:105810000D790C6844EA0524204350609068F54CEB
:105820002040D1E903542C438D682C434D7944EA40
:10583000450420439060D06A20F470000C7D641E03
:10584000E4B2234340EA0350D06230BD002101603E
:10585000017141718160C160016101210175704771
:105860000021E54A1168E54A1140D0E900231A43B6
:1058700083681A43C3681A431143E14AC2F8041308
:1058800070470021016041608160C160704721B1B3
:10589000826842F00102826003E0826822F0010225
:1058A000826070470A4600214168D64B1940114377
:1058B000416070474162826270470A460021416838
:1058C00021F01F0111434160704738B1CA4909688E
:1058D00041F40001CA4AC2F8041306E0C649096847
:1058E00021F40001C64AC2F80413704738B1C24916
:1058F000096841F48001C24AC2F8041306E0BE49B7
:10590000096821F48001BE4AC2F804137047F0B55B
:1059100004460D4600200021092D11DDE068A5F1A7
:105920000A0606EB4607072606FA07F18843A5F1A3
:105930000A0606EB460603FA06F10843E0600CE0AF
:10594000206905EB4507072606FA07F1884305EBB2
:10595000450603FA06F108432061072A0FDA606B57
:10596000561E06EB86071F2606FA07F18843561EC9
:1059700006EB860605FA06F10843606322E00D2A6D
:105980000FDA206BD61F06EB86071F2606FA07F1F3
:105990008843D61F06EB860605FA06F10843206306
:1059A00010E0E06AA2F10D0606EB86071F2606FA54
:1059B00007F18843A2F10D0606EB860605FA06F10B
:1059C0000843E062F0BD816841F08041816070472A
:1059D000014600208A6802F480020AB1012000E03A
:1059E0000020704721B1826842F48062826003E047
:1059F000826822F480628260704721B1826842F03E
:105A00000202826003E0826822F002028260704734
:105A100010B50A4600210023416821F46041531E5D
:105A200041EA4331416010BD21B1426842F4006255
:105A3000426003E0426822F400624260704701461F
:105A4000C86C80B270476C48001D0068704721B177
:105A5000826842F48072826003E0826822F480727D
:105A60008260704721B1826842F40072826003E074
:105A7000826822F400728260704738B15E4909681A
:105A800041F400515E4AC2F8041306E05A4909681D
:105A900021F400515A4AC2F804137047F0B5044685
:105AA0001546002000220026092911DDE068A1F139
:105AB0000A0707EB470C072707FA0CF29043A1F1FE
:105AC0000A0707EB470703FA07F21043E0600CE010
:105AD000206901EB410C072707FA0CF2904301EB18
:105AE000410703FA07F210432061A06BC0F301568F
:105AF000EF1C06F1010CA7EB0C0707EB870C1F2727
:105B000007FA0CF29043EF1C06F1010CA7EB0C070F
:105B100007EB870701FA07F21043A063F0BD10B549
:105B20000A4600210023816B21F44011531E41EAF3
:105B30000351816310BD08B5002300930090009BC2
:105B40000B440093009B1A6008BD0A46002181683F
:105B500021F470211143816070470A460021816859
:105B600021F44011114381607047816841F4800144
:105B700081607047014600208A6802F480020AB101
:105B8000012000E00020704721B1426842F48062A9
:105B9000426003E0426822F480624260704721B1B3
:105BA000426842F48052426003E0426822F480522C
:105BB0004260704708B5024600200090009201F153
:105BC0002800009B184400900098006880B208BD2F
:105BD00010B50B460021D9B2012404FA01F11AB123
:105BE00044680C43446002E044688C43446010BD48
:105BF000FFFEFFFCFDF7FFC004230140E030FCFF87
:105C000000200140FFFD3FFF0246002013680B40CB
:105C10000BB1012000E000207047CA4302607047CA
:105C200070B502460020002300240B12556801269F
:105C30008E4005EA060415681D4015B10CB101201F
:105C400000E0002070BD00220A12D34303607047B9
:105C5000016821F001010160002101604160816063
:105C6000C160016121214161DB49884204D13D21AC
:105C7000D94A103A91608CE0D7491831884205D151
:105C80004FF47461D44A103A916082E0D2493031C5
:105C9000884205D14FF47411CF4A103A916078E0F0
:105CA000CD494831884205D14FF07461CA4A103A53
:105CB00091606EE0C8496031884204D1C749C64A44
:105CC000103AD16065E0C4497831884204D1C449B2
:105CD000C14A103AD1605CE0BF499031884204D19A
:105CE000C049BD4A103AD16053E0BB49A83188424F
:105CF00005D14FF03D51B84A103AD16049E0BA4958
:105D0000884204D13D21B84A083A116041E0B649C1
:105D10001831884205D14FF47461B34A083A1160D2
:105D200037E0B1493031884205D14FF47411AE4AA1
:105D3000083A11602DE0AC494831884205D14FF056
:105D40007461A94A083A116023E0A749603188428A
:105D500004D1A249A44A121F11601AE0A249783165
:105D6000884204D19E49A04A121F116011E09E4949
:105D70009031884204D19B499B4A121F116008E070
:105D80009949A831884204D14FF03D51964A121FDB
:105D90001160704710B500220268944B1A40CC681D
:105DA0000B6823434C6923438C692343CC69234309
:105DB0000C6A23434C6A23438C6A23434C6B234372
:105DC0008C6B23431A430260426922F00702D1E937
:105DD0000B3423431A4342610B6943604B68836071
:105DE0008B68C36010BD0021016041608160C160AB
:105DF000016141618161C161016241628162C1628F
:105E0000016341638163704721B1026842F001027E
:105E1000026003E0026822F001020260704721B1D3
:105E2000026842F40042026003E0026822F4004289
:105E30000260704721B1026842F02002026003E074
:105E4000026822F0200202607047416070470146FC
:105E5000486880B2704722B1036843F400230360AE
:105E600003E0036823F4002303600161704721B15C
:105E7000026842F48022026003E0026822F4802279
:105E8000026070470AB1016100E0C16070470146DD
:105E900000200A6802F400220AB1012000E000207C
:105EA0007047014600200A6802F001020AB1012091
:105EB00000E000207047014600204A6902F03800E7
:105EC000704730B503460A4600200024464DAB42D9
:105ED00002D24149103901E04349103902F000551E
:105EE0000DB14C6800E00C68414D2C4004EA0205FD
:105EF0000DB1012000E0002030BD02463A4B9A422D
:105F000002D23548103801E03748103801F000530C
:105F10001BB1374B0B40C36002E0354B0B40836035
:105F2000704710B501F080034BB122B1436943F0D3
:105F30008003436103E0436923F0800343618029C8
:105F40000BD02AB1036801F01E042343036004E070
:105F5000036801F01E04A343036010BD70B5024640
:105F6000002000240025204EB24202D21A4B103BE2
:105F700001E01D4B103B1F4E0E4036B11E2606EAB7
:105F8000D124166806EA040502E0566906F0800589
:105F900001F000560EB15C6800E01C68144E3440FD
:105FA00004EA010616B10DB1012000E0002070BD29
:105FB00002460D4B9A4202D20748103801E00A48C7
:105FC000103801F000531BB1094B0B40C36002E0D5
:105FD000074B0B4083607047106002403D0000207B
:105FE000400F002000003D20106402403F801CF064
:105FF0007D0F7D0F3C0F3C0F002044490860091DB8
:106000000860091D0860091D086041483F491431B6
:106010000860704700213D498279002A3AD00A463B
:10602000126803689A430B461A600A1D12680368D7
:106030009A430B1D1A60027911440A6803681A43D7
:106040000A60324A0832126803689A432F4B0833B9
:106050001A601A1D126803689A432C4B0C331A609D
:106060004279102A0ED11A1F126803681A43274B6F
:1060700008331A601A1D126803681A43234B0C3345
:106080001A600DE02149427911440A6803681A43F5
:106090000A6005E0027911440A6803689A430A60BD
:1060A00070470021016001710C2141710021817153
:1060B00070471649103109680143144A10321160C3
:1060C000704701460020114A143212680A400AB192
:1060D000012000E0002070470C491431086070472F
:1060E000014600200022094B1B6803EA0102074B0E
:1060F00014331B680B4013B10AB1012000E00020EB
:10610000704702491431086070470000003C0140AC
:10611000FFFF7F0010B50446FE48844208D10121EC
:106120000846FFF7D1FA00210120FFF7CDFA9DE0E4
:10613000B4F1804F08D101210846FFF7B4FA0021DD
:106140000120FFF7B0FA91E0F348844208D1012121
:106150000220FFF7A8FA00210220FFF7A4FA85E049
:10616000EE48844208D101210420FFF79CFA002167
:106170000420FFF798FA79E0E948844208D1012128
:106180000820FFF790FA00210820FFF78CFA6DE055
:10619000E448844208D101211020FFF784FA00214D
:1061A0001020FFF780FA61E0DF48844208D1012126
:1061B0002020FFF778FA00212020FFF774FA55E03D
:1061C000DA48844208D101210220FFF77DFA00213C
:1061D0000220FFF779FA49E0D548844209D101212C
:1061E0000804FFF771FA00214FF48030FFF76CFAD2
:1061F0003CE0D048844209D101214804FFF764FA09
:1062000000214FF40030FFF75FFA2FE0CA488442C4
:1062100009D101218804FFF757FA00214FF48020AB
:10622000FFF752FA22E0C548844208D101214020FC
:10623000FFF739FA00214020FFF735FA16E0C04891
:10624000844208D101218020FFF72DFA002180200F
:10625000FFF729FA0AE0BB48844207D101218015E3
:10626000FFF721FA0021A015FFF71DFA10BD00224B
:106270000288A84B98420ED0AC4B98420BD0B0F19C
:10628000804F08D0A44B984205D0A44B984202D02E
:10629000A34B984204D14FF68F731A404B881A4390
:1062A000A04B984207D0A04B984204D04FF6FF4332
:1062B0001A400B891A4302804B68C3620B8803851E
:1062C000944B984202D0994B984201D18B7A038625
:1062D0000123838270474FF0FF314160002101802C
:1062E00001814180817270470185828270470A4630
:1062F000002101884FF68F731940114301807047C8
:1063000041627047C16270470146486A7047014662
:10631000088D704721B1028842F00202028004E039
:1063200002884FF6FD731A400280704721B102883F
:1063300042F00402028004E002884FF6FB731A4028
:106340000280704721B1028842F08002028004E09E
:1063500002884FF67F731A400280704702884FF61A
:10636000F7731A40028002880A430280704702884D
:106370004FF6FF431A40028002880A4302807047AA
:1063800021B1028842F00102028004E002884FF647
:10639000FE731A400280704770B50024002200236B
:1063A000058C4FF6FE7635400584028C8388048B7D
:1063B0004FF68F752C40B51E2C400D882C43751E52
:1063C0002A408D892A434D882A43524DA84202D043
:1063D000564DA84213D14FF6F7752A40CD892A436E
:1063E0004FF6FB752A408D882A434FF6FF652B40F8
:1063F0004FF6FF552B400D8A2B434D8A2B4383804C
:1064000004838D684563028470BD70B5002400224A
:106410000023058C4FF6EF7635400584028C838887
:10642000048B48F6FF752C404FF6FF452C400D8835
:106430004FF6FF7606EA05252C434FF6DF752A4016
:106440008D8906EA05152A434D8806EA05152A4373
:10645000304DA84202D0354DA8421DD14FF67F7570
:106460002A40CD894FF6FF7606EA05152A434FF6F6
:10647000BF752A408D8806EA05152A434FF6FF3579
:106480002B404FF2FF752B400D8A06EA85052B4302
:106490004D8A06EA85052B43838004838D688563D6
:1064A000028470BD70B5002400220023058C4FF6D5
:1064B000FF6635400584028C8388848B4FF68F7588
:1064C0002C404FF6FC752C400D882C434FF6FF55A1
:1064D0002A408D894FF6FF7606EA05252A434D8826
:1064E00006EA05252A430B4DA84202D00F4DA842CB
:1064F00038D14FF2FF752A40CD894FF6FF7606EA74
:1065000005252A434FF6FF352A408D8806EA0525E2
:106510002A4319E000000140000400400008004048
:10652000000C004000100040001400400004014036
:106530000040014000440140004801400018004074
:10654000001C0040002000404EF6FF752B404DF629
:10655000FF752B400D8A06EA05152B434D8A06EA86
:1065600005152B43838084838D68C563028470BDC9
:1065700070B5002200230024058C4EF6FF763540CE
:106580000584038C8488828B48F6FF752A404FF679
:10659000FF452A400D884FF6FF7606EA05252A4377
:1065A0004DF6FF752B408D8906EA05352B434D8846
:1065B00006EA05352B43FE4DA84202D0FD4DA84208
:1065C00008D14BF6FF752C400D8A4FF6FF7606EA90
:1065D00085152C43848082838D680564038470BD97
:1065E000002101804180818081608181C18101829F
:1065F0004182704770B503460020002418461830C9
:1066000001258D40ACB21D8CA5431D8409B108291C
:106610000AD100EB610005684FF68F7635400560C2
:106620000568154305600FE00D1FC5F34E052844AE
:10663000056848F6FF763540056005684FF6FF7639
:1066400006EA02263543056070BD416370478163E9
:106650007047C1637047016470470A460021018B8F
:106660004FF68F7319401143018370470A4600218A
:10667000018B48F6FF7319404FF6FF7303EA0223BC
:106680001943018370470A460021818B4FF68F73AF
:1066900019401143818370470A460021818B48F6D7
:1066A000FF7319404FF6FF7303EA022319438183F6
:1066B00070470A460021018B4FF6F77319401143CA
:1066C000018370470A460021018B4FF2FF73194086
:1066D0004FF6FF7303EA02231943018370470A460A
:1066E0000021818B4FF6F773194011438183704766
:1066F0000A460021818B4FF2FF7319404FF6FF735A
:1067000003EA02231943818370470A460021018B63
:106710004FF6FB7319401143018370470A4600216D
:10672000018B4FF6FF3319404FF6FF7303EA022344
:106730001943018370470A460021818B4FF6FB7392
:1067400019401143818370470A460021818B4FF61F
:10675000FF3319404FF6FF7303EA02231943818385
:1067600070470A460021018B4FF67F731940114391
:10677000018370470A460021018BC1F30E014FF6D9
:10678000FF7303EA02231943018370470A4600217D
:10679000818B4FF67F7319401143818370470A46FE
:1067A0000021818BC1F30E014FF6FF7303EA022330
:1067B0001943818370470A460021018C4FF6FD730F
:1067C00019401143018470470A460021018C4FF69D
:1067D000F77319401143018470470A460021018C68
:1067E0004FF6DF7319404FF6FF7303EA02131943A4
:1067F000018470470A460021018C4FF67F731940CF
:106800004FF6FF7303EA02131943018470470A46E7
:106810000021018C4FF6FF5319404FF6FF7303EA36
:1068200002231943018470470A460021018C4FF26C
:10683000FF7319404FF6FF7303EA022319430184E3
:1068400070470A460021018C4DF6FF7319404FF640
:10685000FF7303EA023319430184704730B5002304
:1068600001248C40A3B2048C9C430484048C02FA5F
:1068700001F5ADB22C43048430BD30B500230424AF
:106880008C40A3B2048C9C430484048C02FA01F56E
:10689000ADB22C43048430BD828B4FF2FF331A40DB
:1068A0008283828B4FF6FF7303EA01231A438283AC
:1068B0007047F0B50C461546002100220026078CD3
:1068C0004EF6FF7C07EA0C070784818B028C4FF69B
:1068D000FF7707EA043640F6FF4739404FF6FF7767
:1068E00007EA052739434FF6FF7707EA03373943AD
:1068F00045F6FF773A4046F480573A438183028455
:10690000F0BD828B4FF6F3731A408283828B0A4369
:1069100082837047F0B50C46154600210022002600
:10692000078C4FF6FF6C07EA0C070784818B028CFB
:106930004FF6FF7707EA04264FF60C7739404FF6FB
:10694000FF7707EA03172F4339434FF2FF573A40C7
:1069500046F480773A4381830284F0BD028B4FF284
:10696000FF331A400283028B4FF6FF7303EA0123C1
:106970001A4302837047F0B50C46154600210022E9
:106980000026078C4FF6EF7C07EA0C070784018B83
:10699000028C4FF6FF7707EA041640F6FF473940AE
:1069A0004FF6FF7707EA033739434FF6FF7703E0E7
:1069B000000001400004014007EA052739434FF673
:1069C0005F773A4046F010073A4301830284F0BDF6
:1069D000028B4FF6F3731A400283028B0A43028341
:1069E0007047F0B50C46154600210022068C4FF684
:1069F000FE773E400684018B028C4FF60C763140C8
:106A00007E1C06EA03162E4331434FF6F5763240DC
:106A100044F00106324301830284F0BD70B505469F
:106A20000C46208850B92389A28861882846FFF740
:106A3000D8FFE1882846FFF7CBFF25E0208804280F
:106A40000AD12389A28861882846FFF794FFE1884C
:106A50002846FFF783FF17E0208808280AD12389FA
:106A6000A28861882846FFF755FFE1882846FFF78E
:106A700048FF09E02389A28861882846FFF719FFAB
:106A8000E1882846FFF708FF70BD002101804180A2
:106A9000012181800021C180018170472DE9F041F1
:106AA00005460C4600260127608808B9022600E04A
:106AB0000026A088012801D1022700E001272088B4
:106AC000A0B92389A28861882846FFF78AFFE18858
:106AD0002846FFF77DFF23893A4631462846FFF7CF
:106AE0004AFFE1882846FFF739FF13E02389A2888F
:106AF00061882846FFF73FFFE1882846FFF72EFF11
:106B000023893A4631462846FFF76BFFE18828463D
:106B1000FFF75EFFBDE8F0810146486B7047014614
:106B2000886B70470146C86B70470146086C704718
:106B30000A884B881A438B881A43CB881A430B89DF
:106B40001A434B891A438B891A43A0F84420704793
:106B50000021018041808180C1800181418181814A
:106B6000704731B1B0F8442042F40042A0F844200C
:106B700005E0B0F84420C2F30E02A0F844207047AC
:106B800021B1828842F00402828004E082884FF6BC
:106B9000FB731A408280704721B1828842F0010263
:106BA000828004E082884FF6FE731A40828070472C
:106BB0001AB183890B43838102E083898B438381EC
:106BC00070478182704702460020138A0B400BB148
:106BD000012000E000207047CA430282704730B5B0
:106BE0000246002000230024158A05EA0103958946
:106BF00005EA010413B10CB1012000E0002030BD12
:106C0000CA430282704741EA0203A0F84830704745
:106C10001AB183890B43838102E083898B4383818B
:106C2000704721B1828842F00802828004E08288A5
:106C30004FF6F7731A408280704701894FF6F87259
:106C40001140018170470A46002101894FF68F7378
:106C5000194011430181704730B504460D4629465D
:106C60002046FFF7F0FF208940F00700208130BD6B
:106C70002DE9F04104460D4616461F46602D06D10B
:106C80003B46012231462046FFF775FE05E03B46B4
:106C9000012231462046FFF7A4FE29462046FFF791
:106CA000D2FF208940F007002081BDE8F08130B597
:106CB0000C4600210189C9B24FF6FF7505EA03258C
:106CC000154325432943018130BD2DE9F041054697
:106CD0000E4617469846002443463A463146284613
:106CE000FFF7E5FF2C894FF6F870044044F00704E5
:106CF0004FF68F70044044F070042C81BDE8F081A1
:106D0000F0B504460D4616461F463B463246294618
:106D10002046FFF7CCFF208940F480402081F0BD61
:106D200082884FF68F731A40828082880A4382805D
:106D3000704702894FF6F8731A40028102890A43AC
:106D40000281704702894FF67F731A4002810289DF
:106D50000A4302817047F0B50C4615461E460021D5
:106D6000002200230189028B038C4FF6F87739400B
:106D700021434FF6FC473A4040F201173A434FF6A1
:106D8000DD773B404FF6FF7707EA06172F433B437B
:106D9000018102830384F0BD21B1828842F0800228
:106DA000828004E082884FF67F731A4082807047A9
:106DB000A0F850107047000010B50446F748844210
:106DC00008D101211020FEF77FFC00211020FEF7E2
:106DD0007BFC3EE0F248844209D101214804FEF7E1
:106DE00062FC00214FF40030FEF75DFC31E0ED481D
:106DF000844209D101218804FEF755FC00214FF49B
:106E00008020FEF750FC24E0E748844209D10121AC
:106E1000C804FEF748FC00214FF40020FEF743FCB5
:106E200017E0E248844209D101210805FEF73BFC46
:106E300000214FF48010FEF736FC0AE0DC48844263
:106E400007D101212020FEF73FFC00212020FEF782
:106E50003BFC10BD2DE9FF4705460E460024A14628
:106E600000BFA046B08900B100BF2C8A24F4405472
:106E7000F08804432C82AC8941F20C608443B088D2
:106E800031890843718908430443AC81AC8A24F4F6
:106E90004074B0890443AC826846FEF7D4FABF4818
:106EA000854202D0C248854202D1DDF80C9001E053
:106EB000DDF80890A88900F4004040B109EBC90052
:106EC00000EB091031684900B0FBF1F707E009EB6E
:106ED000C90000EB091031688900B0FBF1F76420AC
:106EE000B7FBF0F004012009642101FB1078A889A8
:106EF00000F4004040B1322000EBC800B0FBF1F0DC
:106F000000F00700044308E0322000EB0810642181
:106F1000B0FBF1F000F00F0004432C81BDE8FF87C7
:106F20004FF41651016000218180C18001810C2144
:106F3000418100218181704710B502460020108AEE
:106F400020F470600B884C8823438C882343CC88C2
:106F500023431843108210BD0021018041808180AD
:106F6000C180704721B1828942F40052828104E0DD
:106F700082894DF6FF731A4082817047028B02F4BA
:106F80007F420283028B0A430283704721B18289C8
:106F900042F40042828103E08289C2F30E028281C0
:106FA000704721B1828A42F40062828204E0828AC0
:106FB0004FF2FF731A4082827047C1F30802828049
:106FC000704701468888C0F308007047028A4FF670
:106FD000F0731A400282028A0A430282704721B18A
:106FE000828942F00202828104E082894FF6FD73B9
:106FF0001A408281704782894FF2FF731A40828162
:1070000082890A4382817047028A4FF6DF731A40F1
:107010000282028A0A430282704721B1028A42F444
:107020008042028204E0028A4BF6FF731A40028219
:107030007047818941F001018181704721B1828AC5
:1070400042F00802828204E0828A4FF6F7731A4007
:1070500082827047028BD2B20283028B42EA012203
:107060000283704721B1828A42F02002828204E0CA
:10707000828A4FF6DF731A408282704721B1828A7A
:1070800042F01002828204E0828A4FF6EF731A40C7
:1070900082827047828A4FF6FB731A408282828A0C
:1070A0000A438282704721B1828A42F002028282C0
:1070B00004E0828A4FF6FD731A40828270471AB14B
:1070C000838A0B43838202E0838A8B4383827047E7
:1070D000F0B50346002400260025002040F66A177C
:1070E000B94200D100BF1846C1F3421401F01F0697
:1070F000012707FA06F5012C01D10C3004E0022C1F
:1071000001D1103000E014301AB107682F43076036
:1071100002E00768AF430760F0BD02460020B1F50A
:10712000007F00D100BF13880B400BB1012000E0AD
:107130000020704701F40072B2F5007F00D100BF5B
:10714000CA430280704770B5024600240023002520
:10715000002040F66A16B14200D100BFC1F34215CB
:1071600001F01F03012606FA03F3012D02D19689CF
:10717000334006E0022D02D1168A334001E0968AA0
:1071800033400C12012606FA04F41688344013B179
:107190000CB1012000E0002070BD00000010014093
:1071A0000044004000480040004C004000500040B7
:1071B0000014014010B50022002340F66A14A142D9
:1071C00000D100BF0A1201249440A3B2DC43048022
:1071D00010BD000010B501218803FEF775FA0021EB
:1071E0004FF48040FEF770FA10BD1A4908607047EE
:1071F00030B500228B071C0F0F2303FA04F2154B46
:1072000008338C1053F824309343124C08348D10FB
:1072100044F8253023468C1053F824308C07240F73
:1072200000FA04F423430B4C08348D1044F8253045
:1072300030BD094908607047084908607047002060
:1072400004492031096801F4807109B1012000E08E
:107250000020704700380140DC002742000427422C
:1072600000F1080141604FF0FF31816000F1080139
:10727000C160016100210160704700210161704718
:10728000426853684B6043688B60536899605160F3
:107290004160086103685B1C0360704710B50246DB
:1072A0000B685C1C0CB9106907E002F1080000E0F3
:1072B0004068446824689C42FAD944684C604C6831
:1072C000A160886041600A611468641C146010BD8C
:1072D0000146D1E901309860D1E9010358600A699B
:1072E0005068884201D188685060002008611068A9
:1072F000401E10601068704770B504460D461CB9FA
:10730000F8F796FF00BFFEE700F0F3FDD4E90F1297
:10731000206801FB020060600020A0632068A0607C
:10732000E06B401E226C216800FB0210E0604FF011
:10733000FF306064A06475B9206908B9012000E0DD
:10734000002080B904F1100001F02AFC01280AD1C4
:1073500000F0C9FD07E004F11000FFF781FF04F120
:107360002400FFF77DFF00F0CDFD012070BD2DE969
:10737000F04705460E4617464FF00009DDB1502094
:1073800000F0E4FD0446B4B105FB06F000F101088D
:10739000404600F0DBFD2060206848B1E5632664CC
:1073A00001212046FFF7A8FF84F84D70A14602E0B6
:1073B000204600F02CFEB9F1000F03D1F8F738FF9A
:1073C00000BFFEE74846BDE8F08710B5044600F070
:1073D00090FD11E0606A08B9012000E0002050B97A
:1073E00004F1240001F0DCFB08B101F054FCA06CB6
:1073F000401EA06400E002E0A06C0028EADC00BFB0
:107400004FF0FF30A06400F07DFD00F072FD11E050
:10741000206908B9012000E0002050B904F11000F3
:1074200001F0BEFB08B101F036FC606C401E6064E8
:1074300000E002E0606C0028EADC00BF4FF0FF30A3
:10744000606400F05FFD10BD70B5044600F051FDB2
:10745000A06BE16B884201D1012000E000200546CD
:1074600000F050FD284670BD70B504460E46154626
:10747000206C38B9206838BB606801F09BFC0020A4
:10748000606021E07DB93146226CA06801F0BCFC4F
:10749000216CA0680844A060D4E90110884213D38D
:1074A0002068A06010E03146226CE06801F0ACFC7E
:1074B000216CE068401AE0602168E068884203D2ED
:1074C000216C6068401AE060A06B401CA06370BD36
:1074D000FFB583B004460D461E4600271CB9F8F7D9
:1074E000A7FE00BFFEE70DB9206C08B9012000E03F
:1074F000002018B9F8F79CFE00BFFEE700BF00F0BF
:10750000F8FCA06BE16B884217D232462946204630
:10751000FFF7AAFF606A08B9012000E0002038B92F
:1075200004F1240001F03CFB012801D100F0DBFC58
:1075300000F0E8FC012007B0F0BD059818B900F094
:10754000E1FC0020F7E71FB901A801F05EFB01276D
:1075500000F0D8FC00F0DEFF00F0CBFC606C401CBB
:1075600008B900206064A06C401C08B90020A06429
:1075700000F0C8FC05A901A801F055FBC0B92046E0
:10758000FFF762FF70B104F11000059901F0CBFA2A
:107590002046FFF71AFF00F00DFF0028AFD100F0E2
:1075A000A2FCACE72046FFF710FF00F003FFA6E7C0
:1075B0002046FFF70AFF00F0FDFE0020BBE770B594
:1075C0000546502000F0C2FC0446E4B10020606093
:1075D0002060A060E060A0630120E06300202064E0
:1075E000401E6064A06484F84D5004F11000FFF761
:1075F00037FE04F12400FFF733FE00231A46194634
:107600002046FFF765FF1CB9F8F712FE00BFFEE742
:10761000204670BD70B504461CB9F8F709FE00BFDE
:10762000FEE701F047FB616888420CD1E068401E2C
:10763000E060E06828B900231A4619462046FFF7A3
:1076400047FF012500E00025284670BD70B50446BF
:1076500000F04FFCA06B08B9012000E000200546B7
:1076600000F050FC284670BD70B504460D462068F9
:1076700070B1216CE0680844E0606168E0688842AD
:1076800001D32068E0602846226CE16801F0BCFB71
:1076900070BD2DE9FF4182B004460D461E464FF0F5
:1076A00000081CB9F8F7C4FD00BFFEE70DB9206C57
:1076B00008B9012000E0002018B9F8F7B9FD00BFB3
:1076C000FEE700BF00F015FCA06B80B3E768294619
:1076D0002046FFF7C9FFB6B9A06B401EA063206823
:1076E00010B901F0E7FA6060206908B9012000E0F4
:1076F0000020B0B904F1100001F052FA012810D1B5
:1077000000F0F1FB0DE0E760606A08B9012000E0DD
:10771000002030B904F1240001F042FA08B100F071
:10772000E2FB00F0EFFB012006B0BDE8F081FFE7CF
:10773000049818B900F0E6FB0020F5E7B8F1000F57
:1077400004D1684601F061FA4FF0010800F0DAFB5D
:1077500000F0E0FE00F0CDFB606C401C08B900209A
:107760006064A06C401C08B90020A06400F0CAFB53
:1077700004A9684601F057FA08BB2046FFF766FFE8
:10778000B8B1206830B900F0B4FB606801F0A1FA2C
:1077900000F0B8FB04F12400049901F0C4F920467C
:1077A000FFF713FE00F006FE00288BD100F09BFBD4
:1077B00088E72046FFF709FE00F0FCFD82E720463F
:1077C000FFF703FE00F0F6FD0020ADE770B50446BC
:1077D0000E461CB9F8F72CFD00BFFEE701F06AFA6F
:1077E0006168884204D1E068401CE06001250BE03C
:1077F0000023324619462046FFF74BFF0546012D70
:1078000002D1E068401CE060284670BD70B50646B5
:107810000D46022200213046FFF7A9FD044604B1BF
:10782000A5631CB9F8F704FD00BFFEE7204670BD54
:107830002DE9F04704460F46154698461CB9F8F75F
:10784000F7FC00BFFEE70FB9206C08B9012000E08B
:10785000002018B9F8F7ECFC00BFFEE7F8F7E8FCE9
:107860008146A06BE16B88421BD2424639462046D6
:10787000FFF7FAFDA06C401C70B9606A08B90120DE
:1078800000E0002058B904F1240001F089F930B17A
:107890002DB10120286002E0A06C401CA0640126EC
:1078A00000E000264846F8F7CAFC3046BDE8F087FD
:1078B0002DE9F04104460F4615461CB9F8F7B8FC0F
:1078C00000BFFEE70FB9206C08B9012000E00020DE
:1078D00018B9F8F7ADFC00BFFEE7F8F7A9FC804641
:1078E000A06BE8B139462046FFF7BEFEA06B401EF4
:1078F000A063606C401C70B9206908B9012000E0E9
:10790000002058B904F1100001F04AF930B12DB14E
:107910000120286002E0606C401C6064012600E0E9
:1079200000264046F8F78BFC3046BDE8F08170B584
:1079300004461CB9F8F77CFC00BFFEE700F0D9FA5A
:10794000A56B00F0DFFA284670BD70B504461CB97F
:10795000F8F76EFC00BFFEE7A56B284670BD014638
:1079600000200BE03D4A02EBC00252688A4204D17B
:1079700000223A4B43F8302002E0401C0828F1D3A3
:1079800000BF704710B504461CB9F8F751FC00BFA2
:10799000FEE72046FFF7E3FF206800F038FB2046B3
:1079A00000F035FB10BD014691F84C00704780F89F
:1079B0004C107047014691F84D00704770B5044671
:1079C0001CB9F8F735FC00BFFEE7A06B08B9012031
:1079D00000E000200546284670BD70B504461CB97D
:1079E000F8F726FC00BFFEE7A06BE16B884201D1EF
:1079F000012000E000200546284670BD0246002018
:107A00000BE0164B53F8303033B9144B43F83010B9
:107A100003EBC0035A6002E0401C0828F1D300BF0A
:107A2000704770B504460D4600F063FA606C401C68
:107A300008B900206064A06C401C08B90020A06454
:107A400000F060FAA06B20B9294604F1240001F08F
:107A50008DF82046FFF7B9FC70BD000098060020A5
:107A60002DE9F04104460D4616461F464FF000082A
:107A700065602461B5420CD8F01BA169884202D32D
:107A80004FF0010811E0211DF0480068FFF706FCE7
:107A90000BE0BE4204D2BD4202D34FF0010804E025
:107AA000211DEB480068FFF7F9FB4046BDE8F08177
:107AB0002DE9FE4305460E4617461C46DDF8288094
:107AC0004FF00009E348006808B30096019702955B
:107AD000ACB901F0F2F8012808D10023424669460A
:107AE000DC480068FFF7F4FC814610E000231A46EA
:107AF0006946D8480068FFF7EBFC814607E00023A1
:107B000022466946D3480068FFF792FE8146484600
:107B1000BDE8FE832DE9F84381462BE0CC480068A0
:107B2000C0680568CA480068C068C468201DFFF7BF
:107B3000CFFB2046616A8847E06901281AD1A06915
:107B40004619AE4207D966602461211DC04800680D
:107B5000FFF7A4FB0EE0002003462A4601460090F2
:107B60002046FFF7A5FF07461FB9F8F761FB00BFE6
:107B7000FEE700BFB6480068006808B9012000E0D1
:107B800000200028CAD0B248D0F80080AF48006872
:107B9000AF490860AD48C0F80080BDE8F88370B513
:107BA000044600F009FF0546AB480068854206D24E
:107BB000A9480068FFF7AEFF0120206001E0002027
:107BC0002060A5480560284670BD70B586B002A843
:107BD000FFF7E5FF064650E0059C44B1606908B92F
:107BE000012000E0002010B9201DFFF771FB039871
:107BF00030B1012826D0022825D003283BD136E019
:107C00000498A2698118034632462046FFF728FFF0
:107C1000012816D12046616A8847E069012810D101
:107C2000002000900498A1694218002319462046BC
:107C3000FFF73EFF05461DB9F8F7FAFA00BFFEE769
:107C400000BF19E018E00498A061A06908B1012004
:107C500000E0002018B9F8F7EBFA00BFFEE7A069D2
:107C60008119334632462046FFF7FAFE04E02046EB
:107C700000F0CDF900E000BF00BF00231A4603A9C1
:107C800074480068FFF705FD0028A5D106B070BD57
:107C9000F8B505460F466E480068C068C468201DE8
:107CA000FFF716FBE069012817D1A06941192B469F
:107CB0003A462046FFF7D4FE01280ED100200346A5
:107CC0002A46014600902046FFF7F2FE06461EB9FE
:107CD000F8F7AEFA00BFFEE700BF2046616A8847AA
:107CE000F8BDF8B504460E4600F014FC6846FFF7F0
:107CF00056FF05460098A0B946B9AC4206D800F038
:107D000059FB29462046FFF7C3FF0CE0611B514891
:107D10000068FFF786FE00F04DFB20B900F0E3F8A5
:107D200001E000F047FBF8BD0146494A12681268BD
:107D30000AB9012200E000220A600A6822B9444A16
:107D40001268D268106800E00020704708B500BFD4
:107D50006846FFF7E9FF044620460099FFF7C1FF98
:107D6000FFF733FFF4E710B500F0C3F839480068B7
:107D700090B93A48FFF774FA3948FFF771FA374873
:107D80003349086036483149086000220C210A2036
:107D9000FFF7EDFA2F49086000F0B4F810BD1FB5E9
:107DA0000024FFF7E0FF2B48006868B100200223A1
:107DB000CDE90030029003464FF4007229A10390F0
:107DC0002A4800F0B2F904461CB9F8F731FA00BFAE
:107DD000FEE7204604B010BD2DE9F04706460D46EB
:107DE00017469846DDF820904DB900240DB10120CA
:107DF00000E00020A0B9F8F71BFA00BFFEE728203A
:107E000000F0A4F804465CB1FFF7ADFF2660A56161
:107E1000E761C4F82080C4F82490201DFFF72DFAF4
:107E20002046BDE8F08770B50446264600F061F8AC
:107E3000706908B1012000E00020054600F062F8FA
:107E4000284670BD01460A46106A7047AC03002000
:107E5000A8030020B0030020B4030020D8060020AF
:107E6000EC060020546D7220537663004D7D0008AF
:107E7000001F4FF080730360001F0160001F00238C
:107E8000036014380260001FDB1E03602038704757
:107E90002A48006842F21071B0FBF1F0401E4FF02A
:107EA000E021486107200861704710B52448006848
:107EB00040F47C00224908600846006840F07C409D
:107EC0000860FFF7E5FF00201E490860F8F77EF91B
:107ED0001D48006840F040401B490860F8F76CF905
:107EE000002010BD70474FF0805015491C390860C4
:107EF000704710B5F8F79CF912480068401C11490A
:107F0000086010BD10B50F480068401E0D4908609C
:107F10000846006810B90020F8F791F910BD10B5B7
:107F20004FF0805006491C390860F8F781F900F0DD
:107F3000C2F90020F8F783F910BD00008403002087
:107F400020ED00E0B803002034EF00E02DE9F0411F
:107F500004464FF0000800F0DDFA3D48006898B98B
:107F60003C493D4A1160002151604FF420513B4A89
:107F700051600021116037484FF420514160114693
:107F8000016001203249086044B1103404F0070058
:107F900020B104F00700C0F108000444002C31D0E7
:107FA000B4F5205F2ED22C4F3846056801E02F46ED
:107FB0002D686868A04202D228680028F7D12748B7
:107FC00085421FD0386800F110082868386068685A
:107FD000001B202810D92E196868001B70606C6087
:107FE00071681D4800E00068026852688A42FAD34E
:107FF00002683260066000BF194968680968081A9B
:108000001749086000F0D6F94046BDE8F08170B528
:1080100006463546B6B1103D2C4600F07BFA616845
:108020000D4800E00068026852688A42FAD302688C
:10803000226004600A4960680968084408490860C9
:1080400000F0B8F970BD064800687047704700003E
:10805000D003002000070020BC030020C403002040
:10806000CC03002010B5002407E004EB8401FE4A95
:1080700002EB8100FFF7F4F8641C052CF5D3FB48F4
:10808000FFF7EEF8FA48FFF7EBF8FA48FFF7E8F8E1
:10809000F948FFF7E5F8F948FFF7E2F8F348F8493F
:1080A0000860F348F749086010BD2DE9F041044627
:1080B0000E4615469846069F0A22314604F13400C2
:1080C00000F0D2FE00213D200155052D00D30425EE
:1080D000E562A564201DFFF7D0F804F11800FFF752
:1080E000CCF82461C5F10500A0616462BDE8F081AF
:1080F00070B505460E464C20FFF728FF044694B1A4
:108100001EB9A800FFF722FF00E030462063206B75
:1081100020B92046FFF77BFF002404E0A900A52238
:10812000206B00F083FE204670BD2DE9FF4F81B02B
:10813000804616469A46DDE90E5BB8F1000F03D182
:10814000F8F776F800BFFEE7052D01D2012000E028
:10815000002018B9F8F76CF800BFFEE73046109918
:10816000FFF7C6FF0446002C64D0701E216B01EBA4
:10817000800929F0070909F0070008B9012000E08B
:10818000002018B9F8F754F800BFFEE700962A4619
:108190002046119B0299FFF788FF52464146484608
:1081A000FFF766FE2060BBF1000F01D0CBF8004066
:1081B000FFF79FFEB4480068401CB3490860B3480D
:1081C000006840B9B14804600846006801280CD135
:1081D000FFF748FF09E0AE48006830B9AB480068D7
:1081E000C06AA84201D8A9480460AA49E06A09689F
:1081F000884202D9A749E06A0860A748006820645D
:10820000A5480068401CA4490860A449E06A0968C0
:10821000884202D9A149E06A0860E16A01EB810164
:10822000914A02EB8100211DFFF72AF80127FFF791
:1082300069FE01E04FF0FF37012F09D19448006833
:1082400030B192480068C06AA84201D2FFF74BFEE5
:10825000384605B0BDE8F08F70B50446FFF749FE1B
:108260008A480068844200D1002414B98748006815
:1082700000E020460546281DFFF72AF8A86A18B135
:1082800005F11800FFF724F8291D7B48FEF7F8FFD9
:1082900083480068401C824908607F480068401C91
:1082A0007D490860FFF72EFE7948006810B10CB9CF
:1082B000FFF719FE70BD70B57A480068002873D1C9
:1082C00079480068401C784908600846006868BB27
:1082D0006B480068006808B9012000E0002018B968
:1082E000F7F7A6FF00BFFEE7654805686548006828
:1082F00063490860634805606C480068401C6B492E
:1083000008605F480068006808B9012000E00020AC
:1083100020B14FF0FF306649086006E05848006819
:10832000C068C46862496068086000BF5E48006851
:108330005F490968884236D300BF51480068006829
:1083400008B9012000E0002020B14FF0FF3058496B
:10835000086027E04A480068C068C46865685248F9
:108360000068A84202D2524805601BE0201DFEF7BB
:10837000AFFFA06A18B104F11800FEF7A9FF474942
:10838000E06A0968884202D94449E06A0860E16A03
:1083900001EB8101344A02EB8100211DFEF770FFE1
:1083A000CBE701E000BF04E042480068401C4149BF
:1083B000086070BD70B500253A48006818B9F7F735
:1083C00037FF00BFFEE7FFF794FD36480068401E08
:1083D0003449086008460068002878D12A480068B7
:1083E000002874D0002621E02248C068C46804F147
:1083F0001800FEF76DFF201DFEF76AFF2749E06AAF
:108400000968884202D92549E06A0860E16A01EBFF
:108410008101154A02EB8100211DFEF731FF1B4946
:10842000E06A0968C96A884200D3012611480068D9
:1084300008B9012000E000200028D5D01D480068C0
:1084400060B106E0FFF737FF1A480068401E19497F
:108450000860184800680028F4D10126012E2FD0AA
:108460001548006801282AE0002F0020642F002012
:10847000782F00208C2F0020A02F0020B42F002068
:10848000D8030020DC030020E4030020D4030020F4
:10849000F4030020EC03002008040020F003002077
:1084A000E0030020F8030020E8030020040400207B
:1084B0000C040020FC0300200004002007E005D18C
:1084C00001250020F9490860FFF70DFD00BFFFF707
:1084D00019FD284670BD10B50446F5480068446093
:1084E000F4480068844207D2F1480168091DF24847
:1084F0000068FEF7D3FE0CE0ED480168091DEF4867
:108500000068FEF7CBFEEE480068844201D2EC48DA
:10851000046010BDEB480068401CEA4908607047E1
:108520002DE9F04104460E464FF000081CB9F7F75C
:108530007FFE00BFFEE70EB1012000E0002018B969
:10854000F7F776FE00BFFEE7FFF7E4FF2068851926
:10855000D84920680968884209D92068A8420FD9FB
:10856000D448006885420BD94FF0010808E0206824
:10857000A84203D8CF480068854201D94FF00108CE
:108580002560B8F1000F07D0C9480068001DFEF74C
:108590009FFE2846FFF79FFFFFF70CFF07460FB926
:1085A000FFF7A1FCBDE8F08170B5044600267CB160
:1085B000FFF7B0FFBF4800680519BD480068001DFF
:1085C000FEF786FE2846FFF786FFFFF7F3FE064616
:1085D0000EB9FFF788FC70BD70B50446FFF789FC43
:1085E00014B9B348006800E020460646F56AFFF774
:1085F00089FC284670BD2DE9F04706460D464FF030
:108600000009052D01D2012000E0002018B9F7F77C
:108610000FFE00BFFEE7052D00D30425FFF769FC20
:10862000A3480068864200D1002616B9A048006819
:1086300000E030460446A76CAF4234D0BD4203D9B7
:108640002EB14FF0010902E00EB94FF00109D4F844
:108650002C80E16AA06C884200D1E562A564C5F176
:108660000500A06107EB8701974A02EB8101606971
:10867000884213D1201DFEF72BFE9449E06A096859
:10868000884202D99149E06A0860E16A01EB810100
:108690008D4A02EB8100211DFEF7F2FDB9F1010FB9
:1086A00001D1FFF720FCFFF72DFCBDE8F08710B5E6
:1086B0008448006818B101207C4908602CE00BE078
:1086C0008248006818B9F7F7B3FD00BFFEE77F489E
:1086D0000068401E7D4908607C48006800EB80000F
:1086E000794951F820000028EAD07849096801EB5F
:1086F0008101754A02EB810041684968416000F1DF
:10870000080142688A4202D1416849684160416873
:10871000C968674A116000BF10BD70B50446FFF715
:10872000E8FB63480068844200D1002414B9604823
:10873000006800E020460546281DFEF7C9FDA86A2E
:1087400018B105F11800FEF7C3FD291D6048FEF7BA
:1087500097FDFFF7D7FB8CB95E48006810B1FFF7B3
:10876000C2FB0BE05A4800685B490968884203D1A4
:1087700000204F49086001E0FFF799FF70BD70B518
:10878000054600262C461DB9F7F752FD00BFFEE74F
:108790004F496069884201D1012000E0002080B18A
:1087A0004E49A06A884201D1012000E00020012842
:1087B00007D0A06A08B9012000E00020012800D1FC
:1087C0000126304670BD70B505461DB9F7F730FD7E
:1087D00000BFFEE72C4644B335480068844224D0ED
:1087E000FFF787FB2046FFF7CAFF01281BD1201D9A
:1087F000FEF76EFD3549E06A0968884202D93349BF
:10880000E06A0860E16A01EB81012F4A02EB810016
:10881000211DFEF735FD2649E06A0968C96A8842CC
:1088200001D3FFF760FBFFF76DFB70BD2DE9F04151
:10883000054600261DB9F7F7FBFC00BFFEE72C46F6
:10884000F7F7F6FC07462046FFF799FF012826D1E7
:108850001C480068F0B91649E06A0968C96A88428C
:1088600001D3012000E000200646201DFEF730FD68
:108870001649E06A0968884202D91449E06A08602A
:10888000E16A01EB8101104A02EB8100211DFEF734
:10889000F7FC04E004F118011048FEF7F1FC38463B
:1088A000F7F7CDFC3046BDE8F08100000004002061
:1088B000D4030020E8030020DC030020D8030020BC
:1088C0000C040020F8030020002F0020F0030020FB
:1088D000B42F0020F4030020E40300208C2F00209C
:1088E00010B50446206BFFF792FB2046FFF78FFB85
:1088F00010BD70B523E0FFF70DFEFD48006808B914
:10890000012000E000200546FFF754FDBDB9FFF748
:10891000F0FAF748C068C468201DFEF7D9FCF54896
:108920000068401EF3490860F3480068401EF249A1
:108930000860FFF7E7FA2046FFF7D2FF00BFEE48D6
:1089400000680028D7D170BD00BFFFF7D2FFEB4809
:1089500000680128F9D9FFF7C6FAF6E71FB500202D
:1089600000900190029003464FF48072E4A10390BE
:10897000E548FFF7DAFB0446012C02D1FFF70FFAB6
:108980000446012C09D1F7F753FC0120DF490860A8
:108990000020DF490860FFF788FA1CB9F7F748FCA8
:1089A00000BFFEE71FBD10B5F7F742FC0020D74916
:1089B0000860FFF797FA10BD10B5FFF79AFAD44890
:1089C0000468FFF79FFA204610BD70B5F7F730FC3A
:1089D0000546CF4804682846F7F731FC204670BDAD
:1089E000C448006870470146002002E0491C421C50
:1089F00090B20A78A52AF9D0800870472DE9FE4385
:108A000081460C461646204641684968416000F19F
:108A1000080142688A4202D1416849684160416860
:108A2000CF6800BF204641684968416000F10801F5
:108A300042688A4202D14168496841604168CD6814
:108A4000286BFFF7D0FF8046286CE96A334605F1B2
:108A50003402CDE900180290AEA1B34800F01AFE2E
:108A6000B149484600F0F4F9BD42DBD1BDE8FE83D0
:108A700070B50546FFF74EFD00202870ABA12846D3
:108A800000F0E6F9AA480068441C00BF641E04EB2D
:108A900084009A4951F8200008B9012000E0002024
:108AA00040B904EB8400954A02EB8001522228462B
:108AB000FFF7A4FF002CE9D19E480068006808B9C0
:108AC000012000E0002028B942229A480168284687
:108AD000FFF794FF98480068006808B9012000E09B
:108AE000002028B94222944801682846FFF786FFF3
:108AF0007F48006808B9012000E0002020B9442226
:108B00007B492846FFF77AFF8C48006808B90120A6
:108B100000E0002020B9532288492846FFF76EFF65
:108B2000FFF748FC70BD70B505460C461DB9F7F758
:108B30007FFB00BFFEE78248016818312846FEF738
:108B4000ADFB7F480068001DFEF7C2FB601C30B91A
:108B50007B480168091D7948FEF792FB05E06C48E7
:108B6000006806193046FFF7B6FC70BD70B50446C4
:108B70000D461CB9F7F75CFB00BFFEE770480168C3
:108B800018312046FEF77CFB6D480068001DFEF79B
:108B90009FFB5F48006846193046FFF79CFC70BD9C
:108BA00070B50646F068C4681CB9F7F741FB00BF12
:108BB000FEE704F11800FEF78BFB62480068A0B9DD
:108BC000201DFEF785FB6049E06A0968884202D9EA
:108BD0005D49E06A0860E16A01EB8101474A02EB06
:108BE0008100211DFEF74CFB04E004F118015748F9
:108BF000FEF746FB5249E06A0968C96A884201D318
:108C0000012500E00025284670BD10B504461CB9BA
:108C1000F7F70EFB00BFFEE74D48006820603C48B8
:108C20000068606010BD70B504460D461CB9F7F7CA
:108C3000FFFA00BFFEE71DB9F7F7FAFA00BFFEE73B
:108C4000FFF757F92868401C08B900261FE0404983
:108C500020680968884206D02D4960680968884202
:108C600001D8012613E02A4960680968081A2968B2
:108C700088420BD22868264A61681268511A401A45
:108C800028602046FFF7C1FF002600E00126FFF71D
:108C900039F9304670BD01202E4908607047014601
:108CA00011B10A46506C00E00020704708B102463E
:108CB000516470472249086870471449096809B926
:108CC000002005E01F49096809B9012000E00220E1
:108CD000704770B505462C464DB11949E06A0968E0
:108CE000C96A884265D216480068C06A34E060E00C
:108CF000A02F0020E4030020E0030020002F00202C
:108D000049444C450000000049890008F403002054
:108D1000E8030020257309092563092575092575D0
:108D20000925750D0A000000C82F00200D0A00005B
:108D3000EC030020D8030020DC030020B42F002027
:108D4000D4030020F8030020F00300208C2F002023
:108D50000404002000040020C0F10500A061E16AC5
:108D600001EB8101254A02EB81016069884201D152
:108D7000012000E00020C0B1201DFEF7A9FA204824
:108D80000068C06AE0621F49E06A0968884202D947
:108D90001C49E06A0860E16A01EB8101174A02EBB5
:108DA0008100211DFEF76CFA03E015480068C06AD7
:108DB000E06270BD70B505462C46EDB1A16CE06A6D
:108DC000884219D0201DFEF783FAA06CE062E06AA9
:108DD000C0F10500A0610B49E06A0968884202D928
:108DE0000849E06A0860E16A01EB8101034A02EB8D
:108DF0008100211DFEF744FA70BD0000002F002005
:108E0000D4030020F003002040EA01039B0703D0B5
:108E100009E008C9121F08C0042AFAD203E011F8B9
:108E2000013B00F8013B521EF9D27047D2B201E07B
:108E300000F8012B491EFBD270470022F6E710B55F
:108E400013460A4604461946FFF7F0FF204610BDB8
:108E5000421E12F8013F002BFBD111F8013B02F832
:108E6000013B002BF9D1704710B5044604E00B78A4
:108E700000F8013B03B1491C521EF8D2204610BD38
:108E8000421C10F8011B0029FBD1801A704710B555
:108E9000002200E0521C835C8C5CA34201D1002BB9
:108EA000F8D1D8B2E1B2401A10BD2DE9FE4F80468C
:108EB00081EA0300C00F0C46009021F0004123F02E
:108EC0000045B8EB0200A94105D240462146904634
:108ED0001C460B46024623F00040104347D0270DA6
:108EE000C7F30A00C3F30A510290401A01904028C8
:108EF0006BDAC3F3130040F4801B0098924620B154
:108F00000023D2EB030A63EB0B0B01985946C0F127
:108F10004002504600F0C6F906460D4650465946F6
:108F2000019A00F0DEF910EB08006141002487EAA5
:108F3000115284EAE7731A4340D0009A62B3019A4F
:108F4000012A4FEA075215DC001B61EB02014FF0CA
:108F5000004202EA0752CDE90042001C41F58011AF
:108F600032462B4600F015FA03B0BDE8F08F4046BC
:108F70002146F9E7001B61EB0201001C41F580135B
:108F800000185B412018A2F5001747EB030140EAE7
:108F9000D570B6196D4111E06D084FEA360645EA05
:108FA000C0754FEA0752001B61EB0201001C41F53E
:108FB000801149084FEA30000019514132462B46D2
:108FC00003B0BDE8F04F00F0D5B900980122400091
:108FD0000023D0EB020263EBE073009821464FEAD6
:108FE000E074B8EB000061EB0401E9E783F00043B3
:108FF0005BE781F0004158E72DE9FE4F81EA030469
:1090000004F0004421F0004100944FF0000B23F0E5
:10901000004350EA01045ED052EA03045BD0C3F37C
:109020000A54C1F30A552C44A4F2F3340194A0FB72
:109030000254C1F3130141F48011C3F3130343F449
:10904000801301FB024400FB034E840A970A44EAA2
:10905000815447EA8357A4FB076802958D0A05FBF4
:1090600007854FEA932C04FB0C542705029D4FEA19
:10907000065847EA1637B5EB08056EEB070C870E66
:10908000920E47EA811742EA8312A7FB0201B6EB70
:109090000B0164EB00042B0D43EA0C335E1844EB28
:1090A0001C50DA465146E7FB0201C5F313044FEAB0
:1090B0000B3343EA14534FEA0432019C43EA06039C
:1090C000A4F10C040294009CCDE900B400F061F915
:1090D00003B0BDE8F08F00200146F9E72DE9F04D1F
:1090E00081EA030404F0004B21F0004514464FF0E0
:1090F000000A23F0004150EA050220D054EA0102A0
:109100001DD0C5F30A570246C5F31303C1F313007C
:10911000C1F30A5640F4801543F48013A7EB060808
:10912000101BD64608F2FD3873EB050002D308F198
:10913000010801E092185B41B8F1000F03DA00204A
:109140000146BDE8F08D00204FF4801106468446AC
:109150000EE0171B73EB050705D3121B63EB05032A
:1091600006434CEA010C49084FEA300092185B4173
:1091700050EA0107EDD152EA030012D082EA04005E
:1091800083EA0501084305D0101BAB4106D201223A
:10919000002306E000224FF0004302E06FF00102DE
:1091A00053101AEB06004CEB085110EB0A0041EB90
:1091B0000B01BDE8F04D00F0DDB80EB5C10F80EA3F
:1091C000E0700844CA07002140F233438DE80E00E6
:1091D0000A460B4600F0DDF803B000BD70B5C1F3E0
:1091E0000A5201F000450024C1F3130140F2FF339D
:1091F00041F480119A4201DA002070BD40F23343FD
:109200009A42A2F2334203DC524200F05AF800E0E4
:1092100090402C43F1D0404270BD00F0004230F04D
:1092200000400AD0C10D01F56071C0F3160042EA9A
:109230000151C208400711437047002001467047A2
:1092400001F0004330B421F0004150EA010206D0A1
:109250000A0DA2F56072C1F31301002A02DC30BCD2
:1092600000207047440F44EAC104C100E01830BC3C
:1092700000EBC25000F047B830B50B460146002065
:109280002022012409E021FA02F59D4205D303FAC8
:1092900002F5491B04FA02F52844151EA2F1010249
:1092A000F1DC30BD202A04DB203A00FA02F1002074
:1092B00070479140C2F1200320FA03F31943904014
:1092C0007047202A04DB203A21FA02F0002170477F
:1092D00021FA02F3D040C2F120029140084319461E
:1092E0007047202A06DBCB17203A41FA02F043EA06
:1092F000E07306E041FA02F3D040C2F1200291404F
:109300000843194670470029A8BF7047401C490010
:1093100008BF20F00100704710B4B0FA80FC00FADA
:109320000CF050EA010404BF10BC704749B1CCF105
:10933000200421FA04F411FA0CF118BF0121214391
:109340000843A3EB0C01CB1D4FEA00614FEA10204C
:1093500042BF002010BC704700EBC35010440029EE
:10936000A4BF10BC7047401C490008BF20F001009A
:1093700010BC704710B5141E73F1000408DA401CCD
:1093800041F1000192185B411A4301D120F0010024
:1093900010BD2DE9F04D92469B4611B1B1FA81F214
:1093A00002E0B0FA80F220329046FFF77BFF0446DD
:1093B0000F4640EA0A0041EA0B0153465A46084369
:1093C00013D0114653EA010019D0C8F140025046AB
:1093D000FFF777FF05460E46504659464246FFF7CF
:1093E00061FF084305D0012004E020463946BDE86E
:1093F000F08D0020054346EAE0762C4337430A9877
:109400006305E40AA0EB08000022FD0A44EA475481
:109410000A3002D500200146E9E70105101969412B
:10942000DDE9084500196941BDE8F04DA2E770B5D6
:1094300021F0004303430CD0C1F30A550024D5EBBF
:10944000040564EB0403D617AD1AB34102DB002018
:10945000014670BD201841EB025170BD2DE9F04D61
:1094600000231A461B1A8A4103DB00200146BDE88F
:10947000F08DC1F30A52C1F3130141F480154FF08E
:10948000000BD10702D100186D41521E002704467F
:1094900040F2FF11384601EB620A3E468046024622
:1094A00000204FF48011FFF70CFFC2197141BB1867
:1094B00046EB0100B4EB030C75EB000C04D3E41A8B
:1094C00065EB000517460E46241908F101006D41B1
:1094D00080463428E3DDF91946EB0600091BA84154
:1094E00003D24FF0FF32134601E0002213461BEB7C
:1094F000070046EB0A51BDE8F04DFFF73BBF2DE9F1
:10950000FE4FC3F30A5701F000450024C1F30A5689
:10951000C3F31303C1F3130143F4801312EB020AE4
:10952000A64641F48011009543EB030CA7F1010B13
:1095300016E0B0EB0A0061EB0C01071E71F10007A9
:1095400007DA4FF00008D0EB080085F0004568EB23
:109550000101171A73EB0107EBD3761E001849417E
:109560005E45F6DA50EA010209D0CDE900E50022B5
:1095700013460296FFF70DFF03B0BDE8F08F2046BB
:109580000099F9E730B5041E71F1000404DB4FF0D7
:109590000044404264EB0101141E73F1000405DB3A
:1095A0001C464FF00043524263EB04038B4208BF5A
:1095B000824230BD30B5041E71F1000404DB4FF06F
:1095C0000044404264EB0101141E73F1000405DB0A
:1095D0001C464FF00043524263EB0403994208BF1C
:1095E000904230BD00207047064C074D06E0E06811
:1095F00040F0010394E8070098471034AC42F6D3DA
:10960000F6F7C6FD00BF000820BF000870B58C1833
:1096100010F8015B15F0070301D110F8013B2A1186
:1096200006D110F8012B03E010F8016B01F8016B73
:109630005B1EF9D12B0705D40023521E0DD401F86F
:10964000013BFAE710F8013BCB1A921C03E013F838
:10965000015B01F8015B521EF9D5A142D8D300206D
:1096600070BD00000FB41CB50246002007AC0029F5
:109670000BD0491ECDE90021054B6A4621460698CC
:1096800002F000FA009A002111701CBC5DF814FB76
:109690003DBC00080FB4084B10B504A902AA0398FA
:1096A00002F0F0F9044602A9002002F0D2FA2046A6
:1096B00010BC5DF814FB000053BC000803B4019813
:1096C0004100009850EAC12018BF04204A0D18BF7D
:1096D00040F0010040F2FF72B2EB515F08BF40F072
:1096E0000200012808BF052002B0704741000802AF
:1096F00018BF04200A0E18BF40F001004FF07F424F
:1097000032EA010108BF40F00200012808BF05202D
:109710007047000010EE100A10B510EE901A4FF0CE
:10972000684202EB40032DED028BB3F1654F3CBF65
:1097300002EB4102B2F1654F7CD200BFC0F3C753C8
:10974000C1F3C7529A1A1B2A09DD10F0004F14BF4B
:109750009FED6E0A9FED6E0ABDEC028B10BD12F1FB
:109760001A0F1BDA11F0004F09D010F0004F0CBF98
:109770009FED680A9FED680ABDEC028B10BD80EE7C
:10978000208A18EE100AFFF7B1FF042808BF02F084
:10979000B1F8B0EE480ABDEC028B10BD4200B2EB4E
:1097A000410F37D910F0004F19BFDFED5C1A9FED64
:1097B0005C1ADFED5C1A9FED5C1AB0EE602A0A4677
:1097C000F1EE400A80F00041B0EE420A10460A1A5B
:1097D0005200B2F1807F34D2484010F0004FDFEDEC
:1097E000532A9FED533A1DBFBEEE002A71EEE21AD6
:1097F00031EE431AB6EE002A04BF71EEA21A31EE22
:10980000031AF0EE402A42EE602A40EE020A82EE8F
:10981000A02A18E011F0004F04BF9FED461AF0EEA9
:10982000411AD4D010F0004F1CBFDFED431A9FED5A
:10983000431A00E026E004BFDFED411A9FED411A14
:10984000C5E780EE202A22EE020ADFED3F0ADFEDB7
:109850003F2ABDEC028B40EE202ADFED3D0A40EEB0
:10986000220ADFED3C2A40EE202ADFED3B0A40EEE3
:10987000220A22EE000A00EE201A31EE020A30EE31
:10988000210A10BD4FF07F42B2EB400F28BFB2EB70
:10989000410F05D2BDEC028BBDE8104002F017B8B5
:1098A00040EA01035B0008BF41F0FF410BD0B2EB7F
:1098B000400F08BFB2EB410F08D120F0804000EE0E
:1098C000100A21F0804100EE901A37E7B2EB400F0A
:1098D00012BF5FEA410240F0FF4001F000413FF457
:1098E0002DAF4A0092EA40033FF528AF002AACBFF3
:1098F0009FED1A1A9FED1A1A20EE010A60EE810AF6
:1099000010EE100A10EE901A18E70000DB0FC9BF26
:10991000DB0FC93FDB0F4940DB0F49C00000C9BF67
:1099200022AAFDB90000C93F22AAFD390060ED3E20
:10993000C30ACE3700000000000049C022AA7DBA49
:109940000000494022AA7D3A2DAD65BD8FB8D53DB6
:109950000FB511BE61C84C3EA8AAAABE0000804F38
:109960000000802F10EE101A08B5444A6846B2EB8A
:10997000410F28D94FF0E640B0EB410F94BF0020D3
:109980004FF0FF3000900098002861DB60EE000A85
:1099900010F0010F45D010F0020FDFED391A9FEDE6
:1099A000391A00EEE11ADFED381A40EE811A21EE85
:1099B000A01AF0EE400A40EE010A08BFF1EE600A7C
:1099C000B0EE600A08BD314B21F0004293423CD911
:1099D00011F0004FDFED2E0A20EE201ADFED2D0AE8
:1099E00019BF31EE601A71EE200A31EE201A71EEC5
:1099F000600ABDEEE01A11EE100A9FED271A00F082
:109A0000030000EEC10A9FED251A009000EEC10A86
:109A10009FED231A00EEC10A9FED221A00EEC10A43
:109A2000B1E79FED211A9FED210A10F0020F00EE21
:109A3000810A9FED1F1A00EE801AB7EE000A00EEB1
:109A4000810A18BFB1EE400A08BD01F05BFF9AE73A
:109A500010EE100A4000B0F17F4F3CBFB7EE000A95
:109A600008BD07D14FF0010002F006F8BDE808403C
:109A700001F030BFBDE8084001F026BFB61F927E5E
:109A8000336D4C39DA82083CA0AA2ABE490E4946F9
:109A900083F9223F0000004B0000C93F00A0FD39C0
:109AA0000020A2331A61342CB93AB2BACA9F2A3DB7
:109AB000DDFFFFBE10B52DED040B86B09DED060B4E
:109AC00010EE100A10EE901A8DED000B002818BF52
:109AD0000120084320F00040C0F17F6000F1E04029
:109AE000C00F21D19DED080B10EE101A10EE900A58
:109AF0008DED000B002918BF0121084320F0004024
:109B0000C0F17F6000F1E040C00F0DD129490798F6
:109B1000B1EB400F04BF0698002842D009984000DE
:109B200004BF089800283CD09DED080B53EC102B87
:109B30009DED060B51EC100BFFF7E1FCCDE90201A6
:109B40009DED020B40F2FF7110EE900A8DED000BBF
:109B500031EA105021D00798039900F0004001F03D
:109B60000041884219D09DED080B8DED040B9DED51
:109B7000020B8DED000B10EE900A059961F31E00AB
:109B800005909DED041B9DED020B51EC110B53EC68
:109B9000102BFFF72EFACDE902019DED020B0AB062
:109BA00010BD012001F068FF0AB0BDE8104001F0CF
:109BB000D7BB00000000E0FF2DE9F04D2DED040BB8
:109BC0002DED0E8B96B0DDE92550279CDDF890A099
:109BD00025F0004624F00048BAF1000F14BF01211F
:109BE000002101EB4502FC4953184A1093422AD345
:109BF000002814BF0123002303EB44030B44F7495F
:109C00008B4220D358EA00019FEDF59B76D0DFF818
:109C1000D8B35D4503D1BAF1000F05D188E0BAF1A0
:109C2000000F08BF002100D0012101EB450111F513
:109C3000001F08D8002814BF0121002101EB4401B6
:109C400011F5001F0BD99DED261B9DED240B16B0C1
:109C5000BDEC0E8B04B0BDE8F04D01F077BB0027E2
:109C6000002DBCBFE149884521DAE1498845A8BFFC
:109C700002271CDAC3451ADCDE4901EB28511429FE
:109C800008DDC1F1340220FA02F101FA02F2824247
:109C90000DD108E058B9C1F1140228FA02F101FA15
:109CA00002F2424503D101F00101C1F1020756EA77
:109CB0000A0124D1002C22DA002D18BF022F01D076
:109CC000012F0AD0022001F0D7FE16B0BDEC0E8B9A
:109CD00004B0BDE8F04D01F017BB022001F0CCFE4E
:109CE00001F012FB51EC100B81F0004141EC100B24
:109CF00016B0BDEC0E8B04B0BDE8F08D18E09FED02
:109D0000BEAB9FEDBF8B002871D1B848804522D1F2
:109D100005F1804010F5801008BFBAF1000F07D0A0
:109D2000B3450ADC002CA8BF9DED260BE0DA0DE060
:109D3000B0EE490AF0EE690ADAE7002C06DA9DED8A
:109D4000260B51EC100B81F000416FE0AE487844D7
:109D500090ED000BCCE7D8454DD1002C48DA2EB160
:109D600086423AD1BAF1000F42D126E0BAF1000F93
:109D700013D0022001F080FE01F002FB8DED020BFA
:109D80009DED240B8DED000B10EE900A039961F30D
:109D90001E0003909DED020BAAE78DED02AB9DED39
:109DA000240B1AEE901A10EE900A8DED000B61F361
:109DB0001E0003909DED020B9AE78DED028B9DED49
:109DC000240B18EE901A10EE900A8DED000B61F343
:109DD0001E0003909DED020B8AE709DA9DED240B2E
:109DE00051EC190B53EC102BFFF778F91EE020E033
:109DF0009DED240B7CE786421BDAB4F1804F0DD039
:109E0000A4F10050B0F1FF5013D1002D11DB9DEDF6
:109E1000240B51EC100B01F02DFF07E09DED240BFE
:109E200053EC102B51EC100B00F0C2BC41EC100BAA
:109E30005EE79DED240B51EC100B01F00FFFBAF122
:109E4000000FCDE90E0142D19FED710B46B3A6F193
:109E5000E040B0F17F600CD05E4538D1002D00DAD3
:109E6000A7B3022F0CBF01204FF0FF30FFF7A5F979
:109E7000DCE7002D01DD002C0DDA002D01DD002CCA
:109E80001FDB002D16DA002C14DB012F08BF9FED1D
:109E9000620B3FF42DAFB0EE4A0AF0EE6A0A27E7F4
:109EA000022F18BF002D0CD0012F0AD1002DFFF674
:109EB0001FAF06E0002DB8BF002C08DA012F3FF4D9
:109EC00017AFB0EE480AF0EE680A11E71BE0012078
:109ED00000EBE57050EA070115D0791EB0EE498A13
:109EE000F0EE698A084308BF9FED4D8B4E48002570
:109EF000804570DD4D494E48884514DDB0420DDB8C
:109F0000002C19DB2FE0012001F0B6FD16B0BDECEE
:109F10000E8B04B0BDE8F04D01F022BAB34502DC6F
:109F2000002C09DC1FE0864202DA002C1BDA03E079
:109F30005E452BDD002C16DD022001F09DFD01F0B9
:109F40001FFA8DED020B53EC1A2B51EC180BFFF797
:109F500053F8CDE900010399019861F31E000390C5
:109F60009DED020BC4E6022001F086FD01F018FA17
:109F700010EE901A18EE900A8DED020B8DED008B0D
:109F800061F31E0003909DED020BB1E69DED0E0BFB
:109F900053EC192B51EC100BFFF728F89FED260B13
:109FA000CDE9080153EC102B9DED080B51EC100B83
:109FB000FFF722F89FED221B53EC112BFFF719F846
:109FC0009DED081B53EC112BFFF716F89FED1E1BA0
:109FD00053EC112B3CE08CE0FFFF1F00FFFF0F0054
:109FE000000000000000F03F0000F03F0000F07FA4
:109FF0000000404301FCFFFF000000000000F07F74
:10A0000000000000000000008621000000000000A9
:10A010000000000000000080000000000000F0FFD1
:10A02000000000000000F0BF0000E0410000F0432D
:10A03000FFFFEF3F00000000000000000000D03FE5
:10A04000555555555555D53F000000000000E03FDF
:10A05000FEF7CFFF9DED080B41EC1A0B53EC102BD4
:10A0600051EC100BFEF7C8FF53EC1A2BFEF7C4FFA0
:10A0700041EC1A0B9FEDFE0B53EC102B9DED080BE2
:10A0800051EC100BFEF7B8FF41EC1B0B9FEDFA0BE8
:10A0900051EC1A0B53EC102BFEF7AEFF41EC1A0BF0
:10A0A0009FEDF70B53EC102B9DED080B51EC100BB3
:10A0B000FEF7A2FF53EC1A2BFEF798FF41EC1A0BA8
:10A0C00051EC1B0B53EC1A2BFEF7EFFE0690CDE97B
:10A0D00006519DED060B53EC1B2B51EC100BFEF7BC
:10A0E00085FF53EC1A2BFEF784FF41EC100B00F0B8
:10A0F000A1B90020B6F5801F0EDA9FEDE30B53ECFB
:10A10000102B9DED0E0B51EC100BFEF775FFCDE9FA
:10A110000E016FF034000E4600EB2650A0F2FF3720
:10A12000C6F31300DA4940F07F6646F04056884295
:10A13000D8BF002408DDD7498142C8BF012403DC11
:10A140000024A6F580167F1CD348784400EBC40099
:10A150000F9690ED00CB9DED0E0B53EC1C2B51ECAC
:10A16000100BFEF743FF9DED0E0B41EC1B0B53EC68
:10A170001C2B51EC100BFEF798FE41EC100B51EC30
:10A18000190B53EC102BFEF7A9FF41EC1D0B51EC02
:10A190001B0B53EC1D2BFEF72FFF41EC1A0BBF4896
:10A1A0008DED10AB7844109590ED000B4FF0005002
:10A1B00040EA660000EB84408DED080B00F50020BE
:10A1C00009909DED080B53EC1C2B51EC100BFEF786
:10A1D0000DFF9DED0E1B53EC112BFEF70AFF41EC1A
:10A1E000100B53EC102B9DED100B51EC100BFEF7E8
:10A1F00003FF9DED080B41EC1C0B53EC102B9DED68
:10A20000100B51EC100BFEF7F7FE53EC1B2BFEF777
:10A21000F0FE53EC1C2BFEF7E9FE53EC1D2BFEF772
:10A22000EBFE41EC1C0B53EC1A2B51EC1A0BFEF716
:10A23000E3FE41EC1B0B9A480621B0EE4B0AF0EE10
:10A240006B0A784400F0E4FFB0EE401AF0EE601ABA
:10A25000B0EE41DAF0EE61DA53EC1B2B51EC1B0B44
:10A26000FEF7CAFE53EC1D2BFEF7C6FE9DED100B4C
:10A2700041EC1B0B53EC1A2B51EC100BFEF715FEA7
:10A2800053EC1C2BFEF7B8FE53EC1B2BFEF70DFE18
:10A290009DED100B41EC1B0B53EC102B51EC100BF4
:10A2A000FEF7AAFE41EC1D0B9FED7FEB53EC1E2B3E
:10A2B000FEF7FBFD53EC1B2BFEF7F7FD0890CDE9F5
:10A2C00008519DED080B53EC1E2B51EC100BFEF7C3
:10A2D0008DFE53EC1D2BFEF789FE53EC1B2BFEF776
:10A2E00088FE9DED080B41EC1D0B53EC102B9DEDF2
:10A2F000100B51EC100BFEF77FFE41EC1B0B53ECE7
:10A300001A2B51EC1D0BFEF777FE9DED080B41EC6F
:10A310001A0B53EC102B51EC1C0BFEF76DFE53EC9B
:10A320001A2BFEF7C2FD41EC1A0B51EC1B0B53EC40
:10A330001A2BFEF7BAFD0C90CDE90C519DED0C0BDC
:10A3400053EC1B2B51EC100BFEF750FE53EC1A2B69
:10A35000FEF74FFE41EC1B0B9FED550B53EC102B02
:10A360009DED0C0B51EC100BFEF746FE41EC1A0B69
:10A370009FED510B51EC1B0B53EC102BFEF73CFEE9
:10A3800041EC1B0B9FED4E0B53EC102B9DED0C0B7A
:10A3900051EC100BFEF730FE53EC1B2BFEF785FD46
:10A3A00041EC100B4848784400EBC40090ED001BD2
:10A3B00051EC100B53EC112BFEF777FD41EC1B0B0E
:10A3C0003846FEF7FAFECDE9080153EC1B2B51ECA1
:10A3D0001A0BFEF76AFD41EC100B3C48784400EB89
:10A3E000C40090ED00CB51EC100B53EC1C2BFEF78E
:10A3F0005CFD9DED081B53EC112BFEF756FD0690FE
:10A40000CDE906519DED080B53EC102B9DED060B8D
:10A4100051EC100BFEF7EAFD53EC1C2BFEF7E6FDAA
:10A4200053EC1A2BFEF7E2FD53EC1B2BFEF7E1FD7C
:10A4300041EC100B9DED261B53EC102B8DED001BFA
:10A4400000959DED260B51EC100BFEF7D5FD9DED13
:10A45000000B41EC1A0B53EC102B9DED260B51EC2D
:10A46000100BFEF7C3FD9DED061B53EC112B2FE0E7
:10A47000000000604715F73FFE822B654715F73F48
:10A4800044DF5DF80BAE543E000000000000404386
:10A490008E9803007AB60B009A1B0000301D000056
:10A4A000D21A000000000000000000000000084078
:10A4B000000000E009C7EE3FFD033ADC09C7EE3FAC
:10A4C000F5015B14E02F3EBE5E1900001819000074
:10A4D000FEF792FD53EC1A2BFEF7E7FC9DED060B01
:10A4E00041EC1A0B53EC102B9DED000B51EC100BB3
:10A4F000FEF782FDCDE90C019DED0C0B51EC1A0B22
:10A5000053EC102BFEF7D1FCCDE902010C46AA4911
:10A510008C422FDB611A084318D19DED0C0B53ECD4
:10A52000102B9DED020B51EC100BFEF75FFD41EC83
:10A530001B0B9FEDA30B51EC1A0B53EC102BFEF7EA
:10A54000B4FC53EC1B2BFFF735F82DD2022001F0A1
:10A5500093FA00F015FF10EE901A18EE900A8DEDA8
:10A56000020B8DED008B61F31E0003909DED020B3D
:10A57000FFF7BEBB944A24F00041914214D39349A3
:10A58000214408437FF4EFAC9DED0C0B53EC102BF2
:10A590009DED020B51EC100BFEF728FD53EC1A2B2E
:10A5A000FFF708F87FF6DFAC24F000408849894ABD
:10A5B000002601EB205182422BDA481C4FF4801117
:10A5C00021FA00F02044844AC0F30A517A44A1F2EF
:10A5D000FF3192ED000B814A8DED080BCA4020EA55
:10A5E0000202C0F3130040F48010C1F1140120FAFC
:10A5F00001F60992002CB8BF76429DED080B53EC92
:10A60000102B9DED0C0B51EC100BFEF7EFFCCDE980
:10A610000C019DED0C0B51EC1A0B53EC102BFEF7BB
:10A6200044FC9FED6F0B0890CDE9085153EC102BC3
:10A630009DED080B51EC100BFEF7DEFC41EC1B0B03
:10A640009FED690B53EC102B9DED080B51EC100B9B
:10A65000FEF7D2FC9DED0C0B41EC1C0B53EC102BC8
:10A660009DED080B51EC100BFEF7C0FC53EC1A2BC0
:10A67000FEF7BFFC9FED5E1B53EC112BFEF7BCFCFD
:10A6800053EC1C2BFEF711FC41EC1A0B51EC1B0B8D
:10A6900053EC1A2BFEF709FCCDE902019DED020BEC
:10A6A00053EC1B2B51EC100BFEF7A0FC53EC1A2BB8
:10A6B000FEF79FFC9DED020B41EC1A0B53EC102BA7
:10A6C00051EC100BFEF798FCCDE908014A489DEDCE
:10A6D000080B0521784400F09BFD9DED081B51EC13
:10A6E000100B53EC112BFEF787FC9DED021B53EC76
:10A6F000112BFEF77EFCCDE906019DED020B53EC1C
:10A700001A2B51EC100BFEF777FC53EC1A2BFEF7CB
:10A71000CCFB9FED3B0B41EC1A0B53EC102B9DED4A
:10A72000060B51EC100BFEF761FC9DED060B41ECA6
:10A730001B0B53EC102B9DED020B51EC100BFEF795
:10A740005BFC53EC1B2BFEF7C9FC53EC1A2BFEF7FA
:10A750004DFC9DED021B53EC112BFEF747FC53EC17
:10A76000192BFEF746FCCDE9020101EB065001155D
:10A770000029C8BF039015DC9DED020B324651EC59
:10A78000100BFEF754FEFEF799FF042808BF00F0F7
:10A7900007FE32469DED020B51EC100BFEF747FE13
:10A7A000CDE902019DED020B51EC180B53EC102B7F
:10A7B000FEF722FCFFF73ABB0000904000000000CB
:10A7C000FE822B654715973C00CC904000346F3FCC
:10A7D00001FCFFFF0000E03F08190000FFFF0F0031
:10A7E00000000000432EE63F396CA80C615C20BEDF
:10A7F000EF39FAFE422EE63F70160000000000001E
:10A80000000000000000004010B510EE100A2DED11
:10A81000068BB7EE001A10EE901AB0EE418A0022B5
:10A82000A0F5000CDFEDFE9A4FF00073BCF1FE4F77
:10A830004FF07F4403EB410C80F0B481BCF1804FBA
:10A84000C0F02082F74901449FEDF73AB1F5005F6F
:10A8500040F2D48200F58021CB0C03F00F0101EE11
:10A86000901AC3F307137F3BA0EBC350B8EEE12A65
:10A8700000EE100A1A44DFEDED2AF0EE411A42EE26
:10A88000221AF0EE613A70EE232A30EE632A12EEBD
:10A89000900A00F500606FF30B0001EE900A73EE72
:10A8A000E13A33EE804AC1EE223A22EE230A10EE5C
:10A8B000100A00F500606FF30B0000EE100A00EEC6
:10A8C000612A00EE442A62EE232A70EE221A21EE5B
:10A8D000A12ADFEDD73A02EE233A23EE023A20EE28
:10A8E000012A22EE811A03EE211A32EE010A10EE3D
:10A8F000100A00F500606FF30B0000EE100A72EE14
:10A90000401A31EE812A9FEDCB1A60EE011A9FEDBD
:10A91000CA1A20EE011A9FEDC90A02EE001A31EEA2
:10A92000810A10EE100A00F500606FF30B0000EED4
:10A93000100AC34871EEC01A31EE812A784400EB48
:10A94000C10090ED003AD0ED011A100101EE100A9D
:10A95000F8EEC12A32EE211A31EE001A31EE031A56
:10A9600031EE221A11EE100A00F500606FF30B00B1
:10A9700009EE100A39EE621A31EE431A31EE400A3E
:10A9800030EE610A32EE40AA10EE900A002100F586
:10A9900000606FF30B0008EE900A084670EEE8AA1C
:10A9A000FEF720FE29EE280A00F00C01F0EEC00AA6
:10A9B00010EE900AB0F18B4F0DDD10EE900AB4EB63
:10A9C000400F08D310EE100A4FF08B4262F31E00C6
:10A9D00008EE900A13E069EE2A0A38EEAA1A4AEE47
:10A9E000010A30EE201A11EE100A00F500606FF334
:10A9F0000B0008EE900A30EE680A70EE209A0C20E8
:10AA0000FEF7F0FD38EEA90AB5EEC00AF1EE10FA35
:10AA100034BFFEEE000AF6EE000A30EE800ABDEE0C
:10AA2000C00A10EE100A011100EE101AF8EEC00A6A
:10AA300000EE100AB8EEC00A38EEC00A30EE290A5D
:10AA4000DFED801A9FED801A00EE211ADFED7F1AEC
:10AA50007F4900F00F0040EE011A21EE800A794490
:10AA600001EB800191ED001A7A49794401EB8001F4
:10AA7000D1ED001A784901EE801A794401EB80008B
:10AA8000764990ED000A31EE001AB0EEE00A10EEC1
:10AA9000100A884215DA10EE100AB4EB400F10D3FA
:10AAA0009FED6F0A30EE800ADFED6E0A20EE200A7D
:10AAB00068EE010ABDEC068BBCEEC00A20EE200A4F
:10AAC00010BD10EE100A6849884243DA10EE100AF1
:10AAD000B4EB400F3ED3BDEEE00A68EE010A10EE83
:10AAE000100A00EBD0725110C90501F17E5100EE41
:10AAF000101AA0EB6200C00560EE200A00F17E5043
:10AB000000EE100A60EE808A18EE900AB4EB400F57
:10AB10000FD1022000F0B0FF00F0E4FE10EE101A9A
:10AB200018EE100ABDEC068B61F31E0000EE100A51
:10AB300010BD18EE900A400011D018EE900AFEF7F2
:10AB4000D5FD042808BF00F0D5FEB0EE680ABDECC4
:10AB5000068B10BDF5EEC00AF1EE10FA0FD20220FE
:10AB600000F08AFF00F0C6FE10EE101A18EE100A70
:10AB7000BDEC068B61F31E0000EE100A10BD022032
:10AB800000F07AFF00F0AEFE10EE101AB0EE480AA8
:10AB900010EE100ABDEC068B61F31E0000EE100AE9
:10ABA00010BD00BFBCF1804F6CD300BF00F1FF436C
:10ABB000B3F1FE4F24D200BFB0EEC00A10EE100A6F
:10ABC000C1F3C7537F2B0DDB972BBFF63BAEC3F111
:10ABD00096034FF0010C0CFA03F3A3F1010C1CEAED
:10ABE000010F08D0012000F047FFBDEC068BBDE847
:10ABF000104000F06FBE0B4218BFBFEE008A21E686
:10AC000043001CBF4FF08073B3EB400F34D96FF09B
:10AC10001A02DFED161A20EE210A10EE100A27E0C4
:10AC200000000000001080C0ABAAAA3E0000803DDA
:10AC30007EE24C3E00B03842D49AB8BB3BAA3842C0
:10AC400030140000FC596337C9FF753A1872313D62
:10AC5000CE13000002140000721300000000FC423A
:10AC60000000FE420000004B000040430000004D89
:10AC700010F0004FA0D1E5E5A0F50003B3F1FE4FC1
:10AC800021D2DFE503EB4103B3F1007F11D3F5EEF1
:10AC9000C00AF1EE10FA05D1430018BFB4EB400F23
:10ACA00076D883E701F0004141F0FC5100EE901AA4
:10ACB0007CE7B3F1807F06D210EE903AA3F5000353
:10ACC00000EE903A72E720F000426FF0FF4C604CCB
:10ACD00002EB0C03A34210D321F000439C44A44593
:10ACE0000BD3B0F17E5F18BF5FEA410C50D0B2F1D8
:10ACF000FF4F98BFB3F1FF4F05D9BDEC068BBDE800
:10AD0000104000F0E4BDB0F1FF4F0FD0C1F3C752C7
:10AD10007F2A09DB972A11DAC2F19602012303FA8E
:10AD200002F2531E0B4205D0002208E011F0004F42
:10AD300055D128E00A4218BF012200D1022210F5A5
:10AD4000000F13D028B3B0F1004F26D010F1814F7F
:10AD50004FD04FF0FE42B2EB400F94BF01200020D5
:10AD6000012202EBE171884239D10CE011F0004F71
:10AD700002D0012A38D032E0012A02BF9FED350A05
:10AD8000BDEC068B10BD9FED340ABDEC068B10BDEB
:10AD90002FE011F0004F0CD121E0B1F1FF4F1ED098
:10ADA00011F5000F05D011F0004F15D00AB1012A9E
:10ADB00008D0022000F060FEBDEC068BBDE810401C
:10ADC00000F078BD022000F057FE00F073FDBDECEE
:10ADD000068BB1EE400A10BD0AB1012A04D0B0EED4
:10ADE000690ABDEC068B10BDBDEC068B9FED1B0AFE
:10ADF00010BDBDEC068BB7EE000A10BD30EE410A67
:10AE0000B5EE001A9FED172A00EE413AB6EE001A91
:10AE100060EE001A00EE431A61EEC11A9FED101A9F
:10AE200020EE011A20EE020A9FED0F2A01EE820A9F
:10AE300071EE001A11EE900A00F500606FF30B003E
:10AE400009EE100A31EE491A31EE00AA9CE5000025
:10AE5000FFFF3F00000080FF0000807F00000080B7
:10AE600000B0B841D49A38BB3BAAB84100B510EE47
:10AE7000101A2DED028B81B0524A6846B2EB410F99
:10AE80002ED94FF0E640B0EB410F94BF00204FF0B9
:10AE9000FF3000900098B0EE408A00286ADB10F086
:10AEA000010F4BD068EE080A9FED471A9FED470A45
:10AEB00000EE810A9FED461A10F0020F00EE801A94
:10AEC000B7EE000A00EE810A02BF01B0BDEC028BB2
:10AED00000BD00BF01B0B1EE400ABDEC028B00BD69
:10AEE0003C4B21F00042934241D911F0004FDFED7D
:10AEF0003A0A20EE201ADFED390A19BF31EE601A46
:10AF000071EE200A31EE201A71EE600ABDEEE01AF1
:10AF100011EE100A9FED321A00F0030000EEC10A94
:10AF20009FED301A009000EEC10A9FED2F1A00EE3F
:10AF3000C10A9FED2E1A00EEC10AABE728EE080AFF
:10AF40009FED2B1ADFED2B0A10F0020F40EE410AA5
:10AF50009FED291A00EE201A61EE000AB0EE480AB1
:10AF600008EE200AB6D101B0BDEC028B00BD00F0A6
:10AF7000C9FC8FE718EE100A4000B0F17F4F0DD2E8
:10AF800018EE100AFEF7B2FB042808BF00F0B2FC6E
:10AF9000B0EE480A01B0BDEC028B00BD09D1012022
:10AFA00000F06AFD01B0BDEC028B5DF804EB00F02F
:10AFB00091BC01B0B0EE480ABDEC028B5DF804EB29
:10AFC00000F082BCB61F927EB93AB2BACA9F2A3D3F
:10AFD000DDFFFFBE490E494683F9223F0000004BCA
:10AFE0000000C93F00A0FD390020A2331A61342CB3
:10AFF000336D4C39DA82083CA0AA2ABE00B52DED8B
:10B00000048BB0EE409AF0EE609A83B051EC190BCD
:10B01000FEF724FA41EC180B18EE100A18EE901AFD
:10B020008DED008B002818BF0120084320F0004060
:10B03000C0F17F6000F1E040C00F14D019EE101A8B
:10B0400019EE900A8DED009B002918BF01210843DD
:10B0500020F00040C0F17F6000F1E040C00F04BF6D
:10B06000012000F009FDB0EE480A03B0F0EE680AD6
:10B07000BDEC048B00BD10B52DED028BB1EEC08A86
:10B0800018EE100A20F00040C0F1FF40C00F0AD0B7
:10B0900010EE100A20F00040C0F1FF40C00F04BFC6
:10B0A000012000F0E9FCB0EE480ABDEC028B10BDB7
:10B0B00010B54D492DED020B2DED048B84B0099C8C
:10B0C00024F000409FED4A9B884221DB04BF089892
:10B0D000002809D09DED080B04B0BDEC048B02B034
:10B0E000BDE8104000F028B98DED029B9DED080BE6
:10B0F00019EE901A10EE900A8DED000B61F31E0010
:10B1000003909DED020B04B0BDEC048B02B010BDAA
:10B1100039498842A4BFB0EE490AF0EE690A57DA0D
:10B12000B0F1725F0CDA9DED080B51EC100BFEF7DD
:10B13000C5FA042808BF00F033F99DED080BE2E7DB
:10B140002E499DED080B814251EC100B9FED2C8B8D
:10B150001CDC00F083FD53EC182BFDF74DFF41EC98
:10B16000100B00F02DF953EC182B51EC100BFDF7E0
:10B170009CFE41EC100B51EC180B53EC102BFDF71F
:10B18000ADFF53EC192BFDF734FF1FE000F066FD17
:10B190009FED1D1B53EC112BFDF72EFF41EC100B07
:10B1A00000F00EF9B0EE409AF0EE609A53EC182BD6
:10B1B00051EC190BFDF779FE41EC180B51EC190B12
:10B1C00081F0004153EC182BFDF788FF41EC100B88
:10B1D000002C98DA51EC100B81F0004141EC100B7F
:10B1E00091E70000000000000000F07F0000000078
:10B1F000000000000000F03F000036400000F03F7B
:10B20000000000000000004000000000000000C03E
:10B2100070B504462DED028B4D1E00EBC500B0EE5F
:10B22000408AF0EE608A90ED000B35F0060017D0F2
:10B2300053EC182B51EC100BFDF7DEFE41EC100B1C
:10B240006D1E04EBC50090ED001B51EC100B53EC90
:10B25000112BFDF72AFE41EC100B35F00600E7D16B
:10B26000022D36D0042D1CD0062D1CBFBDEC028B48
:10B2700070BD53EC182B51EC100BFDF7BDFE94ED97
:10B280000A1B53EC112BFDF710FE53EC182BFDF7A6
:10B29000B3FE94ED081B53EC112BFDF706FE41ECB9
:10B2A000100B53EC182B51EC100BFDF7A5FE94ED91
:10B2B000061B53EC112BFDF7F8FD53EC182BFDF793
:10B2C0009BFE94ED040B53EC102BFDF7EEFD41ECCF
:10B2D000100B53EC182B51EC100BFDF78DFE94ED79
:10B2E000021B53EC112BFDF7E0FD53EC182BFDF77F
:10B2F00083FE94ED001B53EC112BFDF7D6FDBDEC46
:10B30000028B41EC100B70BD9FED070B10B553EC99
:10B31000102B9FED070B51EC100BFDF7DFFE41ECFE
:10B32000100B10BD00000000000000000000000035
:10B33000000000000000F03F10B553EC102B51EC62
:10B34000100BFDF7B2FD41EC100B10BD10B553EC26
:10B35000112B51EC100BFDF7A8FD41EC100B10BDAB
:10B360009FED050B10B553EC102B51EC100BFDF7B6
:10B37000B5FE41EC100B10BD000000000000000005
:10B380009FED050B10B553EC102B51EC100BFDF796
:10B3900033FE41EC100B10BD0000000000000070F7
:10B3A0009FED050B10B553EC102B51EC100BFDF776
:10B3B00023FE41EC100B10BD000000000000001047
:10B3C00070B52DED020B2DED0C8B82B00F9C9DED19
:10B3D0000E0B14F0004508BF8DED000B05D051ECAD
:10B3E000100B81F00041CDE90001FF4824F000443A
:10B3F00084424BD3FD489FEDFE8BA04234D8FE48DB
:10B4000084421BD30E99C4F31300084309D09DED69
:10B410000E0B02B0BDEC0C8B02B0BDE87040FFF724
:10B420008BBF35B99DED0E0B02B0BDEC0C8B02B09D
:10B4300070BDB0EE480AF0EE680AF5E79FEDF00B3C
:10B4400053EC102B9DED0E0B51EC100BFEF7B2F8E8
:10B450000AD2022000F010FB02B0BDEC0C8B02B04F
:10B46000BDE87040FFF78CBF85B19FEDE70B53EC53
:10B47000102B9DED0E0B51EC100BFDF716FD9FED03
:10B48000E40B53EC102BFEF77DF8D2D3E2489FED8E
:10B49000E4AB844240F20581E3489FEDE59B9FEDDC
:10B4A000E68BA04215D99DED0E0B53EC192B51ECF8
:10B4B000100B45B1FDF7F9FC41EC190B9FEDE08B4A
:10B4C0004FF0FF3440E0FDF791FD41EC190B0124F2
:10B4D0003AE09FEDDD0B53EC102B9DED0E0B51EC84
:10B4E000100BFDF789FD41EC100B002D12BF9FEDF5
:10B4F000D81BB0EE4A1AF0EE6A1A53EC112B51EC3D
:10B50000100BFDF7D2FCFDF769FE0446FDF755FE72
:10B51000CDE900019DED000B53EC192B51EC100B04
:10B52000FDF76AFD9DED0E1B53EC112BFDF761FD40
:10B530009DED000B41EC190B53EC182B51EC100B4B
:10B54000FDF75AFD41EC180B51EC190B53EC182B7D
:10B55000FDF74CFDCDE90E019DED0E0B53EC192BC3
:10B5600051EC100BFDF745FD53EC182BFDF73EFD9C
:10B5700041EC1B0B9DED0E0B53EC1A2B51EC100BF9
:10B58000FDF73AFD41EC1D0B9DED0E0B53EC1D2B11
:10B5900051EC100BFDF730FD41EC180BAE480521C6
:10B5A000B0EE480AF0EE680A7844FFF731FE53EC3B
:10B5B000182B51EC100BFDF71FFD9FEDA99B53ECD1
:10B5C000192BFDF772FC41EC1C0B53EC1D2BFDF706
:10B5D00013FD9FEDA51B53EC112BFDF70AFDCDE9E3
:10B5E00000019DED000B53EC102B9DED0E0B51EC6B
:10B5F000100BFDF701FD9FED9E1B53EC112BFDF78A
:10B60000F8FC9DED000B41EC1D0B53EC102B51ECA5
:10B610001C0BFDF7EBFC53EC1D2BFDF75FFD53EC12
:10B62000182BFDF7E9FC41EC100BCCB353EC1B2BB2
:10B6300051EC100BFDF7DAFC9DED0E1B53EC112BBA
:10B64000FDF7DAFC53EC1B2BFDF7D0FC53EC182B69
:10B65000FDF7CCFC41EC180BB4F1FF3F47D0012CB7
:10B6600056D014F1020F01DD382C71DD9DED0E0B6B
:10B6700053EC182B51EC100BFDF7BBFC53EC192BC2
:10B68000FDF7B7FCCDE9000101EB045001909DED01
:10B69000000B53EC192B51EC100BFDF7A7FC54E0F9
:10B6A00010E07548A04298BF00247FF663AF9DED7F
:10B6B0000E0B51EC100BFEF701F8042808BFFFF742
:10B6C0006FFEAFE653EC102B9DED0E0B51EC100B03
:10B6D000FDF792FC53EC182BFDF788FC9DED0E1B3B
:10B6E00053EC112BFDF785FC41EC100B9CE69DED16
:10B6F0000E0B53EC182B51EC100BFDF777FC53ECB1
:10B700001A2BFDF779FC53EC1A2BFDF76FFC1CE0AC
:10B710009FED5B0B53EC102B9DED0E0B51EC100BC2
:10B72000FDF730FF15D29DED0E0B53EC1A2B51ECAB
:10B73000100BFDF7BAFB53EC182BFDF75AFC9FEDED
:10B74000521B53EC112BFDF757FC41EC100B6BE631
:10B7500012E09DED0E0B53EC182B51EC100BFDF786
:10B7600045FC9FED4B1B53EC112BFDF745FC53ECB7
:10B77000192BFDF79AFBE8E78DED009B142C1BDAE3
:10B780004FF40010E040C0F17F6000F140500190A4
:10B790009DED0E0B53EC182B51EC100BFDF729FC13
:10B7A0009DED001B53EC112BFDF723FCCDE90001AF
:10B7B00001EB045001907AE040F2FF30001B0005DD
:10B7C00001909DED000B51EC180B53EC102BFDF785
:10B7D0006CFB9DED0E1B53EC112BFDF70AFC53EC9B
:10B7E000192BCDE9000157E07A684340422E86408C
:10B7F000000000000000F0BF0000F07F000000002B
:10B80000EF39FAFE422E864059F3F8C21F6EA501A9
:10B810000000000000000000422ED63F00000000A3
:10B82000000000000000E03FB2A2F03F0000000076
:10B830000000E0FE422EE63F763C7935EF39EA3DE6
:10B84000763C7935EF39EABDFE822B654715F73F27
:10B85000000000000000E0BF04090000000000003C
:10B86000000000000000F03F000000000000084061
:10B8700000000000000018400000903C00000000A4
:10B88000000000000000D0BF00000000000000C069
:10B8900000000000000000409DED000B51EC100B7B
:10B8A000FDF703FBCDE9000101EB045001909DED94
:10B8B000000BB9E5DFED030AB7EE001A81EE200AAE
:10B8C000704700000000000030EE000A704730EEC4
:10B8D000200A7047DFED020A80EEA00A70470000E0
:10B8E000000000009FED020A20EE000A70470000F1
:10B8F000000000709FED020A20EE000A7047000071
:10B90000000000102DE9F0014FF07F42B2EB410F33
:10B910009FBF4FF0FF310160BDE8F00170474FF06D
:10B92000004242EA0123C1F3C752783A551112F09E
:10B930001F0C434CCCF120067C44C1F3C752A2F14A
:10B9400078024FEA621204EB820254F8254008BFE5
:10B95000D2E9015612D0556804FA0CF425FA06F71C
:10B960003C43976805FA0CF527FA06F8D26807FAFF
:10B970000CFCF24045EA08054CEA0206A4FB034C25
:10B98000A5FB0352A6FB03631D449D4234BF012661
:10B9900000261319334416B1934202D903E09342AF
:10B9A00001D2012200E00022624402F1200C920642
:10B9B000DC0C42EA443200EE102A5B03DFED210A80
:10B9C000F8EEC01A00EE103A4FEA9C1C11F0004F3E
:10B9D000B8EE400AC0F800C020EE201A00EE105A5F
:10B9E000DFED190AB8EE400A20EE200A71EE810A56
:10B9F00070EE800A10EE902A02F500626FF30B02DF
:10BA000000EE902A70EEE11A31EEC11ADFED101A45
:10BA100030EE411A9FED0D0A20EE800A01EE210A58
:10BA20009FED0C1A00EE810A04BFBDE8F0017047DB
:10BA3000CCF180510160BDE8F001B1EE400A7047E1
:10BA4000A4050000000000360000802C22AAFD2979
:10BA5000DB0FC92F0000C92F02E008C8121F08C160
:10BA6000002AFAD170477047002001E001C1121F7F
:10BA7000002AFBD1704700000149086070470000B0
:10BA8000100400202DE9FF4F8BB09A460F46054663
:10BA9000002606E025280BD052460D9990476D1CD4
:10BAA000761C28780028F5D10FB03046BDE8F08F1D
:10BAB0000024A0460122604900E0044315F8013F3C
:10BAC000203B02FA03F00842F7D128782E2817D13C
:10BAD00015F8010F44F004042A280ED06FF02F024D
:10BAE0002878A0F1300109290AD808EB880102EB77
:10BAF000410100EB01086D1CF2E757F8048B6D1C47
:10BB0000287869283ED006DC0028CDD063280BD0E9
:10BB1000642804D136E0732810D075284BD05246E3
:10BB20000D999047761C85E017F8040B8DF80000FE
:10BB300000208DF80100E946012003E057F8049B3E
:10BB40004FF0FF3061074FF0000401D40AE0641C9D
:10BB500044450DDA8442FADB19F804100029F6D1C5
:10BB600006E0641C8442FCDB19F804100029F8D1BB
:10BB7000264404E019F8010B52460D999047641EC3
:10BB8000F8D257E001CF4FF00A0B002802DA40420A
:10BB90002D2102E0210504D52B218DF8241001214F
:10BBA00003E0E10705D02021F7E70DF12009089116
:10BBB0000CE00021F9E701CF4FF00A0BF9E75946F5
:10BBC000FDF75AFB01F1300209F8012D0028F6D1EA
:10BBD000ADEB090000F1200B600701D44FF0010824
:10BBE000D84502DDA8EB0B0000E0002080460024D1
:10BBF00006E009A85246005D0D999047641C761C2A
:10BC000008988442F5DB04E0302052460D999047B5
:10BC1000761CB8F10001A8F10108F5DC05E019F87F
:10BC2000010B52460D999047761CBBF10001ABF118
:10BC3000010BF4DC6D1C34E7092801004A68002A76
:10BC400006D00A68531C0B6010704868401E48609C
:10BC500070470A68531C0B601070704782B0CDE9C2
:10BC6000000121F0004001909DED000B02B051EC6D
:10BC7000100B704700B52DED048B83B041EC190B10
:10BC8000FDF7ECFB41EC180B18EE100A18EE901AB9
:10BC90008DED008B002818BF0120084320F00040E4
:10BCA000C0F17F6000F1E040C00F14D019EE101A0F
:10BCB00019EE900A8DED009B002918BF0121084361
:10BCC00020F00040C0F17F6000F1E040C00F04BFF1
:10BCD0000120FFF7D1FE51EC180B03B0BDEC048B33
:10BCE00000BD000000000000000000000000F03F68
:10BCF000000000000000F83F00000000000000000D
:10BD00000000004003B8E23F000000000000000017
:10BD100006D0CF43EBFD4C3E033333333333E33FA5
:10BD2000FFAB6FDBB66DDB3F4D268F515555D53FD1
:10BD300001411DA96074D13F65DBC9934A86CD3F9F
:10BD4000EF4E454A287ECA3F3E5555555555C53F8D
:10BD500093BDBE166CC166BF2CDE25AF6A56113F7F
:10BD6000F16BD2C541BDBBBED0A4BE726937663E81
:10BD700000000000000000000000B33FB2BE7D3AAA
:10BD800000002E40DFCF513800007E40BF51FABA8C
:10BD900000E0A44019DAC3BA00E0C840C2ED8AB995
:10BDA0000040EB40CD1F2CBA001006412AFFFABA22
:10BDB00000C01541DFCFD13700D024419A97703AA7
:10BDC0000050334189478E3600404141E75B9D3842
:10BDD00000B04E41C00A98B900A05B41558F943A1B
:10BDE00000306841DA92C0BA0040744162B3C63A8A
:10BDF0000000803F00A0853F00908B3F00C0913F36
:10BE00000030983F00F09E3F00F0A53F0050AD3F4E
:10BE10000000B53F0000BD3F0060C53F0020CE3FA1
:10BE20000040D73F00C0E03F00C0EA3F0020F53FA0
:10BE3000000000007D36AC397D3C3839EBDCF4384D
:10BE4000320A7E39124C26399B6AED39A4EE8339C9
:10BE50007F661E39F6398A392B426539A482113939
:10BE60005B991F39C3EECD39DDE7C637A5A22F395F
:10BE70000000803FC3AA853FC2958B3FD3C3913F4B
:10BE8000F037983F32F59E3FD7FEA53F3F58AD3F74
:10BE9000F304B53FA408BD3F2A67C53F8C24CE3FBD
:10BEA000FD44D73FDFCCE03FC7C0EA3F7D25F53FEB
:10BEB000F41011111111A1BF8555FE19A0015A3FAF
:10BEC000B7DBAA9E19CE14BF3952E686CACFD03E40
:10BED0002DC3096EB7FD8ABE0000000000000000FF
:10BEE000000000006E83F9A22915444ED15727FCAB
:10BEF000C0DD34F5999562DB4190433CAB6351FE64
:10BF000020BF000800000020140400000C96000868
:10BF100030C0000814040020DC2F000068BA0008BC
:10BF2000411BFF01041A02041A03041A04041A052F
:10BF3000041A06041A07041A08041A09041A0A043F
:10BF40001A0B041A0C041A0D04112A0E051A0F05F7
:10BF500082101A8440C1195701A11AFCB41A2CA9E5
:10BF60001A200823F8021A5E0C1A12081AB8081AC6
:10BF7000580832A01A620829CC1ADA081ACB041A17
:10BF8000D60D1A1C081AB3081A0E041A18045AA45B
:10BF900038C162FA223F1A8004111A400819041AA3
:10BFA000A0041AC0041B20410C19041AF004233405
:10BFB000421A700434F0429652781A48102BC84244
:10BFC000533264180835FA8E3CC3F54838011272B2
:10BFD000054B3075040118A91C027B112D295C8FBB
:10BFE0003E0401342342017269231C021A2C108181
:10BFF000323C320A3264F2C82927992B012D1A1BD0
:10C00000391A57041A8B040A1182453207023C057B
:10C010002B7A03B749A86808020304060708090C2D
:10C02000A910C11AAA010111023E281AFF014100FC
:040000050800018965
:00000001FF
