:020000040800F2
:10000000183E0020D99100083D6B00083F6B0008A6
:10001000556B00086B6B0008816B00080000000046
:10002000000000000000000000000000976B0008C6
:10003000996B0008000000009B6B00089D6B000896
:10004000F3910008F3910008F3910008F391000880
:10005000F3910008F3910008F3910008F391000870
:10006000F3910008F3910008F3910008F391000860
:10007000F3910008F39100086B120008FD110008CD
:10008000F3910008F3910008F3910008F391000840
:1000900045510008F3910008F3910008A96B00088E
:1000A000F3910008F3910008F3910008F391000820
:1000B000B96B0008F3910008F3910008F391000870
:1000C000F3910008F3910008F3910008F391000800
:1000D000F3910008F3910008F31D0008F391000864
:1000E000F3910008F391000849510008DFF80CD0A3
:1000F0000EF024F800480047116B0008183E00205D
:10010000F0B507460020059E04460546A9B1844681
:100110009EB1761E8C4212D2B04210D217F804E083
:10012000964508D1A54205D03D4443F8205007F834
:1001300004C0401C651C641CECE70020F0BD8D422F
:1001400003D2791943F82010401C43F820C0F0BDB9
:100150002DE9F04F0024A1B08B4682464FF0FF36C8
:100160004FF02009A0462746802101A80DF0DDF8B8
:100170002CA150460DF0E4F8B0B32B4D0FE05046E3
:100180000DF0DEF8040009D055F837000DF0EAF85C
:100190000444A4EB0A001FFA80F804E07F1C55F821
:1001A00037100029EBD120783F2804D00D2810D03B
:1001B0003D281AD034E060780D2831D1A0780A2883
:1001C0002ED105EBC700436873B101AA494601204F
:1001D0001BE060780A2823D105EBC70043681BB1F8
:1001E00001AA4946022010E01AE0601CABEB0801AE
:1001F00001AB2C22CDF80090FFF782FF014605EB02
:10020000C700436863B101AA032098470646401C13
:1002100006D006A001F042FD21B03046BDE8F08FC7
:1002200004A0F7E741540000C40201080D0A4F4B37
:100230000D0A00000D0A4552520D0A0000B591B09A
:10024000402168460DF071F8FCA2FEA168460EF050
:1002500009FA68460DF086F881B2684600F0B3FFEF
:10026000002011B000BD00F031FEFCA001F016FD31
:10027000642001F061FC00F0C1FD00F015FE00F00B
:1002800025FEF6A001F00AFD642001F055FC00F007
:10029000B5FDF2A001F002FD00F0B0FD2DE9F04146
:1002A000C2B017468846032822D14FF4807102A8B5
:1002B0000DF03BF838680DF0A4F8C4B278680DF082
:1002C000A0F8C5B2B8680DF09CF8C6B2F8680DF099
:1002D00098F8C1B20DB1012D08D10EB1012E05D192
:1002E00009B1012902D1B8F1040F04D04FF0FF3059
:1002F00042B0BDE8F081DB482B4680F828501EB3A1
:100300005FF0050280F8792001291FD05FF000021C
:1003100080F87F20012B1BD0202C13D8C484CDE97A
:1003200000612246D0A102A80EF09CF902A80DF0AF
:1003300019F881B202A800F046FFC8A001F0AEFC97
:100340000CF020FC0020D3E70922DBE70122DFE7E5
:10035000082CF7D8C484CDE900612246C2A102A8C6
:100360000EF080F902A80CF0FDFF81B202A800F0A7
:100370002AFFBAA001F092FC0BF017FFE2E730B5BC
:10038000C3B000252C464FF4807102A80CF0CDFFBD
:10039000B44890F87910092900D0012590F87F1011
:1003A000012900D10124CDE9005490F82830C28CF5
:1003B000B8A102A80EF056F902A80CF0D3FF81B242
:1003C00002A800F000FF43B0002030BD30B591B06E
:1003D0000C461546402168460CF0A7FF28680DF032
:1003E00010F810F0FF0001D0012801D1012C03D03A
:1003F0004FF0FF3011B030BD9A4C012884F829002D
:1004000001D104F0EBF994F82920ADA168460EF073
:1004100029F968460CF0A6FF81B2684600F0D3FEC9
:1004200000F054FD8DA001F039FC642001F084FB44
:1004300000F0E4FC00B591B0402168460CF075FF77
:1004400088489FA190F8292068460EF00BF968466D
:100450000CF088FF81B2684600F0B5FE002000E78E
:100460002DE9F04FCDB08B4614464FF480710CA8A7
:100470000CF05BFF20680CF0C4FF00F0FF0AA068DE
:100480000CF0BFFF00F0FF09E0690CF0BAFF206A32
:100490000CF0B7FFE0680FF081F80DF079FB05462E
:1004A00020690FF07BF80DF073FB064660690FF0D2
:1004B00075F80DF06DFB8046A0690FF06FF80DF038
:1004C00067FB074660680CF09CFFBBF1090F04D086
:1004D0004FF0FF304DB0BDE8F08F7E490A68A2F8BA
:1004E00017A010800A68CA4650800C68384624F865
:1004F000159FA9466560A660C4F80C804546276133
:100500000DF003FB8346284600910DF0FEFA0746E6
:100510000D4630460DF0F9FA0646884648460DF07D
:10052000F4FA024600200A900B460B9000990DF158
:10053000080CCDF800A08CE84C01CDE908B1CDE95C
:10054000067534F8153C628863490CA80EF08AF8E9
:100550000CA80CF007FF81B20CA800F034FE0020BC
:10056000B8E72DE9F047CCB04FF480710CA80CF03F
:10057000DCFE58480468D4F82500641C0DF0C5FA68
:1005800081468A46206A0DF0C0FA07468846E0692F
:100590000DF0BBFA05460E46A0690DF0B6FA0A4604
:1005A00000210A9102AB0B9183E8E507A08A009035
:1005B00034F8013CE28A49490CA80EF053F80CA823
:1005C0000CF0D0FE81B20CA800F0FDFD4CB0002074
:1005D000BDE8F0870020704700B591B00020109072
:1005E000402168460CF0A1FE10A806F040F910B1B9
:1005F0004FF0FF3035E610980DF087FA02460B46B3
:1006000037A168460EF02EF868460CF0ABFE81B2BA
:10061000684600F0D8FD002023E630B591B00C46C6
:100620001546402168460CF080FE28680CF0E9FE73
:1006300010F0FF0001D0012864D159E056312E306E
:100640002E3000000D0A67657476657220736F6640
:1006500074776172653A25730D0A00000D0A4F4BDD
:100660000D0A0000880B00200D0A7365746366672D
:100670002049443A25642C20526F6C653A25642C3D
:100680002043483A25642C20526174653A25640D54
:100690000A0000000D0A6765746366672049443AE2
:1006A00025642C20526F6C653A25642C2043483A0F
:1006B00025642C20526174653A25640D0A000000FF
:1006C0000D0A776F726B6D6F64653A2025640D0AB1
:1006D0000000000048140020BC100108341001087C
:1006E0000D0A616E676C653A2025660D0A000000F0
:1006F000012C07D1F84C012806D000202070C0B290
:1007000001F018F9002075E600220121104601F0E1
:10071000F1F80120F2E7014606E00D2A03D00A2A8B
:1007200001D000F8012B491C0A78002AF5D10021DC
:100730000170704710B514460B461068FFF7EBFFC9
:10074000012B07D104F04AF8022303211320226869
:1007500004F05CF8002010BD00B591B0402168465F
:100760000CF0E3FDDD4800680DF0CFF902460B46C2
:10077000DBA168460DF076FF68460CF0F3FD81B210
:10078000684600F020FD00206BE530B5C1B04FF4A5
:10079000807168460CF0C9FD45F65A22D5A168461D
:1007A0000DF060FF054668460CF0DCFD6C46204409
:1007B000D2A10DF057FF68460CF0D4FD2044D2A121
:1007C0000DF050FF68460CF0CDFD2044AFF29412BE
:1007D000D3A10DF047FF68460CF0C4FD2044D5A31B
:1007E000D7A2DAA10DF03EFF68460CF0BBFD204415
:1007F000DBA2E6A10DF036FF68460CF0B3FD421B0C
:10080000E6A1A01C0DF02EFF7B20605568460CF081
:10081000A9FD2044D1A10DF025FF68460CF0A2FDF2
:1008200081B2684600F0CFFC41B0002030BDF0B589
:10083000A9B00AF0B9FF07460AF0AEFF0546A021AD
:1008400001A80CF072FD0D221DB10A20152101FB3B
:100850000502A8A101A80DF005FF01AEA0213046B8
:10086000D0A20DF0E7FE044615E038680090C4F110
:10087000A0013019CEA27B680DF0DCFE0444012DEE
:1008800006D9C4F1A0013019A4A20DF0D3FE04448E
:100890006D1EADB20837002DE7D1C4F1A0013019AB
:1008A000C7A20DF0C7FE204481B201A800F08BFC66
:1008B0000AF090FF002029B0F0BDF0B5A9B0A0214A
:1008C00068460CF032FD0AF0B3FE06460AF0B4FEAC
:1008D000071E4FF00C020ADD3146684600F09BFA15
:1008E00068460CF03FFD0921C01C00FB071281A1E6
:1008F00068460DF0B7FE6D46A0212846B1A20DF066
:1009000099FE0446308888B131462819064600F021
:1009100082FA30460CF026FD0444012F06DDC4F1B6
:10092000A00128197DA20DF085FE0444C4F1A001A8
:100930002819A3A20DF07EFE204481B2684600F083
:1009400042FC0020B7E72DE9F047A8B08A461746D9
:10095000A02168460CF0E9FC1022002138680CF058
:100960004EFD044688461022002178680CF00EFDEA
:100970008146B8680CF045FD0646F8680CF041FD6C
:10098000054638690CF03DFD07461EB115B1BAF1B8
:10099000050F03D04FF0FF3028B019E61FFA89F297
:1009A000204641460AF0A6FE040037D0A681E58124
:1009B000278245F65A224FA168460DF053FE06469F
:1009C00068460CF0CFFC6D46284481A10DF04AFE2C
:1009D00068460CF0C7FC2844214600F01CFA684623
:1009E0000CF0C0FC28447EA10DF03CFE68460CF0E3
:1009F000B9FC821B69A1A81C0DF034FE7B20A85510
:100A000068460CF0AFFC284454A10DF02BFE68465C
:100A10000CF0A8FC81B2684600F0D5FB0020BBE7D3
:100A2000F0B5A9B00E461446A02168460CF07DFC36
:100A30001022002120680CF0E2FC04460D46012E35
:100A400002D04FF0FF3036E74FF6FF710020091B50
:100A5000A84104D2204629460AF093FE02E0A0B243
:100A60000AF084FE45F65A2222A168460DF0FAFDEE
:100A7000074668460CF076FC6E46304422462B460C
:100A800058A10DF0EFFD68460CF06CFCC21B43A1B1
:100A9000B01C0DF0E7FD7B20F05568460CF062FCC1
:100AA00030442EA10DF0DEFD68460CF05BFC81B2F7
:100AB000684600F088FB0020FDE610B5012902D051
:100AC0004FF0FF3010BD10680CF09BFC4C490968DA
:100AD000A1F82F00002010BD04000020000000201D
:100AE0000D0A64697374616E63653A2025660D0AA8
:100AF000000000004A532530345800007B22496E24
:100B0000666F223A7B0D0A0022446576696365228E
:100B10003A2250444F41204E6F6465222C0D0A004A
:100B20002256657273696F6E223A222573222C0D4C
:100B30000A00000031343A33303A30390000000006
:100B40004D617920313520323032350022427569CD
:100B50006C64223A222573202573222C0D0A000092
:100B60004457333030302043302044657669636524
:100B7000204472697665722056657273696F6E20C3
:100B800030342E30302E30300000000022447269A4
:100B9000766572223A222573227D7D0025303458F5
:100BA000000000007B22444C697374223A5B2000F1
:100BB000222530386C582530386C5822000000004F
:100BC0005D7D00007B224B4C697374223A5B000010
:100BD0007B225461674164646564223A200000000E
:100BE0007D0000007B2254616744656C6574656418
:100BF000223A20222531366C6C78227D00000000DC
:100C00004814002010B5012902D04FF0FF3010BD6C
:100C100010680CF0F6FB89490968A1F83100002042
:100C200010BD10B5012902D04FF0FF3010BD106883
:100C30000CF0E7FB81490968A1F84100002010BDD4
:100C40002DE9F04FC7B08B4617464FF4807107A8C7
:100C50000CF06BFB38680CF0D4FB1FFA80FA786854
:100C60000CF0CFFB1FFA80F9B8680CF0CAFB86B213
:100C7000F8680CF0C6FB84B238690CF0C2FB1FFAAE
:100C800080F878690CF0BDFB85B2B8690CF0B9FB4F
:100C900081B2BBF1070F2DD1BAF1010F2AD8B9F1FA
:100CA000010F27D8012C25D8644808F0FF020068FE
:100CB00020F82B4F46800277C5820183B0F90630B9
:100CC000B0F904700096CDE90573CDE90351CDE983
:100CD0000142C37E827E5A4907A80DF0C3FC07A8D3
:100CE0000CF040FB81B207A800F06DFA002047B07D
:100CF000BDE8F08F4FF0FF30F9E710B5C8B04FF402
:100D0000807107A80CF011FB4C480DF10C0C006829
:100D1000B0F84110B0F93140B0F92F30B0F84320AD
:100D20008CE81E0090F8473030F82B2F41888DE872
:100D30000E00C37E827E424907A80DF093FC07A8EF
:100D40000CF010FB81B207A800F03DFA48B000207B
:100D500010BD10B5012902D04FF0FF3010BD106852
:100D60000CF04FFB3549096881F84700002010BDA1
:100D700010B5012902D04FF0FF3010BD10680CF003
:100D800040FB2E490968A1F84300002010BD30B592
:100D900091B00C461546402168460CF0C6FA28680A
:100DA0000CF02FFB10F0FF0001D0012801D1012C25
:100DB00002D04FF0FF30A6E4224981F82A006846AD
:100DC0000CF0D0FA81B2684600F0FDF900209AE4F8
:100DD00000B591B0402168460CF0A7FA19481AA155
:100DE00090F82A2068460DF03DFC68460CF0BAFAEF
:100DF00081B2684600F0E7F900200DE4BFF34F8FA1
:100E000017480168174A01F4E06111430160BFF31C
:100E10004F8F00BFFDE730B585B04A880DF1040C57
:100E20000D8ACC898B898CE83C004A6800928B68DB
:100E30000A880D490DF016FC05B030BD481400209D
:100E400044110108880B00200D0A7477725F7064EA
:100E50006F615F6D6F64653A2025640D0A000000C4
:100E60000CED00E00400FA05AC11010810B561A01A
:100E700000F014FF69A26CA16EA000F00FFF71A139
:100E800072A000F00BFFBDE810405AA000F006BFB2
:100E900010B503460022104603E010CB521C20443C
:100EA000D2B28A42F9D310BD6F484AF6AA218222F3
:100EB0000160002141608160C16001614161C0F851
:100EC0009C10A0F67C3118300CF016BA10B5674CA7
:100ED00002E0642000F030FE29226349204600F041
:100EE00030FB0028F5D010BD29225F495F4800F093
:100EF00059BB10B5FFF7F8FF5B4C2068A0F52A41FD
:100F0000AA3910D0FFF7D0FFFFF7E0FFBFF34F8FF4
:100F100057480168574A01F4E06111430160BFF38B
:100F20004F8F00BFFDE760680021401C60605248A1
:100F300006F0AEFD94F82900012817D14A49A422F1
:100F400001F1A4000CF0D8F947490020A431474C26
:100F500081F8290002E0642000F0EEFD42492922D8
:100F6000A431204600F0EDFA0028F4D010BD10B5F1
:100F700000F086F84FF4FA7000F0DEFDFFF7B9FFDD
:100F8000BDE8104072E770B5374EF08CA0F57F4198
:100F9000FF3901D0022400E0012400F09AF800F0AB
:100FA000C8F83648D0F8F40A18B10021084600F015
:100FB0000AF9324D8C3D686884420FD06C6096F817
:100FC000290058B9012C02D0022C07D101E00A22D5
:100FD00000E002220221002000F08CFC287800288A
:100FE00004D0BDE87040012000F0A4BC70BD00201A
:100FF000704700002A2A2A2A2A2A2A2A2A2A2A2A42
:101000002A2A2A2A2A2A2A2A2A2A2A2A2A2A2A2A40
:101010002A2A2A2A2A2A2A2A2A0A00004D61792005
:10102000313520323032350031343A33303A3039CC
:101030000000000020202054696D653A20257320AF
:1010400025730A0056312E302E3000002020205605
:10105000657273696F6EA3BA41692D5468696E6BCE
:1010600065722D25730D0A00880B002000380108D9
:101070000CED00E00400FA050004300090000020B0
:1010800010B54021B9480CF050F9B8484021403023
:101090000CF04BF9B5480521803009F09FF910BDDF
:1010A00030B503460C880020250411D4C4F30D0488
:1010B00013550A88521C92B20A803F2A01D9002295
:1010C0000A800A2B04D190B240F40040088001202D
:1010D00030BD2DE9F043A1B04FF0000980216846F2
:1010E0000CF023F98021684600F051FF05001CD068
:1010F00000246E462746DFF8788214E09B4A9C491C
:10110000305D4032891CFFF7CBFF58B19748294624
:101110004030FFF71DF89548A8F802704021403094
:101120000CF003F9641CAC42E8DB21B04846BDE892
:10113000F08300B58D4891B06946803009F0D6F94A
:1011400000280AD08B4890F829100DF102000129DF
:101150009DF8011003D0FEF7FBFF11B000BD09F0B0
:101160000FF9FAE72DE9F041834C0F460146D4F818
:10117000F40A0026C21904F5AF65B2F5AF6F08D2C4
:1011800028443A460CF0B8F8D4F8F40A3844C4F8C5
:10119000F40AD4F8F00A012812D1D4F8F42A7AB16A
:1011A000294675480CF0A8F8B4F8F40A002281B278
:1011B000714804F52F6400F049FD00202060606054
:1011C0003046BDE8F08170B50C460546FFF7CAFF12
:1011D00021462846BDE8704000F0DBBE00F0D9BED5
:1011E00000F0F1BD30B504460020034603E0CD1801
:1011F000655D68405B1C9342F9DB30BD70B54FF410
:101200000036A0B0304606F08EF840B35B48574A2F
:1012100057490078FFF744FF08B344210EA80CF0AB
:1012200084F8534D00248DF838402A788DF8392001
:101230004E490DF13A000CF05FF8362211A96846CC
:101240000CF05AF80DF1380C48489CE80E0080303C
:1012500009F018F92C80402144480CF066F820B0C1
:101260003046BDE8704006F06CB810B54FF400543D
:10127000204606F040F8002808D03F490120C1F878
:10128000F00A2046BDE8104006F043B810BD0FB488
:1012900030B50B9C9DF80C0020709DF80D506570CA
:1012A0009DF80E00A070BDF80F00E070000A2071DC
:1012B0009DF811006071BDF811002A46000AA07166
:1012C000DDF81100000CE071DDF81100000E207255
:1012D0009DF815006072BDF81500000AA072DDF8D7
:1012E0001500000CE072DDF81500000E2073BDF84B
:1012F00019006073000AA073DDF81B00E073DDF8CD
:101300001B00000A2074DDF81B00000C6074DDF87F
:101310001B00000EA074DDF81F00E074DDF81F0054
:10132000000A2075DDF81F00000C6075DDF81F0055
:10133000000EA075BDF82300E075000A2076BDF808
:1013400025006076000AA076BDF82700E076000A46
:10135000207702212046FFF745FF60779DF82A009D
:10136000A077281D30BC5DF814FB0000701400202D
:10137000D00C0020880B002090000020EC0C0020F6
:101380003E49087070473D480078704770B50500C9
:1013900015D03B4E002400BF05EB440040890CF003
:1013A000E5FA002233460CF026FA02460B462146A7
:1013B00034A000F073FC641C082CEDDB70BDBDE8AC
:1013C000704036A000F06ABC70B5050014D02C4EF9
:1013D000002400BF35F814000CF0C8FA0022334690
:1013E0000CF009FA02460B46214626A000F056FCF6
:1013F000641C082CEEDB70BDBDE8704027A000F037
:101400004DBC10B5040015D0E0680CF07EFB002246
:101410001B4B0CF0F0F902460B4626A000F03EFCF8
:10142000A0690CF072FB0246BDE810400B4626A0F6
:1014300000F034BCBDE8104018A000F02FBC10B57F
:10144000040015D0E0680CF060FB00220C4B0CF09F
:10145000D2F902460B4617A000F020FCA0690CF060
:1014600054FB0246BDE810400B4617A000F016BC26
:10147000BDE8104009A000F011BC0000D40C002011
:1014800000005940646973745F636D5B257A755D14
:10149000203D2025332E3366206D0A00496E76618B
:1014A0006C696420726573756C7420706F696E74FA
:1014B00065720A00646973745F636D203D20253393
:1014C0002E3366206D0A0000616E676C65203D203A
:1014D00025332E3166200A0010B54FF4407005F018
:1014E00003FE00F04EFB00F02BF8FFF7FDFC134C61
:1014F00094F82900FF2801D018B104E0002084F8F6
:10150000290000F0E0F900F08BFC00F00EFB94F8ED
:101510002900002811D100F02FFD94F8290000289F
:101520000BD100F04BF894F82900002805D100F009
:1015300085F8BDE8104005F0CCB810BD880B002040
:101540007047F8B50546042016460F4600248DF86E
:10155000000005F092FF352006F09DF9284605F0C1
:10156000C7FF8DF800009DF8000004280AD015E0A0
:1015700057F82410284606F05AF88DF80000641C2D
:10158000E4B22D1DB44203D29DF800000428EFD030
:1015900005F07FFF9DF80000042801D00020F8BD71
:1015A0000120F8BD10B5002304E010C841F8234025
:1015B0005B1CDBB29342F8D310BD000010B50121D3
:1015C00086B0480506F07AFD0121082006F06DFD81
:1015D000C020ADF8100003208DF812001C208DF8FB
:1015E000130004A98D4806F0C4F98D4C204606F07E
:1015F0009FFA0020ADF804004BF6FF70ADF806002E
:101600003020ADF808002015ADF80A000001ADF853
:101610000C00844800900121204606F003FB694637
:10162000204606F098FA03F052F8FF2003F0BAF8CB
:10163000002003F0B7F8002006B010BD10B501215E
:1016400086B0880506F03AFD0121082006F02DFD40
:101650004FF44060ADF8100003208DF812001C20FC
:101660008DF8130004A96D4806F083F96E4C2046EE
:1016700006F05EFA0020ADF804004BF6FF70ADF8FE
:1016800006003020ADF808002015ADF80A00000172
:10169000ADF80C00634800900121204606F0C2FA24
:1016A0006946204606F057FA0020C5E710B588B015
:1016B000002003F077F85D480068807C40B108B0F6
:1016C00002230121BDE8104059A2302003F09EB84A
:1016D000594C5AA16846E28C0CF0C4FFB4F84100A2
:1016E0004FF00203012817D055A202215FF023001A
:1016F00003F08CF894F82800012811D0022352A29C
:101700000621282003F082F802236A4606214020A1
:1017100003F07CF808B010BD02214CA22720E7E7B7
:10172000012349A20621162003F070F801236A461E
:101730000621232003F06AF80123062145A23B205D
:10174000E6E700B589B0002003F02CF83A4844A140
:10175000C28C68460CF086FF00221146102003F070
:10176000BDF801220021202003F0B8F80222002158
:10177000302003F0B3F803220021402003F0AEF83C
:10178000022338A20021512003F040F80822022150
:10179000202003F0A3F809220221302003F09EF854
:1017A000022329A21946402003F030F802236A469A
:1017B0001946582003F02AF809B000BD10B588B0CA
:1017C000044610F1FF4FA5D2202168460BF0ADFD75
:1017D00026482749844202DD2648844208DC204608
:1017E0000BF0A6FE0CF091F90B46024622A10AE08E
:1017F00023488442F3DC20460BF09AFE0CF085F976
:101800000B4602461FA168460CF02CFF01236A46D6
:1018100006214B2002F0FAFF7CE70000000C01409B
:1018200000540040801A0600005800404814002070
:1018300050446F4100000000880B002041256400E7
:10184000785041205457520049443A0050412054A6
:101850005752000054303A2D2D2D2D206D000000E0
:101860002564000020545752000000000000104181
:101870000000C84200C0794425302E3366000000C5
:10188000003C1C4625302E32660000005B4A0528CD
:1018900018D2DFE800F0140F0F0F140002210BE044
:1018A00001290FD1022102E001290BD100211046AC
:1018B00006F0CFB80029F7D1104606F0C8B80029C5
:1018C000EED1EBE7704708B50121042006F0EDFBEF
:1018D0000220ADF8000010208DF8030003208DF8E1
:1018E00002006946454806F044F801210420FFF74C
:1018F000CDFF08BD10B5424B02290DD0042804D0FD
:1019000003F82010FFF7C2FF10BD0022521C03F89D
:101910002010042AFADBF5E728B1012803D00228B9
:1019200001D00328F0D1022103F8201003EB80003E
:10193000428010BD70B5334E4FF4A023351D48B31F
:101940002F4CA41E2078042811D2002211461846DC
:1019500000F005FC00221146304600F000FC207823
:10196000012282400021284600F0F9FB03E000211B
:101970000846FFF78BFFC82000F0DEF82078052826
:1019800001D2401C04E001210020FFF77FFF00206E
:10199000207070BD0F220021184600F0E0FB0F22DE
:1019A0000021304600F0DBFB00221146284600F003
:1019B000D6FBBDE870400A22022100209AE770B5EC
:1019C0000F4D0646002400BF15F82400022811D14F
:1019D00005EB84004088B6FBF0F100FB116149B9CA
:1019E000B6FBF0F0C007E0B201D0002100E0012119
:1019F000FFF74CFF641C042CE6DB70BD00080140BF
:101A0000D80C00200800050008B517208DF800004C
:101A100001208DF8010000208DF802008DF80300F0
:101A2000684605F066FB08BD1CB50521012006F0DF
:101A300058F82020009000208DF8040008208DF830
:101A4000050001208DF80600684605F097FCFFF7B9
:101A5000DBFF1CBD70B5354D86B0284606F074FB23
:101A60000121080306F021FB01210D2006F01DFBDA
:101A70000021ADF804104FF48270ADF80600ADF807
:101A80000C106815ADF80E00ADF80810ADF8101088
:101A90000720ADF80A10ADF81210ADF8140001A936
:101AA000284606F075FBA020ADF8000018208DF840
:101AB00003001F4E03248DF802406946304605F0AE
:101AC00058FF4020ADF8000048208DF8030069461B
:101AD000304605F04EFF1021ADF800108DF80310D0
:101AE0008DF802406946304605F043FF0021284644
:101AF00006F003FC0121284606F0C7FB1021304602
:101B000005F0A5FF0121082006F0CFFA2020ADF84E
:101B1000000028208DF803006946064805F029FFDB
:101B2000FFF782FF06B0002070BD93E70030014050
:101B300000080140000C0140424908604FF0E020DD
:101B4000026942F00102026108680028FCD1704776
:101B50003C480168002902D00168491E01607047B5
:101B600008B51C208DF800000B208DF80100002026
:101B70008DF8020001208DF80300684605F0B9FADF
:101B800008BDFEB530484FF47A710068B0FBF1F043
:101B9000401EB0F1807F42D24FF0E02460616717B1
:101BA0000F21384600F03EF80025A5610726266182
:101BB0000521384600F036F80121084606F07EFA85
:101BC00040F2E730ADF8040041F61F40ADF80000E8
:101BD0004FF08044ADF80650ADF8025069462046FB
:101BE00006F084FC01221146204606F03DFF01214B
:101BF000204606F024FFFFF7B3FF40F2712445F2C0
:101C0000555006F029F9304606F029F9204606F02D
:101C100029F906F02AF9BDE8FE4006F02BB9FEE7E7
:101C200006F023B90907090E002804DB00F1E020C3
:101C300080F80014704700F00F0000F1E02080F8F9
:101C4000141D7047E80C0020E00F00202DE9F04142
:101C50000E460746012A0FD0C14C0021204605F050
:101C600032FBBF484438866407650121204605F0F1
:101C70002AFB3046BDE8F0810025BA4C0BE02188F4
:101C80002046795D07F00DFA4021204607F06AFAF8
:101C90000028F9D06D1CB542F1DBEAE70FB44FF430
:101CA000807110B503ABB048029A0CF0EFFC81B222
:101CB0000122AD48FFF7CAFF10BC5DF814FB2DE907
:101CC000F04301218BB0084606F0E6F9DFF8908278
:101CD000404605F061FAA34D00242D1D10208026FA
:101CE0000095CDE9044647020290CDE908470694E5
:101CF0000794694640460A9405F0BBFA0122022186
:101D0000404605F0EBFADFF85C8201228021404674
:101D100007F093F9DFF8489209F11409484605F0F5
:101D20003BFA92480095CDE9010403A9012081E81E
:101D3000510020200694CDE90740CDE90974694699
:101D4000484605F096FA01220221484605F0C6FAF7
:101D50000121484605F0B7FA01224021404607F02C
:101D60006CF90BB0BDE8F08308B50E208DF80000CB
:101D70000A208DF8010000208DF8020001208DF866
:101D80000300684605F0B5F908BD08B50F208DF8C9
:101D900000000A208DF8010000208DF802000120CB
:101DA0008DF80300684605F0A4F908BD10B5704C25
:101DB0000146204607F075F98021204607F0D2F948
:101DC0000028F9D010BD2DE9F0410E460746002449
:101DD000674D0BE0395D284607F063F980212846FE
:101DE00007F0C0F90028F9D0641CE4B2B442F1D382
:101DF00040E770B55E4C40F225552946204607F075
:101E0000BBF900280BD0204607F04FF9C0B2FFF70E
:101E1000CDFF29462046BDE8704007F0CCB970BD23
:101E20001FB5012144F2040006F03FF94FF40070A1
:101E3000ADF8000003208DF8020018204D4C8DF8FD
:101E400003006946204605F094FD2015ADF800001A
:101E500004208DF803006946204605F08AFD4FF402
:101E6000E13000900020ADF80400ADF80600ADF8B8
:101E70000800ADF80C000C203A4CADF80A00694699
:101E8000204607F045F8012240F22551204607F090
:101E9000BCF80121204607F0AEF8FFF710FFFFF76E
:101EA00063FFFFF772FFBDE81F40AFF3008070B51E
:101EB00086B00121042006F0F8F80121480406F05C
:101EC000FDF80424ADF8104018208DF81300294EB9
:101ED00003258DF8125004A9304605F04AFD08206C
:101EE000ADF810008DF813408DF8125004A930465B
:101EF00005F03FFD00244FF4E1300090ADF80840BC
:101F00000C201B4DADF80440ADF80A00ADF80640BA
:101F1000ADF80C406946284606F0FAFF0121284634
:101F200007F069F8012240F22551284607F06DF8C4
:101F30004021284607F01DF94FF4C06005F0D4F8A1
:101F400026208DF814008DF815408DF816400120DC
:101F50008DF8170005A805F0CCF806B070BD00009C
:101F6000440002400038014058160020EC0C0020CC
:101F7000004400400008014010B502F029FD02F0C5
:101F800056FD02F06BFDBDE8104003F097BE02F075
:101F900093BD02F0A3BD00004FF48020704710B144
:101FA0004FF0FF307047FF49FD4808600020704740
:101FB00038B50024009400F018F838BD08B589B28F
:101FC0006B460122FFF7F4FF9DF8000008BD30B515
:101FD000F34D00230446403503E0E05C50405B1CB9
:101FE0002A5C8B42F9DB104630BD2DE9F8430646EA
:101FF00017463144C1F304420898984601F07F0126
:102000001F2A27D87F2925D8B7F5445F22D24FF45D
:10201000004C48F2010360450AD048B1984207D00D
:10202000A0F50044023C03D0A0F50044033C11D1CC
:10203000520242EA810240EA0204240A00F0030547
:102040008DF8004015438DF801500FB151B10CE0EF
:10205000604501D0AFF30080812141EA46018DF84F
:10206000001012E060450ED068B144F040018DF8D8
:1020700000100224C11ACB4D98420DD007DC20B3CA
:10208000604508D108E08DF800400124F2E70129FD
:1020900002D0022900D0FEE72868007D70B100223E
:1020A00021466846FFF793FF024639464046FFF750
:1020B0008EFFBDA0FFF7F2FDBDE8F88343463A4628
:1020C000694620460AF03DF9F6E743463A46694636
:1020D00020460AF064F92868007D0228ECD1182E09
:1020E000EAD0002221466846FFF771FF02463946D2
:1020F0004046FFF76CFF044600211820FFF75EFF03
:102100008442D9D02868406A0028D5D08047D3E7D8
:1021100038B54FF400440094FFF767FF38BD0AF06C
:10212000B3B838B5002489B26B460422FFF740FFEC
:1021300003216846425C491E02EB0424FAD520467E
:1021400038BD08B589B26B460222FFF731FF9DF812
:1021500000009DF8011000EB012080B208BD38B5E9
:1021600000236C46E254120A5B1C042BFADB89B292
:1021700023460422FFF7CCFF38BD08B589B28DF89D
:102180000020120A8DF801206B460222FFF7C0FFE3
:1021900008BD07B589B202AB0122FFF7B9FF0EBD3A
:1021A0003EB5140A8DF804208DF80540140C8DF806
:1021B0000640120E8DF807208DF808301A0A8DF8A7
:1021C00009201A0C8DF80A201A0E8DF80B2048F2FF
:1021D0000302009289B201AB0822FFF706FF3EBD61
:1021E0001CB589B28DF80420120A8DF805208DF8EF
:1021F00006301A0A8DF8072048F20202009201AB5D
:102200000422FFF7F2FE1CBD1CB589B28DF8042034
:1022100048F201028DF80530009201AB0222FFF76F
:10222000E4FE1CBD2DE9F0415E4D0E4604001FD0BA
:102230004023FF2200211020FFF7E6FF022C01D1EE
:1022400028684662564E002207234036D1B2082045
:102250000F0602D583EA410100E04900401EC9B2E1
:1022600010F0FF00F4D1B154521CFF2AEEDD05E05E
:102270000023BF2219461020FFF7C6FF2868047507
:10228000BDE8F08170B54F4D04460122002128467B
:10229000FFF773FF22460021281FFFF76EFF02227F
:1022A00000212846FFF769FFBDE87040454800213E
:1022B000083036E70021084633E710B5FFF7FAFF8C
:1022C0004149884205D040491039884201D08817D9
:1022D00010BD002010BD2DE9F041324C064600250E
:1022E00020680221C5730182057545758572C57226
:1022F0008562C56205634563C5638563FFF7DDFFDE
:1023000008B1681EBCE70420FFF7BCFF804605202B
:10231000FFF7B8FF07460A20FFF7B4FFC0F30441F8
:102320002068B8F1000F017203D017B109B102F0B3
:102330005EF82020FFF7A6FF2449884203D12168D8
:102340000120487201E020684572F00604D406209E
:10235000FFF798FF21680860B00604D40720FFF754
:1023600091FF21684860700604D50820FFF78AFFB6
:1023700021688872300604D50920FFF783FF2168A1
:10238000C8722068C17A09B98521C172817A09B9F8
:10239000742181721F20FFF775FF2168487317E0D1
:1023A00058170020F00C00204E4F4E452053504946
:1023B000207772697465746F737069776974686384
:1023C00072630A0008000B001203CADE400200100C
:1023D0001E20FFF757FF10F07F012068817301D1A5
:1023E0002E218173CAB20021FE48FFF7D2FE0020E1
:1023F00046E710B51E20FFF745FF00F07F0010BD37
:1024000040E770B5044680B240F400724FF43025C6
:1024100000212846FFF7B1FEA2B22846BDE8704071
:102420000021AAE62DE9F047DFF8BC830E460446FA
:1024300000214046FFF775FE82464FF470434FF08F
:10244000FF3200214046FFF7ABFEDFF8A0931822D1
:1024500000214846FFF791FE2520FFF7D2FF02201A
:10246000FFF7CFFF4FF4FE70FFF7CBFFF0B240F461
:102470008070FFF7C6FF4FF480763046FFF7C1FF4C
:102480000020FFF7BEFF0220FFF7BBFF4FF4E07014
:10249000FFF7B7FF46EA146060F30F05C4F3074087
:1024A00040F48077C4F3072040F48076E0B240F433
:1024B0008070FFF7A6FF3046FFF7A3FF3846FFF70F
:1024C000A0FF28B2FFF79DFF0020FFF79AFF3A20F8
:1024D000FFF797FF40F2FF10FFF793FF4FF485706F
:1024E000FFF78FFF0020FFF78CFF3A20FFF789FFEF
:1024F00040F20110FFF785FF4FF430240222002143
:102500002046FFF73AFE002211462046FFF735FE2F
:10251000022009F0CAFE3A20FFF773FF4FF48170E2
:10252000FFF76FFF022200212046FFF726FE002260
:1025300011462046FFF721FE002211464846FFF7CC
:102540001CFE52464046BDE8F047002107E670B544
:102550000D460446FFF766FF2846FFF793FEA042AC
:1025600001D1002070BD4FF0FF3070BD2DE9F0416A
:10257000074615460E464FF0FF30002408E0381994
:1025800081B256F82400FFF7E2FF002802D1641C54
:10259000AC42F4DB74E62DE9F041954C012818D0EB
:1025A000271F25056FF48076022819D00123FF220A
:1025B00000213846FFF728FE2B46324600212046F0
:1025C000FFF7EEFD00237F2202212046BDE8F04107
:1025D0001AE6052001F032FF0123FF221946F4E735
:1025E0000323FF2200213846FFF70EFE2B4632461A
:1025F00000212046FFF7D4FD00237F220221204640
:10260000FFF702FEBDE8F041052001F017BF784852
:1026100000214FF480334FF0FF32001FC0E57548B2
:102620000068407B7047724B083308B1724A00E083
:10263000724A0221184692E570B504464FF4A0256F
:1026400000212846FFF76DFD6D4900EA0102E00711
:1026500001D042F48022A00701D542F41042600765
:1026600001D542F012022846BDE87040002176E50F
:102670005D4800212838A1E45E480068807A7047F0
:102680005C480068C07A70475A4800680068704724
:1026900058480068406870472DE9F041524F0D4698
:1026A00006464FF0FF343F1D4FF00823224600211D
:1026B0003846FFF775FD4FF060132246002138467B
:1026C000FFF76EFD4FF4E020052E0DD04D4B224656
:1026D0000021FFF765FD002D08D0BDE8F04142481C
:1026E0000021494A30383AE5484BF0E7C8E570B573
:1026F00004460D46012001F0A1FE00212846FFF707
:10270000CBFF284601F0C9FEC4F30B02002140486C
:10271000FFF733FD3E4C03230C3CFF2200212046F3
:10272000FFF772FD00212046FFF748FCC007F9D1F2
:1027300001F0ADFE002001F091FE052001F07EFECB
:10274000294800212838FFF739FC00F03F0070BD10
:1027500070B50446008990B1052500212D48FFF78A
:102760002DFCC00700D0092520892946FFF7BFFFAF
:102770006268BDE87040274800210838EFE41A4835
:10278000227800212838FFF704FDF1E710B5044650
:10279000026800212048FFF7E2FC1F480021001DCD
:1027A0006268FFF7DCFC1C4800210830A268FFF7D4
:1027B000D6FC1948E2680021BDE810400C30CEE498
:1027C00010B504460268144800211030FFF7C7FC1A
:1027D0001148002114306268FFF7C1FC0E48002147
:1027E00018301BE0140009004400070008000B002B
:1027F00008001100F00C00207488D2041000D200F0
:10280000C00FE0FF001C000200110101003C0002AB
:102810001C000800140001000C000200A268FFF771
:102820009EFCE268BDE810400021FD4897E4FC48AA
:102830000123FF2200212438E6E42DE9F047052892
:102840003FD0FB4EFA4D3F36F64ADFF8DC93DFF817
:10285000DC83F74F77352C460021F648FFF77FFCE5
:10286000F4484A460021001DFFF779FCF148424632
:1028700000210830FFF773FCEE483A4600210C3087
:10288000FFF76DFCEB48324600211030FFF767FC84
:10289000E8482A4600211430FFF761FCE54822464B
:1028A00000211830FFF75BFCE248E34A00211C38A6
:1028B000FFF755FCBDE8F047DE480021DF4A183835
:1028C0004DE4E14FE14DE14CC0377F35DC4ADFF8A4
:1028D0007493DFF87483DD4EBF34BDE770B5DC4D13
:1028E00005242868007A08B101F081FD1422012135
:1028F000D848FFF74EFC18220021D748FFF72FFCDD
:10290000D548E8220021001DFFF729FC28686FF454
:10291000C052007C00F0E001D048202902D060299C
:1029200008D102E04FF4806301E04FF440630021DE
:10293000FFF736FC0021CA48FFF703FCF82101EA43
:10294000D00109390F290ED8C00700D00924286802
:10295000407A0128204602D0BDE870406DE7BDE80E
:10296000704001F058BD70BD10B50446B8486FF412
:10297000304200210068447504F00B00030310206E
:10298000FFF70EFCE0438107B64805D0B64ABDE824
:1029900010400021FFF7E3BBB44AF8E72DE9F0410E
:1029A0009F4AB34F0024273A21463846FFF7D7FB0A
:1029B0001023FF2200213846FFF726FCDFF8B08203
:1029C000002508F11408661E142009F005FC0021FA
:1029D0004046FFF7F3FA012804D06D1CEDB2032D39
:1029E000F2D33446002211463846FFF7D2FB0122CB
:1029F00000214046FFF7CDFB0123FF22022138468C
:102A0000FFF702FC9A4800210830FFF78AFB6FF0BD
:102A10006045A84200D13446954800211030FFF7A8
:102A200080FBA84200D13446204629E42DE9F0413C
:102A3000884D0446083D01280CD100212846FFF7A7
:102A400080FB064640F205134FF6FF720021284630
:102A5000FFF7C6FBFFF7A2FF0746012C05D10023B5
:102A6000324619462846FFF7BBFB384608E40246C3
:102A700001212820FFF78DBB2DE9F05F044690F877
:102A800000800079182802D8E078182801D90120A0
:102A900000E000208346E079012864D000208246CF
:102AA0006078012863D004285FD0052863D0072808
:102AB0005FD04FF48075DFF89891D9F80060308AC4
:102AC00020F0E0003082E0793073217B0120891C06
:102AD000884087B2F8000AF01DFF66490AF0F6FC4C
:102AE0000AF071FF7082E07A7075607BE17A000411
:102AF00001F00B0140EA0133207A202101EA401065
:102B0000034343EA0A035C4A00211020FFF748FB15
:102B10005FEA0B00594EDFF844B16FF4C05A2CD075
:102B2000D9F800004FF440635246018A41F0600139
:102B3000018200215846FFF733FB40F206320021A4
:102B4000B01FFFF70CFB00221146301FFFF707FBF9
:102B50004B4A00213046FFF702FB7D220021301D49
:102B6000FFF717FB38E0102099E72025A3E7402561
:102B7000A1E748259FE780259DE7E07AA8B1607B23
:102B8000404901281CD0D8B1207B042231F8100024
:102B9000102101F094FC00F07F0305EBC7054FF610
:102BA000807202213046FFF71BFBFF2D0DDDD9F8A7
:102BB00000004FF48063018A41F02001018206E0A9
:102BC000207B032231F81000E2E74FF4A053524675
:102BD00000215846FFF7E4FA4FF4C025A378FC2201
:102BE00000212846FFF710FB7F1EFAB200214FF4A8
:102BF0000030FFF7CEFA607807284DD05FF0000074
:102C0000FFF735FFE07AC0438107164846D0164AE1
:102C10000021FFF7A4FA124E0021304634E00000F4
:102C200028000200FEA8020036AC0200FEA5020049
:102C30003EAF0200380003004002001089A46D1B63
:102C4000FDC001003EC40100BEC6010036CF010038
:102C5000F00C0020500007000C001F0008000B00C3
:102C6000140001000C0006004C585FAFCC355FAF7C
:102C70000C0004006666663FCF4FFCFF12000E009A
:102C80000A5A0C00B4030108FFF74BFA6FF30C006B
:102C9000B8F1090F04D005E00820B1E7F84AB7E71A
:102CA00040F0010021794FF4F85202EA012101437A
:102CB000E0780622C00641EA1060617902EA41022A
:102CC000024300213046FFF74AFAA079617880027A
:102CD00040EA01336FF4744200212420FFF760FAC8
:102CE000B4F8090010B98120A4F80900B4F809204B
:102CF00002212846FFF741FAE2484FF41025B8F1C7
:102D0000090F42D0E04A0021FFF729FA41F63C7250
:102D100000212846FFF731FADA4814220121343025
:102D2000FFF737FAD7480E220221001FFFF731FACA
:102D300081220021D548FFF72CFA022200214420ED
:102D4000FFF727FA0120FFF726FC0025012009F0F4
:102D500042FA00214420FFF731F9800726D5207977
:102D6000CB4C09380F282ED8D9F80000407A01281A
:102D700024D04046FFF761FD4FF4C84348F2FF12EC
:102D800000212046FFF72CFA23E0C24A0021FFF77A
:102D9000E6F940F63C7200212846FFF7EEF9B94803
:102DA000BD4A00210C38FFF7DAF9B5E76D1CEDB22A
:102DB000062DCBD34FF0FF30BDE8F09F4FFA88F0DF
:102DC00001F029FBD8E70023FE2219462046FFF731
:102DD0001BFABDE8F05F012028E6024600214FF40F
:102DE0006020FFF7CAB902460021AC48FFF7C5B919
:102DF00070B50546501914460E46B0F5806F1BD2CB
:102E00007F2C05D80B462A4621464FF4A0100FE030
:102E100014220021A248FFF7A2F9A148224600216E
:102E2000001DFFF79CF933462A4600214FF4E810B5
:102E3000FFF76EF9002070BD4FF0FF3070BD10B588
:102E4000984C7F290AD840EA014040EAC223224632
:102E50000021BDE810402420FFF7A2B94FF4000381
:102E600003EB0141014341EAC22322460021242011
:102E7000FFF796F9BDE8104000214FF40020FFF75E
:102E80009DB830B414460A462146034630BC4FF480
:102E9000B010FFF78DB870B50646834814460D464E
:102EA0000068C07B03280BD04FF490106119B1F576
:102EB000806F1CD27F2C06D833462A46214612E06A
:102EC0004FF49810F2E7020C00217548FFF747F91C
:102ED000734822460021001DFFF741F933462A4678
:102EE00000214FF4E810BDE87040FFF761B870BDF5
:102EF0002DE9F0416D4E14460D46074648F2400359
:102F00004FF6FF7200213046FFF76AF9601943F26D
:102F10000101884222D87F2C05D83B462A4621460B
:102F20004FF4A8100FE0152200215D48FFF717F9B4
:102F30005B4822460021001DFFF711F93B462A4657
:102F400000214FF4E810FFF733F83046BDE8F041B8
:102F5000002347F6BF721946FFF742B9AFF300806E
:102F6000514810B50068C07B012808D0032802D062
:102F700000214F4805E00C214FF4F01001E0002142
:102F80004C48FFF7DEF8C0F30C00C10401D540F453
:102F9000604000B210BD38B500246B4603222146C4
:102FA0004548FFF705F8022069460A5C401E02EB1F
:102FB0000424FAD5E00201D540480443204638BD38
:102FC00010B5044600213E48FFF7BBF8C0F30B01E3
:102FD000080501D541F4704108B2334920800968E1
:102FE000B1F91210401A10BD70B500250446012930
:102FF0000DD030484FF00C1220302B490968C97BA6
:1030000001290ED0032907D0022110460AE02948E1
:10301000274A28300C3AF0E72A4901444FF4F010CF
:1030200000E00221FFF78DF8C00920800004000CA9
:1030300001D04FF0FF35284670BDF0B51A4E04465A
:10304000BBB030684FF4C0176D46C17B01297DD0FD
:10305000807D032910D0C1074FF4402005F16C0793
:103060002B4674D06C220021FEF7A2FF6C223B4657
:1030700000214FF4502025E101074FF4F01717E12C
:10308000CC355FAF1C0007003411071C0800090095
:10309000180003003400011C33A8B5080400010027
:1030A00004001F0000F400FCF00C002004001100DC
:1030B00020000C000C001800290006000000F0FFA2
:1030C000080002000200E8FF2B46E82202E0382256
:1030D00000E0202200213846FEF76AFF0020291870
:1030E0002218097C401C11770628F8DBBDF80C007B
:1030F000C0F30C00A084BDF81600C0F30D0060847E
:10310000810402D540F440406084BDF81C00C0F347
:103110000B00A4F842003268907D80077DD4002027
:10312000291811F8203F235423180E7A1E72097CA7
:10313000401C99740528F3DB9DF822006071BDF8EE
:103140002100E0809DF82A00E08101E0AEE0B7E0D8
:10315000BDF8290020829DF832002083BDF831009F
:103160006083907D400758D49DF83800DDF8391011
:1031700040EA012020F0604044F8280F9DF83C0010
:10318000DDF83D1040EA012020F0004060609DF82D
:103190004000BDF8411040EA0120C0F31000A060DB
:1031A0009DF84400BDF8451040EA0120C0F3150029
:1031B000E0609DF84800BDF8491040EA0120C0F3E6
:1031C000150020619DF84C00BDF84D1040EA01202B
:1031D000C0F315006061BDF85C0020839DF86C00B1
:1031E000DDF86D1040EA012020F04040E061BDF8BC
:1031F000700020849DF87400BDF8751040EA01202D
:10320000C0F3150060629DF87800BDF8791040EABF
:103210000120C0F31500A06200E045E09DF87C00AD
:10322000BDF87D1040EA0120C0F31500E062BDF852
:103230008C00C0F30E002086BDF89C00C0F30B008C
:1032400060869DF8B400DDF8B51040EA012020F05A
:1032500040406063BDF8B80020879DF8BC00BDF811
:10326000BD1040EA0120C0F31500E0639DF8C000E6
:10327000BDF8C11040EA0120C0F3150020649DF89C
:10328000C400BDF8C51040EA0120C0F31500606419
:10329000BDF8D400C0F30E00A4F84800BDF8E40067
:1032A000C0F30B00A4F84A003BB0F0BD807D0107DD
:1032B0000029FFF609AF40072B467FF50AAF06E766
:1032C00028220021FEF774FE00202218295C2154D8
:1032D0002918401C0B7A13720B7C9374097E1177AA
:1032E0000528F2DB9DF81D0084F821009DF80700F9
:1032F0006071BDF80500E0809DF80F009DF80E108C
:103300000843C009E081BDF80D0020829DF8170038
:103310009DF80E100843C0092083BDF81500608396
:10332000BDF81E00C0F30D006084810402D540F496
:1033300040406084BDF82000C0F30C00A0849DF8DC
:103340002400DDF8251040EA012020F06040A06252
:103350003068807DC007A7D09DF82800DDF82910CF
:1033600040EA012020F0004044F82C0F9DF82C008A
:10337000BDF82D1040EA0120C0F3100060609DF8F8
:103380003000BDF8311040EA0120C0F31500A06004
:103390009DF83400BDF8351040EA0120C0F3150057
:1033A000E0609DF83800BDF8391040EA0120C0F314
:1033B00015002061BDF84800A082BDF85800C0F398
:1033C0000B00E0829DF85C00DDF85D1040EA012012
:1033D00020F04040A061BDF86000A0839DF864002B
:1033E000BDF8651040EA0120C0F3150020629DF889
:1033F0006800BDF8691040EA0120C0F31500606262
:103400009DF86C00BDF86D1040EA0120C0F3150076
:10341000A062BDF87C00C0F30E00A085BDF88C0052
:10342000C0F30B00E0859DF8A400DDF8A51040EA8C
:10343000012020F040402063BDF8A800A0869DF840
:10344000AC00BDF8AD1040EA0120C0F31500A06348
:103450009DF8B000BDF8B11040EA0120C0F315009E
:10346000E0639DF8B400BDF8B51040EA0120C0F358
:1034700015002064BDF8C400C0F30E00A4F8440099
:10348000BDF8D400C0F30B00A4F846000CE70346D7
:10349000052200217420FEF78BBD01217420FEF768
:1034A00040BE00217420FEF73CBEFF4810B5006806
:1034B000C07B012808D0032802D00221FB4805E088
:1034C00016214FF4F01001E00221F948FEF739FE11
:1034D000C0F30D00810402D540F4404000B20AF070
:1034E00010FA6FF00A010AF061F8F24909F0EEFFF4
:1034F0000AF00BFBF04AF14B0AF07DF90AF048FBA9
:103500000AF061FA00B210BD10B504460346E74860
:1035100006220021001FFEF74BFD607900F001003C
:10352000607110BDE0490968C97B01290BD00329EE
:1035300003464FF0050202D00021642008E0042178
:103540004FF4F01004E00346D9480522002110385A
:10355000FEF72EBD00210170431C04227020FEF7EF
:1035600027BDD1490968C97B01290CD0032903462D
:103570004FF0050203D000214FF4402008E0202145
:103580004FF4F01004E00346C948052200210C3036
:10359000FEF70EBDC4490968C97B01290CD0032977
:1035A00003464FF0050203D0C0480021143808E05C
:1035B00028214FF4F01004E00346BD480522002105
:1035C0001430FEF7F5BC01216420FEF7AABD0021EE
:1035D0006420FEF7A6BD00211C20FEF7A2BD034615
:1035E000042200211C20FEF7E3BC10B50C46022883
:1035F0000CD00023FE2219461020FEF705FE002203
:103600000021BDE810401420FEF7B7BD0123FF22C2
:1036100000211020FEF7F8FD2246F1E702460221C4
:103620000C20FEF7AABD024600210C20FEF7A5BD26
:103630000346082200210420FEF76ABD0346082243
:1036400000210420FEF7B4BC10B5024600219C48BE
:10365000FEF793FD9A4C8822083C00212046FEF795
:1036600098FD002211462046FEF793FD0021201D03
:10367000BDE81040FEF7A2BC70B500240D46FF283F
:1036800000D92024024600218D48FEF776FD8C48A3
:103690002A460021001DFEF77CFD44F09002884C74
:1036A0000021083C2046FEF774FD2046BDE870402E
:1036B00000221146FEF76DBD2DE9F04115460E467C
:1036C0000746002406E0381980B2FEF7DBFD46F815
:1036D0002400641CAC42F6DBBDE8F08110B5022882
:1036E00005D10023FE2201217648FEF78DFD744CA2
:1036F0000022083C11462046FEF74BFD20460222E0
:10370000BDE810400021FEF744BD10B50446C1B22B
:103710004FF48170FFF7B0FF210ABDE8104040F27E
:103720000310A9E770B5684D1023FF220021284639
:10373000FEF76AFD4FF4827600213046FFF79CFFCA
:1037400004213046FFF798FF022008F0AEFD4FF449
:103750008770FFF779FF044640F20F10FFF774FF00
:1037600044EA002400213046FFF786FF0023EF22C1
:1037700019462846FEF748FD204670BD10B50C4698
:10378000494909680A8A02430A8200214FF420202D
:10379000FEF7F3FC22464A480021BDE810400830FD
:1037A000FEF7F7BC10B5002211464FF42020FEF7BB
:1037B000E4FC4348002211460830FEF7EAFC404C86
:1037C0000022083C11462046FEF7E3FC2046022278
:1037D000BDE810400021FEF7DCBC30B4394C20B10C
:1037E0004FF400634FF6FF7202E000234FF2FF72C6
:1037F000204630BC0021FEF7F3BC10B50446C107DB
:103800004FF4602002D00023EF2201E01023FF22BA
:103810000221FEF7F9FC620800212C48FEF7B9FCF2
:1038200021480068847510BD10B5024627480C4633
:1038300003212038FEF7ADFC4CB10021BDE810405B
:103840004FF481234FF0FF321020FEF7A9BC002374
:10385000BDE810404FF2FF7219461020FEF7C0BCC1
:10386000002310B51A4619461320FEF751FC0E48E6
:103870000068C17B032902D00321C17310BD01215F
:10388000FBE770B50E46084900256C1E0A6850B16A
:1038900008250020D0737EB324F4806400212B46D9
:1038A0002246102014E017E0F00C00201C000C0051
:1038B0001400180000003443462C4454FB210940F6
:1038C0000C000A0008001100480007002800010051
:1038D000BDE87040FEF764BC0120D0736FF00804AF
:1038E00018220021F848FEF73AFCF748E8220021A8
:1038F000001DFEF734FCCEE7FFE745F48065CDE719
:1039000070B5F24D044600212846FEF70AFC6FF31D
:103910001300C4F3130202432846BDE8704000219F
:10392000FEF71DBC70B5EA4CDDE904562468283466
:1039300084E86F0070BD10B500214420FEF73EFB07
:1039400000F0010010BD10B502214420FEF7F9FB84
:103950000004C0F3006010BD2DE9F04700214FF4D2
:10396000F810FEF72BFB064600214420FEF7D9FB9A
:10397000D74C054620688561407DC043800703D150
:10398000A80401D546F00806300628D500214820B5
:10399000FEF7D7FB014620688183027D12B1007ECD
:1039A000400702D411F4606F0FD00422002144209C
:1039B000FEF7D5FB4FF4606200214820FEF7DDFBE7
:1039C0002068816B09B1183088472068808BC0055A
:1039D00005D54FF4807200214820FEF7CEFBF0079A
:1039E00009D0F82200214420FEF7D3FB2068816A29
:1039F00009B11830884770060AD52068C16B09B133
:103A0000183088474FF4C07202214420FEF7B5FBFE
:103A100030077DD520680027DFF8B09280F820704D
:103A2000C07BB84609F11C09A0B100214846FEF749
:103A3000C5FA2168C97B032900D10009C10701D05B
:103A400045F48045810701D545F40055400701D56F
:103A500045F4806520686903856108D590F82010D9
:103A60004FF4802741F0080180F8201007E0690535
:103A700005D590F8201041F0040180F82010E900ED
:103A800007D590F8201047F0805741F0100180F8DA
:103A90002010A90403D5417DC943890709D06904D1
:103AA00031D5C07B012817D003280CD000214C2031
:103AB0001AE010F8201F47F4004741F0020101709E
:103AC00020F8028C1FE0F02200214846FEF761FB3F
:103AD00000214FF4F01007E00F2200214846FEF7C6
:103AE00058FB00214FF4C010FEF72BFB21680A7B26
:103AF000B2B3C0F30902CA83000404D511F8200F41
:103B000040F001000870002147F4DE42442000E04C
:103B10000BE0FEF724FB2068C16A09B11830884722
:103B20002068C07B08B1FFF79BFEF00609D5694A03
:103B300000214420FEF713FB2068416B09B11830C7
:103B40008847B00610D5222202214420FEF721FB2F
:103B50002068016B002907D0BDE8F04718300847FE
:103B6000FFE700F07F02C6E7BDE8F08770B50446C6
:103B7000C107594E6FF47C624FF4A0201FD04FF460
:103B800010730021FEF70CFB53484FF404034FF071
:103B9000FF3200211238FEF703FB3513A00700D5D2
:103BA0004E4D00212A463046FEF7D9FAA00713D51C
:103BB000AAB23046BDE870400021FEF7D0BA00231B
:103BC0001946FEF7EDFA3046BDE8704000234FF687
:103BD000FF621946FEF704BB70BD0246002130208B
:103BE000FEF7BDBA024600212C20FEF7B8BA70B528
:103BF000002410F0050F03D1010701D4C10648D5F8
:103C0000C10709D04FF0000380071A46194601D5B5
:103C10000D2024E0032022E0010709D54FF0000326
:103C200080071A46194601D50F2018E0072016E034
:103C3000C1064FEA807009D54FF0000300281A46EC
:103C4000194601DA0E200AE0052008E04FF00003D3
:103C500000281A46194601DA102000E00920FEF774
:103C600057FA03214420FEF7A9F900074FF0FF356A
:103C700007D41A480021E038FEF753FAB0F5502F68
:103C800020D100231A4619461846FEF741FA2C4661
:103C900018E081064FEA807009D54FF00003002834
:103CA0001A46194601DA11200AE00B2008E04FF00D
:103CB000000300281A46194601DA0C2000E0012012
:103CC000FEF726FA204670BD0C001F000800010018
:103CD000F00C0020009005241600110010010F00C8
:103CE00010B500F00DFC002304461A46194618468C
:103CF000FEF70EFA2046BDE8104000F012BCFE4B65
:103D000020B141EA022020F0F00200E00022002170
:103D10001846FEF732BA70B504000CD024F0020049
:103D20004FF0FF3501280DD0042810D008282AD0E4
:103D3000102826D12CE000231A4619460220FEF74F
:103D4000E7F92AE000231A461946042003E000237D
:103D50001A4619460A20FEF7DBF903214420FEF734
:103D60002DF9000719D500231A4619461846FEF703
:103D7000CFF9A00705D400231A4619460220FEF702
:103D8000C7F928469FE700231A4619460820E2E7AC
:103D900000231A4619460620DDE7002093E710B5F8
:103DA00048B1024600213420FEF7D9F94FF40073E0
:103DB0004FF6FF7202E000234FF6FF520021BDE8EC
:103DC00010401020FEF70CBA02460021CB48FEF747
:103DD000D4B92DE9F04116460C46054600F090FB9B
:103DE0000746022E12D0012E1BD00023EA431946AB
:103DF0003C20FEF7D5F90023E24300214020FEF7E6
:103E0000CFF93846BDE8F04100F08BBB2A460021CF
:103E10003C20FEF7A4F9224600214020FEF79FF93E
:103E2000EFE72B464FF0FF352A4600213C20FEF7F6
:103E3000B7F923462A46E0E770B504464FF47025EB
:103E4000022200212846FEF7A4F9002C06D02846BD
:103E5000BDE8704001220021FEF79BB933E710B5A1
:103E600004460021A648FEF75CF9C0F30B0121804F
:103E7000C0F30B406080A2480021001DFEF751F9FD
:103E8000C0F30B01A180C0F30B40E0809C480021EF
:103E90000830FEF746F92072000C60729848002145
:103EA0000C30FEF73EF9C0F30B41A181C0F30B00CB
:103EB0006081934800211030FEF733F9C0F30B41C5
:103EC0002182A0738E4800211430FEF72AF9A074D5
:103ED000000CE0748A4800211830FEF722F9C0F384
:103EE0000B00A08210BD10B5FFF75CFC012008F0AC
:103EF000DCF981480323FF2200211638FEF784F9FC
:103F0000002211464FF48810FEF743F9012008F013
:103F1000CCF97C4801210068C1730021018210BDE9
:103F200000F03F0277480021006882737648FEF770
:103F300030B974480068807B704770B504460D4600
:103F40000020FEF770FB0F2D00DD0F25601E0328FB
:103F500000D304241022E24000216C48FEF7FFF851
:103F6000A000001F05FA00F2BDE87040002168487B
:103F7000FEF7F5B810B5044661481023FF22002172
:103F80002030FEF741F9042C00D2042422460021FF
:103F9000BDE810402C20FEF7E2B810B50446012120
:103FA000FEF77AFB204600F078FA012000F046FA8E
:103FB0000F21BDE810400120BFE770B50D46044653
:103FC00001212846FEF768FB284600F066FA01202A
:103FD00000F034FA2046BDE87040CBE72DE9F04709
:103FE0004A4C002120342046FDF7E8FF8146022399
:103FF000FF2200212046FEF707F9444E04220C362A
:1040000000213046FEF7C5F84FF4002801220021B8
:104010004046FEF7BEF808F1040500212846FDF7EA
:10402000CDFFC007F9D000214FF00810FEF789F846
:10403000C5B2070A002211464046FEF7AAF8002240
:1040400011463046FEF7A5F84A4600212046FEF705
:10405000A0F845EA072087E52A4910B50968C97A1A
:10406000401A09F04EFC2B4909F030FABDE8104027
:10407000294909F0D3B9234910B50968897A401A4A
:1040800009F03FFC254909F021FA042109F08EFAD4
:10409000234909F04DFABDE81040224909F0BEB9A4
:1040A00001214FF00810FDF789BF00214FF00810E3
:1040B000FDF784BF70B504460D46012000F0BEF93F
:1040C00000212846FEF7E8FA284600F0E6F90F48F6
:1040D00004F03F0200210C38FEF75BF80C4C012382
:1040E000083CFF2200212046FEF78EF800212046E2
:1040F000FDF764FFC00717E01A0011000400060076
:1041000004000F00F00C0020140009002800070034
:10411000180008006666863F0000A041CDCCCC3E6A
:1041200000007F4300004040E0D10021EC48FEF752
:1041300008F8C0F30B0400F0AAF9002000F08EF993
:10414000052000F07BF92046BDE5C179827941EA7E
:104150004201427941EAC201027941EA8211C27800
:1041600041EAC211827841EA02214278007841EAAC
:10417000C22141EA003082B20021DA48FDF7FDBFDA
:10418000002118B1FF2101EB5000C1B20846704771
:1041900010B504460268D34800212430FDF7DFFF44
:1041A000D048002128306268FDF7D9FFCD480021B2
:1041B0002C30A268FDF7D3FFCA48E2680021BDE8B1
:1041C00010403030FDF7CBBF2DE9FF470446C07CDF
:1041D000FF284AD0C34E361DE9B32068E1896B46FB
:1041E000827A8DF80020427A8DF80120027A8DF8CB
:1041F0000220C2798DF8032082798DF8042042795B
:104200008DF8052002798DF80620C2788DF80720F8
:1042100082788DF8082042788DF8092002788DF890
:104220000A208DF80C100022090A8DF80B208DF859
:104230000D10017B8DF80E10C07A8DF80F00102242
:1042400000213046FDF764FF227BE089A17C131832
:104250004FF4B01600E00BE04FF4A01859B101295B
:1042600012D06FF0010004B07EE46FF00200FAE7B4
:104270000C222368E4E7207C18B14FF480604546A7
:1042800008E07F20354605E0607C10B140F2FF3049
:1042900000E07F20E77CC01B801E984202D24FF0D6
:1042A000FF30E0E751B9002128466368FDF730FF91
:1042B000E289217B2846A368FDF72AFF207C8A4DEE
:1042C000012801D0022804D12868C07B032808D027
:1042D0000120617C012906D0022904D004290AD0DA
:1042E0000FE00220F5E72968C97B032901D00121ED
:1042F00007E0022105E0E289102A02D96FF00300ED
:10430000B1E740EA4132774800211430FDF727FF3A
:10431000207B6FF4FC0100F07F02E08901EAC0100D
:104320000243704800211830FDF719FF6D48012243
:1043300000211C30FDF72DFFDFF8A89109F12009BD
:1043400000214846FDF73AFE074610F0050FF7D06A
:104350003A4600214846FDF71CFF07F03F0727F0CB
:104360003000012825D1A07C012822D1607C0128C1
:1043700004D0022802D003280AD00AE02868C07BB3
:10438000032802D04FF4901603E04FF4981600E093
:10439000464663682BB1227B1AB100213046FDF7F7
:1043A00007FEA3682BB1E2891AB1217B3046FDF7E5
:1043B000FFFD384657E74B4B183B59B1012904D054
:1043C0001B1D022906D0032907D1024602211846E7
:1043D000FDF7D3BE02460021F9E77047062101EA46
:1043E0004003CA433F4800211C38FDF7D9BE10B531
:1043F0004FF4C0734FF6FF7200213C48FDF7F0FE0A
:1044000039484FF6E07200210068037ABDE8104099
:104410003748FDF7E5BE30B4344C6FF40052052840
:1044200008D0092808D14FF40153204630BC0021A0
:10443000FDF7B6BE4023F8E730BC70472C4B1B3B62
:10444000012807D0052808D14FF400720021184632
:10445000FDF793BE41F62202F8E7704710B5044617
:10446000002211462348FDF77AFE002211464FF440
:10447000E020FDF774FE002C08D01E480021BDE8A6
:1044800010404FF0E0523438FDF769BE10BD0022F5
:10449000184811464438FDF762BE30B4154C4FF051
:1044A000FF32443C052807D00928C5D1124B2046CD
:1044B00030BC0021FDF774BE104BF8E7BCE7484361
:1044C000032A02D1B5214843C009C0F30A01C00A3A
:1044D00001F58061B1F5006F00D3401C704700000A
:1044E0001400080030000100F00C002008000B0050
:1044F0001F00110048000700001C0002003C0002E1
:1045000010B5172007F0D2FE002809D04FF0E022A6
:104510004FF40001C2F88011BFF34F8FBFF36F8FCC
:1045200010BD002805D04FF0E0214FF40000C1F885
:104530000001704710B5012186B0480503F0BEFDAB
:104540000121082003F0B1FDC020ADF810000320C8
:104550008DF812001C208DF8130004A9F84803F010
:1045600008FAF84C204603F0E3FA0020ADF8040006
:104570004BF6FF70ADF806003020ADF808002015AE
:10458000ADF80A000001ADF80C00EF4800900121E1
:10459000204603F047FB6946204603F0DCFA06B0EC
:1045A00010BD2DE9F05FEA4C8B468246002721784A
:1045B000E64DE4483E46002971D04FF4003980466C
:1045C0004946404603F014FC50B17F1CAF4204DD65
:1045D000E0A0FDF763FB267002E020780028EFD111
:1045E00000270121404603F03BFBDFF8789309E008
:1045F0007F1CAF4204DDDCA0FDF750FB267007E016
:10460000207828B14946404603F0DFFB0028EFD070
:1046100000273A467821404603F069FBDFF85893BB
:1046200009E07F1CAF4204DDD4A0FDF737FB267004
:1046300007E0207828B14946404603F0C6FB002831
:10464000EFD051460027C246404603F04BFBDFF84F
:104650002883A14608F102080BE07F1CAF4205DD6C
:10466000CAA0FDF71BFB89F8006008E099F800007C
:1046700028B14146504603F0A8FB0028EDD00024A5
:1046800059465746504603F02DFB0CE0641CAC42E3
:1046900006DDC2A0FDF702FB89F8006009E00EE02C
:1046A00099F8000028B14146384603F08EFB0028F7
:1046B000ECD03846BDE8F05F012103F0DBBABDE87D
:1046C000F09F014600206CE70146402069E710B5E5
:1046D0006420FDF731FAAE20FFF7F3FF2020FFF74B
:1046E000F0FF1020FFF7EDFFB020FFF7EAFFC82032
:1046F000FFF7E7FF0020FFF7E4FF1020FFF7E1FFDF
:104700004020FFF7DEFF8120FFF7DBFFFF20FFF7F0
:10471000D8FFA120FFF7D5FFA620FFF7D2FFA820E2
:10472000FFF7CFFF3F20FFF7CCFFA420FFF7C9FF23
:10473000D320FFF7C6FF0020FFF7C3FFD520FFF708
:10474000C0FFF020FFF7BDFFD920FFF7BAFF2220FE
:10475000FFF7B7FFDA20FFF7B4FF1220FFF7B1FF32
:10476000DB20FFF7AEFF2020FFF7ABFF8D20FFF728
:10477000A8FF1420FFF7A5FFBDE81040AF20A0E779
:1047800010B50446B031C8B2FFF79BFF102040EAD5
:104790001410FFF796FF04F00F00BDE8104040F042
:1047A00001008EE770B506465FF0000404F1B0002A
:1047B000C0B2FFF786FF0020FFF783FF1020FFF74E
:1047C00080FF00253046FFF77FFF6D1CEDB2802D86
:1047D000F8D3641CE4B2082CE8D370BD0020E1E7F4
:1047E00010B58D20FFF76DFF1420FFF76AFFBDE8BD
:1047F0001040AF2065E710B58D20FFF762FF102055
:10480000FFF75FFFBDE81040AE205AE72DE9F04703
:10481000002591468A460446012B22D0DFF88C8180
:10482000022B24D155E02038C7B27E2C04D90AF1DE
:104830000100002400F0FF0A51462046FFF7A0FFC8
:1048400007EB4700002608EB4007B85DFFF73CFF89
:10485000761CF6B2062EF8D3A41D6D1CE4B2EDB2A0
:1048600001E0DFF84C8119F805000028DBD1BDE834
:10487000F0872038C7B2782C04D90AF1010000244F
:1048800000F0FF0A51462046FFF77AFF5FF000066E
:1048900006EB071118F80100FFF716FF761CF6B2B9
:1048A000082EF5D30AF10100C1B22046FFF768FFD8
:1048B0005FF0000606EB071101EB0800007AFFF736
:1048C00003FF761CF6B2082EF4D308346D1CE4B254
:1048D000EDB219F805000028CBD1C8E72DE9F04169
:1048E0000F46804600255401FFF74AFF184E761CFC
:1048F000305DFFF7E9FE6D1CEDB2641C102DF7D39F
:104900007F1CF9B24046FFF73BFF0025305DFFF703
:10491000DBFE6D1CEDB2641C102DF7D3BDE8F081F9
:104920002DE9F04798461746824600260C46DDF8EA
:1049300020904AE021465046FFF722FF554640E0CE
:10494000000C014000540040801A060040420F0055
:10495000F40C0020494943204572726F7220310ADD
:104960000000000001000300494943204572726FB6
:104970007220320A000000008200070049494320EB
:104980004572726F7220330A0000000049494320CB
:104990004572726F7220340A0000000049494320BA
:1049A0004572726F7220350A00000000EA050108A6
:1049B000C203010819F80600761CFFF785FE6D1C7E
:1049C000EDB2BD42F6D3641CE4B24445B2D34EE727
:1049D00038B55E498022A1F1200000F0C5F85B499E
:1049E0004FF4C8728031A1F1900000F0BDF80121B0
:1049F000082003F05AFB0220ADF8000003208DF8D8
:104A0000020010208DF803006946514802F0B1FF02
:104A10004FF48024204602F00FFD4E4908200C6020
:104A2000487101208871084602F0A8FC38BD10B515
:104A3000002003F0CCFA0121BDE81040C80503F0C6
:104A40003DBB45490320086070474448817A42488D
:104A500009B1052100E001210160704738B514203B
:104A60008DF8000002208DF8010000248DF802402E
:104A700001208DF80300684602F03BFB2A208DF8E8
:104A800000008DF80140684602F033FB38BD304A23
:104A900000284FF00201104601D002F0D8BF02F00A
:104AA000D8BF10B5FFF794FFFFF7C1FFFFF7D6FFA0
:104AB000BDE8104001F002B90A46014623482038FB
:104AC00000F070B80A4601462048203800F052B87D
:104AD0000A4601461D48103800F064B80A460146EF
:104AE0001A48103800F046B8F0B500230A243025E3
:104AF00037261F4611E000BFB4EB107F02D905EB4B
:104B0000107C01E006EB107C01F813C001EB430CB4
:104B100000015B1C8CF80170DBB29342ECD3F0BD5A
:104B20000F4810B50168001D0468001D00680818D2
:104B30000AD008220B49FFF7D7FF0A492046042272
:104B4000BDE810401031CFE710BD0000B8180020BC
:104B5000000C0140F80D0020080F0020681B002009
:104B6000E8F7FF1F020E00200260C1604160816013
:104B70000020704770B5002483680FE0C5680668A0
:104B80005B1C35449D4200D8C36845689D4207D0F0
:104B900011F8015B866835708360641C9442EDD324
:104BA000204670BD30B500230DE04468651C4560AB
:104BB0002478CC54C46805682C4445685B1CAC421E
:104BC00001D8C468446045688468A54204D0934213
:104BD00002D204689C42E8D8184630BD10B50021C6
:104BE000426807E0C3680468491C2344521C93428E
:104BF00000D8C2688368934202D003688B42F1D820
:104C0000084610BDF0B54468059E05680AE027789F
:104C10008F420CD0C768D0F800C0641C6744A7421C
:104C200000D8C4688768A74201D06D1EEFD28168A2
:104C3000A14228D0691C26D0C768D0F800C0611CEA
:104C4000674409E0C16809E00F7897420BD0C76854
:104C5000D0F800C0491C67448F42F3D987688F425F
:104C600001D06D1EF0D282688A420CD06A1C0AD034
:104C7000C268076817444A1C974200D8C268016896
:104C80004D1B00210DE00020F0BD00BF14F8017B9A
:104C90005F54C768D0F800C0491C6744A74200D8D9
:104CA000C468944206D0B14204D207688F4201D949
:104CB0006D1EEBD242600846F0BDF0B54468066850
:104CC00009E025788D420BD0C5680768641C3D4417
:104CD000A54200D8C4688568A54201D0761EF0D2EE
:104CE0008568A54227D0751C25D0C56807682F4464
:104CF000651C09E0C56809E02F788F420BD0C768B2
:104D0000D0F800C06D1C6744AF42F3D98768AF424A
:104D100001D0761EF0D28168A9420CD0711C0AD055
:104D2000C16807686D1C3944A94200D8C56801688C
:104D30008E1B00210DE00020F0BD00BF14F8017BA8
:104D40005754C768D0F800C0491C6744A74200D830
:104D5000C468AC4206D0994204D207688F4201D998
:104D6000761EEBD2022908DCC2680021641E944240
:104D700003D2C2680368D418641E44600846F0BDBC
:104D8000F0B54468056809E026788E420BD0C66805
:104D90000768641C3E44A64200D8C4688668A642E0
:104DA00001D06D1EF0D28168A1420CD06D1C0AD0DA
:104DB000C1680568641C2944A14200D8C4684168E0
:104DC000066800250DE00020F0BD00BF11F8017B52
:104DD0005755C768D0F800C06D1C67448F4200D893
:104DE000C168A14203D09D4201D2761EEED241603D
:104DF0002846F0BDF0B54468059E002705680EE022
:104E0000B94202D1277897420FD014F8017BD0F82D
:104E10000CC0D0F800E0F444A44500D8C468D0F831
:104E200008C0A44501D06D1EEAD28168A1420CD011
:104E30006D1C0AD0C1680268641C1144A14200D8EC
:104E4000C4684168056800220DE00020F0BD00BF85
:104E500011F8017B9F54C768D0F800C0521C67440A
:104E60008F4200D8C168A14203D0B24201D26D1E68
:104E7000EED241601046F0BD0360B2FBF3F2426037
:104E8000016100218160C160084670472DE9F04151
:104E9000C568174688460446002614E060686D1C05
:104EA000854200D30025A068A8420ED02069E168A1
:104EB000226801FB02002268414608F01DFA2168C1
:104EC000E5608844761CBE42E8D33046BDE8F081F8
:104ED0002DE9F041002590460E4604462F4612E08B
:104EE0002069A168226801FB02012268304608F0AF
:104EF00003FA20680644A068401CA06061686D1C2D
:104F0000884200D3A760A068E168884204D0606846
:104F1000A84201D94545E3D32846D7E70021826856
:104F200005E04368491C521C9A4200D30022C36822
:104F3000934202D043688B42F3D808467047000082
:104F400070B5294D2878012815D140212748FFF751
:104F5000BFFD0404240C4FF000060DD02246C021F2
:104F6000224800F0A1FF2146012001F086F901202E
:104F700001F05CF86E6070BD2E7070BD1B4910B5FD
:104F80004031032001F02BFB81B218484030FFF77D
:104F900099FDBDE81040032001F058B870B51448E1
:104FA000006805281FD1104C207800281BD16068AC
:104FB000411C6160052816D10020606040210B482B
:104FC000FFF786FD05042D0C0DD02A46C0210748A9
:104FD00000F06AFF2946012001F04FF9012001F09D
:104FE00025F80120207070BD280E0020C81A00206E
:104FF000080F00202DE9F0414C4E88B000243068A5
:105000004B4D688068884B4F39880840800507D52C
:105010004FF6FF5030602878401C2870FFF7BEFF25
:10502000688839880840000401D500F05BFE688874
:1050300039884FF6FF380840400504D5C6F800808F
:105040003D4840688047698838880140890402D516
:105050004DF6FF71316069880140C80405D54EF6F0
:10506000FF703060002000F0F0F96888398808404F
:1050700000050BD53148007810B100F082F902E04C
:10508000022000F0E2F94FF2FF7030606888398842
:105090000840C00546D54FF6FF6030602348001D2C
:1050A00000684FF00002000438D56868401C686052
:1050B0006868032833D91D48001F016809072ED4EA
:1050C000016889B2A9601E494FEA0D0301EB84070C
:1050D000D7F8007CBFB243F82470641C082CF5D3C9
:1050E000AC6844F00104AC60AC68A4B20460AC6885
:1050F00024F00104AC60AC68A4B2046030684005E0
:10510000FCD5C6F80080002053F8204001EB800653
:10511000A4B2C6F8004C401C0828F5D36A600720EA
:1051200000F093F908B0BDE8F0810000445C004055
:10513000300E00202C0F0020900E00200C0F0020BD
:1051400000500040FFF756BF4FF4802002F074B9C2
:1051500010B5FFF7E5FC764800240068847200F083
:10516000F1F801F01DFA7348046010BD704810B5E5
:105170000068714A00218172D2794272C172084678
:1051800000F0D4FE4FF40071002000F0E7FE102183
:10519000002000F0F8FE4021002001F04AF88021B4
:1051A000002001F03AF8002000F07CFF634890F8FE
:1051B0002C10002001F07FF8002000F047FF0021B4
:1051C000012000F0CBFEC021012001F026F82021B3
:1051D000012000F0D8FE0021012000F0EAFE4FF48B
:1051E000C061022000F0BAFE4FF48071022001F08D
:1051F00014F80021022000F0DCFE2021022000F043
:10520000C2FE0021032000F0A9FE4FF488710320A4
:1052100001F00FF84021032001F04DF84FF4405108
:10522000032000F0C6FE0021032000F0ACFE0020A9
:1052300000F084FC3F490120086010BD4048807A9E
:10524000002802D03B4905200860704739490420F6
:105250000860704739481C380178202901D10021A5
:1052600001707047704710B13448183870473049A2
:105270000820096808820020704710B12F481838AC
:1052800070472B4908200968088200207047284A87
:1052900010B500211268212802D0202808D019E07A
:1052A000107800F07F00212814D1AFF231010AE01C
:1052B000107800F07F00212801D1AFF255011F4B7B
:1052C00020201C3B187029B1002091615082884732
:1052D000002010BD022010BD15490968097801F0B1
:1052E0007F01212903D1022803D0222801D00220E6
:1052F0007047002070471149103900F049BA0F4932
:10530000083900F045BA0A490968C978042901D961
:1053100000207047094A303202EBC10100F038BA70
:1053200009B9012801D90220704700207047000008
:10533000200F0020080F0020EC0B0108900E002029
:10534000681B002010B50120FFF7A1FB6248012176
:1053500001600021614A0160031D19604FF4E051B2
:1053600011800160002010BD10B55B4C0120206051
:10537000211D00200860FFF78AFB03202060002029
:1053800010BDF8B55449002000900A68544B554CA4
:1053900092B200BF03EB8005D5F8005CADB244F8D3
:1053A0002050401C0828F5D342F48060086040F08B
:1053B0000100086020F001050D60474A121D1068C9
:1053C0004005FCD54FF6FF301060002054F82060F7
:1053D00003EB8007B6B2C7F8006C401C0828F5D371
:1053E00045F008000860086880B240F004000860DA
:1053F0003D4B18680090186820F0030040F0010051
:1054000018603A48046844F0040404601468E40432
:1054100009D54EF6FF7414600A6892B222F00802B1
:105420000A6000991960016821F004010160F8BD6B
:1054300010B5294C206880B220F004002060FFF7EE
:1054400004FB4FF43F40206010BD2DE9F041284C93
:10545000072800D020702278254D06270521042634
:105460001D48062A0BD2DFE802F0030C11161E2796
:10547000686810B12170BDE8F081FFF7D9FF27708F
:10548000F9E7FFF7D5FF2670012022E002206070C7
:1054900003202070EFE76078401E6070607800287D
:1054A000E9D12670E7E7026892B242F0100202608A
:1054B00021700A206070DEE76178491E61706178B2
:1054C0000029D8D1016889B221F01001016027704C
:1054D00000206860CFE70000405C00402C0F0020F7
:1054E00000500040481B00200070004010ED00E01C
:1054F000100F002010B5FB4C30B1FB48006800686D
:10550000804720680A3010BD2168012008820020F1
:1055100010BDF44810B50068F44AC1785278914241
:1055200003D882780AB982880AB1022010BD81723C
:10553000ED48006840688047002010BD10B5E94C78
:1055400030B1E94800688068804720680C3010BDA1
:10555000216801200882002010BD10B5E14CE44A0A
:1055600020681268C17892694079904721688A7AE8
:1055700022B118B9087908B9887808B1022010BD9D
:10558000D9480068C068804720684179C172C178F5
:105590000173002010BDD34910B5096860B1D5482A
:1055A000002202800A7853060AD002F07F02012A04
:1055B00016D0022A16D001E002200882002010BD79
:1055C000497A8A06027802D542F0020201E002F02E
:1055D000FD0249060270D1B211D401F0FE0110E0C3
:1055E000C44810BD4A7911071306C34A02EB916102
:1055F000D1F8001C07D5C1F3011106E0017841F094
:105600000101017003E0C1F301310129F6D0B64870
:10561000006800698047E3E72DE9F041B148006880
:10562000017811F07F0102D0022905D066E0417AAD
:1056300001F0DF0141724EE0418800295ED101791D
:10564000F1BB4179AC4D21F080040A0605EB8402E0
:10565000A64BD2F8002C03D5C2F30112120102E0CE
:10566000C2F3013212031E782346A64246D93AB34A
:10567000807A28B308064FEA84000ED52844D0F873
:10568000000CC0F30110012821D1184600F09CFD48
:105690002046302100F077FC19E04619D6F8000CBE
:1056A000C0F30130012812D14BF68F7748F2800801
:1056B000A4B1184600F076FDD6F8000C384000E0A2
:1056C0001CE080F4405040EA0800C6F8000C864810
:1056D0000068406980470020BDE8F081874890F865
:1056E0002C10002000F0E7FDD5F8000C384080F4C5
:1056F000405040EA0800C5F8000CE8E70220EBE75C
:1057000070B578487C4D0368597921F0800005EB2D
:1057100080000C06D0F8004C21F0800203D5C4F3C1
:105720000114240102E0C4F3013424036F4D2D78E9
:10573000954210D95A8872B96CB19A7A5AB1090651
:10574000D0F8001C48F2800207D548F6BF73194014
:1057500081F0100106E0022070BD4BF68F731940F6
:1057600081F480511143C0F8001C5F4800688069D3
:105770008047002070BD5B4810B50068417A41F059
:105780002001417258480068C0698047002010BD60
:10579000544A13685A8A10B10868104470478888C0
:1057A000801A1882002070472DE9F047DFF8348115
:1057B000534F4FF03009D8F8001001F11005088A56
:1057C0000E7A08B9042E04D0AC88A04216D804265C
:1057D00015E04848801E0178012903D007261020D3
:1057E00038802BE0474A00211268474B120403EB34
:1057F000D2325160A7F8009001701FE00226844267
:1058000000D90446A968204688478246002000F057
:105810001DFD01462246504600F046FB2146002071
:1058200000F02BFD2888001B2880688820446880B1
:10583000A7F8009035494FF440500880D8F8000090
:105840000672BDE8F08770B5264D28680178447867
:105850004A0606D001F07F00012828D002282BD06C
:1058600035E0092C06D0052C07D0032C0ED0012CD6
:1058700014D02CE0FFF74DFE28E0C1787F292ED808
:10588000817861BB818851BB807A27E0C17801298A
:105890001DD18088D8B9FFF76EFF17E0C1780129C4
:1058A00015D1818899B9407A80060AD40FE00B2C73
:1058B0000DD1FFF752FE09E0012C02D0032C03D0DA
:1058C00005E0FFF7A9FE01E0FFF71AFF48B108491C
:1058D0002046096849698847032819D008B108207B
:1058E00024E017E0200F0020280F0020E00E002009
:1058F000240F00201A0F002000500040900E0020BE
:10590000300F0020505C0040006000402E0F00204F
:1059100009200BE0DE4A062000211268DD4B12044C
:1059200003EBD2325160DC4A3021118029680872C1
:1059300070BDF8B5D94CDA4D0926206800272968D2
:105940004278062A05D0AAB1082A4ED00A2A52D097
:105950006EE0027852066BD18078012804D00228CC
:1059600004D0032804D063E0C96959E0096A57E00C
:10597000496A55E04288BABBC288022A58D10279E6
:1059800092BB0278530601D1838833B102F07F02C3
:10599000012A05D0022A0DD04AE0AFF205413FE0CE
:1059A0008A69407900219047F0B92068807A002800
:1059B000F3D13DE0417901F00F0001F070020B06D8
:1059C000B84901EB8001D1F8001C03D5C1F30111E6
:1059D000090102E0C1F301310903B34B1B78834293
:1059E00026D90AB90029D8D122E0007840061FD173
:1059F000AFF2FF4114E0027802F07F02012A17D1D2
:105A0000827AAAB142889AB902798AB9C288012AEF
:105A10000ED18A6940790021904748B9AFF2E3413D
:105A200031B120684782816100208847002006E06C
:105A300029682068096940788847032813D02168BD
:105A40000A8AA2F57F43FF3B0BD002280ED06AB131
:105A50000878000625D5C888009082420AD90882B5
:105A600018E00E72F8BD20680672F8BD4FF008000D
:105A70000872F8BD0ED228688C4B90F82C00824238
:105A800001D21F7006E0B2FBF0F400FB142008B94D
:105A900001201870286890F82C008882BDE8F84032
:105AA00082E603200872824900030880F8BD81481D
:105AB00010B590F82C10002000F0FDFB774800682E
:105AC000007A082802D0092809D006E078494FF466
:105AD00080500880704910200880002010BD0120EF
:105AE00010BD70B56A4800686C4D0004C10B694870
:105AF0000144098989B200EB41042868017A092927
:105B00000FD02178017061784170A08800F03CFDD1
:105B100029684880208900F037FD29688880A0899D
:105B2000C880286801210172C08820B1FFF701FFF9
:105B3000BDE87040BBE7FFF786FEF9E7F0B55A49CC
:105B4000584D48F68F770B78002148F2800C0BE017
:105B5000CEB205EB8604D4F8002C3A40324342EA38
:105B60000C02C4F8002C491C9942F1D3484940F07A
:105B70008000091F0860F0BD10B5484C2068017A0C
:105B8000022904D0042902D0062905D015E0FFF728
:105B90000BFE2068007A11E04178052909D10178CF
:105BA000490606D1C078FFF7C9FF43480068006A7C
:105BB00080473B4800688068804708202168087259
:105BC000BDE8104073E710B5344C2068007A022815
:105BD00011D004280FD0032804D0052802D00728AC
:105BE00005D008E000F00EF82068007A04E02C48A8
:105BF0000068C0688047082021680872BDE810402E
:105C000055E770472DE9F047244EDFF88C803027A8
:105C1000356835F8100FA968A9B100B3AC88844283
:105C200000D904462046884781462888001B2880E2
:105C3000688820446880002000F013FB014622465B
:105C4000484600F044F9288848B119494FF44050BB
:105C500008800021084600F010FBA8F80070288892
:105C6000A988884201D3032001E018B105203168DA
:105C70000872E6E5316806200872054900200968C7
:105C8000044A090402EBD1314860A8F80070D8E555
:105C9000505C004000600040300F0020200F0020CA
:105CA000240F002000500040E00E0020180F0020BC
:105CB0002E0F0020900E0020280F002006480549D6
:105CC000022201600A72064A0449C0E9011208680A
:105CD00000470000681B0020200F0020900E0020CD
:105CE000E40E00202DE9F84F0020ADF80000DFF8A9
:105CF0009CA14BF6BF7648F28007644D644C40F699
:105D00008F7848F60F7BDFF88C910AF1440A31E076
:105D10000888614A10F00F00107034D05F4901EB21
:105D20008001D1F8002CADF80020BDF8002012044D
:105D30000BD5D1F8002C02EA0802C1F8002C584912
:105D400001EB800050F8040C8047BDF8000000060D
:105D500010D551485149007801EB8001D1F8002C51
:105D600002EA0B02C1F8002C4E4901EB800050F80A
:105D7000040C8047DAF800004946A9F80000000446
:105D8000C6D4BDE8F88F28682080208800F0300055
:105D90006080208800F4405020802868304080F4E3
:105DA000005080F02000384328600888C00628682A
:105DB00015D400EA0B002860FFF7DEFE26E02188FC
:105DC000890401D580F400506188C90626D4618811
:105DD000890601D580F0200038432860D1E7ADF86E
:105DE0000000BDF80000000506D5286800EA08009C
:105DF0002860FFF776FE09E0BDF800000004B9D581
:105E0000286800EA08002860FFF7DDFE286821887E
:105E10003040C904D3D580F48050D0E780F0100022
:105E2000D5E72DE9F041194C1B4E1C4F4434194D58
:105E300026E000BF47F6FF702060288800F00F01C1
:105E400007EB81003170D0F8002C92B2130408D512
:105E5000D0F8002C40F68F731A40C0F8002C104880
:105E600009E012060CD5D0F8002C48F60F731A4042
:105E7000C0F8002C0B4800EB810050F8040C804760
:105E8000206828800004D5D4BDE8F081005C004083
:105E90002E0F0020320E00201C0F0020005000406A
:105EA000580E00203C0E0020104B10B5521C52081A
:105EB00003EB41010AD000BF10F8013B521E10F85D
:105EC000014B43EA042321F8043BF5D110BD074BF5
:105ED000521C520803EB410106D000BF31F8043BCD
:105EE00020F8023B521EF9D17047000000600040CC
:105EF000FC4908607047FB48006880B27047F94968
:105F0000091D08607047F748001D006880B270479F
:105F1000F4480830006880B27047F2490C310860DC
:105F20007047F0480C30006880B27047ED4920F0AF
:105F30000700103108607047EA481030006880B2EE
:105F40007047E94A02EB8000C0F8001C7047E64940
:105F500001EB8000D0F8000C80B270478200E2486C
:105F60000244D2F8000C48F68F1318400843C2F8D8
:105F7000000C7047DC4901EB8000D0F8000CC0F346
:105F80004120400270478200D7480244D2F8000CFA
:105F900048F6BF731840CB0601D580F01000890683
:105FA00001D580F0200048F280010843C2F8000CBF
:105FB00070478200CC480244D2F8000C4BF68F7335
:105FC0001840CB0401D580F48050890401D580F4B9
:105FD000005048F280010843C2F8000C704700B539
:105FE0000A460346FFF7B3FF9900BF4B012A194445
:105FF00007D0022A04D120F0100000BFC1F8000C25
:1060000000BD20F48050F9E7B74901EB8000D0F8DB
:10601000000CC0F3011000017047B34901EB800090
:10602000D0F8000CC0F30130000370478100AE4887
:106030000144D1F8000C48F6BF72104080F03000E7
:1060400048F280021043C1F8000C70478100A64856
:106050000144D1F8000C4BF68F72104080F4405090
:1060600048F280021043C1F8000C704781009E483E
:106070000144D1F8000C48F68F72104048F28012AB
:106080001043C1F8000C7047810097480144D1F8D3
:10609000000C48F68F62104048F280021043C1F8AD
:1060A000000C7047810090480144D1F8000C48F67C
:1060B0008F62104048F280021043C1F8000C704714
:1060C000810089480144D1F8000C48F68F721040D5
:1060D00048F280121043C1F8000C704781008248DA
:1060E0000144D1F8000C48F68F72104048F280123B
:1060F0001043C1F8000C704781007B480144D1F87F
:10610000000C48F68F62104048F280021043C1F83C
:10611000000C7047744901EB8000D0F8000CC0F30C
:106120000110012800D0002070476F4901EB80006A
:10613000D0F8000CC0F30130012800D000207047D7
:10614000810069480844D0F8001C40F68F72114065
:10615000C0F8001C7047810063480844D0F8001C58
:1061600048F60F721140C0F8001C704781005E486D
:106170000144D1F8000C48F68F7210404CF28002B6
:106180001043C1F8000C7047810057480144D1F812
:10619000000C48F68F72104048F2C0021043C1F85C
:1061A000000C7047810050480844D0F8001C490496
:1061B00009D5D0F8001C48F68F7211404CF28002CD
:1061C0001143C0F8001C7047810047480844D0F8CC
:1061D000001C490609D5D0F8001C48F68F72114002
:1061E00048F2C0021143C0F8001C704782003E48CC
:1061F0001044D0F8002C48F68F731A400A4348F236
:1062000080010A43C0F8002C7047374901EB800039
:10621000D0F8000C00F00F007047324A21F0010165
:106220001032126892B202EBC000304A42F81010ED
:1062300070472C4A21F001011032126892B202EB31
:10624000C0002A4A02EB40008160704725491031A6
:10625000096889B201EBC000244931F8100080B20E
:10626000704720491031096889B201EBC0001F490D
:1062700001EB4000008980B270471A4A1032126860
:1062800092B202EBC000194A02EB40004160704735
:106290003E2909D94A09C90601D1521E92B24FF4CA
:1062A000004141EA822104E04A08C90700D0521C9B
:1062B0009102016070470B4A1032126892B202EBF1
:1062C000C0000A4A0C3202EB40023E2910D94809AC
:1062D000C90601D1401E80B24FF4004141EA80203E
:1062E0000BE00000405C00400050004000600040B7
:1062F0004808C90700D0401C800210607047A549BB
:10630000096889B201EBC000A34901EB4000808815
:10631000C0F3090070479F49096889B201EBC000CA
:106320009D4901EB40008089C0F30900704730B5FA
:1063300021F0010497490B6822F001029BB203EBA4
:10634000C0035D00944BEC50096889B201EBC000BA
:1063500003EB4000826030BD8E4A21F001011268DB
:1063600092B202EBC0008C4A42F810107047894A82
:1063700021F00101126892B202EBC000864A02EBE2
:106380004000816070478349096889B201EBC00011
:10639000814931F8100080B270477E49096889B29E
:1063A00001EBC0007C4901EB4000008980B27047DE
:1063B0002DE9F043774D012912D002290ED1296829
:1063C00089B201EBC0014B0073490B445A602B6842
:1063D0009BB203EBC00001EB4000C260BDE8F0835C
:1063E00029686D4B89B201EBC0011B1D03EB410C09
:1063F000530951085E1E4C1C4FF400493E2A07D930
:106400001F465FEAC26800D1B7B249EA872705E0B4
:106410000F465FEAC27800D02746BF02CCF8007072
:106420002D68ADB205EBC0005B4D0C3505EB4000AF
:106430003E2A05D9D10600D1B3B249EA832103E04F
:10644000D20700D0214689020160C7E7514B0129DC
:106450000AD0022907D1196889B201EBC0004E4960
:1064600001EB400042607047196889B201EBC0003F
:106470004949091D01EB40013E2A09D95009D206BC
:1064800001D1401E80B24FF4004242EA802004E075
:106490005008D20700D0401C8002086070473D4B76
:1064A00001290AD0022907D1196889B201EBC0007D
:1064B000394901EB4000C2607047196889B201EBAD
:1064C000C00035490C3101EB40013E2A09D9500981
:1064D000D20601D1401E80B24FF4004242EA802031
:1064E00004E05008D20700D0401C800208607047CA
:1064F0002849096889B201EBC000274901EB400037
:106500008088C0F3090070472249096889B201EB0D
:10651000C000214901EB40008089C0F309007047A9
:106520001C4A116889B201EBC0014B001A490B44A7
:106530009B8913F47C4F01D001207047126892B2FE
:1065400002EBC00001EB400080888005F5D00220FE
:106550007047124B48F68F7203EB800001290AD076
:10656000022907D1D0F8001C11404CF280021143DF
:10657000C0F8001C7047D0F8001C114048F2C0025F
:10658000F5E741EA00207047C1B2000A40EA012065
:1065900070470000505C0040006000400050004028
:1065A00018490020086018494FF43F4008801549F9
:1065B000091F08600020704770B500F07F05144681
:1065C0000E462846FFF742FE0146A2B23046FFF7CC
:1065D0006BFCA1B22846FFF750FE002070BD70B5DD
:1065E00000F07F060D463046FFF795FE0446304624
:1065F000FFF737FE014622462846FFF768FC204693
:1066000070BD0000445C00402C0F00202DE9F047D5
:1066100088461D4616468146012101F021FBE94FBF
:1066200064243946484601F0D0FB10B9641EA4B278
:10663000F7D200224146484601F059FB14B9E2491D
:1066400000200860E14F64243946484601F0BDFB54
:1066500010B9641EA4B2F7D23146484601F042FB9D
:10666000DA4E6424B61C3146484601F0AEFB10B940
:10667000641EA4B2F7D22946484601F033FB6424D5
:106680003146484601F0A1FB10B9641EA4B2F7D20E
:106690000121484601F0EEFACD4D642429464846D2
:1066A00001F0A6FB10B1641EA4B2F7D20021484647
:1066B00001F0EAFA5020FBF73FFA0020BDE8F0872E
:1066C00010B50B4602463221C248FFF79FFF00205B
:1066D00010BD10B537212020FFF7F2FF0321212044
:1066E000FFF7EEFFC0212220FFF7EAFF88212320D9
:1066F000FFF7E6FF7F213020FFF7E2FF0221322083
:10670000FFF7DEFF03213320FFF7DAFF5F21BDE84B
:1067100010402020D4E72DE9F05F322688468346DA
:10672000AC4F64244FF0FF3A4FF4003500E0641E94
:106730002946384601F05CFB10B1002CF7D194E0FB
:10674000002C1AD00121384601F08AFAA04D6424A9
:106750000F3D00E0641E2946384601F049FB50B168
:10676000002C0AD000223146384601F0C0FA6424D9
:10677000DFF8589203E0002CECD176E0641E494625
:10678000384601F022FB58B1002C6ED059463846ED
:1067900001F0A8FADFF83492642409F1020903E059
:1067A000002CEBD161E0641E4946384601F00DFB38
:1067B00030B144B30121384601F052FA642403E0B9
:1067C000002CF0D151E0641E2946384601F010FB40
:1067D00048B1C4B101223146384601F088FA794DFA
:1067E00064246D1C03E0002CEDD13EE0641E2946BC
:1067F000384601F0EAFA20B12CB1724D64243F35DD
:1068000003E0002CF2D130E0641E2946384601F046
:10681000DCFAA0B14CB3384601F066FA05464FF2F7
:10682000FF71384601F07AFA0021384601F02CFA5F
:106830000121384601F01EFA6424654E03E0002C65
:10684000E2D112E0641E3146384601F0D1FA10B1AF
:10685000002CF7D109E044B10021384601F014FAC8
:1068600088F800500020BDE8F09F5046FBE72DE976
:10687000FC5F82460020009004466D46019004F1C2
:1068800028002919C0B2FFF746FF18B14FF0FF30BA
:10689000BDE8FC9F641CE4B2062CF0D3BDF90000F7
:1068A000001107F02EF80646BDF90200001107F0AE
:1068B00028F80446BDF90400001107F022F8054647
:1068C000304607F022F902460B4643A0FBF7E6F9F3
:1068D000204607F01AF902460B4642A0FBF7DEF904
:1068E000284607F012F902460B4641A0FBF7D6F9FD
:1068F000304607F068F8002800DA404207F001F857
:106900008346204607F05FF8002800DA404206F090
:10691000F8FF0446284607F056F8002800DA4042FF
:1069200006F0EFFF814607F0F0F84FF080480022B4
:10693000434608F0B3FF05460E46204607F0E5F84B
:106940000022434608F0AAFF07460C46584607F0C7
:10695000DCF80022434608F0A1FF3A46234606F041
:1069600031FE2A46334606F02DFE09F085FC07F07D
:106970000FF904460146484607F026F900D2A14621
:106980002146484606F0D4FD07F0BFF808F0BEFBEC
:10699000012206F09FFF194A194B06F02CFF002236
:1069A000184B06F0B6FE07F0F3F80146164806F05D
:1069B00087FD10F1FF4F00D30020CAF8000000202F
:1069C00066E7000001000300340F0020820007008A
:1069D00010000010005800406163635F783A25663C
:1069E0000D0A00006163635F793A25660D0A0000B5
:1069F0006163635F7A3A25660D0A00001F85EB51DB
:106A0000B81E0940008056400000B44210B586B060
:106A100001F040FA4FF48034204601F054FA01F0BE
:106A20007FFA28B3102000F01FFD022000F00CFDBB
:106A3000002001F0ADFA002001F0B8FAA01101F039
:106A4000AEFA601001F0C7FA4FF4E011204601F0F1
:106A500088FA012001F08DFA392001F04CFA002863
:106A6000FAD0022001F088FA01F08DFA0828FBD153
:106A7000684601F0D1FA06B010BD10B502F00EFC68
:106A8000FFF7C4FFFAF728FDBDE81040FAF76FBA28
:106A900005F0E1FC214C94F8290010B1FAF773FAE3
:106AA000FCE702231EA219461320FDF7AFFE0223C6
:106AB0001EA204211320FDF7A9FE1F4D4FF6FF76FD
:106AC00002E000BFFAF75FFA2868C089B042F9D047
:106AD0002868807C28B194F82800012812D0A0B141
:106AE00015E02068A0F52A41AA3910D194F82800B1
:106AF000012801D018B10AE005F057FB07E006F0C5
:106B000041F804E004F076FB01E003F02BFFFEE720
:106B1000FFF7B3FF00F0A6F8FEE70000880B0020A7
:106B2000506C656173652053656E64004154204369
:106B30006F6D6D616E64000048140020704730A0D6
:106B4000FBF7ACF833488168491C8160FAF7BEF95D
:106B500000F049F830A0FBF7A1F82E48C168491CA5
:106B6000C160FAF7B3F900F03EF830A0FBF796F8F1
:106B700028480169491C0161FAF7A8F900F033F8C7
:106B80002FA0FBF78BF823484169491C4161FAF7B4
:106B90009DF900F028F87047704770472D4801684C
:106BA000491C0160FAF7D4BF10B505F028FCBDE818
:106BB0001040202000F040BC10B501218C07204679
:106BC00002F067F900280DD00121204602F06DF98E
:106BD00021490888421C0A80FAF7F1FEBDE81040FE
:106BE000FBF71EB810BDBFF34F8F1C4801681C4A4D
:106BF00001F4E06111430160BFF34F8F00BFFDE777
:106C0000486172644661756C745F48616E646C655E
:106C1000720A0000880B00204D656D4D616E616742
:106C2000655F48616E646C65720A00004275734668
:106C300061756C745F48616E646C65720A00000077
:106C400055736167654661756C745F48616E646C0D
:106C500065720A0044140020380F00200CED00E09B
:106C60000400FA0500F078B870B50D460646002419
:106C700004E0305DF94909F0FDFA641CAC42F8DB30
:106C800070BD70B5F64DF74C06F03BFE294606F098
:106C90001DFC2146BDE8704006F012BC2DE9F04114
:106CA000F34C8046F049D4E90570F04D06F0B6FB90
:106CB0000646294606F0B2FB0146304606F038FC8F
:106CC0000546404606F01DFE394606F0F9FB29460A
:106CD00006F0FCFB394606F0A1FB07466061294639
:106CE0004FF07E5006F0ECFB314606F0EFFBA06162
:106CF0003846BDE8F04106F066BE2DE9F041DC4CB7
:106D00008046D949D4E90770D84D06F087FB06467E
:106D1000294606F083FB0146304606F009FC05468D
:106D2000404606F0EEFD394606F0CAFB294606F05D
:106D3000CDFB394606F072FB0746E06129464FF06D
:106D40007E5006F0BDFB314606F0C0FB206238469F
:106D5000BDE8F04106F037BEA6B0C6A0FAF79EFF28
:106D600005F090FA05F042FA022005F034FA00BF6F
:106D7000FCF7E9FD0028FBD00020FBF7ACFA401C33
:106D800008D0BB485030FBF777FE38B1BFA0FAF708
:106D900085FFFEE7C2A0FAF781FFFEE7C548FBF7D3
:106DA000D7FC43F6D0742046FCF717F82046FCF7D2
:106DB0001AF80320FBF740FCBF4DC04EAC4CDFF887
:106DC000008300270020FCF7FFFF0020FCF7E7FF0F
:106DD0000020FCF7A0FF00214420FBF7A2F9284285
:106DE000A060F8D0208940047DD54FF48042002176
:106DF0004420FBF7B4F913A8FCF7E2F80028E1D02F
:106E000000214C20FBF78DF9C0F30901182903D8A4
:106E10000022AA48FCF73FF89549B7700A225E3174
:106E2000A64806F0A6FA0028CCD104F0BBFBA54A80
:106E3000C4E90A01801841F10001000A40EA01603A
:106E4000FCF7D0FE40F29E20FCF75AFD4FF49670FE
:106E5000FCF7A5FF864920786831002288700D2054
:106E6000FBF7C6FF012200210F20FBF7E8FF0520FA
:106E7000FCF7AAFF0320FCF7BAFE401CA2D00021B9
:106E80004420FBF74EF92842A060F8D02078401C3F
:106E9000207020894004A7D54FF48142002144206E
:106EA000FBF75DF913A8FCF78BF800288AD00021C6
:106EB0004C20FBF736F9C0F30901182903D800224A
:106EC0007E48FBF7E8FF6A49B7700A2275317B48B4
:106ED00006F04FFA0028A7D104F04FFBC4E90C01DB
:106EE00004F060FB00E0B2E0C4E90E01734824A99D
:106EF0000A3004F06CFB714825A90E3004F067FBE2
:106F00006E4807A9123004F062FBD4F828B0206B59
:106F10000090259824998246D4F83890401A06F0BB
:106F200025FDCDE905100098A9EB000006F01EFD37
:106F3000CDE903100799A1EB0A0006F017FD814681
:106F400000988A46A0EB0B0006F010FD08918346DE
:106F5000DDE90510DDE9033206F034FB4A4653460D
:106F600006F030FB5A46089B06F02CFBCDE90910D1
:106F70005A4648465146089B06F0CBFB81468A4656
:106F8000DDE90510DDE9033206F0C3FB4A4653464E
:106F900006F0B9FBDDE9093206F02DFC06F078FDBC
:106FA00006F0F1FC484A494B06F0B3FB4FF098520B
:106FB000474BC4E9100106F0ACFB0022454B06F03C
:106FC000A8FBC4E9120106F02BFDFFF75AFE06F0FC
:106FD000FAFC8146FCF769FA60804846FFF78DFEAF
:106FE0008146B4F90200FFF759FE002800DA40425A
:106FF000E0605FEA090001D5C9F100008146206127
:10700000202114A806F091F920210BA806F08DF993
:1070100020211CA806F089F94A462FA10BA807F0E9
:1070200021FB02230BAA19460020FDF7EFFB1049B4
:10703000208A091D01224870000A88700C4804212A
:10704000001DFAF703FE1E2005F0C5F8BAE6424619
:1070500000214420FBF783F8B4E600006814002008
:10706000C8D27F3FAEC78C43BC74933C1D5A243FAB
:10707000400F00204453545752205245205354533C
:107080002D5344432076312E30000000434F4E46AE
:107090004947204641494C454420202020200000FB
:1070A000494E4954204641494C4544202020202047
:1070B000000000004C14002000D02724841B002076
:1070C0000090272468816D03FA48CE3B1835B13D06
:1070D00019DDB14100408F404B433A202564206DBB
:1070E0006D2020200000000028490843284908603E
:1070F000704770B50F23C47801780122F4B1244C95
:107100002468457804F4E064C4F5E064240AC4F11A
:107110000406E3408478B5401C402C4301F1E02193
:10712000230181F80034007800F01F018A404009F3
:10713000800000F1E020C0F8002170BD01F01F00C8
:1071400082404809800000F1E020C0F8802170BD35
:10715000104A114001430E48001F016070470C4A5D
:10716000121D0029116801D0014300E08143116024
:1071700070474FF0E0210428086903D020F0040094
:107180000861704740F00400FAE700000000FA05CB
:107190000CED00E080FFFF1F01684FF6FE7211400A
:1071A00001600021016041608160C1606A496A4AF2
:1071B0000839904203D1486840F00F0006E0664A63
:1071C0001432904204D1486840F0F00048607047A3
:1071D000614A2832904203D1486840F47060F5E774
:1071E0005D4A3C32904203D1486840F47040EDE77C
:1071F000594A5032904203D1486840F47020E5E784
:10720000554A6432904203D1486840F47000DDE78B
:10721000514A7832904203D1486840F07060D5E717
:107220004E4A111F904203D1086840F00F0006E05B
:107230004A4A1432904204D1086840F0F0000860D5
:107240007047464A2832904203D1086840F4706083
:10725000F5E7424A3C32904203D1086840F470405E
:10726000EDE73E4A50329042EAD1086840F470207F
:10727000E5E730B5036847F6F07293430C6A8A6815
:107280002243D1E904452C4322438C692243CC6933
:1072900022434C6A22438C6A22431A430260CA6822
:1072A00042600A6882604968C16030BD00210160A7
:1072B00041608160C160016141618161C1610162C0
:1072C0004162816270470029016802D041F00101EA
:1072D00002E04FF6FE72114001607047002A02681A
:1072E00001D00A4300E08A43026070474160704762
:1072F000406880B2704701460020CA0002D5174A94
:10730000083A01E0144A083A12680A4200D0012003
:107310007047C10003D51149091F086070470E4925
:1073200008394860704701460020CA0002D50B4A60
:10733000083A01E0084A083A12680A4200D00120DF
:107340007047C10003D50549091F0860704702490D
:1073500008394860704700000800024008040240F5
:10736000374900200860091D0860091D0860091DD3
:1073700008603349334814310860704730B53049EC
:107380008379026853B30B6893430B600A1D13683B
:107390000468A343136002790A4413680468234312
:1073A0001360274A083213680468A3431360131D4F
:1073B0001C680568AC431C604479102C05D021443E
:1073C0000A68006802430A6030BD116804682143FE
:1073D0001160196800680143196030BD00790844E4
:1073E00001689143016030BD0021016001710C22F0
:1073F000427181717047124910310A6802430A6074
:10740000704701460E4A0020143212680A4200D02A
:10741000012070470A49143108607047084A014644
:1074200000201268064B0A4014331B680B4202D03E
:10743000002A00D0012070470149143108607047CC
:1074400000040140FFFF0F00FC4A116801F0380101
:10745000014311607047F9490A6822F008020A6086
:107460000A6802430A607047F4490A6822F0100271
:107470000A600A6802430A607047F048F0494160B8
:10748000F04941607047ED48ED494160ED49416088
:107490007047EA48016941F0800101617047E7489F
:1074A000016941F0800101617047E4490420CA6824
:1074B000D20701D001207047CA68520701D50220C7
:1074C0007047C968C906FBD50320704700B503465D
:1074D000FFF7EBFF03E000BFFFF7E7FF5B1E0128AC
:1074E00003D0002B00D1052000BD002BF4D1FAE71A
:1074F00070B505464FF430263046FFF7E7FF042805
:1075000011D1CE4C206940F00200206165612069F4
:1075100040F0400020613046FFF7D8FF216941F676
:10752000FD721140216170BD30B54FF43025284601
:10753000FFF7CCFF042810D1C04C206940F00400B4
:107540002061206940F0400020612846FFF7BEFF1F
:10755000216941F6FB721140216130BD00B503463F
:10756000FFF7A3FF03E000BFFFF79FFF5B1E0128AB
:1075700003D0002B00D1052000BD002BF4D1FAE789
:1075800030B54FF430252846FFF7E8FF042810D126
:10759000AA4C206940F004002061206940F04000BE
:1075A00020612846FFF7DAFF216941F6FB7211409E
:1075B000216130BDA1490020C969890700D501209A
:1075C000704770B5A525FFF7F5FF00B100254FF412
:1075D00030263046FFF77AFF042827D1974C984889
:1075E000A0609848A060206940F0200020612069D8
:1075F00040F0400020613046FFF768FF41F6EF762B
:1076000004280ED1206941F6DF710840206120690D
:1076100040F0100020618C4805804FF40050FFF7C7
:1076200055FF052802D021693140216170BDF8B5B0
:10763000064600204FF4005C00900D466046FFF7C0
:1076400045FF042816D17D4C206940F001002061DF
:1076500035806046FFF73AFF41F6FE77042806D1F1
:10766000B61C280C009630806046FFF72FFF21697A
:1076700039402161F8BDF0B506464FF400570D467C
:107680003846FFF723FF04280CD16C4C206940F0EA
:107690000100206135803846FFF718FF2169BA1EC6
:1076A00011402161F0BDF0B506464FF400570D467C
:1076B0003846FFF70BFF042813D1604C6048A060E8
:1076C0006048A060206940F0100020613580384695
:1076D000FFF7FCFE052804D0216941F6EF72114046
:1076E0002161F0BD2DE9F041C04300F0FF0CC0F373
:1076F0000727C0F30746050E4FF400584046FFF732
:10770000E5FE042837D14D4C4D49A1604D49A1609B
:10771000216941F010012161BCF1FF0F08D04A48F6
:107720000830A0F800C04046FFF7D0FE04281BD167
:10773000FF2F07D044480A3007804046FFF7C6FEB7
:10774000042811D1FF2E07D03F480C300680404658
:10775000FFF7BCFE042807D1FF2D07D03A480E30B2
:1077600005804046FFF7B2FE052804D0216941F6A6
:10777000EF7211402161BDE8F08170B505464FF40C
:1077800030263046FFF7A2FE042818D12B4C2C4897
:10779000A0602C48A060206940F020002061206992
:1077A00040F0400020613046FFF790FE41F6DF7167
:1077B000042805D0052802D022690A40226170BD44
:1077C000206908402061206940F0100020611E48B7
:1077D0000DB1002100E0A52101803046FFF776FEC3
:1077E0000528ECD0216941F6EF721140216170BD8E
:1077F000F0B5124C0746124816460D46A0601148D7
:10780000A0604FF4005C6046FFF760FE042814D1CE
:10781000206940F01000206135430B493D43891C2D
:1078200045F0F80008806046FFF750FE052804D0B8
:10783000216941F6EF7211402161F0BD0020024044
:1078400023016745AB89EFCD00F8FF1F1C48C069D5
:10785000800870471A48006A704719490020096873
:10786000890600D501207047154A0029116901D009
:10787000014300E081431161704701460020104A36
:10788000012903D0D2680A4203D17047D169C907E0
:10789000FBD0012070470A49C8607047084904209E
:1078A000CA68D20701D001207047CA68520701D5C3
:1078B00002207047C968C906FBD503207047000045
:1078C00000200240914910B5884206D101210420D0
:1078D00000F0FDFB002104203BE08D49884206D1E9
:1078E0000121082000F0F3FB0021082031E0894944
:1078F000884206D10121102000F0E9FB0021102070
:1079000027E08549884206D10121202000F0DFFBD5
:10791000002120201DE08149884206D1012140201C
:1079200000F0D5FB0021402013E07D49884206D1BC
:107930000121802000F0CBFB0021802009E0794963
:1079400088420AD184150121204600F0C0FB0021A5
:107950002046BDE8104000F0BABB10BD10B50121B3
:10796000084600F0B4FB0021BDE81040012000F003
:10797000AEBBF0B5CA78002502F00F03D20601D5E0
:107980008A7813430A784FF00F0E12F0FF0F4FF072
:1079900001021DD0D0F800400F8802FA05F63740EA
:1079A000B74211D14FEA850C0EFA0CF724EA07070B
:1079B00003FA0CF43C43CF78282F02D0482F02D092
:1079C00002E0466100E006616D1C082DE4D304600E
:1079D0000C88FF2C1ED944685FF0000606F10807EA
:1079E00002FA07F50F882F40AF420FD14FEA860CFD
:1079F0000EFA0CF7BC4303FA0CF73C43CF78282F60
:107A000000D14561CF78482F00D10561761C082E42
:107A1000E4D34460F0BD4FF6FF7101800221817014
:107A20000421C17070470246002092680A4200D0CB
:107A300001207047806880B2704702460020D268FB
:107A40000A4200D001207047C06880B270470161CF
:107A50007047416170470AB10161704741617047E9
:107A6000C160704741F480328261816182618169C5
:107A7000806970472C4B10B51A684FF6807422400D
:107A800042EA00100843186010BD2849C8617047D9
:107A9000F0B5254C002801DAE36900E06368420D87
:107AA000120185B2C0F301579540C0F30346032F7E
:107AB00005D0C2020AD50322B240934307E023F067
:107AC0007062636823F07063636002E0AB4343F06D
:107AD000706201B12A43002801DAE261F0BD626000
:107AE000F0BD10B58A0721F003040F49130F21449C
:107AF0000F228C689A4094438C608A6898400243B5
:107B00008A6010BD0949C1F8DC00704700080140D7
:107B1000000C014000100140001401400018014019
:107B2000001C0140002001400000014000002042F4
:107B3000C64910B588424FF0010101D14C0501E062
:107B40004FF48004204600F0CBFA2046BDE81040F8
:107B5000002100F0C5BA70B50446808886B00D4695
:107B600020F03F06684600F057FAB9490298B0FB8A
:107B7000F1F189B20E43A680228822F00102228010
:107B8000B44B2A689A421CD85200B0FBF2F080B283
:107B9000042800D20420491C2184A083208840F0BE
:107BA0000100208021884FF6F5300140A8886A89BD
:107BB000104308432080A88929890843208106B002
:107BC00070BDEB88A3F53F46FF3E0BD002EBC2032E
:107BD00003EB0212B0FBF2F080B240F480400205E9
:107BE00006D007E002EB4202B0FBF2F080B2F6E70B
:107BF00040F001004FF4967251434FF47A72B1FB9A
:107C0000F2F140F40040C6E741F288310160002102
:107C100081804BF6FF72C280018141814FF4804127
:107C2000818170470029018802D041F0010101E003
:107C300021F00101018070470029818802D041F4C0
:107C4000006101E021F40061818070470029818892
:107C500002D041F4805101E021F4805181807047CD
:107C60000029018802D041F4807101E021F4807183
:107C7000018070470029018802D041F4007101E0C1
:107C800021F40071018070470029018802D041F47D
:107C9000806101E021F4806101807047828901F0F8
:107CA000FE0122F0FE021143818170470029818983
:107CB00002D041F0010101E021F001018181704712
:107CC0000029018802D041F0400101E021F040018B
:107CD00001807047002A828801D00A4300E08A436D
:107CE0008280704701827047008AC0B2704712B12B
:107CF00041F0010101E001F0FE010182704708B589
:107D000008440090008808BD0029018802D041F491
:107D1000004101E0C1F30E0101807047B1F5006F31
:107D2000018803D021F400610180704741F40061B3
:107D3000FAE7B1F5005F018803D021F4005101801A
:107D4000704741F40051FAE70029018802D041F45C
:107D5000805101E021F4805101807047B1F5006F3E
:107D6000018803D021F400610180704741F4006173
:107D7000FAE70029018802D041F0200101E021F05A
:107D8000200101807047008B000A7047002901889C
:107D900002D041F0100101E021F010010180704794
:107DA0000029018803D021F080010180704741F053
:107DB0008001FAE7B1F5804F818B02D021F4804138
:107DC00001E041F480418183704702460020938A9C
:107DD000128B43EA024323F07F42914300D10120FA
:107DE0007047818A008B41EA004121F07F40704753
:107DF0000CB50246002000920A0F21F07F4101924B
:107E000002D0009A143202E0009A090C1832009253
:107E100012680A4200D001200CBDC943818270471C
:107E200010B5034600209A884FF4E06404EA114438
:107E30009B8A224021F07F410B4202D0002A00D0D1
:107E4000012010BDC94381827047000000540040EA
:107E500040420F00A08601000D49086070470C49A0
:107E6000486070470A498860704709494AF6AA2065
:107E70000860704706494CF6CC4008607047044AD9
:107E800001460020D2680A4200D00120704700005D
:107E900000300040A448016841F0010101604168E0
:107EA000A24A114041600168A14A11400160016885
:107EB00021F480210160416821F4FE0141604FF40A
:107EC0001F018160704798490A6822F480320A6075
:107ED0000A6822F480220A60B0F5803F07D0B0F52E
:107EE000802F03D1086840F4A0200860704708681C
:107EF00040F48030F9E70246002053098A49012BFB
:107F00000AD0022B0AD0496A02F01F0201239340D3
:107F10000B4200D0012070470968F5E7096AF3E7D2
:107F200018B500204FF4A06400903120FFF7E3FF64
:107F30000099491C0091A14201D00028F5D03120C0
:107F4000FFF7D9FF002800D0012018BD76490A6844
:107F500022F0F80242EAC0000860704775490860E4
:107F60007047714A5368084323F47C1318435060E8
:107F700070477049086670476B4A516821F00301E9
:107F80000143516070476848406800F00C0070473A
:107F9000654A516821F0F001014351607047624A1F
:107FA000516821F4E0610143516070475E494A68BD
:107FB00022F4605242EAC000486070475A4A0029E1
:107FC000517A01D0014300E0814351727047594911
:107FD000C1F8D8007047544A516821F44041014328
:107FE000516070475049002281F8202081F82020FC
:107FF000012802D0042802D1052081F82000704712
:108000004D490860704748490A6A02430A6270474E
:10801000494944390860704730B543494A6812F00D
:108020000C03464A03D0042B01D0082B21D0026058
:108030004A680F23424C03EA1212A35C0268DA403A
:1080400042604B68072505EA1323E35C22FA03F339
:1080500083604B6805EAD323E35CDA40C260496879
:10806000032303EA9131231F595CB2FBF1F1016153
:1080700030BD4A684B6802F470124FF0020413F4EA
:10808000803F04EB924202D04B689B0301D52D4BFD
:1080900000E02A4B5A43CAE7234A0029516901D01C
:1080A000014300E08143516170471F4A00299169F3
:1080B00001D0014300E08143916170471A4A0029D1
:1080C000D16901D0014300E08143D1617047164A74
:1080D0000029D16801D0014300E08143D16070479D
:1080E000114A0029116901D0014300E08143116167
:1080F000704711494039086070470E49C86470479D
:108100000949C87170470848416A41F0807141626D
:108110007047054A0146002092680A4200D00120BB
:108120007047014988727047001002400000FFF854
:10813000FFFFF6FE000042428004424200127A0035
:10814000CF0F002000093D00994910B588420AD19F
:10815000841401212046FFF7BAFF2046BDE81040F5
:108160000021FFF7B4BF9349884202D101210414D2
:1081700004E0914988420AD10121C4132046FFF747
:10818000AFFF2046BDE810400021FFF7A9BF10BD9A
:1081900030B502884C8802F441530A88CD882243C6
:1081A0008C882C4322430C8922434C8922438C899E
:1081B0002243CC8922431A430280828B22F400623C
:1081C0008283098A018230BDF0B505460C46022043
:1081D0000021AA8B85B001264FF240031A40AA83E2
:1081E0002884AF8BA268022A27D0A08800B102267B
:1081F0006846FFF711FFE1880098B1F5007F2DD0A8
:108200007101B0FBF1F000BF00EB8000A1684000FD
:10821000B0FBF1F0401D80B20A21B0FBF1F000F09C
:108220000101401A4FF6FF72C0F34F0002EA01212C
:10823000821EFE2A01D302200021E2880843024365
:108240002A8420886188A2890843A18811430843B1
:10825000384340F40060A88305B0F0BD000AD3E7BE
:108260000021018041808180C18001814181818123
:10827000C1810721018270470021018041808180F6
:10828000C18002228260818170470029018802D06A
:1082900041F0400101E021F04001018070470029D8
:1082A000818B02D041F4806101E021F480618183FF
:1082B0007047090901238B40002A828899B201D0B6
:1082C0000A4300E08A4382807047002A828801D0F6
:1082D0000A4300E08A438280704781817047808929
:1082E0007047A1F57E420188FF3A02D041F48071C7
:1082F00001E021F48071018070470029818802D05B
:1083000041F0040101E021F00401818070470288FE
:1083100022F40062028002880A43028070470188CA
:1083200041F48051018070470029018802D041F456
:10833000005101E021F4005101807047012901D072
:10834000008B7047808A7047008A7047B1F5804F74
:10835000018803D021F480410180704741F48041BD
:10836000FAE70246002012890A4200D00120704735
:10837000C9430181704710B501F00F040122034683
:1083800002FA04F4002009098A4091B29A88A4B242
:108390000A401989214202D0002A00D0012010BDD4
:1083A00001F00F0201219140C94301817047000093
:1083B0000030014000380040003C0040F94910B551
:1083C000884202D10121C41486E0B0F1804F09D067
:1083D000F54988420DD101210220FFF781FE0021DD
:1083E000022064E001210846FFF77AFE0021012007
:1083F0005DE0EE49884206D101210420FFF770FEBE
:108400000021042053E0EA49884206D101210820D6
:10841000FFF766FE0021082049E0E649884206D1C0
:1084200001211020FFF75CFE002110203FE0E2490F
:10843000884206D101212020FFF752FE0021202092
:1084400035E0DE49884202D10121441444E0DC4990
:10845000884202D10121CC043EE0DA49884202D1AF
:1084600001210C0538E0D849884202D101214C0590
:1084700032E0D649884206D101214020FFF730FE84
:108480000021402013E0D249884206D101218020FA
:10849000FFF726FE0021802009E0CE4988420AD15C
:1084A000841501212046FFF71BFE00212046BDE870
:1084B0001040FFF715BEC849884202D101210C04C3
:1084C0000AE0C649884202D101214C0404E0C449B3
:1084D00088420AD101218C042046FFF7F8FD20468E
:1084E000BDE810400021FFF7F2BD10BD30B5028895
:1084F000AC4BB24C98420DD0A0420BD0B0F1804FA3
:1085000008D0A94DA84205D0A84DA84202D0A84D38
:10851000A84203D122F070054A882A43A54DA842FB
:1085200006D0A54DA84203D022F44075CA882A433C
:1085300002808A8882850A88028598420AD0A042F1
:1085400008D0A54A904205D0A44A904202D0A44A3D
:10855000904201D1097A01860121818230BD30B576
:10856000028C22F001020284028C8388048B22F0A8
:10857000020224F073050C882C430D8915434A88A8
:108580002A43884DA8420BD08C4DA84208D0924D6A
:10859000A84205D0914DA84202D0914DA8420DD1DC
:1085A00022F008054A8923F440732A4322F0040587
:1085B0008A882A438D891D43CB892B43838004837A
:1085C000C9888186028430BD70B5028C22F0100209
:1085D0000284028C8488038B0D8823F4E6464FF6D0
:1085E000FF7303EA052535430E8922F0200203EAD2
:1085F000061616434A8803EA02123243694EB04215
:1086000002D06E4EB04215D122F080064A8924F481
:10861000406403EA0212324322F040068A8803EAE9
:10862000021232438E8903EA86062643CC8903EA86
:108630008404344384800583C9880187028470BD23
:1086400070B5028C22F480720284028C8488838B41
:108650000D8823F073031D4322F400730E894FF637
:10866000FF7202EA06261E434B8802EA03233343C5
:108670004C4EB04202D0514EB04215D123F40066A8
:108680004B8924F4405402EA0323334323F48066E5
:108690008B8802EA032333438E8902EA06162643B7
:1086A000CC8902EA0414344384808583C988818795
:1086B000038470BD70B5028C22F480520284048C55
:1086C0008288838B0D8823F4E6464FF6FF7303EA16
:1086D0000525354324F400560C8903EA0434344359
:1086E0004E8803EA063626432E4CA04202D0334C75
:1086F000A04205D122F480448A8903EA82122243EF
:1087000082808583C988A0F84010068470BD828B62
:1087100022F440628283828B4FF6FF7303EA0121C9
:108720000A4382837047828B22F00C028283828B01
:108730000A4382837047028B22F440620283028BD9
:108740004FF6FF7303EA01210A4302837047F0B535
:10875000048C24F010040484078B048C4FF6FF75FE
:1087600027F4734705EA03333B4305EA02221A4321
:108770000C4B05EA011698420ED0104B98420BD0D4
:10878000B0F1804F08D0084B984205D0074B984273
:1087900002D0074B984225D124F02001314341F00B
:1087A000100124E0002C01400004004000080040BB
:1087B000000C004000100040001400400034014054
:1087C000004C01400050014000540140001800409E
:1087D000001C0040002000400040014000440140D7
:1087E0000048014024F0A0030B4343F01001028332
:1087F0000184F0BD028B22F00C020283028B0A433B
:108800000283704770B5048C24F001040484058B46
:10881000048C4FF6FF7606EA0313134325F0F305A5
:10882000F94A2B4390420ED0F84A90420BD0B0F157
:10883000804F08D0F64A904205D0F64A904202D0C6
:10884000F54A904202D124F0020201E024F00A022B
:108850000A4342F001010383018470BD2DE9F05FFA
:108860000D4604460888E84FDFF8A0C3DFF8A08370
:108870004988AA882B894FF0804960B3042832D0F8
:108880004FF6FF7E082836D0208C9B4620F480507F
:108890002084A38B268C704600EA022223F47343C3
:1088A0001A4300EA0B3010430EEA013EBC420BD0E3
:1088B000644509D04C4507D0444505D0D54A94427B
:1088C00002D0D54B9C4245D126F4005141EA0E011D
:1088D00041F4805143E02046FFF794FFE9882046A9
:1088E000BDE8F05F86E72046FFF731FFE9882046C4
:1088F000BDE8F05F1FE7208C20F480702084B4F87E
:108900001CA0208C0EEA031313432AF0F30A0EEA8C
:10891000012B43EA0A03BC420BD0644509D04C4505
:1089200007D0444505D0BB4A944202D0BA4A94428B
:1089300004D120F4007040EA0B0002E020F4206033
:10894000084340F48070A3832084E9882046BDE872
:10895000F05FE8E626F402420A4342F48051A08325
:1089600020462184E988BDE8F05FD0E62DE9F0419A
:108970000C46002649880746012501B90226A2882F
:10898000012A00D10225208823890028384610D0EA
:10899000FFF7DDFEE1883846FFF7CDFE23892A4642
:1089A00031463846FFF72EFFE1883846BDE8F041F2
:1089B00020E7FFF727FFE1883846FFF71BFF2389F1
:1089C0002A4631463846FFF7C2FEE1883846BDE800
:1089D000F041B0E610B50A884B88CC881A438B88E2
:1089E00023431A430B891A434B8989891A430A4343
:1089F000A0F8442010BD4FF6FF7181800021018056
:108A0000C1804180017270470021018041808180D6
:108A1000C180018141818181C18170470021018034
:108A2000418001228280C180018170470021018044
:108A300041808180C180018141818181704700290D
:108A4000018802D041F0010101E021F00101018023
:108A50007047002930F8441F02D041F4004101E082
:108A6000C1F30E0101807047002A828901D00A43B8
:108A700000E08A4382817047818270471143A0F8E9
:108A800048107047002A828901D00A4300E08A43D7
:108A900082817047018921F00701018170470289B5
:108AA00022F070020A430281704700B50346FFF7C7
:108AB000F6FF188940F00700188100BD70B5164612
:108AC0000D46602904464FF0010231460AD0FFF7F7
:108AD00099FE29462046FFF7E2FF208940F0070073
:108AE000208170BDFFF733FEF3E730B504894FF600
:108AF000FF7505EA03231343E4B20B4323430381C9
:108B000030BD10B50446FFF7F0FF208940F0770034
:108B1000208110BD10B50446FFF7E7FF208940F41F
:108B20008040208110BD018582827047028822F03A
:108B300070020A430280704770B50589048B068C69
:108B400025F007050D434FF6FC410C4040F20111A2
:108B50000C434FF6FF7101EA031126F02206114380
:108B6000314305810483018470BD028B22F07002C1
:108B70000A4302837047028B4FF6FF7322F4E042F0
:108B800003EA0121114301837047828B22F07002B6
:108B90000A4382837047828B4FF6FF7322F4E042D0
:108BA00003EA01211143818370470029018802D023
:108BB00041F0800101E021F080010180704700292F
:108BC000818802D041F0040101E021F0040181809C
:108BD00070470029818802D041F0080101E021F0AE
:108BE0000801818070470029818802D041F001018D
:108BF00001E021F0010181807047028B22F0080220
:108C00000A43028370470000002C014000340140F9
:108C10000004004000080040000C0040028B4FF6AA
:108C2000FF7322F4006203EA012111430183E9E7A3
:108C3000828B22F008020A438283E3E7828B4FF69D
:108C4000FF7322F4006203EA012111438183D9E713
:108C5000028B22F004020A430283D3E7028B4FF611
:108C6000FF7322F4806203EA012111430183C9E703
:108C7000828B22F004020A438283C3E7828B4FF681
:108C8000FF7322F4806203EA012111438183B9E773
:108C9000028B22F080020A430283B3E7028B4FF675
:108CA000FF73C2F30E0203EA012111430183A9E716
:108CB000828B22F080020A438283A3E7828B4FF6E5
:108CC000FF73C2F30E0203EA01211143818399E786
:108CD000028C22F002020A43028493E7028C22F003
:108CE00008020A4302848DE7028C4FF6FF7322F0DC
:108CF000200203EA01111143018483E7028C4FF63D
:108D0000FF7322F0800203EA01111143018479E725
:108D1000028C4FF6FF7322F4007203EA0121114323
:108D200001846FE7028C4FF6FF7322F4006203EABE
:108D300001211143018465E7028C4FF6FF7322F491
:108D4000005203EA0131114301845BE710B50123AE
:108D5000048C8B409C430484038C8A40134303841B
:108D600010BD10B50423048C8B409C430484038CF9
:108D70008A401343038410BD30B50124058C00F1F3
:108D800018038C40A543058489B108290FD0091F19
:108D9000C1F34E001844016821F4E041016001680C
:108DA0004FF6FF7303EA02221143016030BD03EB6B
:108DB0005100016821F0700101600168F4E70029A9
:108DC000018802D041F0020101E021F0020101809E
:108DD00018E70029018802D041F0040101E021F0E8
:108DE000040101800EE70029818802D041F0800152
:108DF00001E021F08001818004E7028822F008026E
:108E0000028002880A430280FCE6828822F0700217
:108E1000828082880A438280F4E6028922F0070277
:108E2000028102890A430281ECE6028922F0800273
:108E3000028102890A430281E4E68184E2E68185B7
:108E4000E0E68186DEE60187DCE68187DAE6A0F8E7
:108E50004010D7E6028822F44072028002880A435A
:108E60000280CFE6808ECDE6008FCBE6808FC9E60C
:108E7000B0F84000C6E6808CC4E6008DC2E602462B
:108E80000020128A0A4200D00120BBE6C9430182B9
:108E9000B8E602460020138A92890B4202EA0102D8
:108EA00002D0002A00D00120ACE6C9430182A9E625
:108EB000C44910B588420AD101218C032046FFF72E
:108EC00006F92046BDE810400021FFF700B9BE4971
:108ED000884202D101214C0410E0BC49884202D1F1
:108EE00001218C040AE0BA49884202D10121CC0454
:108EF00004E0B84988420AD101210C052046FFF759
:108F0000EFF82046BDE810400021FFF7E9B810BD9A
:108F100030B50446008A85B00D464CF6FF71084016
:108F2000E98801432182A1894EF6F3100140A88807
:108F30002A8910436A890A431043A081A08A4FF608
:108F4000FF410840A9890143A1826846FFF764F800
:108F50009C48844201D1039800E00298A189090449
:108F600000EBC00101EB0010296801D5490000E0C9
:108F70008900B0FBF1F06422B0FBF2F109010B09AA
:108F80006FF018056B4300EB8300A3891D044FF0BD
:108F9000320306D503EBC000B0FBF2F000F007008F
:108FA00005E003EB0010B0FBF2F000F00F00084307
:108FB000208105B030BD4FF4165101600021818041
:108FC000C18001810C2242818181704710B5038AE2
:108FD0004FF2FF0213400A884C8822438C88C988CC
:108FE0000C4322431A43028210BD002101804180BC
:108FF0008180C18070470029818902D041F40051ED
:1090000001E021F400518181704710B5C1F3421392
:1090100001F01F040121A140012B07D0022B07D032
:109020001430002A026805D00A4304E00C30F8E747
:109030001030F6E78A43026010BD002A828A01D010
:109040000A4300E08A4382827047028A22F00F02BC
:109050000282028A0A4302827047828922F40062F5
:10906000828182890A43828170470029818902D0E6
:1090700041F0020101E021F0020181817047028A82
:1090800022F020020282028A0A43028270470029EB
:10909000018A02D041F4804101E021F48041018243
:1090A0007047C1F30801818070478088C0F30800D1
:1090B0007047818941F0010181817047028BD2B2F2
:1090C0000283028B42EA012101837047028B02F482
:1090D0007F420283028B0A43028370470029818A00
:1090E00002D041F0200101E021F02001818270478F
:1090F0000029818A02D041F0100101E021F0100125
:10910000818270470029818A02D041F0080101E084
:1091100021F00801818270470029818902D041F441
:10912000004101E0C1F30E01818170470029818A6D
:1091300002D041F4006101E021F4006181827047B6
:10914000828A22F004028282828A0A4382827047E3
:109150000029818A02D041F0020101E021F00201E0
:10916000818270470246002012880A4200D0012006
:109170007047C9430180704730B501F01F020124D8
:109180000025C1F3421304FA02F2012B0FD0022B87
:109190000FD0838A4FEA11210088134204FA01F4A8
:1091A00000EA040001D000B10125284630BD8389C2
:1091B000F0E7038AEEE70A0A01219140C9430180E2
:1091C0007047000000380140004400400048004063
:1091D000004C0040005000400648804706480047C9
:1091E000FEE7FEE7FEE7FEE7FEE7FEE7FEE7FEE757
:1091F000FEE7FEE79D920008ED0000080CB5002197
:109200004B4801910091026842F4803202604FF4B1
:10921000A063026802F400320092019A521C01928B
:10922000009A12B9019A9A42F3D10268920333D597
:10923000012100913F490A6842F010020A600A6861
:1092400022F007020A600A6842F002020A604168DE
:10925000416041684160416841F48061416041681A
:1092600021F47C114160416841F4E81141600168DA
:1092700041F08071016001688901FCD5416821F0ED
:1092800003014160416841F0020141604168C1F35E
:1092900081010229FAD10CBD00910CBD244810B502
:1092A000016841F0010101604168234A11404160B9
:1092B0000168224A11400160016821F480210160A7
:1092C000416821F4FE0141604FF41F018160FFF706
:1092D00095FF1B494FF00060086010BD144910B5A0
:1092E0004868184A10F00C03174803D0042B01D02B
:1092F000082B0AD002604968134AC1F30311121DFA
:10930000515C0268CA40026010BD4A684B6802F4B2
:1093100070124FF0020413F4803F04EB924202D02B
:109320004B689B0301D5094B00E0064B5A43E1E72C
:1093300000100240002002400000FFF8FFFFF6FE90
:1093400008ED00E000127A00E00F002000093D0067
:1093500010B5FEA0F8F7A2FC002010BD10B5022841
:1093600001D0002010BDFDA0F8F798FCBFF34F8F8F
:10937000FC480168FC4A01F4E06111430160BFF35D
:109380004F8F00BFFDE7008870470188408801EBE0
:109390000040704710B5002306E000BF30F81340CE
:1093A00021F813405B1C9BB29342F7D310BD2DE90B
:1093B000F0414FF0006516460F460446A8421DD303
:1093C000EA4904EB4600884218D2FEF756F8A4F1A9
:1093D0000060C00A05EBC020FEF78AF8002507E010
:1093E00037F8151004EB4500FEF745F96D1CADB2DA
:1093F000B542F5D3BDE8F041FEF74BB8BDE8F081CA
:10940000F0B500242546D3074FF0FF3734D12FE0C5
:10941000035DA3F13006092E01D8F6B20BE0A3F1EB
:109420004106052E01D8373B04E0A3F16106052E65
:1094300022D8573BDEB203195B78A3F1300CBCF1A4
:10944000090F02D80CF0FF030DE0A3F1410CBCF1B1
:10945000050F01D8373B05E0A3F1610CBCF1050F06
:109460000AD8573BDBB243EA06134B55A41C6D1CCC
:109470009442CDDB0020F0BD3846F0BD30B500246D
:1094800014E0035DA3F13005092D01D80D550BE063
:10949000A3F14105052D01D8373B04E0A3F1610597
:1094A000052D01D8573B0B55641CE4B29442E8D318
:1094B0000023184609E05B1CDBB2CC5C5B1C44EA71
:1094C00004140C54401CDBB2C0B29342F3D9002206
:1094D0000A5430BDF0B5ADF2044D0D4606464FF4CA
:1094E000806714463946684603F01FFF39466846D0
:1094F00003F01BFF304603F035FF0246A04203DBBA
:109500002246314668460AE000206946A31A01E077
:109510000D54401C8342FBDC0819801A314603F0CD
:10952000EBFE68460DF2044DF0BD2DE9F84F0D46F7
:10953000002857D0012855D0DFF834A2032307278D
:1095400001248C4E4FF0100C0AF104084FF4A022B5
:1095500002281CD0032845D1272D43D256F82510C8
:1095600000293FD00878012856D002283AD100219E
:1095700091461046F8F7D5FD56F82510C968072919
:1095800001EB410159D304FA01F2024358E0272DBF
:1095900028D256F82510002924D00878012811D0A7
:1095A00002281FD1002191461046F8F7BAFD56F85F
:1095B0002510C968072901EB410115D304FA01F20E
:1095C000024314E04C680D89ADF800508DF803C0DB
:1095D0008DF8023069462046FEF7CBF92946204631
:1095E000FEF737FABDE8F88F8F4020EA0702002126
:1095F0004846F8F7B4FD002211465046F8F7AFFD93
:10960000002147464046F8F78CFD56F82510097BA7
:109610008C4020EA040227E04C680D89ADF8005028
:109620008DF803C08DF8023069462046FEF7A1F997
:1096300029462046FEF70BFAD4E78F4020EA0702BE
:1096400000214846F8F78BFD002211465046F8F7F6
:1096500086FD002147464046F8F763FD56F8251081
:10966000097B04FA01F202433846BDE8F84F0021B5
:10967000F8F775BD2DE9FF411C4615460ECB3EA0FF
:10968000F8F70CFB0020019002900390032D05D009
:10969000294642A0F8F702FBBDE8FF81206803F0ED
:1096A00061FE0828206804D208223021FFF712FF4B
:1096B000206003F057FE024601A92068FFF7A0FED4
:1096C000206803F04FFE024638A02168F8F7E6FA5A
:1096D0009DF8070000909DF806309DF805209DF844
:1096E000041036A0F8F7DAFA606803F03BFE0828A9
:1096F000606804D208223021FFF7ECFE606003F0BE
:1097000031FE024602A96068FFF77AFE606803F046
:1097100029FE024630A06168F8F7C0FA9DF80B00F8
:1097200000909DF80A309DF809209DF808102EA0A1
:10973000F8F7B4FAA06803F015FE0828A06804D270
:1097400008223021FFF7C6FEA0605BE044573330AB
:1097500030302D3030310D0A000000000D0A4F4B23
:109760000D0A00000CED00E00400FA0500000808F6
:10977000080005000C120020617267765B305D3ACC
:1097800025732C617267765B315D3A25732C6172AB
:1097900067765B325D3A25730D0A00006572726F61
:1097A0007220617267633A25640D0A006172677600
:1097B0005B305D3A25732C25640D0A006770696F74
:1097C0005374617465313A25782C25782C25782CD2
:1097D00025780D0A00000000617267765B315D3A02
:1097E00025732C25640D0A006770696F53746174CA
:1097F00065323A25782C25782C25782C25780D0A89
:1098000000000000082203A9FFF7FAFDA06803F09A
:10981000A9FD0246FEA0A168F8F740FA9DF80F00E6
:1098200000909DF80E309DF80D209DF80C10FCA0C6
:10983000F8F734FA0425002401AFC4F10306385DBB
:109840006E4300F00300F1B2FFF76FFE385D711C4C
:10985000C0F38100C9B2FFF768FE385DB11CC0F3E8
:109860000110C9B2FFF761FE385DF61C8009F1B244
:10987000FFF75BFE641CE4B2042CDED3002402AFCD
:10988000C4F10306385D6E4306F1100100F00300D9
:10989000C9B2FFF74AFE385D06F11101C0F381003D
:1098A000C9B2FFF742FE385D06F11201C0F30110A4
:1098B000C9B2FFF73AFE385D13368009F1B2FFF7FF
:1098C00034FE641CE4B2042CDAD3002403AFC4F1E8
:1098D0000306385D6E4306F1200100F00300C9B2B3
:1098E000FFF723FE385D06F12101C0F38100C9B204
:1098F000FFF71BFE385D06F12201C0F30110C9B26B
:10990000FFF713FE385D23368009F1B2FFF70DFE35
:10991000641CE4B2042CDAD3BEE670B514460D46DE
:1099200002280FD003280DD101210846FEF7BDFB08
:109930000121C248FEF7ACF8002123462A4608461A
:10994000FFF798FE002070BD2DE9F04FA1B002F0A6
:1099500062FDBBA0F8F7A2F9002402F093FC02F02C
:1099600045FC022002F037FC4FF0FF3B4FF47A76C3
:1099700007E0022002F02FFC641CB44201DDB5A018
:10998000A6E0F9F7E0FF0028F3D0B6A0F8F786F9D3
:109990000020F8F7A0FC401C0ED0B5A0F8F77EF927
:1099A0000320FAF7E3F8B7A0F8F778F9B948F9F720
:1099B00063F818B1B8A08BE0BCA089E0C0A0F8F7AC
:1099C0006DF9FAF7B6FADFF8CC82A8F1A40845469B
:1099D00088F80000F8F70DFD0446024695F90010DE
:1099E000BBA0F8F75BF91CB1C2A0F8F757F980E00B
:1099F0000024A146EA46002049465246641C115400
:109A0000401C7F28FBDB0020FAF785F9BFA0F8F7A0
:109A100045F90025C14F07E0022002F0DCFB6D1C78
:109A2000B54201DDBEA053E000214420F8F779FBE8
:109A30003842F1D0400465D5BDA0F8F72FF90021D8
:109A40004C20F8F76EFBC0F309017F2908D80022EB
:109A50006846F9F720FA9DF80110BCA0F8F71EF946
:109A6000F9F77EFA03F071FF6FF0190203F032FF8D
:109A70000022BC4B03F04DFE04F08AF8054604F0CA
:109A800044F802460B46B8A0F8F708F9B5F17E5F36
:109A900002DC15F1814F21D9BB49284603F016FDA0
:109AA0000746454698F9000003F02BFF394603F0BE
:109AB00007FD03F088FF00F03F002870FAF730FA46
:109AC00095F90010B1A0F8F7E9F8C82C13DDBBA098
:109AD000F8F7E4F8584621B0BDE8F08F1E2144465F
:109AE00098F90000F8F733FD94F90010B9A0F8F7E1
:109AF000D5F80020EFE74FF4804200214420F8F72A
:109B00002EFB78E7BEA0F8F7C9F8C34AF5E710B511
:109B1000022804D1FFF718FF08B1012010BD002072
:109B200010BD2DE9F05F002402F0ACFB02F05EFBFB
:109B3000022002F050FB4FF0FF3B4FF47A7807E031
:109B4000022002F048FB641C444501DD41A03FE0D7
:109B5000F9F7F9FE0028F3D00020F8F7BCFB401C11
:109B600005D04C48F8F788FF18B14BA030E0ABA007
:109B70002EE00120FAF760F90120F9F73EFE454C8E
:109B80000125DFF8A4A24FF00009A43C01E0A7A042
:109B90001EE00020524649461154401C7F28FBDB42
:109BA000A54A00201154401C2528FBDBA248742143
:109BB000743803F0BAFB0020FAF7ADF80026574FCF
:109BC0000BE0022002F007FB761C464505DD54A0A1
:109BD000F8F764F85846BDE8F09F00214420F8F7F4
:109BE000A0FA38426060ECD0A08840040ED54FF453
:109BF000804200214420F8F7B2FA00214C20F8F707
:109C000090FAC0F3090161807F2917E15EE100004D
:109C1000617267765B325D3A25732C25640D0A000C
:109C20006770696F5374617465333A25782C2578B1
:109C30002C25782C25780D0A000000000004300047
:109C400072785F776974685F7874616C5F74726949
:109C50006D0D0A0049444C455F5243206572726F96
:109C6000720D0A0049444C455F52430D0A00000042
:109C70006477745F696E697469616C6973650D0AF4
:109C8000000000006477745F7365746C6564730D25
:109C90000A000000A8120020434F4E4649472046C4
:109CA00041494C454420202020200000494E495481
:109CB000204641494C45442020202020000000003F
:109CC0006477745F636F6E6669677572650D0A000D
:109CD0007543757272656E745472696D5F76616CEE
:109CE0003A25642C587472696D466C673A25640D88
:109CF0000A000000616C72656164792063616C69BF
:109D000062726174696F6E0D0A0000006477745F9F
:109D10007278656E61626C650D0A000000D00524E2
:109D200072785F74696D65206F75740D0A000000AC
:109D30005359535F5354415455535F525846434708
:109D40005F4249545F4D41534B0D0A004672616DAD
:109D500065205265636569766564207365713A258F
:109D6000640A000080842E4161646A757374696EB0
:109D70006720207874616C4F66667365745F7070DD
:109D80006D3A25660D0A00007BC7543F61646A7511
:109D90007374696E67206477745F73657478746137
:109DA0006C7472696D207543757272656E7454724D
:109DB000696D5F76616C3A25640D0A0061646A75AD
:109DC0007374696E6720636F756E74206F75740DA0
:109DD0000A000000656E64206477745F73657478B0
:109DE00074616C7472696D207543757272656E74FE
:109DF0005472696D5F76616C3A25640D0A0000004B
:109E00005359535F5354415455535F414C4C5F5227
:109E1000585F4552520D0A0000900524494E49549E
:109E2000204641494C4544009C1B0020636F756EE1
:109E300074206F75740D0A00A81C002003D800223E
:109E4000F748F9F728F8F6489830F9F7F6F8F44C9F
:109E500025219834B4F840008009801E82B204F1B4
:109E600074003034F9F744F8608A03F07FFD002273
:109E70004FF0804305F012FD064620880D46400550
:109E800003F074FD32462B4603F0B5FC03F080FE70
:109E900005F02AFCE34903F019FB03F036FEE24A21
:109EA000E24B03F030FC03F073FE03F02EFE02469B
:109EB0000B46DFA0F7F7F2FE218BE1A0F7F7EEFEED
:109EC000218EE3A0F7F7EAFE002084E6E44A0021B1
:109ED0004420F8F744F9D2488030F9F7C0FF6D1CF0
:109EE000C82D7FF753AE52E610B5022804D1FFF714
:109EF00018FE08B1012010BD002010BDF0B50025EE
:109F000006462C4606E0355D202D01D0092D03D1F3
:109F1000641CA4B28C42F6D3002301202D2D1BD14A
:109F2000801E17E0355DA5F13007092F03D803FB2C
:109F30000253303B0EE0A5F16107052F03D803FB68
:109F40000253573B06E0A5F14107052F06D803FB56
:109F50000253373B641CA4B28C42E3D35843F0BD98
:109F60007CB50D4606464FF0FF3402F08BF902F047
:109F70003DF9022002F02FF915B1012D06D01CE0A9
:109F8000022231460020F9F797FB16E000200090EE
:109F9000022269460190F9F78FFB009808B90198F1
:109FA00008B1214606E0022231460020F8F7DEFA29
:109FB00004460146ABA0F7F771FE20467CBDF0B524
:109FC0008BB01646022804D00021032802D00128B5
:109FD0006FD09CE00591069107910024306803F052
:109FE000C1F90C2866D105AF012501E0052C20D26E
:109FF000326812F81400A0F13001092905D911398D
:10A00000052902D92039052954D805EB4403D15C30
:10A01000A1F1300CBCF1090F07D9A1F1410CBCF141
:10A02000050F02D96139052974D88DF81C00D05C60
:10A030001EE0326812F81400A0F13001092905D998
:10A040001139052902D92039052963D805EB440CBB
:10A0500012F80C10A1F13003092B05D9113B052B87
:10A0600002D96139052955D88DF81C0012F80C0069
:10A070008DF81D001022022107A8FFF73FFF385579
:10A08000641CE4B2062CB1D39DF8180001AC9DF815
:10A090001B309DF81A209DF8191084E80F009DF8D8
:10A0A000170000909DF816309DF815209DF81410AB
:10A0B00001E015E02EE06EA0F7F7F0FD9DF8171017
:10A0C0000598BDF8182061F31F600890014671A043
:10A0D0000992F7F7E3FD012108A8FFF741FF16E019
:10A0E00003910491002103A8FFF73AFF9DF80F00A8
:10A0F0009DF811209DF810108DE807009DF80E3096
:10A100009DF80D209DF80C1066A0F7F7C7FD002004
:10A110000BB0F0BD0120FBE770B590B016460D46C0
:10A12000022826D0684C032802D0012824D020E041
:10A130004021684603F0F9F8306803F062F910F046
:10A14000FF0001D0012807D1012D05D184F8290095
:10A15000012801D1FAF742FB94F829205BA1684657
:10A1600004F080FA684603F0FDF881B26846F7F71C
:10A170002AF810B0002070BD4021684603F0D5F8E1
:10A18000EAE700B591B04021684603F0CEF84E48AA
:10A190004EA190F82920684604F064FA684603F05E
:10A1A000E1F881B26846F7F70EF811B0002000BD63
:10A1B000002070472DE9F04FADF57B7D8A46814642
:10A1C0004FF0FF364FF0FA0800244FF47A716846DA
:10A1D00003F0ABF842A1484603F0B2F8002818D0CB
:10A1E000404D00BF55F83410484603F0A9F8070069
:10A1F00010D055F8340003F0B5F83844A0EB09014D
:10A200008AB2092C05D201783F296ED031B13D299F
:10A210007BD0AAE0641C092CE4D3A6E06DE064E0E6
:10A220009C1B002000002041CDCCCCCCCC6C5E40EF
:10A230007369675F706F7765723A25660D0A000073
:10A24000737473506F7765723A25640D0A000000CD
:10A2500073747332506F7765723A25640D0A00008B
:10A26000009005246572723A25640D0A0000000012
:10A270006D61635F746D703A25782C25782C257894
:10A280002C25782C25782C25782C25782C25780DD4
:10A290000A00000065756936343A25782C25780D5A
:10A2A0000A0000005557424D41433A253032782587
:10A2B00030327825303278253032782530327825A2
:10A2C0003032780D0A000000880B00200D0A776FED
:10A2D000726B6D6F64653A2025640D0A0000000002
:10A2E00041540000B81200200FE005EBC4004368A1
:10A2F000DBB36A464146012034E005EBC400436805
:10A300009BB36A46414602202CE0BAEB02074FF0AD
:10A3100000024FF02C09EB46C2461346944600F16A
:10A32000010003D00121E646009013E0614613E0EE
:10A3300010F80280C84503D100F802E0012308E0CC
:10A340003BB100EB02084BF821800023491C51452A
:10A3500002D2521CBA42EBD305EBC400436823B1CE
:10A360005A4603209847060007D018A0F7F796FC36
:10A370000DF57B7D3046BDE8F08FAFF62040F5E768
:10A380002DE9F0410C4607463E194FF0FF3016F814
:10A39000021C0D2917D116F8011C0A2913D1042C0F
:10A3A00011D3002504E0795D0BA0F7F777FC6D1C55
:10A3B000A542F8DB002006F8020CA41EA1B2384624
:10A3C000BDE8F041F6E6BDE8F08100000D0A455217
:10A3D000524F520D0A000000256300000022C0F811
:10A3E0004C21C0E95421704770B5D0F84C11044697
:10A3F000D0F850210D4685A0F7F750FC1BE0294608
:10A4000088A0F7F74BFC05EB451688A014F816104A
:10A41000F7F744FC04EB460687A07178F7F73EFC9B
:10A4200087A0F7F73BFCB11C87A0F7F737FC87A0A4
:10A43000F7F734FC6D1CD4F8540195FBF0F100FBE8
:10A440001150D4F850118842D9D1BDE870407FA096
:10A45000F7F724BC00F5A871D0F84C0106C9491CD7
:10A4600091FBF2F302FB1311814201D101207047ED
:10A4700000207047D0E95310814201D1012070477C
:10A48000002070470FB410B50446FFF7E3FF18B182
:10A49000002010BC5DF814FBD4F850119DF80C009E
:10A4A00001EB411104F81100D4F850119DF80D0092
:10A4B00001EB411104EB41014870D4F850019DF8C3
:10A4C0000D2000EB401004EB40000DF10E01801C4C
:10A4D00002F012FF04F5A87003C8401C90FBF1F2D3
:10A4E00001FB1200C4F850010120D2E770B50D46FF
:10A4F0000446FFF7BFFF08B1002070BDD4F84C013F
:10A50000422200EB401004EB4001284602F0F4FE2A
:10A51000D4F84C01422100EB401004EB400002F063
:10A5200004FFD4F84C01D4F85411401C90FBF1F214
:10A5300001FB1200C4F84C016878402803D944A0FC
:10A54000F7F7ACFBD8E7012070BD30B5002288B02A
:10A550005FF00A03B0FBF3F403FB1404B0FBF3F069
:10A5600030348C54521C0028F4D1885410006B46AF
:10A5700004D40C5C151A401E5C55FAD5012004E089
:10A580001C5C0D18401C05F8014C9042F8DD08B029
:10A5900030BD2DE9F04117468846064600241DE0EF
:10A5A000305D02F0A3FEC5B23019407802F09EFE85
:10A5B000C0B2392D01D9373D00E0303DE9B239282C
:10A5C00001D9373800E03038C0B204EBD47240EA29
:10A5D000011008EB6201A41C087024B2BC42DFDB4E
:10A5E000BDE8F081F8B515460E46074600240AE09E
:10A5F0003A5D1CA1684604F035F806EB4400BDF84E
:10A6000000100180641CAC42F2DBF8BD512D3E66A7
:10A61000726F6E74203A25642C726561723A20253F
:10A62000640A000069203A2564000000666C6167D6
:10A630003A256420000000006C656E3A2564200015
:10A640006D7367203A000000257320000A000000A7
:10A650006572726F72207175657565206D73670A1A
:10A6600000000000253032580000000030B5F248EC
:10A67000A1B01C46C168269D491CC160052091FB04
:10A68000F0F200FB1210002829D14021684602F0A8
:10A690004CFE204603F039FA0022E84B03F0ABF8F9
:10A6A00002460B46E6A1684603F0DCFF04210223C4
:10A6B0006A460846FAF7AAF8402110A802F035FECB
:10A6C000284603F022FA02460B46E1A110A803F047
:10A6D000C9FF022310AA06210420FAF797F821B037
:10A6E00030BD38B54FF0FF3200214420F7F737FD79
:10A6F000D14C002204F1380120788870A069C4F898
:10A700004200E069C4F846001220F8F771FB01220C
:10A7100000211420F8F793FB40F2B220F9F7F0F88B
:10A720004FF49670F9F73BFB0520F9F74DFB02203B
:10A73000F9F75DFACA4D00214420F7F7F2FC2842F0
:10A740006060F8D02078401C2070A088400432D58A
:10A750004FF4814200214420F7F701FD6846F8F7E5
:10A760002FFC002826D000214C20F7F7DAFC00F05F
:10A770007F01282903D80022BA48F8F78CFBAE499C
:10A780000A224A31B74802F0F4FD002812D1B54937
:10A79000A94808220A31183002F0EBFD002809D13F
:10A7A000012060700020A060AE48418A6180AEA0A8
:10A7B000F7F774FA38BDB3A0F7F770FABDE8384080
:10A7C0000021B74A4420F7F7CABCF0B591B04FF06A
:10A7D000FF3200214420F7F7C2FC974C002204F11D
:10A7E0005E01207888706088A4F868000C20F8F773
:10A7F000FFFA012200210E20F8F721FB0220F9F7D1
:10A80000F6F9974D00214420F7F78BFC2842606051
:10A81000F8D02078401C2070A08840047ED54FF4EA
:10A82000814200214420F7F79AFC10A8F8F7C8FBF2
:10A83000002874D000214C20F7F773FC00F07F0152
:10A84000282903D800228748F8F725FB854E7A4946
:10A850000027B7700A226A31304602F08AFD0028CC
:10A8600072D175490222891C06F10B0002F081FDAC
:10A87000002869D100F081FEC4E9080100F092FED1
:10A88000884AC4E90A01801841F10001050A45EA35
:10A8900001652846F9F7A6F925F00100010E00022E
:10A8A00044F20102801841F10001C4E90C01624840
:10A8B000D4E90823813000F098FE5F48D4E90A23E8
:10A8C000853000F092FE5C48D4E90C23893000F01A
:10A8D0008CFE594920787731002288701620F8F7CD
:10A8E00087FA012200211820F8F7A9FA0120F9F7C8
:10A8F0007EF9002828D100214420F7F712FC000639
:10A90000F9D5802200214420F7F729FCA7602078A0
:10A91000401C207056F80D0F206101E01AE013E092
:10A92000716861610C91604902F0D0FD0990F6F701
:10A930002AFD58B118220AA9684602F0DDFC06ACCF
:10A9400094E80F00FFF792FE11B0F0BD06A8F6F7ED
:10A9500076FDF9E711B00021BDE8F040504A4420EF
:10A96000F7F7FDBBF6F7A2FE01F072FD04464FA01B
:10A97000F7F794F901F086FC01F038FC022001F0B1
:10A980002AFC00BFF8F7DFFF0028FBD00020F7F714
:10A99000A2FC401C0BD0092084F86C0004F161007B
:10A9A000F8F76AF838B144A0F7F778F9FEE747A05E
:10A9B000F7F774F9FEE74A48F7F7CAFE44F20104D4
:10A9C0002046F8F70AFA2046F8F70DFA40F2B220CE
:10A9D000F8F796FF4FF49670F9F7E1F90520F9F7CB
:10A9E000F3F90320F9F7C2F8F7F752FE0446002501
:10A9F000F7F74AFE2A1844EB05000F4C0146C4E95C
:10AA0000062038A0F7F74AF94FF4FA7760780A265B
:10AA100068B1FFF7DAFEA068411CA160322800DDB2
:10AA20006570304601F0D7FBF6F7ADFAEEE7FFF7B9
:10AA300058FE3E46F5E70000001300200000594094
:10AA40002044203A2025332E3266206D202020001D
:10AA50002041203A2025332E31662020200000009E
:10AA600000D02724CD1C0020B1EAC7A94944A3BACD
:10AA700025303458BCD3C8EBCDF8C2E7B3C9B9A66A
:10AA80000A000000BCD3C8EBCDF8C2E7B3ACCAB132
:10AA9000BBF2D5DFBDD3CAD5B4EDCEF30A000000BA
:10AAA0000090272460015A030000C842B1EAC7A9F8
:10AAB0002076312E30000000434F4E464947204655
:10AAC00041494C454420202020200000494E495453
:10AAD000204641494C454420202020200000000011
:10AAE0004C140020B1EAC7A9C5E4D6C3B3C9B9A6BE
:10AAF0002025303878253038580A000030B5FF4816
:10AB0000A1B01C468168269D491C8160052091FBEF
:10AB1000F0F200FB1210002829D14021684602F013
:10AB200004FC204602F0F1FF0022F54B02F063FE28
:10AB300002460B46F3A1684603F094FD042102236C
:10AB40006A460846F9F762FE402110A802F0EDFBC4
:10AB5000284602F0DAFF02460B46EEA110A803F0E9
:10AB600081FD022310AA06210420F9F74FFE21B02F
:10AB700030BD2DE9F043DFF8AC830C46054685B0C7
:10AB8000C068414602F0D4FC81462146A86802F024
:10AB900097FCE549E54C884202D9214602F03EFC8B
:10ABA000E349884202DD214602F08AFC02F0ADFF53
:10ABB000E04AE14B02F0ADFD02F0EAFF0646DF4855
:10ABC000006890F8360090B11422DD49684602F022
:10ABD00093FB009801246F46314602F077FC57F84A
:10ABE000241002F01BFC641C052CF5DB0646D5493D
:10ABF000304602F09DFC4FF07E570446B84201DD1E
:10AC00003C4603E0D048844200D904464FF0FF316F
:10AC1000304602F0CBFC494602F055FC0646214680
:10AC200002F054FCC94902F0F9FB414602F04EFC27
:10AC300021462861084602F049FC394602F043FCEF
:10AC400002F063FF05F018FB07460C46304602F0A1
:10AC50005CFF3A46234602F05CFD0022A84B02F05E
:10AC600058FD02F095FF686105B0BDE8F0832DE95D
:10AC7000F047924689460646D14542DA4C4606EBF5
:10AC8000C4005546D0E9007080462CE06D1EAC42F1
:10AC900008DA06EBC5013A46D1E90001434602F065
:10ACA0005FFFF3D3AC4208DA06EBC50006EBC40243
:10ACB000D0E90010C2E90010641CAC4208DA06EBCF
:10ACC000C4013A46D1E90001434602F031FFF3D313
:10ACD000AC4208DA06EBC40106EBC502D1E900017B
:10ACE000C2E900016D1EAC42D1DB06EBC401621E5D
:10ACF000C1E9007849463046FFF7B9FF04F1010980
:10AD0000BAE7BDE8F0872DE9F041BCB00F468046B8
:10AD1000012A6ED889480068B0F84100002868D040
:10AD20005B208B4E02FB00F506EBC50460680A2829
:10AD30000BDB02F00AFE0022864B04F081FC02F0DD
:10AD40006FFE6060012006F83500D8F8000002F0C0
:10AD5000DCFE626804EBC202C2E90201386802F05C
:10AD6000D4FE626804EBC202C2E93E016068401C86
:10AD7000606016F8350000283BD004F1080150222D
:10AD8000684602F0B9FA04F1F801502214A802F062
:10AD9000B3FA04F5F471502228A802F0ADFA0922A2
:10ADA00000216846FFF763FFDDE90A01DDE90823BA
:10ADB00002F008FC4FF0FF34224602F08BFD02F057
:10ADC000E7FEC8F800000922002114A8FFF74FFF92
:10ADD000DDE91E01DDE91C2302F0F4FB224602F04E
:10ADE00079FD02F0D5FE38600922002128A8FFF77E
:10ADF0003EFF3CB0BDE8F08170B550F80A4F4568A1
:10AE00002046294600F027FCB8B33C4942684A6511
:10AE100082688A654088A1F85C0000F0C3FB4E4A56
:10AE2000801841F10001000A40EA0160F8F7DAFEFB
:10AE3000324900224A311420F7F7DAFF01220021BB
:10AE40001620F7F7FCFF0120F8F7D1FE20B1BDE88E
:10AE5000704042A0F6F722BF00214420F7F761F9C5
:10AE60000006F9D54FF4814200214420F7F777F925
:10AE7000BDE87040052001F0AEB92046294600F03B
:10AE800095FC002805D020462946BDE8704001F019
:10AE900071BF70BD2DE9F04F97B000270646ADF8A1
:10AEA00000704089ADF8000000F0F4FB05007DD093
:10AEB00000F078FB114C284AC4E90601801841F1E2
:10AEC0000001000A40EA0160F8F78CFE40F29E2083
:10AED000F8F716FD4FF49670F8F761FF04F16A0178
:10AEE000207888706888A4F87500E068C4F8770056
:10AEF0002069C4F87B000022152035E09013002063
:10AF0000000059402044203A2025332E3366206D1E
:10AF1000202020002041203A2025332E3166202099
:10AF2000200000000000C842000034C30000B44309
:10AF300000003443C28FFDC895C9203F481400204B
:10AF4000740C0108C364AA3C000080BFC3642A3C9F
:10AF5000F81E00200000244068816D03B7A2CBCD0D
:10AF6000CAA7B0DC0A000000F7F742FF0122002167
:10AF70001720F7F764FF0520F8F726FF0320F8F7FE
:10AF800036FE401C12D0DFF8948300214420F7F7EE
:10AF9000C8F810EA080F6060F7D02078401C2070D5
:10AFA000A08840047ED54FF4814200E07BE0002180
:10AFB0004420F7F7D4F814A8F8F702F8002872D064
:10AFC00000214C20F7F7ADF8C0F30901B1F5007F7F
:10AFD00003D800223046F7F75EFF0020B0700A2247
:10AFE000CF49304602F0C5F900285CD100F0C5FA1F
:10AFF000C4E9080100F0D6FAC4E90A0112A906F171
:10B000000A0000F0E4FA13A906F10E0000F0DFFADE
:10B0100010A906F1120000F0DAFAD4F81880A76A35
:10B02000266A139812990190401A02F09FFC8146FB
:10B03000B81B059102F09AFC82468B461099019844
:10B04000081A02F093FC0746A6EB0800019102F0F3
:10B050008DFC00900E4652465B464846059902F02C
:10B06000B1FA3A46019B02F0ADFA3346009A02F07B
:10B07000A9FA0991DDE9002180463346384602F0FD
:10B0800048FB06460F4652465B464846059902F085
:10B0900040FB32463B4602F036FB4246099B02F03B
:10B0A000AAFB01E09EE09AE002F0F2FC02F06BFCE9
:10B0B0009C4A9D4B02F02DFB4FF098529B4BC4E9EC
:10B0C0000C0102F026FB02F063FDE060F8F7EDF9F9
:10B0D00002F017FC6FF00A0102F068FA944902F0DE
:10B0E000F5F9944902F024FA0646282106A802F050
:10B0F0001CF9914F08963946E06802F0E7F98F4E47
:10B1000009903068B0F92F0002F0FBFB014606A859
:10B11000FFF72FFD0AA82A880BA98046FFF7F3FD49
:10B120006888ADF8180060788DF81A00401C6070CF
:10B1300001F046F80790DDE90A0102F0F9F902F0A2
:10B14000E4FC04F01BF900227D4B02F0E2FA4FF020
:10B15000C0427C4B02F04FFB02F01AFD0C90002025
:10B160000D903168BDF83820B1F82F304BB3002373
:10B1700042EAC332ADF83820B1F8311019B30021DA
:10B1800042EA8131ADF83810ADF83C00ADF83A0034
:10B19000ADF83E00F6F7F7F8B8B118224146684618
:10B1A00002F0AAF806AD95E80F0001F05BFE182248
:10B1B0004146684602F0A0F895E80F00FFF79EFCB4
:10B1C00006E00123D4E70121DAE706A8F6F719F92A
:10B1D0000C9820613946099802F0AAF9E06017B08E
:10B1E000BDE8F08F17B00021BDE8F04F564A44206B
:10B1F000F6F7B5BF08B5F6F759FA01F029F9044694
:10B2000001F040F800F0F2FF022000F0E4FF00BF80
:10B21000F8F799FB0028FBD00020F7F75CF8401CFA
:10B220000ED0032084F86E00092084F86C0004F12D
:10B230006100F7F721FC38B144A0F6F72FFDFEE7D7
:10B2400047A0F6F72BFDFEE74A48F7F781FA44F2EC
:10B2500001042046F7F7C1FD2046F7F7C4FD03209F
:10B26000F8F784FC0320F7F7E7F943A0F6F716FD9B
:10B270002B4C2A4D7F3C0020F8F7A6FD0020F8F764
:10B280008EFD0020F8F747FD02E000BFF5F77BFEDA
:10B2900000214420F6F745FF28426060F6D0A088E0
:10B2A000400433D54FF4804200214420F6F757FF85
:10B2B0006846F7F785FE18B300214C20F6F731FFFA
:10B2C000C0F30906B6F5007F04D8314600222E48A7
:10B2D000F7F7E1FD2C4900200A22887010492A481E
:10B2E000473902F046F838B10D490A22213926487B
:10B2F00002F03FF828B10EE031462348FFF77CFD0D
:10B3000009E031462048FFF7C5FD04E00E4A002160
:10B310004420F6F724FFF5F736FEACE700D02724EB
:10B320000F140020FA48CE3B1835B13D19DDB1416C
:10B3300000003443DB0F49400000C842481400209D
:10B3400000806640FB21094000902724434F4E4671
:10B350004947204641494C454420202020200000F8
:10B36000494E4954204641494C4544202020202044
:10B37000000000004C140020BBF9D5BEC5E4D6C3C4
:10B38000B3C9B9A60A000000F81C002038B50C4665
:10B390000021ADF80010410402D4A16A491CA16249
:10B3A000C10302D56168491C6160C10402D5A1686E
:10B3B000491CA160810202D52169491C21618100DB
:10B3C00002D5216A491C2162810404D5410402D4BA
:10B3D0002168491C216010F4081F02D06169491CD2
:10B3E0006161410102D5E168491CE160C00035D5C9
:10B3F000606B0021401C60636846F7F7F5FDBDF8FF
:10B400000000C10502D5A16B491CA163010602D54C
:10B41000E16B491CE163410602D5216C491C2164A2
:10B42000810602D5616C491C6164C10602D5A16C1C
:10B43000491CA164010702D5E16C491CE164410784
:10B4400002D5216D491C2165810702D5616D491C1A
:10B450006165C00702D0A06D401CA06538BD72496F
:10B46000002049780E2909D2DFE801F008080C1500
:10B4700008080F08080712080809802070474FF4D1
:10B48000C07070474FF4607070474FF4B060704701
:10B490004FF4F06070474FF47860704762490020C5
:10B4A0008979002900D1C82070474A780E2A1ED217
:10B4B000DFE802F01D09151B070D180B1D0F1B1DE2
:10B4C0001D12203813E0403811E048380FE0803872
:10B4D0000DE0A0F580700AE0A0F5007007E0A0F58F
:10B4E000806004E0A0F5C06001E0A0F50060097B89
:10B4F0000822891C8A4010444FF69A114843000ADA
:10B50000F8F770BB10B50B460246FFF7C7FF84186B
:10B51000FFF7A5FF197B204400F5FA70072909D22F
:10B52000DFE801F008080804040404000822891C6C
:10B530008A401044BDE81040F8F731BC3A4910B5D4
:10B540000A7B0821921C914001EBD17100EB610252
:10B5500000213648F6F703FEBDE81040F7F767B95B
:10B5600010B500220A60835CD400A3400C68521C12
:10B5700023440B60042AF6DB10BD7CB5002425466D
:10B580006846F7F784FF042069462D0245EA1465F2
:10B5900022020C5C401E144340B20028F5DA20461B
:10B5A00029467CBD7CB5002425466846F7F7BAFFDE
:10B5B000042069462D0245EA146522020C5C401EF7
:10B5C000144340B20028F5DA204629467CBD10B568
:10B5D00000220A60835CD400A3400C68521C234400
:10B5E000D2B20B60042AF5D310BD10B5002142542D
:10B5F000120A42EA0362491C1B0AC9B20429F6D3A3
:10B6000010BD2DE9F04115461E4607460024E20014
:10B610002846314601F05AFE3855641CE4B2042C29
:10B62000F5D3BDE8F0810000581400201C00020092
:10B630006B4800686F307047694900200968B1F8AD
:10B640006F10002900D00120704765481321006861
:10B650006F3001F06ABEF0B5614A0127136800221D
:10B6600013F16F0302EB420404EB0214E618746852
:10B67000B56844404D402C4307D134882CB102EBCF
:10B68000420000EB02101844F0BD521CBA42E9DB44
:10B690000020F0BD30B5524901230A6800216F3205
:10B6A00001EB410404EB011414446588854207D181
:10B6B00024882CB101EB410000EB0110104430BD97
:10B6C000491C9942ECDB002030BD4548012201684D
:10B6D00000206F3100EB400303EB00130B4400F13B
:10B6E00001001B8823B100B29042F3DB00207047B9
:10B6F00080B270472DE9F043164607468C46FFF7A7
:10B70000AAFF04002FD1DFF8D890D9F8000000F18B
:10B710006F08FFF7DAFF05B2002D24DD012D02DDF1
:10B7200021E0761CB6B23046FFF7B4FF0028F8D10E
:10B7300005EB450000EB051101EB080424F8135D4F
:10B7400066806760C4F808C0D9F80010B1F85B10D3
:10B75000A181D9F80010B1F85D10E181D9F800009D
:10B76000B0F85F0020822046BDE8F08310B5FFF7F7
:10B7700091FF002804D0BDE81040132101F0D5BD91
:10B7800010BD10B5FFF767FF002804D0BDE81040DA
:10B79000132101F0CABD10BD124A0020D2E90012E7
:10B7A000114300D0012070470E487047F0B50D4C92
:10B7B0000125D4E9002382EA000683EA01073E431B
:10B7C00002D01A4302D003E0002501E0C4E90001E1
:10B7D0002846F0BD03480021016041607047000029
:10B7E00048140020281400202DE9F0418046FE482E
:10B7F000FE4C50F8311F4568606801F00FFE0746A7
:10B80000294601F00BFE0146384601F091FE216801
:10B8100006460D46404601F053FE314601F056FE05
:10B82000294601F0FBFD054631464FF07E5001F000
:10B8300047FE394601F04AFEC4E900502846BDE8FB
:10B84000F08110B5EAA29AB0136800939288ADF81F
:10B8500004205B228DF806204268CDF8072002887C
:10B86000ADF80B20B1F8C011ADF80D1081788DF84E
:10B870000F10017A8DF8101000216C4600EB410288
:10B8800004EB81035289491C02EB82025200C3F887
:10B890001120C3F832200829F0DB00208DF8520077
:10B8A0008DF854008DF831008DF853008DF8550057
:10B8B000CDF85600CDF85A00CDF85E005B22062187
:10B8C0006846F5F78FFC8DF86200CBA065210088F3
:10B8D000ADF863006846F5F781FC1AB010BDF0B50D
:10B8E0008BB004462821684601F01FFD0022104657
:10B8F000134694464FEA0D0104EB43058F18AE7AC8
:10B90000521C06EB86067600FE70D2B26E898F1846
:10B9100006EB8606C6F3D716FE70521CD2B26D89AE
:10B920008E1805EB8505C5F3CF35521CF570D2B2E4
:10B930008D18521C5B1C85F803C0D2B2082B01DAAB
:10B94000202AD9D3AA228DF8002025228DF80120A3
:10B9500001228DF8022055228DF8242000228B5CD4
:10B96000521C1844C0B2232AF9DB8DF8230025218C
:10B970006846F5F735FC0BB0F0BDA04870472DE9DF
:10B98000F05F07460C4601F59475B1F8D281B1F825
:10B99000CA01B1F8C01197F88520491C4843B4F892
:10B9A000F81197F886600844B4F8101297F88430BC
:10B9B0000844B4F812124FF0000B0844110A1206A2
:10B9C0000E4342EA034246EA134697F8833017F8DB
:10B9D000821F42EA032246EA136642EA010904F59D
:10B9E000E07401F0C3FF01F00DFC10EB09004FEA19
:10B9F000502944F288107141688095F88400AE1C8B
:10BA00002871401C85F884002088A5F80900A5F855
:10BA100007806088A5F805001B20E87201F0FF0A86
:10BA2000D7F8062021884FEA4929A4F5E07459B3D4
:10BA30005FF00000C6F80A0094F8D001B0730B362E
:10BA4000F5F7D5FAB08008EBC80004EB80006C492C
:10BA5000D0F86C0201F03AFD01F0CEFFF080152025
:10BA600025F8680B0122AA7685F81BB0297F491CAE
:10BA700029774FEA19216A7741EA0A61C5E9091B6A
:10BA8000A5F82CB0BDE8F09FB4F8C81108F0FF008D
:10BA9000B2FBF1F301FB1322B4F8C4315843801A0E
:10BAA0004A0852428242C5DD0844C3E770472DE987
:10BAB000F04F0546B0F9000005278FB00C460D2861
:10BAC00006D0152804D06E2802D010214DA006E023
:10BAD0006888A0F58241883904D010214EA0F5F77E
:10BAE00072FB72E1E87A1A2804D01B28F9D01C28CE
:10BAF000F7D13EE0287B84F8D001B5F80900A4F81E
:10BB0000D201D5F88200C4F8D80195F8860084F8EF
:10BB1000DC0121462846FFF732FF04F59475002723
:10BB2000F8F7DEF828880022A91CF7F761F900224F
:10BB300028881146F7F783F9D5F88C0008B1F8F793
:10BB400051F895F88500800707D5D5F89000F7F7EC
:10BB5000D7FEB5F89400F8F722F995F88500F8F7C4
:10BB600046F818B10127102130A0B8E70620206060
:10BB70002BE1B5F80990B4F8D21149457ED195F87A
:10BB80005D10B4F8C001C140C90777D0297B94F893
:10BB9000D0219142F2D1D5F88210C4F8E81195F87D
:10BBA000861084F8EC11D5F80DC0D5F8118005EB9E
:10BBB000C000CDF8348050F815EF09EBC90140689A
:10BBC000059004EB8106D5F85920D5F85510CDE93C
:10BBD0000A12D4E97810D4E976380893D4E97A3295
:10BBE0000B278246C3462BE0880B00203014002030
:10BBF000436D644D3A3400000D0A0000A824002073
:10BC00000000C84272656376206572726F72206DA3
:10BC10007367310A000000007265637620657272F6
:10BC20006F72206D7367320A0000000073656E64E6
:10BC30002072657370206661756C740A00000000E4
:10BC40000693DDF834800598BEEB0C0360EB08002A
:10BC5000C0B2CDE90C30089B06F51476CB1A6AEB1E
:10BC60000B009B46069BC0B2591A62EB0A02099070
:10BC7000D0B28A46DDE90A21079000E0A4E00598E9
:10BC8000B2EB0E0861EB0001C9B205915846099963
:10BC900001F045FE02904046059901F040FE0299F0
:10BCA00001F014FC02905046079901F038FE049010
:10BCB000DDE90C0101F033FE049901F007FC029963
:10BCC00001F0FEFB02905846099901F028FE8346D8
:10BCD0005046079901F023FE594601F09FFB82462A
:10BCE0004046059901F01BFE8046DDE90C0101F09C
:10BCF00016FE414601F092FB0146504601F08EFBD4
:10BD00000146029801F014FC01F05DFE01F0F9FD1E
:10BD100001F0FBFEFC4AFD4B01F0FBFC01F038FF9B
:10BD2000DFF8EC830490D8F83D0001F0EEFE824687
:10BD30008B46D8F8390001F0E8FE8046039104985C
:10BD400001F0E3FE0022F34B01F0E3FC4246039BCB
:10BD500001F0DFFC52465B4601F034FC01F018FFB5
:10BD6000ED4901F0E5FBF061FFF73EFD3062A6F81A
:10BD70000090287BB07000F023FA706095F85D00A9
:10BD80003081102205F15E0106F10A0001F0B4FADB
:10BD9000F5F7F9FA40B121463046FFF752FD21464A
:10BDA0003046FFF79CFD02E03046F5F7EFFAB9F1B7
:10BDB000000F0AD1D949F06901F088FBF5F7FEFCC4
:10BDC000D749F069086000E006270FB03846BDE8A3
:10BDD000F08F70B5D34D05F5947495F8AA0101283C
:10BDE0000BD104F18600F7F752FBD4F88600C5F8B2
:10BDF000E00194F88A0085F8E401012084F88300CA
:10BE000070BDF8B5C74D074695F82401D5F82061F7
:10BE1000801BC043C00720D06846F7F7D1F8C6EBB7
:10BE2000C60000EB800005EB8004083400F0C8F980
:10BE3000C4F8880004F18200F7F774FBF8887F28C3
:10BE400000D37F20208081B20022A01CF7F723F8C6
:10BE50000120B043C5F82001F8BDB3A0F5F71EFFDF
:10BE6000F8BD10B50020F7F79AFFBDE8104000209C
:10BE7000F7F751BF10B50020F7F791FFBDE810406C
:10BE80000020F7F748BF2DE9F041044600F0E0FA42
:10BE9000054607262168002039B1062952D001271E
:10BEA00007295CD008297FD163E0B5F81310A4F806
:10BEB000C211E989A4F8C0116968C4F8C411A9685D
:10BEC000C4F8C811A989A4F8CC110A21A4F8C41196
:10BED000B5F81710A4F8C61101EB81014900A4F8C8
:10BEE000C81184F8D001FF20A4F8D2012888F6F701
:10BEF00074FF6888F6F777FF06210020F7F775FBD7
:10BF0000B5F81300F7F78AFBE889F7F78CFB0020F8
:10BF1000F7F7F6FC0020F7F742FFB5F829000128F3
:10BF200001D0012000E00020F6F77DFBB5F82900E4
:10BF3000012805D05FF00000F6F77EFB266033E0B5
:10BF40000320F9E794F8AB11012906D184F8AB017D
:10BF500094F8AA11012900D12660606024E0002035
:10BF60006760F7F7D8FE0020F7F719FF0820206078
:10BF70001AE094F82001D4F82451401B00F001008D
:10BF8000002810DDC5EBC50000EB800004EB80004D
:10BF900021460830FFF78BFD00B126606D1C05F0CF
:10BFA0000100C4F824016760606848E410B55D4C86
:10BFB000002060602046FFF766FF0028FAD010BD21
:10BFC000FFF7F4FFF4F7DFFFFAE7F0B587B0554D60
:10BFD00000F03EFA06464FF4DA61284601F0A5F972
:10BFE000002406F161072C60B87900907878019000
:10BFF00078790390F8780490F87A10F00B0003D069
:10C00000397B0820891C884002900D20059005F599
:10C01000F871684601F00EF81520059005F50471D9
:10C02000684601F007F86E20059005F50C7168462A
:10C0300001F000F800F0EFF900F024F900F0D6F874
:10C04000022000F0C8F84FF4FA7500BFF7F77BFC48
:10C050000028FBD005E038A0F5F720FE284600F0C8
:10C06000BAF80020F6F737F9401CF4D086F86E4095
:10C0700086F86C4005E035A0F5F710FE284600F084
:10C08000AAF83846F6F7F8FC0028F4D13448F6F759
:10C090005FFB0320F7F76AFD0094AFF22723AFF2AE
:10C0A0003D22AFF2A121AFF2D5200194F7F73AFC7F
:10C0B000012200212B48F7F78CFE07B0F0BD00B538
:10C0C00095B0402104A801F030F9114890F87F00A4
:10C0D000012861D0244800BF01F017FDCDE902011D
:10C0E000224823A2006890F861100091C389402182
:10C0F00004A802F09FFA402803D281B204A8F5F701
:10C1000062F815B000BD47E01329AA153236733F17
:10C11000880B002000408F4000007A440000C84295
:10C1200000000020A8240020CAFDD7E9D2E7B3F61A
:10C1300020B4EDCEF30A0000494E4954204641494F
:10C140004C4544202020202000000000434F4E4654
:10C150004947204641494C454420202020200000EA
:10C160004C14002080D02304008054444814002044
:10C1700049443A256420BDC7C9AB3ABBF9D5BE20B6
:10C18000D0C5B5C03A256420CBD9C2CAA3BA252EE2
:10C1900031664D0D0A00000008489DE710B5FFF715
:10C1A00014FFBDE8104000F041B9F5F77FFAFFF742
:10C1B000F5FFFFF784FFFFF703FF00009A99D940CE
:10C1C0009E48006870479D490A6810440A68121A20
:10C1D000002AFBDD7047F6E700EB400081000020FD
:10C1E00001E000BF401C8842FBD37047F8B5012432
:10C1F000ADF8004010208DF80300914E03258DF816
:10C20000025069463046FBF7B4FB01213046FBF78C
:10C2100020FCADF8004000208DF803008DF802509E
:10C2200069463046FBF7A5FB0220FFF7CCFFF8BDBF
:10C2300030B5844D044685B02846FBF785FF0021C4
:10C24000ADF800104FF48270ADF80200ADF80810A0
:10C250006815ADF80A00ADF80410ADF80C400720E1
:10C26000ADF80610ADF80E10ADF81000694628467E
:10C27000FBF78EFF01212846FCF707F805B030BD1B
:10C280002020D5E70020D3E710B56D4C10212046C3
:10C29000FBF7DFFB0120FFF796FF10212046FBF79D
:10C2A000D6FBBDE8104007208DE78CE766490246C3
:10C2B00000200968114200D0012070477FB5012598
:10C2C00000245F4A0826ADF8085030B304208DF8EA
:10C2D0000B0002A91046FBF74CFB00210846FBF7B8
:10C2E00000FC8DF804408DF8056000958DF806502F
:10C2F0006846FBF743F84FF44070FAF7F5FE062066
:10C300008DF80C000F208DF80D008DF80E408DF883
:10C310000F5003A8FAF7EDFE7FBD8DF80B40032008
:10C320008DF80A0002A91046FBF723FB8DF80440A4
:10C330008DF8056000958DF806406846FBF71EF8FD
:10C340007FBD2DE9F041984615460F46064600246C
:10C35000F8F7D6F802463A481023143003603948FB
:10C3600006E0395D81810189C907FCD08189641C9F
:10C37000B442F6DB002107E018F80140848104890B
:10C38000E407FCD08489491CA942F5D32C4810301D
:10C3900003601046F8F7C5F80020BDE8F0812DE9EC
:10C3A000F0411D461646884607460024F8F7A8F8CF
:10C3B00002462348102314300360224809E000BFDE
:10C3C00018F8041081810189C907FCD0818929707E
:10C3D000641CBC42F4DB00210C4606E08481078922
:10C3E000FF07FCD087896F54491CB142F6D314482B
:10C3F000103003601046F8F794F80020CDE710B530
:10C40000124C01E0F7F7A8FA20212046FBF70BFBBE
:10C410000028F7D110BD4FF0E0214FF40000C1F823
:10C420008001BFF34F8FBFF36F8F70474FF0E02154
:10C430004FF40000C1F800017047000044140020D0
:10C44000000801400030014000040140000C0140A0
:10C450000E480068704738B50C490D48A0F1180423
:10C460000860B4F85B000090B4F8593034F9472FF5
:10C470000848B4F90210F5F711FCB4F84220B4F8FA
:10C480004010BDE8384004A0F5F708BC481400206F
:10C49000A00B002040120108736C6F743A25642CC5
:10C4A000616464723A253034580A0000FE487047CF
:10C4B0002DE9F041044690F8D101401E40B284F8C5
:10C4C000D101002805DA002901D003202060BDE851
:10C4D000F081D4E97856B4F8CA11C0F10800484395
:10C4E00001F033FA00F08EFE401941EB0607450AD1
:10C4F000B4F86A026D02963001F038FA00F0A2FE3C
:10C5000001F0ADFA86B2280A40EA0760F7F76AFB45
:10C510003046F7F744FC0120F7F7FDFB0820D5E78C
:10C5200070B504460025F7F7DBFB20880022A11C2C
:10C53000F6F75EFC002220881146F6F780FCD4F85E
:10C540008C0008B1F7F74EFB94F88500800707D5FB
:10C55000D4F89000F7F7D4F9B4F89400F7F71FFC7B
:10C56000D4F88C0000B1012094F885100843F7F747
:10C570003EFB00B10125284670BD70B5CA4C04F5DC
:10C58000947504F5D770F6F782FF95F8820088B9A4
:10C59000082084F8D101002084F8D201D5F8860063
:10C5A000C4F8E00195F88A0084F8E40100212046EF
:10C5B000FFF77EFF012085F8830070BDF8B5BA4D06
:10C5C000074695F82401D5F82061801BC043C007B9
:10C5D00027D06846F6F7F4FCC6EBC60000EB8000F7
:10C5E00005EB80040834FFF7EBFDC4F8880004F184
:10C5F0008200F6F797FFF8887F2800D37F202080FD
:10C6000081B20022A01CF6F746FC0120B043C5F819
:10C61000200195F8AA01002803D100212846FFF740
:10C6200047FFF8BDA04890F8AA11002901D10121C7
:10C630003EE77047F6E730B504469CA09BB0016822
:10C6400000918088ADF804005B208DF80600FFF7AC
:10C65000B7FDCDF80700B4F8C0010021ADF80B001C
:10C66000ADF80D1094F8D0018DF80F0094F8D201B8
:10C670008DF810000A466D4604EB4200B0F88601C2
:10C6800000EB8000430005EB8200521CC0F8113023
:10C69000C0F83230082AEFDB8DF852108DF85410B4
:10C6A0008DF831108DF853108DF85510CDF85610C7
:10C6B000CDF85A10CDF85E105B2206216846F4F7DB
:10C6C00091FD8DF862007BA065210088ADF86300C4
:10C6D0006846F4F783FD65216846F4F77FFD1BB0DB
:10C6E00030BDF0B58BB004462821684600F01DFE31
:10C6F00000221046134694464FEA0D0104EB430511
:10C700008F1895F88661521C06EB86067600FE703F
:10C71000D2B2B5F886618F1806EB8606C6F3D71637
:10C72000FE70521CD2B2B5F886518E1805EB850505
:10C73000C5F3CF35521CF570D2B28D18521C5B1C5C
:10C7400085F803C0D2B2082B01DA202AD6D3AA2258
:10C750008DF8002025228DF8012001228DF802207D
:10C7600055228DF8242000228B5C521C1844C0B244
:10C77000232AF9DB8DF8230025216846F4F730FDE4
:10C780000BB0F0BD2DE9F0470446FFF761FE2168CC
:10C790000646052700254FF0060904F594704FF072
:10C7A00001080A294ED2DFE801F0055E4D934DECF9
:10C7B000B84DF450B6F81300A4F8C201F089A4F8FB
:10C7C000C0017068C4F8C401B068C4F8C801B08979
:10C7D000A4F8CC010A20A4F8C401B6F81700A4F804
:10C7E000C60100EB80004000A4F8C80184F8D051D5
:10C7F00084F8D15184F8D251C4F8D4513088F6F776
:10C80000ECFA7088F6F7EFFA06210020F6F7EDFE55
:10C81000B6F81300F6F702FFF089F6F704FFB6F852
:10C820002900012801D0012000E00020F5F7FBFEDF
:10C83000B6F82900012806D05FF00000F5F7FCFEED
:10C84000C4F80080BDE00320F8E794F831020A281C
:10C8500002D0C4F80480B4E084F8315284F8305235
:10C86000C4E90085ADE0811C44F2881221F8012B57
:10C8700090F884204A70B4F8C021CA804FF6FF7245
:10C880008A80B4F8C2214A801A220A7294F8D02110
:10C89000521C84F8D0214A720D2120F8681B85763D
:10C8A000C576017F491C07E0782B0020436D644D5D
:10C8B0003A3400000D0A0000017745774562856231
:10C8C00085856838FFF72CFE20B3FEA027600CE0BA
:10C8D00094F8D21161B10546214600F05BF9284673
:10C8E000FFF71EFEB0B1FBA02760F5F7D7F968E0AF
:10C8F0004FF0E0264FF400052760C6F8805106F59A
:10C90000C076BFF34F8FBFF36F8FF7F7E9F946F8A3
:10C91000805C56E0C4F8009053E094F8AB01012825
:10C920002DD184F8AB5194F8AA01082610B1022841
:10C9300025D101E0266022E02760F4F724FD30B124
:10C940002046FFF778FE2046FFF7CBFE0EE0E549D4
:10C95000002000BF04EB4002B2F8862121F810202D
:10C96000401C0828F6DBDF48F4F72EFD84F8D1617F
:10C9700084F8D251102104F5C37000F0D6FC656034
:10C980001FE0092020600220606084F8308218E0F7
:10C99000FFE794F82001D4F82451401B00F0010077
:10C9A00000280EDDC5EBC50000EB800004EB800025
:10C9B0002146083000F044F96D1C05F00100C4F870
:10C9C00024016068BDE8F08770B5C74C002565603C
:10C9D0002046FFF7D7FE0028FAD0022814D094F89A
:10C9E000320201280FD100BFFFF7EAFBD4F838125A
:10C9F000884208D384F832520A2084F83102FFF7C3
:10CA0000DFFBC4F83C0270BDFFF722FDB4F8C8118B
:10CA1000D4F8D4010844C4F83402D4F83C120844D1
:10CA2000C4F83802012084F83202C4F8D451DBE79C
:10CA3000FFF7CAFFF4F7A7FAFAE7F0B587B0AA4CF8
:10CA4000FFF706FD06464FF42871204600F06DFC06
:10CA5000002506F161072560B8790090787801908B
:10CA600078790390F8780490F87A10F00B0003D0EE
:10CA7000397B0820891C884002900D20059004F520
:10CA80001071684600F0D6FA1520059004F518716B
:10CA9000684600F0CFFA6E20059004F520716846D4
:10CAA00000F0C8FAFFF7B7FCFFF7ECFBFFF79EFBBF
:10CAB0000220FFF790FB4FF4FA7400BFF6F743FF34
:10CAC0000028FBD005E089A0F5F7E8F82046FFF73D
:10CAD00082FB0020F5F7FFFB401CF4D086F86C5079
:10CAE00005E087A0F5F7DAF82046FFF774FB384633
:10CAF000F5F7C2FF0028F4D18648F5F729FE032098
:10CB0000F7F734F80095AFF2D343AFF2E742AFF254
:10CB10005351AFF299500195F6F704FF012200211D
:10CB20007D48F7F756F907B0F0BD00B595B0402144
:10CB300004A800F0FAFB794890F87F00012818D08B
:10CB4000774800BF00F0E1FFCDE90201754876A209
:10CB5000006890F861100091C389402104A801F099
:10CB600069FD402803D281B204A8F4F72CFB15B06C
:10CB700000BD7748E6E710B5FFF75FFFBDE810405E
:10CB8000FFF754BCF4F792FDFFF7F5FFFFF7CDFF79
:10CB9000FFF74EFF2DE9F0410D460446D5E97878C0
:10CBA000B1F8CC0101F5E07500F0E0FE00F02AFBE1
:10CBB000C01941EB08064FEA5028A71C44F2881020
:10CBC00027F8020B94F8840007F8010B2888B88036
:10CBD0004FF6FF707880688838801C20B871287CF8
:10CBE000F871D5E90801B860F9604FEA4828A889CA
:10CBF000683400F0BBFE00F005FB4A4A1268538817
:10CC00000022C018D5E9083C5141C01841EB0C0185
:10CC100038657965A87C87F858006E2024F8680C80
:10CC20000220A076E276207F401C207701206077EA
:10CC30004FEA182040EA0660C4E90902A28546E4EA
:10CC4000F0B5C27A1B2A3BD10288152A38D1B0F838
:10CC50000730B1F8C041821CA3427FD1937B91F889
:10CC6000D041A3427AD1B2F8075001F5947405F08F
:10CC700007033DB9D2F80A50C1F8D451B2F80F50A9
:10CC8000A1F8D85191F8D25101269E40354381F840
:10CC9000D25101EBC30600F1800550F8827FC6F83F
:10CCA000E871007986F8EC01A41C04EBC300D5F808
:10CCB0000260C0F81360AD79C575B2F8110049E0A3
:10CCC0004CE00000B7A2CBCD706F6C6CCAA7B0DC93
:10CCD0000A000000B7A2CBCD66696E616CCAA7B02E
:10CCE000DC0A000048160020782B0020494E4954E9
:10CCF000204641494C4544202020202000000000CF
:10CD0000434F4E464947204641494C454420202048
:10CD1000202000004C14002080D02304880B002029
:10CD2000008054444814002049443A256420BDC77B
:10CD3000C9AB3AB1EAC7A920D0C5B5C03A2564202D
:10CD4000CBD9C2CAA3BA252E31664D0D0A00000008
:10CD50009A99D94004EB4302A2F85C0091F9D10101
:10CD6000401C05D191F8AA01002801D103200860D8
:10CD7000F0BD0000F0B5A9B005460E46A0216846FA
:10CD800000F0D3FA45F65A2280A1684601F06AFC09
:10CD90000746684600F0E6FA6C4620442B463246C9
:10CDA0007CA101F05FFC684600F0DCFAC21B7FA1A9
:10CDB000A01C01F057FC7B20E055684600F0D2FA39
:10CDC00020447CA101F04EFC684600F0CBFA81B211
:10CDD0006846F4F7F8F929B0F0BD70B5AEB02A2274
:10CDE000DDE936568DF814201B228DF81520020C33
:10CDF00034998DF81620ADF817001C46084600F04F
:10CE0000E2FDCDF81900204600F0DDFDCDF81D0053
:10CE1000ADF821500020CDF82300CDF82700280CD4
:10CE2000ADF82B00ADF82D60300CADF82F002320AD
:10CE30008DF832000DA804900F2209A9684600F071
:10CE40005BFA0DF1140C9CE80F00F4F720FA04468D
:10CE5000C1B20DA8F4F7C2F9E1B20DA8F4F7C0F918
:10CE60002EB070BD0FB44FF480712DE9F043C7B000
:10CE700006A800F05AFA50480068B0F8430080B1A4
:10CE8000012809D1182252A9684600F035FA4EACA3
:10CE900094E80F00FFF7A1FF47B0BDE8F0035DF88D
:10CEA00014FB45F65A2239A106A801F0DBFB054622
:10CEB00006A800F057FA06AC204440A101F0D2FBCE
:10CEC00006A800F04FFA4F99009120449DF83A319E
:10CED000BDF838213CA101F0C5FB539800F073FD6B
:10CEE0008146529800F06FFD8046509800F06BFD2F
:10CEF0000746519800F067FD064606A800F032FA92
:10CF000020443B46324638A1CDE9008901F0AAFB16
:10CF1000559800F058FD064606A800F023FABDF922
:10CF20005A11BDF95E31BDF95C218DE80E00204437
:10CF3000BDF85831324635A101F094FB06A800F047
:10CF400011FA20443AA101F08DFB06A800F00AFA7C
:10CF5000421B16A1A01C01F085FB7B20605506A892
:10CF600000F000FA204413A101F07CFB06A800F0B9
:10CF7000F9F9C1B206A8F4F731F906A800F0F2F900
:10CF8000C1B206A8F4F72CF986E700004A53253011
:10CF9000345800007B224E6577546167223A22257F
:10CFA00030386C582530386C58227D002530345884
:10CFB000000000000D0A0000481400207B22545796
:10CFC00052223A20000000007B22613136223A22B0
:10CFD00025303458222C2252223A25642C22542205
:10CFE0003A25642C000000002244223A25642C22B9
:10CFF00050223A25642C2258636D223A25642C2253
:10D0000059636D223A25642C00000000224F223A19
:10D0100025642C2256223A25642C2258223A256473
:10D020002C2259223A25642C225A223A25647D006A
:10D030007D0000002DE9F04706460C464FF0000841
:10D04000406900F082FC032200F044FC0F460546D4
:10D050000022604B00F0CFFB00F09AFD02F0B4FA22
:10D0600000F053FD00225C4B00F053FB0B460246E0
:10D070002846394600F0A6FA00F08AFD574F31687D
:10D0800011B101294BD101E0554900E0554900F0AB
:10D090001DFA8146F06802280DD00820824670688B
:10D0A0000E283CD2DFE800F03B1D11093B1A0F3B74
:10D0B0003B170C3B3B141020F0E74FF08B4512E080
:10D0C0004FF08A450FE0484D0DE04FF089450AE0EA
:10D0D0004FF0884507E04FF0874504E04FF0864564
:10D0E00001E04FF08545B06800280DDD00F009FC37
:10D0F00000F00BFD3D4A3E4B00F00BFB012200F01F
:10D10000E9FB00F045FD80463069092809DA504600
:10D1100000F0F7FB294600F081F936490AE0AFF349
:10D120000080192809DA504600F0EBFB294600F090
:10D1300075F9314900F0CAF90546284600F05CFC53
:10D140002080404600F058FC60802C4E2C4800F0B7
:10D1500053FCA0803146484600F0EAF900F04CFC50
:10D16000E0803946484600F059F9314600F0E0F9D0
:10D1700000F042FC80B2208100F0CCFB0646414624
:10D18000284600F04BF9314600F048F900F034FC35
:10D1900080B2608100F0EAFB00F054F800F05FFC20
:10D1A000A081608900F0E2FB00F02CF8C4E90401E2
:10D1B000227C2276020A42EA01626276020C42EA8C
:10D1C0000142000EA27640EA0120E076207D207721
:10D1D000BDE8F08700A0744000004840E144A84644
:10D1E0007B348044C33500430000C0440D71AC8BD8
:10D1F000DB68E03FEA5B7E3FB341823F00007A4458
:10D20000B94EAC4110B52C4A2C4B00F0F4FA002278
:10D210002B4B00F0F0FABDE8104000F05EBC10B5FA
:10D2200000F0C5FBBDE81040234A244B00F071BA62
:10D2300010B5214A214B00F0DEFA00F04EFC01F05F
:10D240000F0110BD1F4A204B00F0D5BA417919B12A
:10D25000012901D0022901D0092100E011214278E1
:10D260000E2A16D2DFE802F015070C1515070C156B
:10D2700015070C151507130940229A40114406E0C2
:10D2800013094FF400729A40114401F5007109B27C
:10D2900001E001F580518078012807D0022807D0ED
:10D2A000032801D0083904E0091F02E0103900E02A
:10D2B000203908B270470000FA48CE3B1835B13D1E
:10D2C00080842E410D71AC8BDB68F03F202A04DB9B
:10D2D000203A21FA02F00021704721FA02F3D040EF
:10D2E000C2F120029140084319467047A0F1610144
:10D2F000192900D82038704740EA01039B0703D062
:10D3000009E008C9121F08C0042AFAD203E011F884
:10D31000013B00F8013B521EF9D27047D2B201E046
:10D3200000F8012B491EFBD270470022F6E710B52A
:10D3300013460A4604461946FFF7F0FF204610BD83
:10D3400030B505462A460B4612F8010B13F8014B7F
:10D3500008B1A042F8D01CB1002802D06D1CF1E742
:10D36000284630BD421C10F8011B0029FBD1801A51
:10D37000704730B504460020034600E05B1C934232
:10D3800003D2E05CCD5C401BF8D030BD2DE9F05FEE
:10D3900093460F4680460446002601F0A1F9D0F8D6
:10D3A0000090824614F8015B2DB100F07FFC00680C
:10D3B000405DC007F6D12B2D02D02D2D1AD0641E52
:10D3C0000021CAF800105A463946204600F07BFC7E
:10D3D000014627B13868A04201D1C7F80080DAF8C9
:10D3E0000000022809D0CAF80090700505D548420F
:10D3F000BDE8F09F46F48066E2E70846F8E700F0F3
:10D4000037BD70B5064601F06BF9046805460A227F
:10D410000021304600F0F4FC2C6070BDF0B480EACE
:10D420000102D40F4200B2EB410F02D2024608467D
:10D4300011464A0042D0C30DDDB2C1F3C752AD1A46
:10D44000202D35DAC1F3160141F4000204B1524235
:10D45000C5F1200602FA06F12A411044B3EBD05F71
:10D4600023D0C4B1012DA0EBC35009DCF0BC4FF0B8
:10D47000004202EAC352DBB200F5000000F03FBDFB
:10D48000400000F1807000EBC350A0F1807040EAD2
:10D49000D170490009E0490841EAC071A0EBC350CE
:10D4A00000F50000400800EBC350F0BC00F01EBDCA
:10D4B0006142012202EB4101001BF6E7F0BC70471C
:10D4C00081F00041AAE780F00040A7E780EA01026E
:10D4D00010B502F00043400022D04A001FD0010ED8
:10D4E00001EB1261C0F35600C2F3560240F4000093
:10D4F00042F40002A0FB022000047F39140400D093
:10D50000401C50EA124001D44000491EC2B20C0631
:10D5100004EBD010401C4008802A02D003E0002019
:10D5200010BD20F00100002900DA0020184310BDD2
:10D5300030B480EA010202F0004530F0004221F0F0
:10D54000004013D090B1C30DD40DC2F31601C0F347
:10D550001600E41A41F4000140F400027D349142C7
:10D5600001D3641C00E04900002C02DA30BC00202A
:10D5700070474FF400000023914201D3891A0343FE
:10D5800040084FEA4101F7D151B1914202D14FF029
:10D59000004105E002D24FF0010101E06FF001010E
:10D5A00003EBC450284430BC00F0A0BC420005D0BE
:10D5B000C0F3C7525242914201DC0020704700EB99
:10D5C000C15070472DE9FE4F804681EA0300C00F2D
:10D5D0000C46009021F0004123F00045B8EB02001A
:10D5E000A94105D24046214690461C460B460246BC
:10D5F00023F00040104347D0270DC7F30A00C3F3C0
:10D600000A510290401A019040286BDAC3F31300CC
:10D6100040F4801B0098924620B10023D2EB030A0D
:10D6200063EB0B0B01985946C0F14002504600F0E5
:10D630001CFB06460D4650465946019A00F024FB55
:10D6400010EB08006141002487EA115284EAE77375
:10D650001A4340D0009A62B3019A012A4FEA075256
:10D6600015DC001B61EB02014FF0004202EA075299
:10D67000CDE90042001C41F5801132462B4600F0F6
:10D680007BFC03B0BDE8F08F40462146F9E7001B64
:10D6900061EB0201001C41F5801300185B4120186A
:10D6A000A2F5001747EB030140EAD570B6196D41AA
:10D6B00011E06D084FEA360645EAC0754FEA075299
:10D6C000001B61EB0201001C41F5801149084FEA83
:10D6D00030000019514132462B4603B0BDE8F04FEF
:10D6E00000F03BBC0098012240000023D0EB020276
:10D6F00063EBE073009821464FEAE074B8EB00005A
:10D7000061EB0401E9E783F000435BE781F000414E
:10D7100058E72DE9FE4F81EA030404F0004421F0AC
:10D72000004100944FF0000B23F0004350EA010445
:10D730005ED052EA03045BD0C3F30A54C1F30A5526
:10D740002C44A4F2F3340194A0FB0254C1F313015E
:10D7500041F48011C3F3130343F4801301FB02442B
:10D7600000FB034E840A970A44EA815447EA835730
:10D77000A4FB076802958D0A05FB07854FEA932CE9
:10D7800004FB0C542705029D4FEA065847EA16375A
:10D79000B5EB08056EEB070C870E920E47EA811772
:10D7A00042EA8312A7FB0201B6EB0B0164EB000413
:10D7B0002B0D43EA0C335E1844EB1C50DA465146FD
:10D7C000E7FB0201C5F313044FEA0B3343EA14539A
:10D7D0004FEA0432019C43EA0603A4F10C040294CC
:10D7E000009CCDE900B400F0C7FB03B0BDE8F08FAA
:10D7F00000200146F9E72DE9F04D81EA030404F029
:10D80000004B21F0004514464FF0000A23F0004180
:10D8100050EA050220D054EA01021DD0C5F30A5790
:10D820000246C5F31303C1F31300C1F30A5640F4D3
:10D83000801543F48013A7EB0608101BD64608F2A8
:10D84000FD3873EB050002D308F1010801E09218DE
:10D850005B41B8F1000F03DA00200146BDE8F08D0E
:10D8600000204FF48011064684460EE0171B73EB30
:10D87000050705D3121B63EB050306434CEA010CB5
:10D8800049084FEA300092185B4150EA0107EDD198
:10D8900052EA030012D082EA040083EA0501084339
:10D8A00005D0101BAB4106D20122002306E0002266
:10D8B0004FF0004302E06FF0010253101AEB060034
:10D8C0004CEB085110EB0A0041EB0B01BDE8F04DA9
:10D8D00000F043BB70B521F0004303430CD0C1F30B
:10D8E0000A550024D5EB040564EB0403D617AD1AE2
:10D8F000B34102DB0020014670BD201841EB02510C
:10D9000070BDC10F80EAE0700844CA079623002169
:10D9100000F0F5BA96230022114600F0F0BAF0B4F8
:10D92000CA17CB0F50405140C61841F100054FEACD
:10D93000C372314628004FF0960303D0B623F0BCE3
:10D9400000F0DDBA30460021F9E70EB5C10F80EADC
:10D95000E0700844CA07002140F233438DE80E000E
:10D960000A460B4600F008FB03B000BD0EB540F2BE
:10D97000334102910021CDE900110A460B4600F027
:10D98000FBFA03B000BD3EB5CA17CB0F00245040D0
:10D990005140C0186141DA0740F233430094CDE9A9
:10D9A00001232246234600F0E7FA03B030BD0EB54E
:10D9B00040F2334202920022CDE90022134600F0E9
:10D9C000DBFA03B000BD00F0004220F00040C10DC2
:10D9D000C0F3160040F400007F2901DA00207047F0
:10D9E000962903DCC1F19601C84001E096398840D0
:10D9F000002AF4D04042704720F00040C10DC0F32F
:10DA0000160040F400007F2901DA002070479629B3
:10DA100003DCC1F19601C8407047963988407047D1
:10DA200070B5C1F30A5201F000450024C1F313019F
:10DA300040F2FF3341F480119A4201DA002070BDB8
:10DA400040F233439A42A2F2334203DC5242FFF7E0
:10DA50003DFC00E090402C43F1D0404270BDC1F34A
:10DA60000A5210B5C1F3130140F2FF3341F48011A3
:10DA70009A4201DA002010BD40F233439A42A2F2EA
:10DA8000334203DC5242FFF721FC10BD904010BD31
:10DA900070B5C1F30A5201F000450024C1F313012F
:10DAA00040F2FF3341F480119A4202DA002001462D
:10DAB00070BD40F233439A42A2F2334203DC524239
:10DAC000FFF704FC01E000F0D0F82C43F0D0002375
:10DAD000D0EB030063EB010170BDC1F30A52C1F347
:10DAE000130140F2FF3341F480119A4202DA002020
:10DAF0000146704740F233439A42A2F2334202DCBD
:10DB00005242FFF7E3BB00F0B0B800F0004230F043
:10DB100000400AD0C10D01F56071C0F3160042EA61
:10DB20000151C20840071143704700200146704769
:10DB300030B5041E71F1000404DB4FF00044404294
:10DB400064EB0101141E73F1000405DB1C464FF069
:10DB50000043524263EB04038B4208BF824230BD54
:10DB600030B5041E71F1000404DB4FF00044404264
:10DB700064EB0101141E73F1000405DB1C464FF039
:10DB80000043524263EB0403994208BF904230BD08
:10DB900001F0004330B421F0004150EA010206D008
:10DBA0000A0DA2F56072C1F31301002A02DC30BC39
:10DBB00000207047440F44EAC104C100E01830BCA3
:10DBC00000EBC25000F092B9002801DBC0F1004028
:10DBD000002901DBC1F100418842704730B50B4696
:10DBE000014600202022012409E021FA02F59D428D
:10DBF00005D303FA02F5491B04FA02F52844151E61
:10DC0000A2F10102F1DC30BD2DE9F05F05460020F4
:10DC100092469B4688460646814640241BE028469D
:10DC2000414647462246FFF751FB53465A46C01A23
:10DC3000914110D311461846224600F016F82D1ACD
:10DC400067EB01084F4622460120002100F00DF845
:10DC500017EB00094E41201EA4F10104DFDC484609
:10DC600031462A464346BDE8F09F202A04DB203A8D
:10DC700000FA02F1002070479140C2F1200320FA1F
:10DC800003F3194390407047202A06DBCB17203A54
:10DC900041FA02F043EAE07306E041FA02F3D040B1
:10DCA000C2F120029140084319467047004870476E
:10DCB000C40E010810B50446FFF7F8FF0068005DC8
:10DCC00000F0010010BD2DE9F05F824600780027CA
:10DCD00015468B460AF10104B946302801D09DB1A2
:10DCE00013E014F8010B0127782803D0582801D03D
:10DCF00045B10AE00DB1102D07D10027102514F809
:10DD0000010B02E0082500E00A250026B0460EE0DF
:10DD100005FB080005FB06F1012701EB10461FFA81
:10DD200080F8B6F5803F00D3B94614F8010B2946B8
:10DD300000F016FA0028EBDABBF1000F05D00FB1A6
:10DD4000641E00E05446CBF80040B9F1000F06D045
:10DD500000F0C6FC02210160C81EBDE8F09F48EA41
:10DD60000640FAE70FB4002300B589B00CA9009172
:10DD70000B996FF00042CB601E4B06931E4B07932E
:10DD80000423CDE901321D4A089202466B46002069
:10DD900000F088FA09B05DF814FB70B586B006464D
:10DDA0004FF0FF300091CDE90101002015460C46EF
:10DDB00004903246694604A8FFF7D4FF024604984F
:10DDC000211825B108B1084600E0204628600498D3
:10DDD00000280DD0002A02DD0098884208D0081BD8
:10DDE0000094CDE901043246694604A8FFF7BAFF62
:10DDF00006B070BDDDE40008FBE40008B5DC0008F7
:10DE00002DE9F04791460F4680460446002614F857
:10DE1000015B2DB1FFF74AFF0068405DC007F6D1F6
:10DE20002B2D02D02D2D18D0641E4A46394620468F
:10DE3000FFF749FF27B13968A14201D1C7F8008037
:10DE400071054FF002040BD54042002803DD00F0BD
:10DE500047FC0460A007BDE8F08746F48066E4E76D
:10DE60000028F8DA00F03CFC04606FF00040F2E7B4
:10DE70002DE9F05F93460F4680460446002600F0E9
:10DE80002FFCD0F80090824614F8015B2DB1FFF70B
:10DE90000DFF0068405DC007F6D12B2D02D02D2D5F
:10DEA0001FD0641E0021CAF800105A463946204689
:10DEB00000F034FB024627B13868A04201D1C7F810
:10DEC0000080DAF8000002280ED0CAF80090700531
:10DED0000AD500200346D2EB000063EB0101BDE848
:10DEE000F09F46F48066DDE71046F8E70029A8BFFA
:10DEF0007047401C490008BF20F00100704710B473
:10DF0000B0FA80FC00FA0CF050EA010404BF10BC27
:10DF1000704749B1CCF1200421FA04F411FA0CF154
:10DF200018BF012121430843A3EB0C01CB1D4FEA8D
:10DF300000614FEA102042BF002010BC704700EB88
:10DF4000C35010440029A4BF10BC7047401C4900B6
:10DF500008BF20F0010010BC704710B5141E73F10B
:10DF6000000408DA401C41F1000192185B411A4399
:10DF700001D120F0010010BD2DE9F04D92469B46E5
:10DF800011B1B1FA81F202E0B0FA80F2203290468B
:10DF9000FFF76BFE04460F4640EA0A0041EA0B0118
:10DFA00053465A46084313D0114653EA010019D08C
:10DFB000C8F140025046FFF789F905460E46504623
:10DFC00059464246FFF751FE084305D0012004E0C0
:10DFD00020463946BDE8F08D0020054346EAE0764C
:10DFE0002C4337430A986305E40AA0EB080000229B
:10DFF000FD0A44EA47540A3002D500200146E9E709
:10E00000010510196941DDE9084500196941BDE8BC
:10E01000F04DA2E72DE9F04D00231A461B1A8A4164
:10E0200003DB00200146BDE8F08DC1F30A52C1F3C5
:10E03000130141F480154FF0000BD10702D10018F5
:10E040006D41521E0027044640F2FF11384601EB95
:10E05000620A3E468046024600204FF48011FFF7D8
:10E0600035F9C2197141BB1846EB0100B4EB030C42
:10E0700075EB000C04D3E41A65EB000517460E4659
:10E08000241908F101006D4180463428E3DDF919B7
:10E0900046EB0600091BA84103D24FF0FF3213469E
:10E0A00001E0002213461BEB070046EB0A51BDE8D6
:10E0B000F04DFFF752BF2DE9FE4FC3F30A5701F0B1
:10E0C00000450024C1F30A56C3F31303C1F313013F
:10E0D00043F4801312EB020AA64641F48011009526
:10E0E00043EB030CA7F1010B16E0B0EB0A0061EB68
:10E0F0000C01071E71F1000707DA4FF00008D0EBA2
:10E10000080085F0004568EB0101171A73EB010761
:10E11000EBD3761E001849415E45F6DA50EA01025B
:10E1200009D0CDE900E5002213460296FFF724FF4F
:10E1300003B0BDE8F08F20460099F9E7064C074D83
:10E1400006E0E06840F0010394E8070098471034C7
:10E15000AC42F6D3F1F7CEFF84120108A4120108F5
:10E160003A2800D2303820F02002412A01D3A2F10F
:10E170003700884201D34FF0FF3070472DE9FF4F41
:10E18000087883B09946FF2805D0491C2D2804D073
:10E190000024002008E000200BE00124F9E700EB58
:10E1A000800003EB4000491C0B78FF2BF7D104B132
:10E1B000404200230293147819461D462D2C01D0AD
:10E1C0002B2C04D1521C2D2C13D000240294AA46CF
:10E1D0001478FF2C0FD00A25A3FB057801FB0581DD
:10E1E0004FF0000C03FB0C11521CE3194AEB010128
:10E1F000EEE70124EAE7814453EA010002D019F571
:10E20000C87F06DA03980021C0E9001107B0BDE815
:10E21000F08F0025AE4E2F46DFF8B8821846FFF784
:10E22000C6FBCDE90001B9F1000002DAC9F1000432
:10E2300000E004460023A74A1AEB030B42EB045A02
:10E2400012E0E00707D02A46334638464146FFF73A
:10E2500060FA074688462A46334610461946FFF7B5
:10E2600058FA05460E466410002CEAD1DDE900019B
:10E27000B9F1000F5A46534606DAFFF7BCFA3A46A0
:10E280004346FFF7B8FA05E0FFF743FA3A4643463C
:10E29000FFF73FFA029A0AB181F00041039AC2E9FE
:10E2A0000001B3E72DE9FF4F1F468DB0D7E90146C6
:10E2B0004FF0FF382E2045464FF000090B90B9690A
:10E2C0006D1C0E988847396A824688470028F6D127
:10E2D000BAF1FF3F0AD024F4D064002E11DDBAF168
:10E2E0002B0F08D0BAF12D0F0BD102E0404611B030
:10E2F0008DE744F48064B9696D1C0E9888478246A6
:10E30000761E6946600501D52D2000E02B208DF892
:10E31000000001F1010B0DF1200809E0B9696D1C45
:10E320000E98884782460F9844F40074761E056064
:10E33000002E02DDBAF1300FF0D00B998A453ED1A4
:10E3400044F0800406E00F99681CA9F1010944F427
:10E3500000740860B9696D1C761E0E988847824665
:10E360003028F0D02BE00B998A4505D1200603D444
:10E3700044F08004761E18E0504600F017FB08B306
:10E380000DF11301761E44F400748B4508D2AAF1F6
:10E3900030000BF8010B200607D5A9F1010003E0BE
:10E3A000200602D409F101008146A00502D50F998B
:10E3B000681C0860B9696D1C0E9888478246002E5B
:10E3C000D1DC53E0002E51DDBAF1650F02D0BAF175
:10E3D000450F4BD1A00549D5B9696D1C24F4407493
:10E3E000761E0E9888478246002E0CDD2B2804D01E
:10E3F000BAF12D0F07D144F48074B9696D1C0E98E1
:10E4000088478246761EE00501D52D2100E02B21AC
:10E4100008F8011BCDF82C8021E00DF12901761EB2
:10E4200044F4007488450CD2AAF1300010F0FF00CB
:10E4300088F8000002D10B99884509D908F1010834
:10E4400006E0E00501D5244801E042F20F70814664
:10E45000B9696D1C0E98884782460F980560002E9A
:10E4600004DD504600F0A2FA0028D6D1F9690E98D2
:10E470008847FF208BF8000088F8000000200690F5
:10E4800007904B466A4608A906A8FFF777FEA00545
:10E4900002D46FF001002AE714F0240F0AD0E0073D
:10E4A00014D1DDE906123868031D3B600068C0E93D
:10E4B00000120BE0DDE90601FFF76AFB0146E00709
:10E4C00004D13868021D3A600068016028460EE7F2
:10E4D000000014400000F03FF1D8FFFF426842B155
:10E4E000016811F8013B23B1521EC0E90012184621
:10E4F00070470121C160881E704742685AB1C368E5
:10E50000016843B983688B4205D0491E521CC0E99B
:10E510000012002070474FF0FF3070472DE9F74F91
:10E520004FF00009009C1546CA4614F8010B30282C
:10E5300001D0ADB115E014F8010B4FF001097828B6
:10E5400003D0582801D04DB10BE00DB1102D08D1EA
:10E550004FF00009102514F8010B02E0082500E037
:10E560000A2500273E46B8464FEAE57B16E0A5FBA4
:10E5700007230BFB073105FB080005FB0616030C00
:10E58000D71846F100061FFA80F8381E4FF001092F
:10E5900076F5803000D3CA4614F8010B2946FFF700
:10E5A000DFFD0028E3DA019838B1B9F1000F01D09E
:10E5B000641E00E0009C01980460BAF1000F08D0CE
:10E5C00000F08EF802210160C81E014603B0BDE8CC
:10E5D000F08F310441EA174148EA0740F6E770B589
:10E5E0008C1810F8015B15F0070301D110F8013BFE
:10E5F0002A1106D110F8012B03E010F8016B01F885
:10E60000016B5B1EF9D12B0705D40023521E0DD4DC
:10E6100001F8013BFAE710F8013BCB1A921C03E02A
:10E6200013F8015B01F8015B521EF9D5A142D8D362
:10E63000002070BD0FB41CB50246002007AC0029B5
:10E640000BD0491ECDE90021054B6A4621460698AC
:10E6500000F0B4F9009A002111701CBC5DF814FBA5
:10E66000EBF000080FB4084B10B504A902AA0398F8
:10E6700000F0A4F9044602A9002000F041FD204664
:10E6800010BC5DF814FB000001F100087CB50446E5
:10E6900000201D46164600290BD0491ECDE9004139
:10E6A000044B6A462946304600F088F9009A00215A
:10E6B00011707CBDEBF00008490050EAC12018BF82
:10E6C00004204A0D18BF40F0010040F2FF72B2EB87
:10E6D000515F08BF40F00200012808BF05207047C5
:10E6E000004870476C1400202DE9F0414F1E00EBEC
:10E6F000C7010446D1E9000115461E4637F006025F
:10E700000DD02A463346FFF704F87F1E04EBC703FB
:10E71000D3E90023FEF756FF37F00602F1D1022FAE
:10E7200025D0042F13D0062F18BFBDE8F0812A464C
:10E730003346FEF7EEFFD4E90A23FEF743FF2A46ED
:10E740003346FEF7E6FFD4E90823FEF73BFF2A46EF
:10E750003346FEF7DEFFD4E90623FEF733FF2A46F1
:10E760003346FEF7D6FFD4E90423FEF72BFF2A46F3
:10E770003346FEF7CEFFD4E90223FEF723FF2A46F5
:10E780003346FEF7C6FFD4E90023BDE8F041FEF7AB
:10E7900019BF00000022134610460149FFF72BB8AD
:10E7A0000000F03F0122FFF795B8FEF70BBF0022F3
:10E7B000134610461146FFF71EB840F20132002002
:10E7C0004FF0E041FFF786B8024A00201107FFF73B
:10E7D00081B8000001FDFFFF00214FF07E50FEF7E1
:10E7E000A7BE0121FEF7E2BE00210846FEF7A0BE4B
:10E7F00001480068704700006C14002002E008C85F
:10E80000121F08C1002AFAD170477047002001E0AA
:10E8100001C1121F002AFBD17047000001490860A6
:10E82000704700006C1400202DE9FF5F82B00021CA
:10E83000DDE90430020DDDF840B0034318D044F6A2
:10E840001050A2F2FF3242431514119801281FD034
:10E85000A5EB0B00401C5FEA000A4FF000064E4F8C
:10E86000DFF83891B046504615D5CAF1000413E0E0
:10E87000119801244AA3012801D16FEA0B010298E3
:10E88000119AC0E90031C0E9024206B0BDE8F09F2C
:10E89000CBF10000DFE704460021404A491842EB73
:10E8A0000450CDE9001012E0E00707D032463B46A5
:10E8B00040464946FEF72DFF8046894632463B4694
:10E8C00010461946FEF725FF06460F466410002C39
:10E8D000EAD1DDE90401DDE90023BAF1000F06DA2F
:10E8E000FEF717FF42464B46FEF713FF05E0FEF723
:10E8F00082FF42464B46FEF77EFF04460E4600224C
:10E90000284BFFF72DF903D84FF0FF30014607E001
:10E910000022254B20463146FEF754FEFFF7DDF876
:10E92000102409E0002C0ADB0A220023FFF76CF90F
:10E93000039B30321A55641E50EA0102F2D1641C66
:10E94000039AC4F111031444119A012A03D001223D
:10E9500008430DD10AE0084304D000204FF0110B0A
:10E96000119072E7A3EB0B056D1E0DE05B4504DD16
:10E970004FF0000205F1010504E003DA4FF0000258
:10E98000A5F10105002AECD002981199C0E90231E5
:10E99000C0E9004579E70000000014400000F03FA6
:10E9A000300000000000F0430000E03F30380A284B
:10E9B00001D2012070470020704700002DE9FF4F71
:10E9C00095B09B468946064600250FE2252877D15B
:10E9D00000242746F84A0121059400E0044316F874
:10E9E000013F203B01FA03F01042F7D130782A288A
:10E9F00011D06FF02F033078A0F13002092A16D819
:10EA0000059A44F0020402EB820203EB4202104436
:10EA1000761C0590EFE759F8042B0592002A03DADB
:10EA2000504244F40054059044F00204761C3078BF
:10EA30002E2816D116F8010F44F004042A280DD010
:10EA40006FF02F023078A0F13003092B09D807EBC3
:10EA5000870302EB4303C718761CF3E759F8047BDE
:10EA6000761C30786C280FD006DC4C2817D068282C
:10EA70000DD06A2814D104E0742810D07A280FD160
:10EA80000DE044F400140AE044F4801401E044F47E
:10EA900040147278824202D104F58014761C761CF0
:10EAA000307866280BD013DC582877D009DC002892
:10EAB00075D04528F6D04628F4D047281AD19DE1D4
:10EAC00018E0632835D0642879D0652812D195E103
:10EAD000702873D008DC6728F1D069286FD06E28C1
:10EAE0000DD06F2806D1B5E073282CD0752875D0CD
:10EAF000782874D05A46179990476D1C75E1C4F375
:10EB00000250022809D003280DD0D9F8001004289B
:10EB10000DD00D6009F1040967E1D9F80010EA177A
:10EB2000C1E90052F6E7D9F800100D80F2E70D7048
:10EB3000F0E719F8041B8DF8001000208DF8010093
:10EB4000EA46012003E059F804AB4FF0FF306107BB
:10EB50004FF0000102D40DE008F101018846B942EE
:10EB60000FDA8045F8DB1AF808100029F4D108E024
:10EB700008F1010188468142FADB1AF808100029E1
:10EB8000F6D105985B46A0EB080721463846179A50
:10EB900000F094FA284400EB080507E04DE029E175
:10EBA0000DE01AF8010B5A4617999047B8F1010881
:10EBB000F7D25B4621463846179A13E142E00A2213
:10EBC0000092C4F302524FF0000A022A08D059F80A
:10EBD00004CB032A4FEAEC710AD00DE029E02AE0C9
:10EBE00009F1070121F00702F2E802C1914609E0AC
:10EBF0000FFA8CFC4FEAEC71042A03D14FFA8CFC1B
:10EC00004FEAEC71002907DA0A460021DCF1000C1A
:10EC100061EB02012D2202E0220504D52B228DF8A2
:10EC20000420012203E0E20701D02022F7E790460A
:10EC300059E00A2102E010220DE010214FF0000AF5
:10EC400000910BE010224FF0000A44F00404082762
:10EC5000009203E008224FF0000A0092C4F302522F
:10EC6000022A05D059F804CB0021032A08D009E074
:10EC700009F1070121F00702F2E802C1914605E01F
:10EC80001FFA8CFC042A01D10CF0FF0C4FF0000895
:10EC9000220728D5702806D0009B83F0100353EA82
:10ECA0000A0305D00EE040228DF80420012208E07E
:10ECB0005CEA010206D030228DF804208DF80500B0
:10ECC00002229046009B83F0080353EA0A030AD10C
:10ECD0005CEA010201D1620705D530228DF80420DB
:10ECE0004FF001087F1E582804D034A003900EA8CE
:10ECF00002900DE036A0F9E753466046009AFEF711
:10ED000083FF84460398825C0298401E0290027042
:10ED10005CEA0100F0D1029806A9081A00F1200A65
:10ED2000600702D524F4803400E00127574502DD56
:10ED3000A7EB0A0000E0002000EB0A010090059814
:10ED40004144401A0590E00306D45B462146179AD9
:10ED5000059800F0B3F90544002706E001A85A46DB
:10ED6000C05D179990476D1C7F1C4745F6DBE0039B
:10ED70000CD55B462146179A059800F09FF905448B
:10ED800004E030205A46179990476D1C0099481EA0
:10ED900000900029F5DC08E0029802995A460078B4
:10EDA000491C0291179990476D1CBAF10001AAF114
:10EDB000010AF1DC65E1000009280100303132333D
:10EDC00034353637383961626364656600000000A7
:10EDD0003031323334353637383941424344454691
:10EDE0000000000000F058F90544761C3078002837
:10EDF0007FF4ECAD19B02846BDE8F08F620700D46F
:10EE0000062709F1070222F0070CFCE80223E1467D
:10EE100003F000485FEA080C02D00FF2702C0DE0FE
:10EE20005FEA045C02D50FF2682C07E05FEAC47C5D
:10EE300002D00FF2602C01E0AFF2700C4FF0FF38FF
:10EE400023F00043CDF850C065280CD006DC4528DF
:10EE500009D046281DD047283DD13DE0662818D06E
:10EE600067287ED138E00021112F01DB112000E05E
:10EE7000781CCDE9000106A90EA8FFF7D5FCDDE955
:10EE80000F010E9A03910021009207F1010A0491EB
:10EE90004DE04FF000400097CDE9011006A90EA803
:10EEA000FFF7C2FCDDE90F0203920E9B11990022CD
:10EEB000DDF80CA00093049211B9791C00EB010A53
:10EEC000B7EB0A0004D4C0F1FF3007F1010A049047
:10EED000AAEB0700019044E0012F00DA012700218E
:10EEE000112F01DD112000E03846CDE9000106A90F
:10EEF0000EA8FFF799FCDDE90F010E9A039100219E
:10EF000004910092BA4621070CD40399514500DAC6
:10EF10008A46BAF1010F05DD009AAAF10101515CA0
:10EF2000302908D0B84202DA10F1040F06DA0121C4
:10EF3000CDE9011015E0AAF10101E9E7002805DC9F
:10EF4000049901440491AAEB000102E0411C5145DF
:10EF500000DD8A460499401A401C01904FF00040A1
:10EF60000290200704D40198504501DBCDF80480BD
:10EF700000208DF84F0002980DF14F07B0F1004FBF
:10EF800025D02B200E9002984FF0020800280CDAB2
:10EF9000404202902D200E9007E00A210298FEF7D1
:10EFA0001DFE3031029007F8011DB8F10001A8F1F3
:10EFB0000108F2DC02980028EFD1791E0E98087043
:10EFC000307800F0200040F0450007F8020D12A84C
:10EFD000C01B00F107081498007800B1012000EB75
:10EFE0000A01019801EBE07105984144401A401E66
:10EFF0000590E00306D45B462146179A059800F079
:10F000005DF805441498007818B15A46179990474E
:10F010006D1CE00324D55B462146179A059800F045
:10F020004DF805441CE00498002807DBDDE90301E6
:10F03000884203DD0098405C179901E01799302061
:10F040005A469047049805F10105401C0490019828
:10F05000401E019004D12E205A46179990476D1CEE
:10F06000BAF10001AAF1010ADDDC05E017F8010B95
:10F070005A46179990476D1CB8F10001A8F1010894
:10F08000F4DC5B462146179A0598ABE62D0000009C
:10F090002B000000200000002DE9F041044600256F
:10F0A0001E461746880404D405E039462020B047A0
:10F0B0006D1C641EF9D52846BDE8F0812DE9F041AC
:10F0C000044600251E469046C80301D5302700E0BF
:10F0D0002027880404D505E041463846B0476D1C1A
:10F0E000641EF9D52846BDE8F0814A68002A06D09A
:10F0F0000A68531C0B6010704868401E48607047D7
:10F100000A68531C0B601070704700002DE9F04D29
:10F110008D4F21F0004A86B005460C46BA452ADBE1
:10F12000AAEB070028430AD08848824501DC1AD19F
:10F13000CDB106B02846BDE8F04DFFF733BB844A99
:10F14000844B2846FEF7E5FA07460E46824A834B73
:10F1500028462146FEF7DDFA06B03A463346BDE8BA
:10F16000F04DFEF72FBA0120FFF758FB06B0BDE8BF
:10F17000F04DFFF71CBB7A48824542DABAF1795F5D
:10F180000BDA2846FFF798FA042808BFFFF71CFBA4
:10F19000284606B02146BDE8F08D2A460B461046AB
:10F1A000FEF7B7FA834602466E480E460B46062126
:10F1B0007844FFF799FA5A463346FEF7AAFA804692
:10F1C00069488A465A46334604217844FFF78CFA48
:10F1D0005A463346FEF79DFA00223B46FEF7F2F907
:10F1E00002460B4640465146FEF705FB2A4623469B
:10F1F000FEF78FFA06B02A462346BDE8F04DFEF72B
:10F20000E1B9284624F0004100223D463B46FEF786
:10F210007DFA4FF0FF32FEF75DFB0646024653488B
:10F220000F460B4606217844FFF75EFA32463B460E
:10F23000FEF76FFACDE900014D4832463B46042106
:10F240007844FFF751FA32463B46FEF762FA002255
:10F250002B46FEF7B7F9834602913046394601F056
:10F260000BF8804643480D46504517DCDDE90001A8
:10F270005A46029BFEF7BFFA42462B46FEF749FA72
:10F2800042462B46FEF79EF90122FEF723FB304A49
:10F29000304BFEF738FA304A304B4CE04FF0000A62
:10F2A00052460B464046FEF78DF9CDE90310524613
:10F2B0002B4610461946FEF72CFA32463B46FEF71F
:10F2C00025FADDE90332FEF796FA06460F46DDE938
:10F2D00000015A46029BFEF78EFA834600910122F6
:10F2E00030463946FEF7F6FA194A1A4BFEF70EFA7F
:10F2F00006460F46012240462946FEF7EBFA5A46DB
:10F30000009BFEF706FA32463B46FEF7FCF906463E
:10F310000F46012250462946FEF7DCFA0E4DDFF873
:10F3200058802A464346FEF7F1F932463B46FEF73F
:10F33000EDF92A464346FEF7E9F9002CD8BF81F0E3
:10F34000004106B0BDE8F08D0000F03F0000F07F06
:10F35000075C143326A6913C182D4454FB21F93F39
:10F360000000E03FD41A0000EA1A00005E1A000014
:10F37000741A00003333EF3FFB21E93F2DE9F84FCA
:10F3800004460D4621F0004000917349814211DC92
:10F390007249884201DC06D12CB120462946BDE8DD
:10F3A000F84FFFF7FFB96E48002DCCBF6D496E498D
:10F3B000BDE8F88F6D49814211DD6D498142D8BFAA
:10F3C0004FF0FF366DDD20462946FFF775F904281A
:10F3D00008BFFFF7F9F920462946BDE8F88F6549CF
:10F3E000654F25F00045814233DD6449814219DDD6
:10F3F000002632464FF0804320462946FEF7E2F8C9
:10F4000080468A46012220462946FEF763FA0022FA
:10F410003B46FEF778F942465346FEF7ECF90446C0
:10F420000D463EE001260022BA463B4620462946CC
:10F43000FEF7C8F880460F4600225346204629466C
:10F44000FEF761F942463B46FEF7D5F904460D4604
:10F4500027E04B4981421BDDDFF828A1022600226C
:10F46000534620462946FEF754F900223B46FEF754
:10F47000A9F880460F460022534620462946FEF74B
:10F4800042F942463B46FEF7B6F904460D4608E00F
:10F49000032622462B4600203B49FEF7ACF90446E2
:10F4A0000D4622462B4610461946FEF732F98B468A
:10F4B000824602460B46FEF72CF9074602463348C1
:10F4C00088460B4606217844FFF70EF952465B4604
:10F4D000FEF71FF982462E488B463A4643460521E1
:10F4E0007844FFF701F93A464346FEF712F902461F
:10F4F0000B46002E504659460CDAFEF763F82246BA
:10F500002B46FEF706F901B022462B46BDE8F04F28
:10F51000FEF7FCB8FEF756F822462B46FEF7F9F840
:10F520001C4A7A4402EBC603D3E90023FEF7EBF84A
:10F5300022462B46FEF7E7F8174A7A4402EBC60349
:10F54000D3E90023FEF7E2F8009A002AB8BF81F061
:10F550000041BDE8F88F0000000010440000F07F7B
:10F56000182D4454FB21F93FFB21F9BF0000DC3F7B
:10F570000000203E0000F33F0000F03F0000E63FA7
:10F58000008003400000F83F0000F0BF7618000044
:10F5900034180000D21700009A17000030B583B06D
:10F5A0000446FFF725F905460020CDE90000024694
:10F5B00021466846FEF7F1FB2846FFF72FF9DDE903
:10F5C000000103B030BD00002DE9F041C0F3C75188
:10F5D000A1F17F050446172DA8BFBDE8F0814FF0CB
:10F5E0007F471549002D0EDAFDF718FFB7EB400FE6
:10F5F0001ED300281CDD002CC8BF4FF07E54B8BFBE
:10F600004FF0004414E00D4A22FA05F6344208BFD8
:10F61000BDE8F081FDF702FFB7EB400F08D30028EB
:10F6200006DD002C03DD4FF40000E8400444B44341
:10F630002046BDE8F0810000CAF24971FFFF7F005B
:10F6400070B514461D460E46002814BF0121002146
:10F65000314321F00041C1F17F6101F1E041C90F67
:10F6600016D1002C14BF01210021294321F00041B3
:10F67000C1F17F6101F1E041C90F09D11449B1EB3A
:10F68000460F08BF00281CD0690008BF002C18D006
:10F690003146FEF710FD024640F2FF7030EA11508D
:10F6A0000DD0F017B0EBE17F09D0084665F31E00DE
:10F6B00084460B4620466146FEF728F8024610466F
:10F6C00070BD0120FFF7AAF8BDE87040FFF76FB8E2
:10F6D0000000E0FF38B504468DF8000069460320BD
:10F6E000ABBE204638BD00002DE9F0410026A0F554
:10F6F0000001B1F1FE4F7DD200F500226FF07E01D6
:10F7000001EBE251C2F3025477184FF07E52A0EBA6
:10F71000C15602EB045557EA040047D0294630464B
:10F72000FDF77CFE804629463046FDF7C9FE41467E
:10F73000FDF7FEFE05460146FDF7C8FE80464A4934
:10F74000FDF7C4FE4949FDF769FE064641462846D5
:10F75000FDF7BCFE3146FDF7B9FE06463846FEF71A
:10F76000D0F807464249FDF7B1FE4249794451F8C5
:10F770002410FDF753FE3146FDF750FE06463E4984
:10F780002846FDF7A3FE3146FDF748FE05463846FC
:10F790003A49FDF79BFE3A49794451F82410FDF7A8
:10F7A0003DFE2946BDE8F041FDF738BE4FF07E51E1
:10F7B0003046FDF785FE05463249FDF787FE3249A2
:10F7C000FDF72CFE2946FDF781FE3049FDF726FEA8
:10F7D0002946FDF77BFE2E49FDF720FE044629460B
:10F7E0000846FDF773FE2146FDF770FE04462949E1
:10F7F000284600E00EE0FDF769FE2146FDF70EFE0B
:10F80000044625492846FDF761FE2146BDE8F04142
:10F81000FDF704BE4FF07F42B2EB400F03D2BDE8CC
:10F82000F041FEF7DEBFB0F1FF4F08BFBDE8F08149
:10F83000B0F1004F06D90120FEF7F0FFBDE8F0411E
:10F84000FEF7D2BF30F0004105D06FF01606172149
:10F85000FDF7ACFE50E70220FEF7E0FFFEF7BCFF2D
:10F8600080F00040BDE8F081DE02323E3B3D943E38
:10F87000FC849A3620160000D95B5E3F00209A3E39
:10F88000D4150000924FA93D7279DEBD2D3E143E85
:10F89000D85B5EBE157B4B3C0000D83E2DE9F04D99
:10F8A0001D460C4698B0174621F0004123F0004356
:10F8B000002814BF4FF0010C4FF0000C0CEB440C6F
:10F8C000FE4A0CEB02064FEA620C66452BD33E0063
:10F8D00018BF012606EB45061644F94A964222D384
:10F8E000F84A53EA070C02D0944205D148B918B03F
:10F8F00000201146BDE8F08D002808BF4FF0000C35
:10F9000001D04FF0010C0CEB440212F5001F0AD895
:10F91000002F14BF4FF0010C4FF0000C0CEB450210
:10F9200012F5001F07D918B03A462B462146BDE80C
:10F93000F04DFEF73ABF0022DFF88CA3002CB8BFD1
:10F94000534526DADFF884C36345A8BF022220DAD4
:10F95000DFF870C39C451CDCDFF874C30CEB235C40
:10F96000BCF1140F08DDCCF1340627FA06FC0CFAC2
:10F9700006F6BE420DD108E05FB9CCF1140623FAB9
:10F9800006FC0CFA06F69E4203D10CF00102C2F10D
:10F99000020251EA000C19D1002D17DA002C18BF11
:10F9A000022A01D0012A07D00220FEF737FF18B043
:10F9B000BDE8F04DFEF7EEBE0220FEF72FFFFEF78A
:10F9C000E9FE18B081F00041BDE8F08DB7F1000C00
:10F9D0006CD1534525D104F1804212F5801201BF4C
:10F9E00000280020B74918B008BFBDE8F08DB54821
:10F9F000884207DC002DA1BF6046294618B0BDE84B
:10FA0000F08D07E0281E05DA80F0004118B060464E
:10FA1000BDE8F08DAF497944D1E9000118B0BDE8E7
:10FA2000F08DDFF8A0C2634525D1002D1FDA19B192
:10FA3000514512D1D8B909E0002840F0EC82A24A21
:10FA4000214618B062F31E01BDE8F08D002021466A
:10FA500018B060F31E01BDE8F08D08DA18B0234637
:10FA6000BDE8F04D024600206146FDF7C4BE18B067
:10FA70002146BDE8F08D514518DAB5F1804F0DD023
:10FA8000A5F1005CBCF1FF5C10D1B4F1000C0DDB02
:10FA900018B06146BDE8F04D00F0EEBB234618B04B
:10FAA0000246BDE8F04D1946FDF733BE060024F0CE
:10FAB000004C3BD1D9B1514533D1002C06DD002D8E
:10FAC000A1BF0020514618B0BDE8F08D002C01DD2B
:10FAD000002D1BDB002C13DA002D11DB012A4FF067
:10FAE000000014BF78497C4918B0BDE8F08D022AA7
:10FAF00018BF002C0AD0012A08D1002C06DA0AE02F
:10FB0000002CB8BF002D11DA012A04D0002018B053
:10FB10000146BDE8F08D18B000204FF00041BDE86F
:10FB2000F08DA1F14050B0F17F601AD0012000EBC0
:10FB3000E47050EA020421D0624C521E4FF0000BD8
:10FB4000104304BF4FF0000B644C654883427CDDDA
:10FB5000644A654893421FDD884217DB002D25DB90
:10FB600037E0002C00DA4AB1022A0CBF01204FF026
:10FB7000FF3018B0BDE8F04DFDF7E7BE0120FEF7FD
:10FB80004DFE18B0BDE8F04DFEF711BE4D4A8A4259
:10FB900002DC002D0ADC1CE0814202DA002D18DABA
:10FBA00004E0484B994220DD002D12DD0220FEF7D3
:10FBB00035FEFEF702FE05460E4600225346584625
:10FBC0002146FDF7A6FD18B066F31E012846BDE8E4
:10FBD000F08D0220FEF722FEFEF7F6FD0A462146D2
:10FBE00018B062F31E01BDE8F08D00223046614678
:10FBF000FDF789FD80460E466FF00102FDF76AFEB3
:10FC00004FF05532394BFDF781FD42463346FDF743
:10FC100080FD0022364BFDF779FD82464246334691
:10FC2000049110461946FDF774FD5246049BFDF7FA
:10FC300070FD8A4600904FF0C0422E4B4046314640
:10FC4000FDF767FD2C4A2B4B00E027E0CDE90601CC
:10FC500051460098FDF75DFD82460191274A284BE9
:10FC600040463146FDF755FD5246019BFDF74BFDE1
:10FC700082460B4602460591DDE90601FDF7A2FC2E
:10FC8000DDE90623002688463046FDF73CFD524656
:10FC9000059BFDF73BFD024600F07EB90020B1F563
:10FCA000801F07DA352230466146FDF713FE06460F
:10FCB0006FF0340000EB215024E00000FFFF1F0034
:10FCC000FFFF0F000000F03F0000F07F0000404306
:10FCD00001FCFFFF1E1400000000F0FF0000F0BF59
:10FCE0000000E0410000F043FFFFEF3F5555D53FD6
:10FCF0000000E03F4715F73FFE822B6544DF5DF8CB
:10FD00000BAE543EA0F2FF300190C1F3130040F05F
:10FD10007F6141F040510291FE498842D8BF0020E6
:10FD200004DDFD498142C8BF012001DD0D9008E0DE
:10FD300000200D900198401C01900298A0F58010C1
:10FD400002900299F54878440B910D9900EBC1009F
:10FD5000D0E900230F9330460A920B99FDF7D3FCAC
:10FD6000CDE90601DDE90A2130460F9BFDF72AFCAB
:10FD700002460B460020EA49FDF73DFD059102468B
:10FD80000B460090DDE90601FDF7C3FC1490E54841
:10FD90008A464FF0000878440299006812904FF0AC
:10FDA000005040EA61010D980F9B01EB804000F587
:10FDB000002109910A9A1298FDF7A5FC32460B9B87
:10FDC000FDF7A4FC42465346FDF7A3FC064602910C
:10FDD00040465146099B129AFDF79BFCDDE906233C
:10FDE000FDF794FC3246029BFDF78DFC059B009AC3
:10FDF000FDF78FFC0091149A049053461046194663
:10FE0000FDF787FC06460246C7480B4602910621CD
:10FE10007844FEF769FCCDE90510029B3246104696
:10FE20001946FDF776FCDDE90532FDF772FC059118
:10FE30000646534640461946149AFDF7C3FB009BFD
:10FE4000049AFDF766FC3246059BFDF7BBFBCDE946
:10FE500005104246534610461946FDF75AFC00224B
:10FE6000B24B02910A90FDF7ADFBDDE90532FDF7DB
:10FE7000A9FB0E464246AD4B4046FDF744FC029BB3
:10FE80000A9AFDF740FCDDE90532FDF73FFC4246EA
:10FE900002910A90334610465146FDF73AFCCDE9EF
:10FEA00006015346149A02990A98FDF732FC8A46D5
:10FEB00002903346424600990498FDF72AFC5346C7
:10FEC000029AFDF77FFB82460B4602460591DDE96B
:10FED0000601FDF777FBDDE906230020884606468C
:10FEE000FDF711FC5246059BFDF710FC8246099177
:10FEF0004FF060428E4B30464146FDF70AFC0490BD
:10FF000006918C4A8A4B50460999FDF702FC8246BD
:10FF10000291894A894B30464146FDF7FAFB524629
:10FF2000029BFDF74FFB864B7B440D9A03EBC2030C
:10FF3000D3E90023FDF746FB0E9007910198FDF7EA
:10FF400004FD0591DDE9061382460E9A0498FDF73B
:10FF500039FB7C4A7A440D9B02EBC303D3E90023AF
:10FF600000930292FDF72EFB5246059BFDF72AFBFC
:10FF70000026884652463046059BFDF7C4FB009B91
:10FF8000029AFDF7C0FB069B049AFDF7BCFB079B9A
:10FF90000E9AFDF7BBFB024600200B460290384646
:10FFA0002946FDF7B6FB824601912B463846194695
:10FFB000029AFDF7A8FB32464346FDF7AAFB5246DC
:10FFC000019BFDF7FFFA07468A463246434629461B
:10FFD0000298FDF79EFB05460E463A465346FDF74E
:10FFE000F1FA594A8846914221DBA8EB020353EA11
:10FFF000000210D12A463346FDF785FBCDE9040106
:020000040801F1
:10000000524A534B38465146FDF7DCFADDE90423EA
:10001000FDF7A6FD21D20220FEF700FCFEF7CDFB86
:100020000A46214618B062F31E01BDE8F08D494B27
:1000300028F000429A4210D3474A08EB020353EAE1
:1000400000027FF4C6AD2A463346FDF75CFB3A4614
:100050005346FDF785FD7FF6BCAD0022019228F0E6
:1000600000403E493E4A01EB2051824223DA481CBF
:100070004FF4801121FA00F040443A4AC0F30A518B
:100080007A44394BA1F2FF31CB4020EA0303C0F39D
:10009000130040F48010C1F11401C84012680190AF
:1000A000B8F1000FBCBF4042019028463146FDF731
:1000B0002AFB05460E462A46334638465146FDF78A
:1000C00081FA4FF000084246284B40460591FDF763
:1000D00020FBCDE90601264A264B40460599FDF74F
:1000E00018FB009102902A46334640460599FDF7D9
:1000F0000AFB3A465346FDF709FB1F4A1F4BFDF723
:1001000008FB009B029AFDF75DFA07468846024607
:100110000B4635E08E9803007AB60B00661000009F
:100120000000F03F9E100000CC0F000000000840CF
:1001300009C7EE3FFD033ADCF5015B14E02F3EBE3C
:10014000A40E0000680E000000009040FE822B65A7
:100150004715973C00CC904000346F3F01FCFFFFF7
:100160000000E03FB40D0000FFFF0F00432EE63F0C
:10017000396CA80C615C20BEEF39FAFE422EE63FD6
:10018000DDE90601FDF71EFADDE9062305460E4608
:10019000FDF7B9FA3A464346FDF7B8FA0F462A4644
:1001A0003346009010461946FDF7B3FA82460246E0
:1001B0002E4888460B4605217844FEF795FA5246AC
:1001C0004346FDF7A6FA2A463346FDF79FFA8046D6
:1001D0008A463B4628463146009AFDF79AFA3B4646
:1001E000009AFDF7EFF90691009000224FF080434E
:1001F00040465146FDF787FA0F460C90424653465B
:1002000028463146FDF785FA3B460C9AFDF7F3FA8E
:10021000069B009AFDF777FA2A463346FDF773FAF4
:100220000022134BFDF772FA054601980E4601EBCA
:1002300000510815002810DC28463146019AFDF7C8
:1002400049FBFEF739FA042808BFFEF7BDFA284635
:100250003146019AFDF73EFB05460B4618B02A468B
:1002600058462146BDE8F04DFDF753BA540C000046
:100270000000F03FFFF72EBA2DE9F04106460F4689
:10028000FDF7C8FE041E0D4618BF0120284320F0CC
:100290000040C0F17F6000F1E040C00F0ED0301C84
:1002A00018BF0120384320F00040C0F17F6000F10A
:1002B000E040C00F04BF0120FEF7B0FA20462946F7
:1002C000BDE8F081D80F01083D0200085C0F01086D
:1002D00067020008F80F010893020008440F0108A4
:1002E0007B020008940F01087F030008B00F01088B
:1002F0009D0200081C100108630500082810010871
:1003000061040008240F010835040008340F0108B7
:10031000CD030008E40F0108D9050008E00E01082C
:100320001B060008D40E010835070008F80E010866
:1003300059070008C80E01088B07000804100108BF
:100340002F08000810100108BB0800087C0F0108E6
:1003500047090008880F0108210A0008640F0108F6
:10036000BB0A0008700F0108050C0008CC0F01083B
:10037000230C0008BC0F0108410C0008A00F010865
:10038000FB0C0008500F0108530D0008EC0E01088B
:10039000710D0008040F0108D10D0008140F0108A9
:1003A0008F0D0008F40F0108D505000800000000BB
:1003B000000000000004A8050008500B0010A11662
:1003C00000200000000000000000002F00000000DE
:1003D0000700070000147F147F1400242A7F2A12CC
:1003E00000626408132300364955225000000503BB
:1003F000000000001C224100000041221C000014EB
:10040000083E08140008083E0808000000A060002C
:1004100000080808080800006060000000201008BC
:100420000402003E5149453E0000427F4000004228
:1004300061514946002141454B31001814127F108B
:10044000002745454539003C4A49493000017109BA
:10045000050300364949493600064949291E00006E
:100460003636000000005636000000081422410015
:100470000014141414140000412214080002015145
:10048000090600324959513E007C1211127C007F4E
:1004900049494936003E41414122007F4141221CE9
:1004A000007F49494941007F09090901003E41494E
:1004B000497A007F0808087F0000417F4100002042
:1004C00040413F01007F08142241007F40404040EE
:1004D000007F020C027F007F0408107F003E414134
:1004E000413E007F09090906003E4151215E007F1F
:1004F000091929460046494949310001017F010196
:10050000003F4040403F001F2040201F003F403838
:10051000403F006314081463000708700807006177
:100520005149454300007F41410000552A552A5555
:10053000000041417F0000040201020400404040ED
:100540004040000001020400002054545478007F11
:100550004844443800384444442000384444487FE8
:1005600000385454541800087E0901020018A4A44D
:10057000A47C007F080404780000447D4000004013
:1005800080847D00007F102844000000417F4000EF
:10059000007C04180478007C080404780038444483
:1005A000443800FC242424180018242418FC007C5F
:1005B0000804040800485454542000043F444020D8
:1005C000003C4040207C001C2040201C003C40306F
:1005D000403C004428102844001CA0A0A07C0044FB
:1005E00064544C441414141414140000000000004B
:1005F00000000000000000000000000000F8000003
:100600000000000000333000000000100C06100C49
:100610000600000000000000000040C07840C078E4
:100620004000043F04043F040400007088FC0830CC
:100630000000001820FF211E0000F008F000E01864
:10064000000000211C031E211E0000F0088870001D
:1006500000001E2123241927211010160E0000006F
:1006600000000000000000000000000000E018048E
:100670000200000000071820400000020418E000FB
:1006800000000040201807000000404080F080403B
:1006900040000202010F01020200000000F0000011
:1006A00000000101011F0101010000000000000025
:1006B000000080B07000000000000000000000009A
:1006C0000000000101010101010100000000000023
:1006D00000000030300000000000000000008060DA
:1006E0001804006018060100000000E0100808105F
:1006F000E000000F102020100F00001010F8000084
:1007000000000020203F202000000070080808881A
:1007100070000030282422213000003008888848EA
:1007200030000018202020110E000000C02010F81A
:10073000000000070424243F240000F808888808EB
:1007400008000019212020110E0000E010888818F0
:100750000000000F112020110E0000380808C838D2
:1007600008000000003F00000000007088080888B2
:100770007000001C222121221C0000E0100808103B
:10078000E0000000312222110F00000000C0C00074
:100790000000000000303000000000000080000079
:1007A0000000000080600000000000008040201079
:1007B0000800000102040810200040404040404072
:1007C00040000404040404040400000810204080D5
:1007D000000000201008040201000070480808080A
:1007E000F0000000003036010000C030C828E810DA
:1007F000E0000718272423140B000000C038E00095
:100800000000203C23020227382008F888888870DE
:100810000000203F202020110E00C03008080808EA
:100820003800071820202010080008F808080810D1
:10083000E000203F202020100F0008F88888E808FA
:100840001000203F20202320180008F88888E8089E
:100850001000203F200003000000C03008080838C6
:10086000000007182020221E020008F808000008D7
:10087000F808203F210101213F20000808F808085E
:1008800000000020203F2020000000000808F80899
:100890000800C08080807F00000008F888C0281809
:1008A0000800203F20012638200008F8080000003A
:1008B0000000203F20202020300008F8F800F8F841
:1008C0000800203F003F003F200008F830C000082B
:1008D000F808203F200007183F00E0100808081023
:1008E000E0000F10202020100F0008F8080808086A
:1008F000F000203F210101010000E010080808106D
:10090000E0000F18242438504F0008F888888888A1
:100910007000203F2000030C302000708808080879
:1009200038000038202121221C00180808F8080887
:1009300018000000203F2000000008F80800000810
:10094000F808001F202020201F000878880000C819
:100950003808000007380E010000F80800F8000809
:10096000F800033C0700073C030008186880806813
:10097000180820302C03032C30200838C800C83851
:1009800008000000203F2000000010080808C838B8
:1009900008002038262120201800000000FE020256
:1009A00002000000007F40404000000C30C000000A
:1009B0000000000000010638C00000020202FE0034
:1009C0000000004040407F000000000004020202DE
:1009D0000400000000000000000000000000000013
:1009E00000008080808080808080000202040000FF
:1009F00000000000000000000000000080808080F7
:100A000000000019242222223F2008F800808000E4
:100A10000000003F112020110E00000000808080A7
:100A20000000000E112020201100000000808088AE
:100A3000F800000E112020103F20000080808080F0
:100A40000000001F222222221300008080F08888EC
:100A500088180020203F2020000000008080808037
:100A60008000006B94949493600008F8008080806C
:100A70000000203F210000203F20008098980000C7
:100A800000000020203F20200000000000809898F7
:100A9000000000C08080807F000008F80000808097
:100AA0008000203F24022D302000000808F80000BC
:100AB00000000020203F2020000080808080808077
:100AC0008000203F20003F20003F80800080808009
:100AD0000000203F210000203F2000008080808017
:100AE0000000001F202020201F0080800080800048
:100AF000000080FFA12020110E00000000808080F7
:100B00008000000E112020A0FF8080808000808067
:100B1000800020203F212000010000008080808094
:100B200080000033242424241900008080E0808089
:100B300000000000001F20200000808000000080D6
:100B40008000001F202020103F2080808000008037
:100B5000808000010E300806010080800080008047
:100B600080800F300C030C300F00008080008080EC
:100B700080000020312E0E31200080808000008017
:100B8000808080818E7018060100008080808080C7
:100B900080000021302C2221300000000000807CE9
:100BA000020200000000003F404000000000FF0083
:100BB000000000000000FF0000000002027C800036
:100BC00000000040403F000000000006010102025A
:100BD00004040000000000000000120100020200F6
:100BE0000040830440570002010203010902430050
:100BF000020100C0320904000001020201000524C4
:100C0000001001052401000104240202052406004D
:100C100001070582030800FF09040100020A000021
:100C200000070503024000000705810240000004A0
:100C30000309041803480069006B00650072002076
:100C40000073007500640069006F00260356006998
:100C50000072007400750061006C00200043004FBA
:100C6000004D00200050006F007200740020002032
:100C70000000000000F45DC60080D14348E19240CE
:100C8000A60A563F00000000555555555555C53F1D
:100C90007D6FEB0312D6D4BF5544880E55C1C93FB2
:100CA0003B8F68B52882A4BF88B20175E0EF493F49
:100CB00009F7FD0DE13D023F4B2D8A1C273A03C089
:100CC000C88A599CE52A004059018D1B6C06E6BF75
:100CD00082922EB1C5B8B33F4FBB610567ACDD3F13
:100CE000182D4454FB21E93F9BF681D20B73EF3F53
:100CF000182D4454FB21F93FE2652F227F2B7A3CCB
:100D0000075C143326A6813CBDCBF07A8807703C83
:100D1000075C143326A6913CC4EB98999999C9BFF6
:100D2000711623FEC671BCBF6D9A74AFF2B0B3BF2B
:100D30009AFDDE522DDEADBF2F6C6A2C44B4A2BFEB
:100D40000D5555555555D53FFF8300922449C23F57
:100D50006E204CC5CD45B73F513DD0A0660DB13F8B
:100D6000EB0D76244B7BA93F11DA22E33AAD903F9D
:100D7000000000000080513D0070C63D00900D3E17
:100D80000050343E00E0573E00D0783E00C08B3E1D
:100D9000000000000AD6A936431C8C37658F7338D3
:100DA000832DA236121D1F38B3756F38D2535A38AF
:100DB000000000000000F03F000000000000F83FCD
:100DC00000000000000000000000004003B8E23F07
:100DD000000000000000000006D0CF43EBFD4C3EB9
:100DE000033333333333E33FFFAB6FDBB66DDB3FAE
:100DF0004D268F515555D53F01411DA96074D13FF6
:100E000065DBC9934A86CD3FEF4E454A287ECA3FEF
:100E10003E5555555555C53F93BDBE166CC166BF71
:100E20002CDE25AF6A56113FF16BD2C541BDBBBE6A
:100E3000D0A4BE726937663E0000000000000000CA
:100E400000404040404040404040414141414140DD
:100E50004040404040404040404040404040404092
:100E60004005020202020202020202020202020221
:100E70000220202020202020202020020202020226
:100E8000020290909090909010101010101010107E
:100E9000101010101010101010101010020202028A
:100EA00002028888888888880808080808080808CE
:100EB00008080808080808080808080802020202CA
:100EC00040000000410E010841542B444543412499
:100ED0000000000041542B544553544F4C454400EE
:100EE00041542B544553544C4544000041542B5518
:100EF0005345525F434D440041542B4449535441A0
:100F00004E43450041542B4745545557424D4F449D
:100F10004500000041542B5345545557424D4F4412
:100F20004500000041542B474554574F524B4D4FFD
:100F30004445000041542B534554574F524B4D4F9D
:100F40004445000041542B524553544F5245000034
:100F500041542B55415254524154450041542B5356
:100F60004156450041542B50444F414F46460000E6
:100F700041542B524E474F464600000041542B41EE
:100F8000444454414700000041542B44454C5441D3
:100F90004700000041542B4745544346470000009A
:100FA00041542B50444F41474554434647000000AD
:100FB00041542B53455443464700000041542B50A5
:100FC000444F4153455443464700000041542B468B
:100FD000494C54455200000041542B474554564556
:100FE0005200000041542B47455453454E534F5235
:100FF000000000004154000041542B52455354411D
:101000005254000041542B474554444C495354001A
:1010100041542B4745544B4C4953540041542B47A2
:10102000455444455600000041542B534554444513
:10103000560000000D0A6765746465762063617070
:101040003A256420616E6E64656C61793A25642C82
:10105000206B616C6D616E5F656E61626C653A25D7
:10106000642C206B616C6D616E5F513A252E336686
:101070002C206B616C6D616E5F523A252E33662CAD
:1010800020706172615F613A252E34662C20706198
:1010900072615F623A252E32662C20706F735F6535
:1010A0006E61626C653A25642C20706F735F6469B1
:1010B0006D656E3A25640D0A000000000D0A736527
:1010C00074646576206361703A256420616E6E6495
:1010D000656C61793A25642C206B616C6D616E5F83
:1010E000656E61626C653A25642C206B616C6D6184
:1010F0006E5F513A252E33662C206B616C6D616EEC
:101100005F523A252E33662C20706172615F613A1E
:10111000252E34662C20706172615F623A252E3272
:10112000662C20706F735F656E61626C653A256432
:101130002C20706F735F64696D656E3A25640D0ACB
:101140000000000067657463666720446C6973740F
:101150003A2564204B4C6973743A2564204E6574BB
:101160003A2530345820416E6349443A2564205270
:101170006174653A25642046696C7465723A256429
:101180002055736572436D643A25642070646F6105
:101190004F66667365743A256420726E674F6666A3
:1011A0007365743A25640D0A000000007B22736C9D
:1011B0006F74223A2225303458222C226136342290
:1011C0003A222530386C582530386C58222C226150
:1011D0003136223A2225303458222C2246223A2215
:1011E00025303458222C2253223A222530345822DA
:1011F0002C224D223A2225303458227D0000000056
:1012000041542B5557424D414300000041542B524D
:101210005353490041542B56455253494F4E0000F9
:1012200041542B52465445535400000041542B471F
:1012300050494F544553540041542B5253540000CD
:10124000726E674F66667365745F6D6DA3BA2564D1
:101250002C70646F614F66667365745F64656720A8
:101260003A25642C206D6F74696F6E66696C7465C5
:10127000723A25642C20757365725F636D643A253C
:10128000640A0000A412010800000020701400008D
:10129000DEE50008B016010870140020A82900003F
:1012A0000CE80008C116D03FD03F0A122030094098
:1012B000019001C012FFFF14111101120A2009BC94
:1012C00074933C1D5A243F1A80044165FFFF11119D
:1012D0001A0103168813E803321BE8030C111401EA
:1012E00001642DED39CC4604294D121416C201C4F7
:1012F000090132641305011C090901263A4138012C
:10130000FF01FF01FF01FF01FF01FF01FF01FF01DD
:10131000FF01FF01FFF1021F0116D03FD03F0A126B
:1013200020300940019001C012FFFF141111011279
:101330000A2009BC74933C1D5A243F1A8004417D45
:10134000FFFF11115517018813E803322BE80361E1
:10135000140101642DED39CC4604294D121416C236
:1013600001C4090132641305011C090901260A2080
:10137000418D09A5A4394FD90481135817132001B1
:10138000163E22E2223E2BFE220113E2021D203FE6
:10139000201F982B7F4401134740180D040404F4C8
:1013A00084D4A5A6A4D484F40C21300EFE0202122B
:1013B0003A1613121A3242827E16FC848484FC2A66
:1013C000100124FF10101A3F0919E236010640806F
:1013D0007F1720102CE724243AF01E2AF0DC150198
:1013E0007F21113008070202FF02020719552BFF67
:1013F000540125FF040684101011118989959391D9
:10140000FD919B95C58919091F10D0121C10D05849
:1014100017FF0808088C08280A206027101C1310E2
:10142000FF41011BFF01791DD0FF9050AC1EC44449
:10143000464460B0120312FF1C1108467D34020CB2
:1014400018180D1008078C54261428478C9406BFD2
:10145000C01002028189B2828AB282C3A29881033B
:101460000114260356126912721274127512611257
:101470006C12201243124F1A4D0812503A6F181A6C
:101480002002011613414F0C1C08035C040A117D55
:1014900024512AC287120836DA0B0108121AEC0806
:1014A00032431351511B086D041355521B08650438
:1014B0001A8F041AD9041321531B08F7081AFF04C2
:1014C0001A070C4132401D2F0C0108E2111A330893
:1014D00029FA1A4B084226120E2A20081A046729F4
:1014E000741A3D380916A41A4D1C4129920124E9A9
:1014F00028221129C3F1CB803F0801261305092BAF
:101500000909621281160A010341885808CADE5689
:1015100055544B210A25524B10027917C2234C0215
:101520000406C72C0203040425060708097CA24A06
:1015300004B8591539C01C0801404A89D0191069EE
:10154000296910394E6910140C0140DA8010DA4014
:1015500010DA2010CA101039089960E910593F7943
:1015600010596F7910596F7910595F796069406926
:10157000D8690CA910DA0310DA05109A0650691818
:1015800069704909991059217910DA0410DA0810A4
:1015900059B1791059B1791059E16980B9F0191030
:1015A0000A1180E0E910292CA9102993A910DA0763
:1015B0001059A3D113F40F142004101B2014041A83
:1015C00024041A34041A44041A5404411A64081AEC
:1015D00074041A84041A94041AA4041AB4041AC4CD
:1015E000041AD4041AE4041AF4041B041144190460
:1015F000811A240C1A34041A44041A54041A640478
:101600001A74041A84041A94045AA42C1AB4081ADA
:10161000C4041AD4041AE4041AF4041305051C09BA
:101620000901DE12812409030317141201085193E2
:101630001B0838081A5D081A2C08131B991B082070
:1016400008130F9B1B080C081BE99EDF190813BF2A
:101650009F100808340F010819A11B0824081A83D9
:10166000081AF4081AB1080138134188B808CADE0C
:1016700050446F4119127D6F415044F099269A21D0
:10168000209B100219024723093D900809250102F9
:10169000030405060708980314204132341AFD019B
:1016A0004113090D2D0A0A03015A1A01069100007F
:04000005080000ED02
:00000001FF
