:020000040800F2
:10000000B8320020F15500084502000847020008F8
:100010004B0200084F0200085302000800000000D5
:100020000000000000000000000000009D0100082A
:100030005702000800000000E10100080B860008DC
:100040000B5600080B5600080B5600080B5600080C
:100050000B5600080B5600080B5600080B560008FC
:100060005D040008A10400080B5600080103000805
:10007000E30200083F0300080B5600087502000861
:100080000B560008810200080B5600080B560008AA
:100090000B5600080B5600080B5600080B560008BC
:1000A0000B5600087B0300080B5600080B5600088F
:1000B000A7030008D5030008010400080B56000838
:1000C0000B5600080B5600080B5600085904000890
:1000D0000B5600085D0200080B5600080B5600087E
:1000E0000B5600080B5600080B5600080B5600086C
:1000F0000B5600080B5600080B5600081B0300089F
:100100000B5600080B5600082D0400085B0400087D
:100110000B5600080B5600084D0300085903000851
:100120000B5600089B020008B50200080B56000899
:100130000B5600080B5600080B5600080B5600081B
:100140000B5600080B5600080B5600080B5600080B
:10015000D50200080B5600080B5600080B56000885
:100160000B5600080B5600080B5600080B560008EB
:100170000B5600080B5600080B5600080B560008DB
:100180000B5600080B560008DFF80CD009F04EFDA6
:100190000048004725530008B8320020234B196857
:1001A0000868B0E8F04F80F309884FF0000080F352
:1001B000118870470000000003480068006880F361
:1001C000088862B600DF00BF08ED00E0DFF80C0031
:1001D000016841F470010160704700BF88ED00E0E4
:1001E000EFF30980114B1A681EF0100F08BF20EDC5
:1001F000108A20E9F04F106008B54FF0140080F32A
:10020000118808F0CAFD4FF0000080F31188BDE8A6
:10021000084019680868B0E8F04F1EF0100F08BFDA
:10022000B0EC108A80F30988704700BFEC02002010
:10023000EFF311804FF0140181F31188704780F3C0
:1002400011887047704700BFFEE700BFFEE700BFA0
:10025000FEE700BFFEE770477047704710B540F2F9
:100260002551904807F0E5FA18B120218D4807F094
:10027000D7FA10BD10B58C498C4806F00FFA10BDA6
:1002800010B58B498948303006F0DEF920B1884935
:100290008648303006F002FA10BD10B58549864810
:1002A00006F0D2F928B18349834806F0F7F901F046
:1002B0001DFD10BD10B581497F48183006F0EEF9DC
:1002C0007F4840787E49097840EA012000B27D49A4
:1002D000088010BD10B57C497748603006F0DEF923
:1002E00010BD10B573497148483806F0ADF930B10A
:1002F00070496E48483806F0D1F900F09FFA10BDF9
:1003000010B572496948603806F09EF920B16F490E
:100310006648603806F0C2F910BD10B56C496348F4
:10032000483006F091F948B100216048483006F0A5
:10033000E1F867495D48483006F0B0F910BD10B5E6
:1003400059495A48303806F0A9F910BD10B50121B5
:10035000604806F0CBFF10BD10B501215E4806F0E5
:10036000C5FF7A204F49888001215C4807F070F969
:1003700001215B4807F06CF910BD10B50121594807
:1003800006F0B4FF5748008800F0100028B1564826
:100390000068401E5449086004E053480068401C4F
:1003A0005149086010BD10B50121880706F09EFF75
:1003B0004FF08040008800F0100028B14B480068E2
:1003C000401E4A49086004E048480068401C47490C
:1003D000086010BD10B50121454806F087FF44486C
:1003E000008800F0100028B142480068401E4149D2
:1003F000086004E03F480068401C3E49086010BDAA
:1004000010B501213C4806F071FF3B48008800F020
:10041000100028B139480068401E3849086004E0DF
:1004200036480068401C3549086010BD10B50121F0
:10043000334806F05BFF3248008800F0100028B116
:1004400030480068401E2F49086004E02D480068CD
:10045000401C2C49086010BD7047704710B504203F
:1004600006F0B4F9D8B12021274805F038FA042164
:10047000264805F00FFA012804D10021164806F09D
:10048000B5FA09E00421214805F004FA20B9124820
:1004900006F0B0FA1E49086004201E49086010BD2D
:1004A0007047000000100140208000207060024072
:1004B0000080202000880010286402400080201066
:1004C0000805002064000020008800202080001023
:1004D0000080002800100040001400400048004048
:1004E00000140140000001404400002048000020AA
:1004F000000400404C000020000800406000002084
:10050000000C00405000002000000240000C02409F
:1005100040000020143C014070B50446204609F01C
:1005200025F805462146F74809F027F8A0B195229D
:100530002146F44809F00EF80021F34805F0DAFFEF
:10054000F048F1490C310860EF48B838C0F8BC50A9
:100550000121ED4805F0CEFF70BD70B504460025C1
:1005600010E0605D68B1615DE84807F09CF800BF8D
:100570008021E64807F047F90028F9D0681CC5B289
:1005800000E070BDEDE770B5044600250FE05CB1FA
:100590002146DE4807F087F800BF8021DB4807F0DE
:1005A00032F90028F9D000E070BD681CC5B2032DF7
:1005B000EDDB00BFF8E713B50C460020FFF7E3FFC3
:1005C000D3A0FFF7CAFF2346D2A29621D24809F052
:1005D00087FBD148FFF7C1FFD0A0FFF7BEFFCDA238
:1005E0009621CD48009B09F07BFBCB48FFF7B5FF78
:1005F000CCA0FFF7B2FFFF20FFF7C5FFFF20FFF7FA
:10060000C2FFFF20FFF7BFFF1CBD70B505460C46BB
:10061000BFA0FFF7A2FF2246BEA1BF4809F078FBAA
:10062000BD48FFF79AFFBDA0FFF797FF2846FFF7E9
:1006300094FFBCA0FFF791FFFF20FFF7A4FF70BD60
:1006400077B585B00546FF26B4A103C9CDE90301FE
:10065000B4A000680290AEA00068019000240AE0F7
:100660000020B1490855B1490855AB490855A5497D
:100670000855601CC4B21E2CF2DB0A20A649087083
:10068000FF2048708870C870A2A1A848079A09F096
:100690003FFBA64901A808F051FF01A99E4808F0B8
:1006A0004DFF03A99C4808F049FF29469A4808F0E5
:1006B00045FF98A19D48069A09F02AFB9B49964858
:1006C00008F03CFF02A9944808F038FFFF20964943
:1006D000087048708870904808F030FF8E48FFF727
:1006E0001BFF08B070BDF7B584B005460E46FF2766
:1006F0008AA103C9CDE902018AA00068019084A003
:1007000000680090002408E00020874908558749C8
:10071000085581490855601CC4B20A2CF4DB0A2034
:100720007D490870FF2048708870C87079A17F48A3
:10073000069A09F0EDFA7D49684608F0FFFE694621
:10074000754808F0FBFE02A9734808F0F7FE294639
:10075000714808F0F3FE31466F4808F0EFFE01A93A
:100760006D4808F0EBFEFF206F49087048708870F4
:100770000020C8700871684808F0E0FE6648FFF77E
:10078000CBFE07B0F0BD01B58EB069A2322101A841
:100790000E9B09F0A5FA01A8FFF7BEFE0FB000BD41
:1007A00073B584B00546FF265CA103C9CDE90201FB
:1007B0005CA00068019056A00068009000240AE048
:1007C00000205949085559490855534908554D497C
:1007D0000855601CC4B21E2CF2DB0A204E4908707A
:1007E000FF2048708870C8704AA15048059A09F0E7
:1007F0008FFA4E49684608F0A1FE6946464808F05F
:100800009DFE02A9444808F099FE2946424808F096
:1008100095FE4649404808F091FE01A93E4808F07F
:100820008DFEFF2040490870487088703A4808F0F3
:1008300085FE3948FFF770FE06B070BD1CB53F4815
:1008400000783E49497808443C49897808443B4946
:10085000C97808443949097908443849497908442C
:100860003649897908443549C97908443349097AB0
:100870000844C0B201903148007A00F00F000090A7
:100880009DF800000D2803D000212D4806F0E0FE61
:100890001CBD2A48007A00F00F000D2806D1274819
:1008A000007800F0010008B10D2070470020FCE73F
:1008B0001CB5244806F09EF82349096840EA014027
:1008C0000A2190FBF1F00090002417E01D4806F08B
:1008D00091F81D49096840EA01400A2190FBF1F0B6
:1008E0000190DDE90021881A002801DB014600E0C3
:1008F0004142052900DA641C01980090022CE5DBD6
:1009000001981CBD62040020B86002400050004005
:1009100074000000256400002C0300202E747874FD
:100920003D2200002200000012040020EA03002003
:100930006A302E76616C3D2564000000440500207D
:100940000048004000000140440000201CB54FF06A
:10095000804006F04FF8F849096840EA01400A2152
:1009600090FBF1F00090002418E04FF0804006F07A
:1009700041F8F149096840EA01400A2190FBF1F091
:100980000190DDE90021881A002801DB014600E022
:100990004142322900DA641C01980090022CE4DB09
:1009A00001984100002901DB08461CBD4842FCE7D4
:1009B0001CB5E24806F01EF8E149096840EA01402A
:1009C000642190FBF1F00090002417E0DB4806F072
:1009D00011F8DB49096840EA0140642190FBF1F01D
:1009E0000190DDE90021881A002801DB014600E0C2
:1009F0004142322900DA641C01980090022CE5DBA8
:100A000001981CBD70471CB5CE4805F0F3FFCE49D8
:100A1000096840EA0140642190FBF1F00090002455
:100A200017E0C84805F0E6FFC749096840EA0140F9
:100A3000642190FBF1F00190DDE90021881A002883
:100A400001DB014600E04142322900DA641C0198D2
:100A50000090022CE5DB01981CBD01B581B000209F
:100A60000090019800EBC0004000009002E0009868
:100A7000401E009000980028F9D10CBD01B581B04E
:100A80000020009044F2506101984843009002E039
:100A90000098401E009000980028F9D10CBD1CB5AC
:100AA00001211F2005F0DAF84FF6FF7000900120B9
:100AB0008DF8040000208DF8060001208DF8070055
:100AC00003208DF805006946A04804F081FE4FF62A
:100AD000FF70009001208DF8040000208DF80600C2
:100AE00001208DF8070003208DF80500694698481D
:100AF00004F06EFE4FF6FF70009001208DF80400A8
:100B000000208DF8060001208DF8070003208DF8E5
:100B1000050069468F4804F05BFE1CBD1CB5012131
:100B20007E2005F09BF8C020009000208DF8040086
:100B300001208DF8070002208DF8050069468648DF
:100B400004F046FE0620009000208DF804000120ED
:100B50008DF8070002208DF8050069467B4804F0F7
:100B600037FE0420009000208DF8040001208DF84D
:100B7000070002208DF805006946754804F028FE3C
:100B80001CBD1FB54FF4E06004F044FD36208DF825
:100B9000000000208DF801008DF8020001208DF882
:100BA0000300684604F03BFD0121102005F089F8A0
:100BB0003220ADF8040040F2E73002900020ADF89A
:100BC0000C00ADF8060001A9644805F0C6FE01213D
:100BD000624806F08BFB01221146604806F05EFB7E
:100BE00000215E4805F002FF01215C4805F03EFF50
:100BF0001FBD1FB54FF4E06004F00CFD37208DF8E9
:100C0000000000208DF801008DF8020001208DF811
:100C10000300684604F003FD0121202005F051F88F
:100C20003220ADF8040040F2E73002900020ADF829
:100C30000C00ADF8060001A9494805F08EFE01211F
:100C4000474806F053FB01221146454806F026FBB3
:100C50000021434805F0CAFE0121414805F006FF86
:100C60001FBD00B58BB00121022005F03BF801212A
:100C70000C2004F0F3FF03220621354804F033FE74
:100C800003220721324804F02EFE032208213048B7
:100C900004F029FE032209212D4804F024FE4FF41C
:100CA0007070069002208DF81C0003208DF81D0046
:100CB00000208DF81E0001208DF81F0006A9244891
:100CC00004F086FDA420ADF8200040F6B83009906D
:100CD0004FF48070ADF828000020ADF8220008A97C
:100CE000204805F03AFE6020ADF804000120ADF880
:100CF000060000200390ADF810000121194805F00E
:100D0000B5FE0021174805F071FE01A9154805F050
:100D1000B9FE01A9134805F0EEFE01A9114805F03E
:100D200037FF01A90F4805F099FF01210D4806F092
:100D30008EFA0BB000BD0000480000200008004003
:100D400060000020000400404C000020000402402D
:100D500000080240000C0240000002400010004069
:100D6000001400400004014000B58BB001210820B0
:100D700004F0A7FF0121084604F070FF02220021C1
:100D8000FE4804F0B0FD02220121FC4804F0ABFD56
:100D900002221146F94804F0A6FD02220321F74879
:100DA00004F0A1FD0F20069002208DF81C00032006
:100DB0008DF81D0000208DF81E0001208DF81F0009
:100DC00006A9EE4804F004FDBA20ADF8200042F276
:100DD000107009900020ADF82800ADF8220008A995
:100DE000E74805F0BAFD6020ADF804000120ADF839
:100DF000060000200390ADF810000121E04805F046
:100E000035FE0021DE4805F0F1FD01A9DC4805F0C2
:100E100039FE01A9DA4805F06EFE01A9D84805F0AF
:100E2000B7FE01A9D64805F019FF0121D44806F004
:100E30000EFA0BB000BD00B58BB00121042004F008
:100E400040FF01210D2004F009FF02220C21CD48B2
:100E500004F049FD02220D21CA4804F044FD02229B
:100E60000E21C84804F03FFD02220F21C54804F0BE
:100E70003AFD4FF47040069002208DF81C000320CC
:100E80008DF81D0000208DF81E0001208DF81F0038
:100E900006A9BC4804F09CFCA420ADF8200040F654
:100EA000B83009904FF48070ADF828000020ADF8FC
:100EB000220008A9B44805F050FD6020ADF80400F8
:100EC0000120ADF8060000200390ADF810000121CC
:100ED000AD4805F0CBFD0021AB4805F087FD01A929
:100EE000A94805F0CFFD01A9A74805F004FE01A916
:100EF000A54805F04DFE01A9A34805F0AFFE0BB0D3
:100F000000BD00B589B00121080404F0EBFE012109
:100F1000084604F0A3FE03221146984804F0E3FCBF
:100F200003220221954804F0DEFC0C2001900220EF
:100F30008DF8080003208DF8090000208DF80A00C4
:100F400001208DF80B0001A98C4804F041FC002021
:100F5000ADF818004FF6FF7007900020ADF82000A4
:100F6000ADF81A0006A9894805F0F7FC0420ADF891
:100F70000C000020ADF80E00C820ADF814000120D0
:100F8000ADF8100003A9814806F0BEF800231A4608
:100F900003217F4806F055FA01217D4806F0A6F9A5
:100FA000012211467A4806F079F90121774805F0C7
:100FB0005DFD0021764805F019FD09B000BD00B5C2
:100FC00089B00121084604F07CFE0121022004F0D2
:100FD00078FE0121032004F041FE01220F21674821
:100FE00004F081FC012203216A4804F07CFC022207
:100FF0000421684804F077FC02220521654804F0CA
:1010000072FC3820019002208DF8080003208DF832
:10101000090000208DF80A0001208DF80B0001A9BD
:101020005C4804F0D5FB4FF40040019002208DF89D
:10103000080003208DF8090000208DF80A00012027
:101040008DF80B0001A94D4804F0C2FB0020ADF85B
:1010500018004FF6FF7007900020ADF82000ADF8A3
:101060001A0006A94FF0804005F077FC06A94A480F
:1010700005F073FC0420ADF80C000220ADF80E0062
:101080001420ADF814000120ADF8100003A980076A
:1010900006F03AF803A9404806F036F802231A464B
:1010A0000321580706F0CDF902231A4603213A48D6
:1010B00006F0C7F90121880706F018F90121364822
:1010C00006F014F901221146900706F0E7F8012214
:1010D0001146314806F0E2F80121880705F0C6FC08
:1010E00001212D4805F0C2FC00214FF0804005F0A1
:1010F0007DFC0021284805F079FC4FF4C06004F025
:1011000089FA1D208DF8000003208DF801000020D1
:101110008DF8020001208DF80300684604F07FFA84
:101120001C208DF8000004208DF8010000208DF8AF
:10113000020001208DF80300684604F070FA09B03F
:1011400000BD00B589B00121084604F0CBFD0121A6
:10115000102004F083FD4FF42060019002208DF8F0
:10116000080003208DF8090000208DF80A000120F6
:101170008DF80B0001A9094812E0000000000240B0
:10118000000C0040000C024000080040000001403C
:1011900000400140000402400004004000100240F2
:1011A00004F016FB01220921FE4804F09CFB0122F9
:1011B0000B21FC4804F097FB0020ADF818004FF617
:1011C000FF7007900020ADF82000ADF81A0006A9C6
:1011D000F54805F0C2FB0420ADF80C000020ADF886
:1011E0000E000A20ADF814000120ADF8100003A98C
:1011F000ED4805F089FF00231A460321EA4806F06E
:1012000020F90121E84806F071F801221146E6486C
:1012100006F044F80121E44806F068F8012211467E
:10122000E14806F03BF80121DF4805F01FFC0021F2
:10123000DD4805F0DBFB4FF4C06004F0EBF919204A
:101240008DF8000001208DF8010000208DF80200CB
:1012500001208DF80300684604F0E1F909B000BDF3
:1012600000B589B00121042004F02BFD01210820E4
:1012700004F0F4FC4FF44050019002208DF8080077
:1012800003208DF8090000208DF80A0001208DF858
:101290000B0001A9C54804F09BFA0020ADF8180026
:1012A0004FF6FF7007900020ADF82000ADF81A004F
:1012B00006A9BF4805F051FB02220C21BB4804F0EF
:1012C00012FB02220D21B94804F00DFB0420ADF8F9
:1012D0000C000220ADF80E00C820ADF8140001206B
:1012E000ADF8100003A9B24805F00EFF02231A461C
:1012F0000321AF4806F0A5F80121AD4805F0F6FF3F
:1013000001221146AA4805F0C9FF0121A84805F0AD
:10131000ADFB42F21071A64805F068FB0020A4491D
:10132000143108800120A24908804FF4C06004F005
:1013300071F91E208DF8000004208DF801000020B6
:101340008DF8020001208DF80300684604F067F96B
:1013500009B000BD00B589B00121082004F0B1FC3E
:101360000121084604F07AFC0320019002208DF848
:10137000080003208DF8090000208DF80A000120E4
:101380008DF80B0001A98B4804F022FA0020ADF87B
:1013900018004FF6FF7007900020ADF82000ADF860
:1013A0001A0006A9844805F0D8FA022200218148D3
:1013B00004F099FA022201217E4804F094FA0420F4
:1013C000ADF80C000220ADF80E00C820ADF81400F6
:1013D0000120ADF8100003A9774805F095FE02231F
:1013E0001A460321744806F02CF80121724805F0D2
:1013F0007DFF01221146704805F050FF01216E4823
:1014000005F034FB42F210716B4805F0EFFA002052
:101410006949143108800120674908804FF4C06091
:1014200004F0F8F832208DF8000004208DF8010057
:1014300000208DF8020001208DF80300684604F0BA
:10144000EEF809B000BD00B59BB001215B4804F087
:1014500005FC0121080204F045FC002002905848D8
:101460000390584804900020059008200690002022
:1014700007904FF4806008904000099080000A9027
:1014800040110B9040020C9000200D9001200E9016
:1014900000200F90109002A94B4804F0F1FF0121A9
:1014A000494805F027F83C20009003208DF80400FF
:1014B00000208DF8070069463E4804F089F93C2079
:1014C000009003208DF8040000208DF80700694685
:1014D0003E4804F07DF9002011904FF44030129006
:1014E000002013904FF47060149011A804F02EFDAA
:1014F0004FF08070159001208DF858008DF859003C
:10150000002017901890199008208DF8680015A9F0
:101510002B484C3804F0EBFC04230122022128481C
:101520004C3804F06AFD04230222032124484C387D
:1015300004F063FD04230322194621484C3804F0CB
:101540005CFD04231A4605211D484C3804F055FD66
:10155000042305220C211A484C3804F04EFD0423C4
:1015600006220D2116484C3804F047FD04230722BB
:101570000E2113484C3804F040FD042308220F21AB
:101580000F484C3804F039FD01210D484C3804F067
:10159000DFFD01210A484C3804F0CFFD0121084845
:1015A0004C3815E00010024000000140000C0240E1
:1015B0000008004000000240000C00400500400010
:1015C0004C200140F8040020106402400008024052
:1015D00004F0D3FCFE4804F06CFD1BB000BD08B560
:1015E0004FF4E06004F016F825208DF8000000208C
:1015F0008DF801008DF8020001208DF80300684687
:1016000004F00DF808BD10B596B004460121102075
:1016100004F068FB0121084604F020FB0121880545
:1016200004F01CFB4FF4C060009002208DF8040011
:1016300000208DF806008DF8070002208DF80500C7
:101640006946E44804F0C4F807220921E14804F09F
:101650004AF907220A21DF4804F045F902940020E4
:10166000ADF80C00ADF80E00ADF81000ADF81400A8
:101670000C20ADF8120002A9D74805F061FF012146
:10168000D54805F0E5FF4FF4A06003F0C3FF3A2012
:101690008DF8180000208DF819008DF81A0001202F
:1016A0008DF81B0006A803F0BAFFCC4804F046FEF4
:1016B0004FF00060079000200A90C94809900A2066
:1016C0000B90C548001D089000200C904FF48060DE
:1016D0000D9000200E900F904FF4807010904002FB
:1016E0001190042012900320139000201490159064
:1016F00007A9BA4804F0C4FE01224021B64806F00A
:1017000054F801221021B54804F081FF0121B348AB
:1017100004F0F0FE16B010BD10B596B004460121DD
:10172000480504F09BFA0121480404F0CAFA01219B
:10173000082004F093FA6020009002208DF8040045
:1017400000208DF806008DF8070002208DF80500B6
:101750006946A44804F03CF807220521A14804F09A
:10176000C2F8072206219F4804F0BDF80294002029
:10177000ADF80C00ADF80E00ADF81000ADF8140097
:101780000C20ADF8120002A9974805F0D9FE0121FE
:10179000954805F05DFF4FF4A06003F03BFF11207A
:1017A0008DF8180000208DF819008DF81A0001201E
:1017B0008DF81B0006A803F032FF8C4804F0BEFD34
:1017C0004FF00060079040200A90894809903C2023
:1017D0000B908548001D089000200C904FF480600D
:1017E0000D9000200E900F904FF4807010904002EA
:1017F0001190042012900320139000201490159053
:1018000007A97A4804F03CFE01228021764805F0C1
:10181000CCFF01228021744805F0C7FF012210216E
:10182000724804F0F4FE0121704804F063FE16B023
:1018300010BD10B596B004460121880404F041FAA9
:101840000121082004F00AFA0121480504F006FAF3
:101850004FF44070009002208DF8040000208DF8B5
:1018600006008DF8070002208DF8050069465D48E6
:1018700003F0AEFF072208215A4804F034F807228B
:101880000921584804F02FF802940020ADF80C000C
:10189000ADF80E00ADF81000ADF814000C20ADF856
:1018A000120002A9534805F04BFE0121514805F0F2
:1018B000CFFE4FF4A06003F0ADFE0C208DF81800B1
:1018C00000208DF819008DF81A0001208DF81B00FA
:1018D00006A803F0A4FE4548783804F02FFD4FF029
:1018E0000060079000200A90434809900A200B905E
:1018F0004048001D089000200C904FF480600D902F
:1019000000200E900F904FF48070109040021190C4
:10191000042012900320139000201490159007A922
:101920003248783804F0ACFD01224021314805F0FE
:101930003CFF012240212F4805F037FF01221021F2
:101940002A48783804F063FE01212848783804F0EA
:10195000D1FD16B010BD10B596B004460121C804E3
:1019600004F0AFF90121084604F078F90121480597
:1019700004F074F90320009002208DF80400002088
:101980008DF806008DF8070002208DF805006946E5
:10199000104803F01DFF082200210E4803F0A3FFAA
:1019A000082201210B4803F09EFF02940020ADF8AD
:1019B0000C00ADF80E00ADF81000ADF814000C20CE
:1019C000ADF8120002A90D4805F0BAFD012117E09B
:1019D000002001400000024000100140406402402D
:1019E00008050020000C024000440040A0600240B6
:1019F000040000200048004044050020004C004046
:101A0000FB4805F025FE4FF4A06003F003FE0D2017
:101A10008DF8180000208DF819008DF81A000120AB
:101A20008DF81B0006A803F0FAFDF24804F086FCCE
:101A30004FF00060079000200A90EF4809900820BE
:101A40000B90EB48001D089000200C904FF4806034
:101A50000D9000200E900F904FF480701090400277
:101A600011900420129003201390002014901590E0
:101A700007A9E04804F004FD01224021DC4805F0FC
:101A800094FE01224021DA4805F08FFE0122102148
:101A9000D84804F0BCFD0121D64804F02BFD16B057
:101AA00010BD10B596B004460121480504F0D6F8E3
:101AB0000121080504F005F901210C2004F0CEF8FD
:101AC0000420009002208DF8040000208DF806000C
:101AD0008DF8070002208DF805006946C74803F01D
:101AE00077FE4FF48050009002208DF80400002013
:101AF0008DF806008DF8070002208DF80500694674
:101B0000BF4803F065FE08220221BC4803F0EBFE4B
:101B100008220C21BA4803F0E6FE4FF4A06003F05F
:101B200079FD2F208DF8180005208DF819008DF80B
:101B30001A0001208DF81B0006A803F070FD029426
:101B40000020ADF80C00ADF80E00ADF81000ADF8B7
:101B500014000C20ADF8120002A9AA4805F0F0FC10
:101B60000121A84805F074FDA248783004F0E6FB96
:101B70004FF00060079040200A90A34809909620FB
:101B80000B90A048001D089000200C904FF480603E
:101B90000D9000200E900F9010904FF40030119097
:101BA000002012900320139000201490159007A994
:101BB0009048783004F064FC01228021914805F0BF
:101BC000F4FD012210218B48783004F020FD012122
:101BD0008848783004F08EFC16B010BD10B596B071
:101BE00004460121202004F07DF80121042004F0A6
:101BF00035F80121880504F031F8C020009002205A
:101C00008DF8040000208DF806008DF807000220F2
:101C10008DF8050069467A4803F0DAFD08220621AE
:101C2000774803F060FE08220721754803F05BFE49
:101C300002940020ADF80C00ADF80E00ADF81000D5
:101C4000ADF814000C20ADF8120002A96F4805F0A1
:101C500077FC01216D4805F0FBFC4FF4A06003F018
:101C6000D9FC39208DF8180003208DF819000120C7
:101C70008DF81A008DF81B0006A803F0D0FC64480C
:101C800004F05CFB4FF02060079000200A90614850
:101C9000099010200B905D48001D089000200C90CA
:101CA0004FF480600D9000200E900F904FF48070E4
:101CB00010904002119004201290032013900020F5
:101CC0001490159007A9524804F0DAFB0122402134
:101CD0004E4805F06AFD012210214D4804F097FCA2
:101CE00001214B4804F006FC16B010BD0EB50020D3
:101CF0000290019000904748007802282ED1454874
:101D0000407801904348C0784249897840EA0120F0
:101D10000090404909783F4A527811443D4A9278F0
:101D200011443C4AD2788818C11700EB116109129E
:101D3000A0EB0121C9B20291364800799DF8081044
:101D400088420BD133484079032807D19DF804001D
:101D500031490870BDF80000304908800EBD00B55B
:101D600085B00121082003F079FF0121880303F0E9
:101D7000B9FF00208DF8100001208DF813000C2011
:101D8000039003A91D4803F023FD0221032005F061
:101D9000A5FD0420009000208DF8040010208DF88F
:101DA000050001208DF80600684604F0A9FC082013
:101DB0008DF8080000208DF809008DF80A00012038
:101DC0008DF80B0002A803F02AFC05B000BD70B529
:101DD00004460D46012C25D12946114805F063FC27
:101DE00000BF40210E4805F00EFD0028F9D042E06A
:101DF000004C00404060024017050020000C0240EB
:101E0000000802400050004062040020001401401D
:101E10002864024053050020280100202A010020E8
:101E200000100140032C0BD12946FE4805F03BFC75
:101E300000BF4021FB4805F0E6FC0028F9D01AE07D
:101E4000042C0BD12946F84805F02DFC00BF402199
:101E5000F54805F0D8FC0028F9D00CE0052C0AD193
:101E60002946F24805F01FFC00BF4021EF4805F06D
:101E7000CAFC0028F9D070BD0020ED494862ED4948
:101E80000860ED490860ED49086070470020E849A6
:101E90004862E84908604FF080414862E8490860BC
:101EA000E8490860E8490860E3490860E3490860D8
:101EB00070470020E0490860E04908607047002052
:101EC000E0490860E0490860704710B50020DF492C
:101ED0000870002407E061210120FFF778FF32201D
:101EE000FEF7CCFD641C022CF5D30120D749087005
:101EF0007A20D749087010BD10B50020D549087068
:101F0000002407E061210320FFF761FF3220FEF784
:101F1000B5FD641C022CF5D30120CE4908707A204F
:101F2000CD49087010BD2DE9F14FAEB0CBA02D907A
:101F300000202C908DF888008DF860002E981328D2
:101F400032D2DFE800F00A323940474E555C636A0E
:101F50007172737A868D94FEFD000221C84803F0E9
:101F600099FC88B100224FF40041C64803F0B0FC50
:101F70004FF40041C34803F09AFC04460022214676
:101F8000C1A0FEF75DFB0FE00122D103BD4803F0C5
:101F90009FFC4FF40041BB4803F089FC044600223B
:101FA0002146C1A0FEF74CFB45E20122C64801686C
:101FB000C6A0FEF745FB3EE20222C6480168C6A065
:101FC000FEF73EFB37E20322C6480168C6A0FEF7D3
:101FD00037FB30E20422C7480168C7A0FEF730FB98
:101FE00029E20522C7480178C7A0FEF729FB22E2B3
:101FF0000622C7480188C7A0FEF722FB1BE2072282
:10200000C7480168C7A0FEF71BFB14E20A22C948B3
:102010000168C9A0FEF714FB0DE20922CA48016855
:10202000CAA0FEF70DFB06E205E204E20C22CB4853
:102030000168CBA0FEF704FBFDE10D22CC4890ED3A
:10204000000ABDEEC00A10EE101ACAA0FEF7F8FA98
:10205000F1E10E22CA480168CAA0FEF7F1FAEAE1EE
:102060000F22CD480168CDA0FEF7EAFAE3E1012195
:10207000CF4803F00FFC4FF400511790814803F054
:1020800009FC04460221CA4803F004FC05464FF44B
:1020900080417C4803F0FEFB06460421C44803F05F
:1020A000F9FB4FF400411690C14803F0F3FB0746DB
:1020B0000821BF4803F0EEFB80464FF48041BC4846
:1020C00003F0E8FB81461021B94803F0E3FB4FF42D
:1020D00000511590B64803F0DDFB82460821B54853
:1020E00003F0D8FB4FF480511490B14803F0D2FBB9
:1020F00010211390AF4803F0CDFB4FF48061129094
:10210000AB4803F0C7FB83468021A94803F0C2FB1C
:102110004FF480711190A64803F0BCFB1090179803
:10212000CDE90B65CDE90D401698CDE90798CDE9CD
:102130000970DDE913121598CDE9042A039101E035
:1021400072E111E00690DDE91101CDE901B10090E5
:1021500099A2282122A8109B07F0C2FD122222A9D1
:102160007DA0FEF7C0FA66E18021454803F09FFBA1
:1021700004460121424803F09AFB054640214048AD
:1021800003F095FB06464FF400418A4803F08FFBAD
:1021900007464FF48051914803F089FB80464FF485
:1021A0008061374803F083FB81464FF400618B4820
:1021B00003F07DFB4FF400611790314803F077FB8B
:1021C00082464FF480617B4803F071FB83464FF4F5
:1021D00080512B4803F06BFB4FF40061169075485B
:1021E00003F065FB4FF400511590254803F05FFBA9
:1021F0004FF4804114906F4803F059FB4FF4804135
:1022000013901F4803F053FB4FF4807112907348F2
:1022100003F04DFB4FF400411190194803F047FBC8
:10222000DEE0000000480040004C0040005000404C
:10223000000001404400002024080040600000200D
:1022400048000020240400404C00002069000020C9
:10225000680000206B0000206A000020313131311D
:10226000313131313131313131313131313131315E
:102270003131303131313131313131310000000013
:102280000004024000080240524F424F54203220C6
:1022900044414E4720434841592053414E20584124
:1022A0004E483A2020200000524F424F5420322006
:1022B00044414E4720434841592053414E20444F0A
:1022C0003A20202000000000C4010020494D553A6A
:1022D0000000000080000020474F432042414E3A5A
:1022E00000000000EC0000205649205452492042D2
:1022F000414E3A0044020020676F635F6C6964617D
:10230000723A0000280100206F66667365743A0017
:102310002A01002064697374616E63653A000000ED
:10232000400200204C75635F42616E5F6C696461BE
:10233000723A000094000020476F635F42616E5F55
:102340006175746F3A0000007800002047545F4CBC
:10235000415A45525F545241493A000090000020D2
:102360004C75635F42616E5F6C617A65723A000022
:102370008C0000204A6F79537469636B3A00000047
:102380003802002066696E616C5F726573756C74EB
:102390005F6C617A65723A003C02002066696E618A
:1023A0006C5F726573756C745F6C696461723A001E
:1023B00000100240000C0240256425642564256459
:1023C00025642564256425642564256425642564C5
:1023D0002564256425642564000000000000024097
:1023E000CDE90B76CDE90D5410901798CDE907A0F3
:1023F000CDE90998DDE915211498CDE9051BCDE952
:102400000302DDE911121398CDE900120290AFF238
:102410005802282122A8109B07F062FC112222A951
:10242000FEA0FEF760F906E0FE48017A1022FEA049
:10243000FEF706F900BF00BF2FB0BDE8F08F10B562
:102440000121FB4804F056F810BD01B5F9480068B9
:102450000099884203DD0020F649086004E0F54851
:102460000068401CF3490860F2480068FFF75BFD14
:1024700008BD10B52DED028BEA48C07801EE100AB8
:10248000B8EE411ADFEDEC1A31EE611AF0EE410AB6
:10249000E448807801EE100AB8EE411ADFEDE61A42
:1024A00031EE611AB0EE410A07F072FCF0EE408A9C
:1024B000E248D0ED000A9FEDE21A81EE200A20EEFC
:1024C000280AB0EE408AB5EEC08AF1EE10FA05D2C5
:1024D0009FEDDC0A38EE000AB0EE408AD148C078A1
:1024E0007E2807D1CF4880787F2803D19FEDD60A78
:1024F000B0EE408A9FEDD20AB4EEC08AF1EE10FA37
:1025000006D8B2EE040A28EE000AB0EE408A09E0CE
:102510009FEDCC0A38EE400AF2EE040A20EE200AC3
:10252000B0EE408AC94880ED008ABDEC028B10BD38
:10253000F0B5DDE9054520B9C54E3678C54FFE70CA
:102540000BE0002804DDC34FF8700126BE7004E0E4
:102550004642C04FFE700026BE7021B9BC4E367890
:10256000BC4FFE720BE0002904DDBA4FF971012661
:10257000BE7104E04E42B74FFE710026BE7122B913
:10258000B34E3678B34FFE720BE0002A04DDB14F34
:10259000FA720126BE7204E05642AE4FFE72002669
:1025A000BE7223B9AA4E3678AA4FFE730BE0002BF9
:1025B00004DDA84FFB730126BE7304E05E42A54F05
:1025C000FE730026BE7324B9A14E3678A14FFE7467
:1025D0000BE0002C04DD9F4FFC740026BE7404E069
:1025E00066429C4FFE740126BE7425B9984E36781B
:1025F000984FFE750BE0002D04DD964FFD7501260A
:10260000BE7504E06E42934FFE750026BE75F0BDA8
:10261000904AD070D071D072D073D074D07570479A
:1026200001208D49086070478A48C078032815DA70
:102630008848C079032811DA8648C07A03280DDA61
:102640008448C07B032809DA8248C07C032805DA65
:102650008048C07D032801DA012070470020FCE794
:102660007E48006847F23051884201D0012070470F
:102670000020FCE710B5FFF728FC10BD7848B0F942
:10268000000040427047B5EEC00AF1EE10FA09D2E0
:102690007448D0ED000A70EE600AFDEEE00A10EE1C
:1026A000900A70476F48D0ED000A70EE200AFDEEE8
:1026B000E00A10EE900AF4E710B52DED0A8B0446FF
:1026C00024B99FED690ABDEC0A8B10BD002C25DAF8
:1026D0006648006807F0E7F841EC190B204607F060
:1026E000E2F841EC1C0B9FED620B53EC102B06F053
:1026F000F9FF41EC1B0B9FED5E0B53EC102B06F02A
:10270000EBFF41EC1A0B53EC192B07F05DF841EC91
:10271000180B07F0ECF800EE100AD4E753480068F5
:1027200007F0C1F841EC190B204607F0BCF841EC6A
:102730001C0B9FED4F0B53EC102B06F0D3FF41EC1D
:102740001B0B9FED4B0B53EC102B06F024FF41ECC1
:102750001A0B53EC192B07F037F841EC180B07F064
:10276000C6F800EE100AAEE7F0EE400AF5EEC00A39
:10277000F1EE10FA02DBB0EE600A7047B1EE600ACB
:10278000FBE70146002901DB084670474842FCE7A9
:1027900001463948D0ED000AF1EE600A3748D0ED25
:1027A000001A80EEA11A00EE901AF8EEE01A3248F4
:1027B000D0ED000A41EE210AB0EE600AFDEEC00A3B
:1027C00010EE900A7047F0EE401A9FED2D2AB0EE01
:1027D000420AF5EEC01AF1EE10FA03D2B1EE612A08
:1027E000F0EE421AF5EEC00AF1EE10FA03D2B1EEA5
:1027F000602AF0EE420AB5EEC01AF1EE10FA03D2EA
:10280000B1EE412AB0EE421AF4EEC01AF1EE10FA1F
:1028100001DDB0EE610AF4EEC00A33E04F55543AE0
:1028200000000000440500204241544552593A003E
:10283000A06002405C0000200000FF4284010020F4
:10284000000034430000B44300409C468C0000204C
:10285000780100200400002074010020A401002061
:1028600064000020340100200000000090010020DE
:102870009A9999999999B93F6C01002070010020AB
:102880006F12833AF1EE10FA01DDB0EE600AB4EE99
:10289000C01AF1EE10FA01DDB0EE410A7047FD48B2
:1028A00000687047FC480068704710B52DED088B34
:1028B000B0EE408AF948006847F23051884214D19E
:1028C0001FED170AF64880ED000AF64880ED000A71
:1028D000F54880ED000AF54880ED000AF44880EDE7
:1028E000000AF44880ED000AE8E0F3480068F34984
:1028F0000968401AE9490968081A00EE100AB8EE9A
:10290000C00AEF48D0ED000AEE4890ED001A00EE44
:10291000C10AD0ED000AC0EE208AEB4890ED000A13
:1029200020EE280A10EE101A084606F0CDFF41EC02
:102930001B0BB0EE4B0AF0EE6B0A08F025FBB0EE75
:1029400040AAF0EE60AA51EC1A0B81F0004141EC74
:10295000190B06F0CCFFD7490860DC4890ED000A5F
:1029600038EE800AD848D0ED000A20EE200A10EE9A
:10297000101A084606F0A8FF41EC1A0BB0EE4A0AFE
:10298000F0EE6A0A08F000FBB0EE409AF0EE609AB2
:1029900051EC190B06F0ABFFC5490860CC4890ED2F
:1029A000000A38EE800AC848D0ED000A20EE200A5E
:1029B00010EE101A084606F087FF41EC1A0BB0EE35
:1029C0004A0AF0EE6A0A08F0DFFAB0EE409AF0EE3A
:1029D000609A51EC190B06F08AFFB4490860BD48B3
:1029E00090ED000A38EE800AB748D0ED000A20EEDC
:1029F000200A10EE101A084606F066FF41EC1B0B89
:102A0000B0EE4B0AF0EE6B0A08F0BEFAB0EE40AA48
:102A1000F0EE60AA51EC1A0B81F0004141EC190B69
:102A200006F065FFA0490860A84890ED000A38EE5E
:102A3000800AA548D0ED000A20EE200A10EE101AF8
:102A4000084606F041FF41EC1B0BB0EE4B0AF0EEDE
:102A50006B0A08F099FAB0EE40AAF0EE60AA51ECC9
:102A60001A0B81F0004141EC190B06F040FF8D4933
:102A70000860974890ED000A38EE800A9248D0ED41
:102A8000000A20EE200A10EE101A084606F01CFF7D
:102A900041EC1B0BB0EE4B0AF0EE6B0A08F074FA37
:102AA000B0EE40AAF0EE60AA51EC1A0B81F00041A2
:102AB00041EC190B06F01BFF79490860B5EEC08A9E
:102AC000F1EE10FA7CD08448006807282FD2DFE8A6
:102AD00000F0042F53789CC0E000764890ED000A87
:102AE00030EE480A80ED000A714890ED000A30EEA1
:102AF000480A80ED000A6D4890ED000A30EE480A61
:102B000080ED000A684890ED000A30EE480A80ED3A
:102B1000000A644890ED000A30EE480A80ED000A91
:102B20005F4890ED000A30EE480A80ED000AFEE0B2
:102B30005F4890ED000A30EE480A80ED000A5B48DD
:102B400090ED000A30EE480A80ED000A564890EDFC
:102B5000000A30EE480A80ED000A524890ED000A63
:102B600030EE480A80ED000A4D4890ED000A30EE44
:102B7000480A80ED000ADAE04E4890ED000A30EE97
:102B8000480A80ED000A494890ED000A30EE480AF4
:102B900080ED000A444890ED000A30EE480A80EDCE
:102BA000000A404890ED000A30EE480A80ED000A25
:102BB0003B4890ED000A30EE480A80ED000AB6E08E
:102BC000B6E03C4890ED000A30EE480A80ED000A7D
:102BD000374890ED000A30EE480A80ED000A32488E
:102BE00090ED000A30EE480A80ED000A2D4890ED85
:102BF000000A30EE480A80ED000A294890ED000AEC
:102C000030EE480A80ED000A91E02A4890ED000A73
:102C100030EE480A80ED000A254890ED000A30EEBB
:102C2000480A80ED000A214890ED000A30EE480A7B
:102C300080ED000A1B4890ED000A30EE480A80ED56
:102C4000000A174890ED000A30EE480A80ED000AAD
:102C50006DE0184890ED000A30EE480A80ED000A59
:102C6000134890ED000A30EE480A80ED000A0F4844
:102C700090ED000A30EE480A80ED000A0A4890ED17
:102C8000000A30EE480A80ED000A054890ED000A7F
:102C900024E028E090010020BC010020A4010020D5
:102CA000E4010020E0010020DC010020D801002028
:102CB000D4010020D0010020C4010020B001002078
:102CC000B40100204C010020800100205C010020A4
:102CD00058010020600100208C01002030EE480ADD
:102CE00080ED000A23E0FE4890ED000A30EE480A2D
:102CF00080ED000AFB4890ED000A30EE480A80EDB6
:102D0000000AF94890ED000A30EE480A80ED000A0A
:102D1000F64890ED000A30EE480A80ED000AF448CB
:102D200090ED000A30EE480A80ED000A00BF00BFB7
:102D3000EF4890ED001AEC48D0ED000AE84890ED1D
:102D4000000AFFF740FDEB48D0ED000AF8EEE00A7C
:102D500080EE801ABDEEC10AE74880ED000AE74820
:102D60000068E5490968884203DDE3480068E349F3
:102D700008600120E2490860BDEC088B10BD10B569
:102D800004460020DF490860DF480460FCB90020E9
:102D9000DA4908609FEDDD0ADD4880ED000A47F260
:102DA0003050DC490860DC4908609FEDD80ADB48F8
:102DB00080ED000A0020DA490860DA490860DA4943
:102DC0000860DA4908609FEDD10AFFF76EFD10BD7B
:102DD00010B5D24890ED000AB5EEC00AF1EE10FA37
:102DE00005D1CF48006810B9CE48006890B19FED7A
:102DF000C70ACA4880ED000A0020C9490860C949CD
:102E00000860CB480068CB490860C44890ED000AD0
:102E1000FFF74BFD10BDC848C0ED000AC74880ED64
:102E2000000A704770B52DED028B05460C46B0EEDA
:102E3000408AB8480068A8420BD1B2480068A04256
:102E400007D1B34890ED000AB4EE480AF1EE10FA4B
:102E500018D0AC480460A948006810B90520A749FB
:102E60000860B3480068B3490860A94880ED008A4B
:102E7000A84805600020B2490860A84890ED000A03
:102E8000FFF713FDBDEC028B70BD70B52DED028B0D
:102E90000446B0EE408A0D46A2480068A0420BD11D
:102EA0009E4890ED000AB4EE480AF1EE10FA03D104
:102EB0009B480068A84237D09648006847F23051D6
:102EC000884222D150208F49086003208B49086036
:102ED00047F23050844218DA012093490860B5EE79
:102EE000C08AF1EE10FA03DD91480068A04208DCC8
:102EF000B5EEC08AF1EE10FA07D28D480068A04204
:102F000003DAB1EE480AB0EE408A8648046084488D
:102F10000560824880ED008A0020894908607F486A
:102F200090ED000AFFF7C1FCBDEC028B70BD10B53F
:102F30002DED028BB0EE408A04462146B0EE480AE1
:102F400047F23050FFF7A1FFBDEC028B10BD70B50A
:102F500004460D469FED6D0A29462046FFF762FFA5
:102F600070BD70B52DED088BF0EE408A0446B0EED2
:102F7000608AB0EE419A684890ED000AB8EEC00A47
:102F8000B4EE680AF1EE10FA0DD15E480068A04276
:102F900009D1644890ED000AB8EEC00AB4EE480AC0
:102FA000F1EE10FA5ED0BDEEE80A5B4880ED000A53
:102FB0005F4991ED000AB8EEC00A38EEC00ABDEED6
:102FC000C00A10EE100A9FED510A2146FFF72AFFB2
:102FD000574890ED000AB8EEC00A38EE400ABDEE40
:102FE000C00A10EE105A002D01DB284600E06842AE
:102FF000642814DD4E4890ED000AB8EEC00AB4EE25
:10300000C08AF1EE10FA02DDB0EE490A01E0B1EE3D
:10301000490A10EE101A084606F056FC13E0444820
:1030200090ED000AB8EEC00A38EE400A10EE101A11
:10303000084606F049FC41EC1B0B9FED420B53EC9C
:10304000102B06F04FFB41EC1A0B06F050FC09EE7A
:10305000900A0021B0EE690AFDEEC80A10EE900A4F
:10306000FFF713FFBDEC088B70BD10B52E4800684C
:10307000012876DD2B4909682D4A1268881AFFF766
:1030800080FB05280CDA284801680068401C264AA5
:103090001060B1F57A7F64DD0020FFF770FE10BD8F
:1030A00021480068B0F5FA7F09DD05201549086060
:1030B0001249086040F2F5101B49086004E0052041
:1030C000104908600D4908601948006815490968E9
:1030D00088423CDDBFEE000A104880ED000A3BE06C
:1030E000D0010020D4010020D8010020DC01002004
:1030F000E00100202C010020980100209001002018
:1031000088010020940100209C01002000000000A4
:10311000B8010020A4010020A8010020B401002073
:103120008C010020AC010020BC01002074010020B3
:10313000C4010020B00100206C01002070010020BB
:10314000A00100207B14AE47E17A743F09E0B7EE9E
:10315000000AFE4880ED000AFC4890ED000AFFF7E7
:10316000A4FB00BF9BE710B52DED028BF84890ED56
:10317000000AB5EEC00AF1EE10FA08D1F548006871
:1031800028B1F548006847F23051884202DBBDECB7
:10319000028B10BDED4890ED000AB5EEC00AF1EECD
:1031A00010FA7CD0ED48006847F23051884277D160
:1031B000E64890ED000AB5EEC00AF1EE10FA08DD1F
:1031C000E5480068E6490968401AE6490968884206
:1031D00010DBDE4890ED000AB5EEC00AF1EE10FA01
:1031E0007ED2DD480068DE4909680844DD49096887
:1031F000884275DDDC48006803285CDAD649096836
:10320000D84A1268881AFFF7BCFA0A2816DAD24898
:103210000068D64908600020CE490860D44908609B
:103220001FED460AC94880ED000A0220CE49086019
:10323000C64890ED000AFFF738FBA8E7C6480068CB
:10324000C8490968884237DDC24890ED000AB8EEE7
:10325000C00ABE48D0ED000A60EE200AC04890EDDA
:10326000000AB8EEC00AC0EE801AB0EE611AB0EEE5
:10327000410AFFF779FAB8490968BA4A1268881A08
:10328000FFF77FFA00EE900AB8EEE01AB948D0EDE9
:10329000000A40EE010AAF4890ED000A01E0AAE002
:1032A00047E0B8EEC00A80EE801AB0EE418AB0EE78
:1032B000480AFFF7FAFA9DE0A64890ED000AB8EE3A
:1032C000C00AA248D0ED000A60EE200AA44890EDA2
:1032D000000AB8EEC00AC0EE801AB0EE611A00E033
:1032E00021E0B0EE410AFFF73FFA9B4909689D4A89
:1032F0001268881AFFF745FA00EE900AB8EEE01A55
:103300009C48D0ED000A50EE410A924890ED000A28
:10331000B8EEC00A80EE801AB0EE418AB0EE480ADC
:10332000FFF7C3FA66E0894890ED000AFFF7BDFA9F
:1033300060E0864890ED000AB5EEC00AF1EE10FAA2
:103340001FDD854890ED000AB8EEC00A8148D0ED37
:10335000000AF8EEE00A7D4890ED001A00EEC10A7E
:103360008548D0ED000AF8EEE00A70EE600A7D486C
:1033700090ED000AB8EEC00AF4EEC00AF1EE10FAC1
:1033800027D3724890ED000AB5EEC00AF1EE10FAAC
:103390002BD2714890ED000AB8EEC00A6D48D0ED0E
:1033A000000AF8EEE00A694890ED001A00EEC10A42
:1033B0007148D0ED000AF8EEE00A70EE200A694884
:1033C00090ED000AB8EEC00AF4EEC00AF1EE10FA71
:1033D0000BDD61490968634A1268881AFFF76CF9C6
:1033E000B0EE408AFFF761FA04E0584890ED000A19
:1033F000FFF75BFACBE6614909685A4A1268881AF6
:10340000FFF75AF9B0EE408AFFF74FFA00BFBEE669
:1034100000B555480068022815DA1FEDC40A4C486B
:1034200080ED000A1FEDC70A484880ED000A002021
:103430005349086047F230504849086051490860D4
:1034400000204549086050480068401C4E4908600B
:103450004E490968884204DA4D480068FFF7D8F8F9
:103460000EE04A480068484908604A48006820B1B0
:1034700047480068FFF7CCF802E00020FFF7C8F8E3
:1034800000BD414A1268521C3F4B1A60824207DD60
:10349000304A12680A442F4B1A6000223A4B1A60D5
:1034A00070472DE9FC47FFF7E9F82E490860FFF760
:1034B000DCFD2F480068002821DD264800682C49E3
:1034C000096888422AD02348006829490968884247
:1034D0000EDA204800683049096888421EDA1D4823
:1034E0000068FFF755F904460121FFF7CAFF15E010
:1034F0004FF0FF3129480068FFF7C3FF0EE0154881
:103500000068002806DD4FF0FF3125480068FFF70E
:10351000B8FF03E0FFF77CFFBDE8FC8721480068A7
:1035200010490968884205D0FFF71DFE0D48006864
:103530001C4908601C480068D0B30648D0ED000A5A
:10354000F8EEE00A194890ED001A32E0B4010020CC
:10355000B801002090010020AC010020A40100204F
:1035600068010020C4010020BC010020C00100202F
:10357000940100204801002064010020B0010020D7
:103580008C010020A8010020A00100207C01002067
:10359000780100207401002098010020CC01002057
:1035A0009C010020C801002088010020E4010020C7
:1035B00058E060EE810AB0EE600AFFF764F8044656
:1035C000FC48D0ED000AF8EEE00AFB4890ED001A46
:1035D00060EE810AB0EE600AFFF755F80546F5483F
:1035E000D0ED000AF8EEE00AF44890ED001A60EE23
:1035F000810AB0EE600AFFF746F80646ED48D0EDC6
:10360000000AF8EEE00AEE4890ED001A60EE810A3A
:10361000B0EE600AFFF737F80746E648D0ED000A3B
:10362000F8EEE00AE74890ED001A60EE810AB0EE8D
:10363000600AFFF728F88046DE48D0ED000AF8EE71
:10364000E00AE14890ED001A60EE810AB0EE600AEF
:10365000FFF719F8814633463A464146CDE9005412
:10366000FEF766FF00BF57E770B52DED028B0F2503
:1036700005269FEDD60AB0EE408AD54800791E286F
:1036800005DBD3480079B42801DC012000E00020EC
:103690000446FEF7EEFECE48407800F0010028B167
:1036A000C8259FEDCC0AB0EE408A04E032259FED9C
:1036B000CA0AB0EE408AC648007800F0080098B107
:1036C000C348007800F0100070B9C148007800F0DD
:1036D000200048B9BE48007800F0400020B92946D3
:1036E000BE48FFF734FCC5E0B948007800F0080098
:1036F000A0B9B748007800F0100078B1B44800785D
:1037000000F0200050B9B248007800F0400028B91D
:10371000294640F2DC50FFF71AFCABE0AC480078D9
:1037200000F00800A0B9AA48007800F0100078B9AD
:10373000A748007800F0200050B1A548007800F0BC
:10374000400028B929464FF41670FFF700FC91E0BD
:103750009F48007800F0080098B99D48007800F074
:10376000100070B99A48007800F0200048B99848D5
:10377000007800F0400020B129469948FFF7E7FBA8
:1037800078E09348007800F00800A0B190480078F5
:1037900000F0100078B98E48007800F0200050B199
:1037A0008B48007800F0400028B929464FF4967005
:1037B000FFF7CDFB5EE08648007800F0080098B186
:1037C0008348007800F0100070B98148007800F05C
:1037D000200048B97E48007800F0400020B129461A
:1037E0008048FFF7B4FB45E07948007800F0080016
:1037F000A0B97748007800F0100078B174480078DC
:1038000000F0200050B17248007800F0400028B964
:1038100029464FF46170FFF79AFB2BE06C48007863
:1038200000F0080098B96A48007800F0100070B104
:103830006748007800F0200048B96548007800F03B
:10384000400020B129466848FFF781FB12E0674835
:1038500090ED000ADFED660AB4EEE00AF1EE10FA30
:1038600008D2294690ED000ABDEEC00A10EE100AFB
:10387000FFF76DFB5648007800F0080010BB544875
:10388000007800F01000E8B95148007800F02000FE
:10389000C0B94F48007800F0400098B9534890ED07
:1038A000000ADFED530AB4EEE00AF1EE10FA09DD8A
:1038B00044B1FEF7D5FE28B14548C07910B90020C3
:1038C000FFF75DFA14B1FFF783FA27E0404800796B
:1038D00014280EDAFEF7C4FE28B10020B1EE480A23
:1038E000FFF725FB1AE00020B1EE480AFFF71FFBA7
:1038F00014E037480079B4280EDDFEF7B1FE28B198
:103900000020B0EE480AFFF712FB07E00020B0EEFF
:10391000480AFFF70CFB01E0FFF75AFABDEC028BF7
:1039200070BD344801680068401C324A106032297A
:1039300007D2314840893149096808442F49086055
:103940000BE02E4800683221B0FBF1F02C490860F2
:10395000002028490860294908602A480168006851
:10396000401C284A1060322907D223480089264982
:1039700009680844244908600BE0234800683221A4
:10398000B0FBF1F02149086000201E4908601E4983
:1039900008601F4801680068401C1D4A10603229F9
:1039A0003AD2154880891B490968084419490860BA
:1039B0003EE0000090010020E0010020DC0100203A
:1039C000D8010020D4010020D00100200000000018
:1039D000440500209A99193FCDCC4C3ED4FEFFFF00
:1039E00050FBFFFF7CFCFFFF24FAFFFF8C00002050
:1039F00000606A4660020020F80400206402002093
:103A000070000020680200206C020020740000207A
:103A10007002002074020020FD4800683221B0FBD3
:103A2000F1F0FC4908600020FB490860F849086093
:103A3000FA4801680068401CF84A1060322907D231
:103A4000F748C089F74909680844F64908600BE05F
:103A5000F44800683221B0FBF1F0F349086000201F
:103A6000EE490860EF490860F04801680068401CB2
:103A7000EE4A1060322907D2E9480088EC4909680B
:103A80000844EB4908600BE0E94800683221B0FBCC
:103A9000F1F0E84908600020E4490860E449086062
:103AA000E54801680068401CE34A1060322907D2EB
:103AB000DB484088E14909680844E04908600BE0B8
:103AC000DE4800683221B0FBF1F0DD4908600020DB
:103AD000D9490860D9490860DA4801680068401C83
:103AE000D84A1060322907D2CD488088D649096863
:103AF0000844D54908600BE0D34800683221B0FB88
:103B0000F1F0D24908600020CE490860CE49086033
:103B1000704701B5CE48407800F0200040B19DF8D4
:103B20000000CC4981F82F00002081F82E0011E020
:103B3000C748407800F0040040B19DF80000C54936
:103B400081F82F00012081F82E0003E00220C149F6
:103B500081F82F0008BD10B5BD48407800F0020084
:103B6000C0B9BB48407800F0040098B10122802120
:103B7000B94801F0ADFE4FF48041B84801F08AFE2B
:103B800020B901224021B44801F0A2FE0120B4492D
:103B900008700FE0B248007860B100224021AE48C2
:103BA00001F096FE00228021AB4801F091FE00203A
:103BB000AB49087010BD10B54FF4E670A949086014
:103BC00001228021A44801F083FE00240BE002E0E2
:103BD000012005F05FF84FF48041A04801F05AFE43
:103BE0000128F5D0641C642CF1DB40F2DC5005F0B8
:103BF00051F801229102984801F06AFE4FF4FA70E0
:103C000005F048F801224021934801F061FE0024AC
:103C10000AE002E0012005F03DF801218F4801F0A3
:103C200039FE0128F6D0641C642CF2DB00240AE083
:103C300002E0012005F02EF80121884801F02AFE5B
:103C40000028F6D0641C642CF2DB4FF47A7005F087
:103C500021F800224FF480617F4801F039FE40F2E4
:103C6000DC5005F017F800240AE002E0012005F01E
:103C700011F80121794801F00DFE0128F6D0641CED
:103C8000642CF2DB4FF4FA7005F004F800224021B6
:103C9000714801F01DFE4FF4FA6004F0FBFF0022B2
:103CA00080216D4801F014FE00240AE002E00120AA
:103CB00004F0F0FF0221694801F0ECFD0128F6D084
:103CC000641C642CF2DB10BD10B54FF4E67065493E
:103CD000086002E00A2004F0DDFF56480068B0F5F5
:103CE000EB7FF7DC012240215B4801F0F1FD41F25E
:103CF000883004F0CFFF0A20564981F82B0081F864
:103D0000270081F82300012081F8220081F8260095
:103D100081F82A0041F2883004F0BCFF40F23A20DA
:103D200050490860002240214B4801F0D1FD002499
:103D30000DE004E0012004F0ADFFFFF795FC4FF427
:103D40008061464801F0A6FD0128F3D0641C642C74
:103D5000EFDB40F6B83004F09DFF00203D4981F8CC
:103D6000230081F8270081F82B0010BD10B53848DA
:103D7000407800F0080050B13548407800F002006B
:103D800028B901228021344801F0A2FD11E0304819
:103D9000007800F0020060B1002280212E4801F07E
:103DA00097FD00202B4981F82B0081F8270081F82E
:103DB000230010BD10B52648407800F0400030B315
:103DC0004FF48061254801F065FD00BB1E202149AC
:103DD00081F82B0081F8270081F82300002081F86A
:103DE000220081F8260081F82A0042F2107004F0C7
:103DF00051FF0122D102184801F06AFD42F2107011
:103E000004F048FF0020134981F82B002CE035E036
:103E1000740200207C000020700200207802002044
:103E2000F80400207C02002078000020800200209E
:103E30008402002080000020880200208C020020E4
:103E400084000020900200209402002088000020BE
:103E5000440500200400002000040240001002403D
:103E600098020020EC00002081F8270081F8230050
:103E700000224FF40061F84801F02AFD10BD10B592
:103E8000F648407800F0800058B31420F44981F8D7
:103E90002B0081F8270081F82300012081F82200FF
:103EA00081F8260081F82A0000240BE002E00120BE
:103EB00004F0F0FE4FF48061EA4801F0EBFC0128C9
:103EC000F5D0641C642CF1DB40F6B83004F0E2FE5F
:103ED0000020E34981F8230081F8270081F82B00B6
:103EE00000BF10BD10B50A20FEF749FF7D20DC4958
:103EF00081F82B0081F8270081F82300002081F849
:103F0000220081F8260081F82A0043F6982004F068
:103F1000C1FE0122D102D04801F0DAFC41F658304E
:103F200004F0B8FE0020CE4981F82B0081F827006C
:103F300081F8230000224FF40061C74801F0C8FC5B
:103F400010BD70B52DED068B04460D46C6480560C4
:103F5000C6480460492C0AD19FEDC50AC54880EDCA
:103F6000000AC54800680D30C4490860A1E24A2C27
:103F70000AD19FEDC30ABF4880ED000ABE48006821
:103F80000D30BE49086094E24B2C0AD19FEDBD0A6A
:103F9000B84880ED000AB84800680A30B7490860A0
:103FA00087E24C2C09D19FEDB80AB24880ED000A97
:103FB000B1480068B54908607BE24D2C09D19FEDFE
:103FC000B10AAC4880ED000AAB480068AF49086010
:103FD0006FE24E2C09D19FEDAA0AA64880ED000A97
:103FE000A5480068A949086063E24F2C09D19FEDFC
:103FF000A00AA04880ED000A9F480068A349086015
:1040000057E2502C09D19FEDA20A9A4880ED000A90
:10401000994800689D4908604BE2512C0AD19FEDF8
:104020009D0A944880ED000A93480068801D9749D6
:1040300008603EE2522C0AD19FED970A8D4880ED30
:10404000000A8D480068401D9049086031E2532CF9
:104050000AD19FED920A874880ED000A86480068E1
:10406000401D8A49086024E2542C0AD19FED8C0A35
:10407000804880ED000A80480068401D8349086040
:1040800017E2552C0AD19FED870A7A4880ED000A85
:1040900079480068401F7D4908600AE2562C0AD121
:1040A0009FED810A734880ED000A73480068401F45
:1040B00076490860FDE1572C0AD19FED7C0A6D48D6
:1040C00080ED000A6C480068401F70490860F0E10C
:1040D000582C0AD19FED760A664880ED000A6648A2
:1040E0000068401F69490860E3E1592C0AD19FED3F
:1040F000710A604880ED000A5F480068001F63494C
:104100000860D6E15A2C0AD19FED6B0A594880ED20
:10411000000A59480068001F5C490860C9E15B2C2F
:104120000AD19FED660A534880ED000A52480068A4
:10413000001F56490860BCE15C2C0AD19FED600A63
:104140004C4880ED000A4C480068001F4F49086049
:10415000AFE15D2C0AD19FED5B0A464880ED000A75
:1041600045480068001F49490860A2E15E2C0AD159
:104170009FED550A3F4880ED000A3F480068C01E89
:104180004249086095E15F2C0AD19FED500A3948F9
:1041900080ED000A38480068C01E3C49086088E18C
:1041A000602C0AD19FED4A0A324880ED000A32485D
:1041B0000068C01E354908607BE1612C0AD19FED83
:1041C000450A2C4880ED000A2B480068C01E2F4984
:1041D00008606EE1622C0AD19FED3F0A254880ED10
:1041E000000A25480068801E2849086061E1632CA8
:1041F0000AD19FED3A0A1F4880ED000A1E48006868
:10420000801E2249086054E1642C0AD19FED340AD3
:10421000184880ED000A18480068801E1B49086095
:1042200047E1652C0AD19FED2F0A124880ED000A64
:1042300011480068801E154908603AE1662C55D186
:104240009FED290A0B4880ED000A0B480068801E8C
:104250000E4908602DE100000004024044050020E2
:1042600004000020001002403C0200203802002020
:10427000333367413002002094000020EC0000201E
:104280009A996541000064416666624148020020D7
:10429000CDCC684166666A4100006C419A996D41D7
:1042A00033336F41CDCC704166667241000074417A
:1042B0009A99754133337741CDCC784166667A411E
:1042C00000007C419A997D4133337F41666680418D
:1042D0003333814100008241CDCC82419A998341A0
:1042E000666684413333854100008641672C0AD1DC
:1042F0009FEDF90AF94880ED000AF9480068401E70
:10430000F8490860D5E0682C0AD19FEDF70AF34818
:1043100080ED000AF2480068401EF2490860C8E0DB
:10432000692C0AD19FEDF10AEC4880ED000AEC48B7
:104330000068401EEB490860BBE06A2C0AD19FED83
:10434000EC0AE64880ED000AE5480068401EE549B1
:104350000860AEE06B2C0AD19FEDE60ADF4880EDE5
:10436000000ADF480068401EDE490860A1E06C2CAE
:104370000AD19FEDE10AD94880ED000AD8480068CB
:10438000401ED849086094E06D2C09D19FEDDB0AEE
:10439000D24880ED000AD2480068D249086088E01F
:1043A0006E2C09D19FEDD60ACC4880ED000ACC488E
:1043B0000068CC4908607CE06F2C09D19FEDD10AE0
:1043C000C64880ED000AC6480068C649086070E02B
:1043D000702C09D19FEDCC0AC04880ED000AC0487E
:1043E0000068C049086064E0712C09D19FEDC70ADC
:1043F000BA4880ED000ABA480068BA49086058E037
:10440000722C09D19FEDC20AB44880ED000AB4486D
:104410000068B44908604CE0732C0AD19FEDBD0AD6
:10442000AE4880ED000AAE480068401CAD49086007
:104430003FE0742C0AD19FEDB80AA84880ED000A2D
:10444000A7480068401CA749086032E0752C0AD1D3
:104450009FEDB20AA14880ED000AA1480068401C07
:10446000A049086025E0762C0AD19FEDAD0A9B4853
:1044700080ED000A9A480068401C9A49086018E0DC
:10448000772C0AD19FEDA70A944880ED000A944842
:104490000068801C934908600BE0782C09D19FEDDF
:1044A000A20A8E4880ED000A8D480068801C8D4964
:1044B0000860962D21DB992D1FDCA5F1960005F0F3
:1044C000F2F941EC1A0B9FED990B53EC102B05F010
:1044D00009F941EC190B9FED970B53EC102B05F0EC
:1044E000FEF841EC180B05F002FA94490860944874
:1044F0000068401F93490860C5E29A2D21DB9C2D7E
:104500001FDCA5F1960005F0CEF941EC1A0B9FEDEA
:104510008E0B53EC102B05F0E5F841EC190B9FEDD9
:10452000850B53EC102B05F0DAF841EC180B05F075
:10453000DEF98249086082480068401F81490860AE
:10454000A1E29D2D21DBA02D1FDCA5F1960005F039
:10455000AAF941EC1A0B9FED7E0B53EC102B05F0E2
:10456000C1F841EC190B9FED7C0B53EC102B05F0BF
:10457000B6F841EC180B05F0BAF9704908607048BC
:104580000068401F6F4908607DE2A12D21DBA52D49
:104590001FDCA5F1960005F086F941EC1A0B9FEDA2
:1045A000700B53EC102B05F09DF841EC190B9FEDAF
:1045B0006A0B53EC102B05F092F841EC180B05F048
:1045C00096F95E4908605E480068401F5D490860D2
:1045D00059E2AA2D0CDBAE2D0ADC9FED630A574889
:1045E00080ED000A56480068401F564908604AE2BC
:1045F000B12D0CDBB22D0ADC9FED5C0A4F4880ED3B
:10460000000A4F480068401F4E4908603BE2B42D45
:1046100007DBB62D05DC9FED560A484880ED000A01
:1046200031E2B72D07DBB92D05DC9FED520A434877
:1046300080ED000A27E2BA2D07DBBC2D05DC9FEDDB
:104640004E0A3E4880ED000A1DE2BD2D07DBC02D5D
:1046500005DC9FED4A0A394880ED000A13E2C12DBE
:1046600007DBC32D05DC9FED460A344880ED000AC8
:1046700009E2C42D07DBC72D05DC9FED420A2F4858
:1046800080ED000AFFE1A5F17B0039287ED2DFE84A
:1046900000F01D7E848A90969CA2A8AEB4BAC0CBCE
:1046A000EFF5FBEBEAE9E8E7E6E5E4E3E27D7D7DB3
:1046B0007D7D7D7D7D7D7D7D7D7D7D7D7DE1E0DF01
:1046C000DEDDDCDBDAD9D8D77D7DD6009FED2E0A82
:1046D0001A4880ED000AD5E1CDCC86413002002099
:1046E00094000020480200209A998741666688411C
:1046F0003333894100008A41CDCC8A419A998B415C
:1047000066668C4133338D4100008E41CDCC8E41A5
:104710009A998F41666690413333914100009241EE
:10472000CDCC92419A999341666694410000000075
:104730000000D03FCDCCCCCCCCCC234034020020E8
:1047400044020020EC000020713D0AD7A370BD3F59
:1047500009F9A067B3EAB33F6666666666662440F9
:10476000333333333333B33F66661641AE471341B9
:10477000CDCC1441F62814411F85134152B8124183
:104780006666124185EB1141F628204174E19FEDE8
:10479000FD0AFD4880ED000A74E19FEDFC0AFA482D
:1047A00080ED000A6EE19FEDFA0AF74880ED000AFD
:1047B00068E19FEDF70AF44880ED000A62E19FEDA1
:1047C000F50AF14880ED000A5CE19FEDF30AEE483E
:1047D00080ED000A56E19FEDF10AEB4880ED000AFA
:1047E00050E1B2EE040AE84880ED000A4AE1B2EE78
:1047F000040AE54880ED000A44E19FEDE60AE2483C
:1048000080ED000A3EE19FEDE30ADF4880ED000AFB
:1048100038E19FEDE00ADC4880ED000AE0480068DE
:10482000401FE04908602DE19FEDDF0AD64880ED8A
:10483000000ADB480068401FDA49086022E110E105
:1048400004E1F8E0ECE0E0E0D4E0C8E0BCE0B0E097
:10485000A4E098E08CE080E074E068E05CE050E088
:1048600044E038E02CE020E014E00DE006E0FFE753
:104870009FEDCE0AC44880ED000A03E19FEDCC0A0B
:10488000C14880ED000AFDE09FEDC90ABE4880EDF9
:10489000000AF7E0B2EE040ABB4880ED000AC04807
:1048A0000068C01FBF490860ECE0B2EE040AB648D9
:1048B00080ED000ABA480068C01FBA490860E1E00C
:1048C000B2EE040AB04880ED000AB5480068C01F87
:1048D000B4490860D6E0B2EE040AAB4880ED000AA5
:1048E000AF480068C01FAF490860CBE0B2EE040AD1
:1048F000A54880ED000AAA480068C01FA9490860C1
:10490000C0E09FEDAC0AA04880ED000AA448006812
:10491000C01FA4490860B5E01FED6D0A9A4880EDFC
:10492000000A9F480068C01F9E490860AAE09FEDEA
:10493000A20A954880ED000A99480068C01F99496D
:1049400008609FE09FED9D0A8F4880ED000A944823
:104950000068C01F9349086094E01FED7B0A8A48F5
:1049600080ED000A8E480068C01F8E49086089E00B
:104970009FED930A844880ED000A89480068401F33
:10498000884908607EE09FED8E0A7F4880ED000A2E
:1049900083480068401F8349086073E09FED890ADF
:1049A000794880ED000A7E480068401F7D49086014
:1049B00068E01FED920A744880ED000A78480068AC
:1049C000401F784908605DE01FED990A6E4880ED50
:1049D000000A73480068401F7249086052E09FED6A
:1049E0007A0A694880ED000A6D480068401F6D49E9
:1049F000086047E09FED750A634880ED000A68484B
:104A00000068401F674908603CE09FED710A5E48FE
:104A100080ED000A62480068401F6249086031E08A
:104A20009FED6C0A584880ED000A5D480068401F01
:104A30005C49086026E09FED680A534880ED000A53
:104A400057480068401F574908601BE09FED630A04
:104A50004D4880ED000A52480068801F51490860A7
:104A600010E09FED5F0A484880ED000A4C4800685E
:104A7000401F4C49086005E09FED5A0A424880ED0E
:104A8000000A00BF00BF00EE104AB8EEC00A564848
:104A9000D0ED000A20EE200AF2EE040A80EE201A81
:104AA000BDEEC10A514880ED000A00EE105AB8EE82
:104AB000C00A3548D0ED000A20EE200AF2EE040AC2
:104AC00080EE201ABDEEC10A494880ED000A4FF47D
:104AD0008061484800F0DEFE88B94748007870B928
:104AE0004648807920B1464800682E49086006E0B3
:104AF0004248C07918B12A4800682A490860BDECCC
:104B0000068B70BD10B53D48807900287ED04FF4EB
:104B10008061384800F0BEFE002877D13748007821
:104B200000F0800000287FD00120334908700A205F
:104B3000FEF725F92D480078324981F82B0081F8DD
:104B4000270081F82300002081F8220081F8260048
:104B500081F82A0002E0642004F09CF827480078DD
:104B600000F080000028F6D10122D102264800F092
:104B7000AFFE43F6982004F08DF80020214981F81B
:104B80002B0044E0EC5120413402002066662041B5
:104B9000E17A20417B142241E17A2441C3F524418A
:104BA00044020020EC00002014AE2341A4702541F3
:104BB0003333274133331F4185EB1541A470154131
:104BC000CDCC1041295C13410AD715411F851541F1
:104BD000AE471541C3F5144100001441355E134141
:104BE00014AE134100000000300200203802002003
:104BF0003C020020001002405F020020440500201B
:104C00009400002004000020000402400CE081F821
:104C1000270081F8230000224FF40061FB4800F0D8
:104C200057FE0020FA4908704FF48061F94800F0FF
:104C300031FE00283ED1F848007800F08000C8B36B
:104C40000120F34908700A20FEF799F8F34800782C
:104C5000F34981F82B0081F8270081F82300002018
:104C600081F8220081F8260081F82A0002E0642001
:104C700004F010F8E848007800F080000028F6D131
:104C80000122D102E14800F023FE43F6982004F00F
:104C900001F80020E24981F82B0081F8270081F813
:104CA000230000224FF40061D84800F011FE0020DC
:104CB000D749087010BD70B52DED0C8B0446A4F1DA
:104CC0006400002801DB014600E041420D46284611
:104CD00004F0E9FD41EC1D0B9FEDD20B53EC102BC2
:104CE00004F000FD41EC1C0BB0EE4C0AF0EE6C0A37
:104CF00005F076F9B0EE40BAF0EE60BA9FEDCB0B5E
:104D000053EC102B51EC1B0B04F0E9FC41EC1A0B9B
:104D10009FEDC80B53EC102B04F0E4FC41EC190B95
:104D20009FEDC60B53EC102B04F035FC41EC180B37
:104D300004F0DDFD00EE100ABDEC0C8B70BD10B56B
:104D40002DED028B04462046FFF7B5FFB0EE408AFA
:104D5000B148C07988B1622C05DA0020B1EE480A6A
:104D6000FEF7E5F809E0662C05DD0020B0EE480A04
:104D7000FEF7DDF801E0FEF72BF8BDEC028B10BD6D
:104D800010B50446622C05DA002201219F4800F08C
:104D90009FFD0CE0662C05DD002201219B4800F000
:104DA00097FD04E001221146984800F091FD10BDE6
:104DB00010B52DED088BB0EE408A1FED760AF0EEAF
:104DC000408A1FED780AB0EE409A9FED9E0A08EEE9
:104DD000080A10EE101A084604F076FD41EC1B0B91
:104DE000B0EE4B0AF0EE6B0A06F032F9B0EE40AAD4
:104DF000F0EE60AA51EC1A0B04F079FD09EE900A6E
:104E0000DFED910A89EEA00ADFED900A20EE200A7C
:104E1000B0EE409A9FED8E0AB4EEC09AF1EE10FA11
:104E200004DD9FED8B0AB0EE409A0AE09FED890AFF
:104E3000B4EEC09AF1EE10FA03D29FED860AB0EEFE
:104E4000409A9FED810A39EEC00A9FED7F1AC0EEAD
:104E5000010A9FED811A9FED810A00EE810AF0EEB2
:104E6000408A9FED7F0AF4EEC08AF1EE10FA04DD6D
:104E70009FED7B0AF0EE408A0AE09FED7A0AF4EE9D
:104E8000C08AF1EE10FA03D29FED760AF0EE408A66
:104E9000BDEEC90A744880ED000ABDEEE80A734809
:104EA00080ED000ABDEC088B10BD10B52DED0A8B0E
:104EB000B0EE408A1FEDB50AF0EE408A1FEDB70A4A
:104EC000B0EE409A9FED6A0AC8EE000A10EE904AD2
:104ED000204604F0F9FC41EC1C0B9FED661BB0EE84
:104EE0004C0AF0EE6C0A05F027FAB0EE40BAF0EE8C
:104EF00060BA9FED620B53EC102B51EC1B0B04F0CE
:104F0000F1FB41EC1A0B04F0F2FC09EE100A9FEDE4
:104F1000500AB4EEC09AF1EE10FA04DD9FED4C0A8F
:104F2000B0EE409A0AE09FED4B0AB4EEC09AF1EE63
:104F300010FA03D29FED470AB0EE409A9FED4C0A5B
:104F400078EE400A9FED4A1A80EE810ADFED410AB1
:104F500020EE200A10EE104A204604F0B5FC41EC89
:104F60001C0B9FED480B53EC102B04F0BBFB41ECEA
:104F70001B0B9FED460B53EC102B04F00CFB41EC8C
:104F80001A0B04F0B4FC08EE900A9FED420AF4EE0E
:104F9000C08AF1EE10FA04DD9FED3E0AF0EE408A81
:104FA0000AE09FED300AF4EEC08AF1EE10FA03D267
:104FB0009FED2C0AF0EE408ABDEEC90A364880ED1E
:104FC000000ABDEEE80A354880ED000ABDEC0A8B08
:104FD00010BD3348006833490968884203DA314814
:104FE00000682F4908602E4800682F4909688842E8
:104FF00003DD2D4800682A4908602C490968284AC1
:105000001268881A002853DB014652E0000402406F
:105010005F02002000100240440500203C020020F6
:1050200004000020D122DBF97E6AACBF0000000042
:105030000000F03F1E85EB51B81EE53F713D0AD7D9
:10504000A370F13F0000C84500C02E440000E642B6
:1050500000007A43000048420000C8420040174464
:105060000080224400800944900000209400002029
:1050700000A07F459A9999999999F13F0000000005
:1050800000805A40666666666666E63F000000007D
:1050900000D081400000164440020020440200205D
:1050A000EC000020F0000020F40000208000002030
:1050B0004142012931DDAA480068AA4909688842AD
:1050C00004DD0120A84981F82E0003E00020A64954
:1050D00081F82E00A2490968A24A1268881A00289D
:1050E00001DB014600E0414201EB810149009F4A9A
:1050F000116010460068FA2802DDFA2011460860A7
:105100009A480068322802DA3220984908609748A5
:105110000078954981F82F0003E00020924981F83A
:105120002F00704710B59248407800F00200A0B1FF
:105130008F48407800F0040078B18A4800688D49B3
:105140000968884209DA87480068401C8549086078
:105150004FF4967003F09EFD18E08548407800F00B
:10516000020098B18248407800F0200070B17D487C
:10517000006881490968884208DD7A480068401E55
:10518000784908604FF4C87003F084FD10BD05E055
:105190001120FDF75AF90F2003F07CFDF8E711E02C
:1051A0007348007800F0010010B1FEF75DFA02E0EC
:1051B0000020FDF7E4FDFEF7B4FBFFF70AFF032034
:1051C00003F068FDECE704E0FEF76BF9032003F061
:1051D00061FDF9E71FB5FBF762FCFBF79FFCFBF7EE
:1051E000EEFEFBF7AEFFFCF73BF8FCF72CF9FBF704
:1051F00000FD4FF4E130FCF706FA4FF4E130FCF724
:105200008BFA4FF4E130FCF714FB4FF46120FCF70C
:1052100048FC4FF4E130FCF7E1FCFDF72BFAFCF71A
:1052200035FE0020554908700120554908700020BE
:1052300000900190029003464FF4807251A10390B8
:10524000554803F0E8FA00200090019002900346D0
:105250004FF4807251A10390554803F0DCFA04200A
:10526000544908700120544908704FF416703D49A4
:10527000086056E04DE0FFF755FFFEF76CFC4F4825
:105280000078FFF75CFDFEF771FD4D4890ED000AD8
:10529000B8EEC00AFFF78CFD4A48008800EE100AFD
:1052A000B8EE400AFFF701FE47480168474800682A
:1052B000FEF747FE41480078FFF762FDFEF7DFFD8D
:1052C0002B48407800F0020030B92948407800F0BF
:1052D000200008B1FEF76FFC2548407800F002007E
:1052E00030B92348407800F0100008B1FEF7ECFC1C
:1052F0001F48407800F0020030B91D48407800F0A7
:10530000400008B1FEF756FDFFF7FCFB012003F05B
:10531000C1FC1748007800F001000028ABD1FDF770
:105320002EFDA7E71FB500200090019002900346D4
:105330004FF4807226A10390284803F06CFA0020F5
:1053400000900190029003464FF4807224A10390D4
:10535000264803F060FA03F077FE002004B010BD89
:1053600080000020EC00002004000020100200203B
:1053700044050020F4000020F0000020A0000020E0
:105380005E0200207461736B526F626F74416E61D4
:105390006C79746963730000C75100087461736BA2
:1053A000446965754B6869656E436F4361750000BC
:1053B0009F510008F1010020EB010020280100208E
:1053C000780000202A0100204002002090000020E8
:1053D0007461736B4D61696E00000000D551000867
:1053E0007461736B4779726F000000008F51000881
:1053F0000CB50020019000907248006840F48030A5
:105400007049086000BF6F48006800F400300090E9
:105410000198401C0190009818B90198B0F5A06F50
:10542000F1D16848006800F4003010B1012000900C
:1054300001E0002000900098012846D161484030EA
:10544000006840F080505F49403108605E48006865
:1054500040F480405C4908605A4808300068594967
:10546000083108600846006840F4004008600846BB
:10547000006840F4A05008605448091F0860081FE5
:10548000006840F08070091F086000BF4D48006848
:1054900000F000700028F9D040F205604C49086027
:1054A00048480830006820F0030046490831086089
:1054B0000846006840F00200086000BF414808301C
:1054C000006800F00C000828F8D10CBD10B53D486C
:1054D000006840F001003B4908600020394908316C
:1054E0000860384800683B490840364908603A4837
:1054F000091D0860081F006820F48020091F08604B
:10550000002030490C310860FFF772FF4FF0006057
:105510003249086010BD70B500200022022300242B
:105520000221284D08352D6805F00C0020B1042813
:1055300006D0082834D107E0294D2A4E356033E0E3
:10554000294D284E35602FE01E4D2D1D2D68C5F3C9
:1055500080541C4D2D1D2D6805F03F0154B1224D86
:10556000B5FBF1F5174E361D3668C6F3881605FBF8
:1055700006F209E01A4DB5FBF1F5124E361D3668FC
:10558000C6F3881605FB06F20E4D2D1D2D68C5F3DA
:1055900001456D1C6B00B2FBF3F5124E356003E064
:1055A0000F4D104E356000BF00BF064D08352D6809
:1055B000C5F303150D4E705D0A4D2D68C540094EAB
:1055C000356070BD0038024000700040085440074C
:1055D000003C0240FFFFF6FE1030002408ED00E022
:1055E0000024F4009C02002000127A00A002002097
:1055F0000648804706480047FEE7FEE7FEE7FEE76D
:10560000FEE7FEE7FEE7FEE7FEE7FEE7CD54000813
:105610008901000832490143324A1160704770B570
:10562000002100230F22C4781CB32E4C246804F4FC
:10563000E064C4F5E064C4F30721C1F10404E3B2FB
:105640000A4144789C40E1B28478144021430C071D
:10565000210E254C05786155047804F01F050124BE
:10566000AC4005786D11AD0005F1E025C5F80041AD
:1056700009E0047804F01F050124AC401B4D0678B6
:10568000761145F8264070BD194A0A400243154B71
:105690001B1F1A60704739B1124A121D126802436B
:1056A000104B1B1D1A6006E00E4A121D1268824341
:1056B0000C4B1B1D1A607047042808D14FF0E021E5
:1056C000096941F004014FF0E022116107E04FF059
:1056D000E021096921F004014FF0E02211617047D7
:1056E0000000FA050CED00E000E400E080E100E0DD
:1056F00080FFFF1F10B504468C48844208D1012169
:10570000084600F000FB0021012000F0FCFA5EE0FA
:105710008748844208D10121022000F0F4FA0021D8
:10572000022000F0F0FA52E08248844208D10121C0
:10573000042000F0E8FA0021042000F0E4FA46E03A
:105740007D48844208D10121082000F0DCFA0021C4
:10575000082000F0D8FA3AE07848844208D10121C4
:10576000102000F0D0FA0021102000F0CCFA2EE03A
:105770007348844208D10121202000F0C4FA00219E
:10578000202000F0C0FA22E06E48844208D10121B6
:10579000402000F0B8FA0021402000F0B4FA16E0F2
:1057A0006948844208D10121802000F0ACFA002130
:1057B000802000F0A8FA0AE06448844207D1012161
:1057C000801500F0A0FA0021A01500F09CFA10BD91
:1057D000F0B50A4600210023002400BF3DE001256A
:1057E00005FA01F3156805EA03049C4234D1056803
:1057F0004F000326BE40B543056015794E00B54005
:105800000668354305601579012D02D01579022D02
:1058100016D185684F000326BE40B5438560557993
:105820004E00B540866835438560456801268E4048
:10583000B5434560456896798E40B6B235434560BC
:10584000C5684F000326BE40B543C560D5794E00FC
:10585000B540C6683543C560491C1029BFD3F0BDAB
:105860004FF6FF7101600021017141718171C171B9
:10587000704708B54FF480320092009A0A430092B4
:10588000009AC261C161009AC261C2690092C26994
:10589000009208BD0246002013690B400BB10120A5
:1058A00000E0002070470146086980B27047024658
:1058B000002053690B400BB1012000E0002070472D
:1058C0000146486980B27047018370474183704741
:1058D0000AB1018300E0418370474161704742692A
:1058E0004A4042617047F0B5002300244D07ED0E99
:1058F00002FA05F3CE1000F1200555F826504E07A8
:10590000F70E0F26BE40B543CF1000F1200646F833
:105910002750CE1000F1200555F8265045EA030423
:10592000CE1000F1200545F82640F0BD00000240F1
:105930000004024000080240000C02400010024037
:105940000014024000180240001C024000200240E7
:10595000FA48006840F00100F84908600020F74963
:1059600008310860F5480068F5490840F3490860C7
:10597000F448091D0860081F006820F48020091FF2
:1059800008600020ED490C31086070470021EB4AA7
:10599000921C117011460870704710B50146002224
:1059A000002300204A11012A02D1E44C236808E0B8
:1059B000022A03D1E14C7034236802E0DF4C7434D6
:1059C000236801F01F02012494401C400CB1012007
:1059D00000E0002010BD38B5002000900024002514
:1059E00000BF3120FFF7D9FF05460098401C00900A
:1059F0000098B0F5A06F01D0002DF2D03120FFF754
:105A0000CCFF08B1012400E00024204638BD014647
:105A10000020CA4A106820F0F80040EAC100106077
:105A20007047C949086070470021C44A703211703C
:105A30001170012802D004280AD104E00121BF4AD4
:105A40007032117005E00521BC4A7032117000E01F
:105A500000BF00BF7047BD490860704770B5049C27
:105A600041EA82150126C6EB530645EA0645054381
:105A700045EA0465B14E361D356070BDB249086611
:105A80007047820142EA0172AC4B84331A6070475E
:105A9000AD4988667047AC49C8647047024600202B
:105AA000A64B0833186820F0EC6042EA0103184363
:105AB000A24B083318607047024600209F4B083302
:105AC000186820F0784042EA010318439B4B0833E2
:105AD0001860704701460020984A0832106820F08C
:105AE000030008431060704794480830006800F0D5
:105AF0000C00704701460020904A0832106820F0E0
:105B0000F000084310607047014600208B4A0832BD
:105B1000106820F4E05008431060704701460020F0
:105B2000864A0832106820F4604040EAC1001060E4
:105B30007047F0B500210022002402250026022330
:105B40007E4F08373F6807F00C0121B1042905D0CA
:105B5000082937D105E07E4F076036E07D4F0760AA
:105B600033E0764F3F1D3F68C7F38056734F3F1DAC
:105B70003F6807F03F036EB1764FB7FBF3F7DFF8EE
:105B8000BCC10CF1040CDCF800C0CCF3881C07FB92
:105B90000CF40CE06E4FB7FBF3F7DFF8A0C10CF18B
:105BA000040CDCF800C0CCF3881C07FB0CF4634F3A
:105BB0003F1D3F68C7F301477F1C7D00B4FBF5F72D
:105BC000076002E0624F076000BF00BF5B4F08370D
:105BD0003F6807F0F00109095F4F7A5C0768D7401A
:105BE0004760564F08373F6807F4E051890A5A4F1B
:105BF0007A5C4768D7408760504F08373F6807F4A2
:105C00006041490B544F7A5C4768D740C760F0BD8C
:105C1000002100F44072B2F5407F0AD1474A0832B1
:105C2000116821F4F8114D4A02401143434A0832E9
:105C30001160424A70321268C0F30B031A433F4BA3
:105C400070331A60704741494439086070473F49D2
:105C500040390860704742490860704739B1374A97
:105C6000303212680243354B30331A6006E0334A53
:105C7000303212688243314B30331A60704739B189
:105C80002E4A3432126802432C4B34331A6006E039
:105C90002A4A343212688243284B34331A607047E0
:105CA00039B1264A383212680243244B38331A601D
:105CB00006E0224A383212688243204B38331A6099
:105CC000704739B11D4A4032126802431B4B4033C2
:105CD0001A6006E0194A403212688243174B40337B
:105CE0001A60704739B1154A443212680243134BA7
:105CF00044331A6006E0114A4432126882430F4B63
:105D000044331A60704739B10C4A103212680243AA
:105D10000A4B10331A6006E0084A103212688243B8
:105D2000064B10331A607047E1B1044A143212680E
:105D30000243024B14331A6019E00000003802409D
:105D4000FFFFF6FE1030002400004742800E47425D
:105D50000024F40000127A00B0020020FFFCFF0FC4
:105D60005C0147425B4A126882435A4B1A60704793
:105D700039B1584A121D12680243564B1B1D1A6056
:105D800006E0544A121D12688243524B1B1D1A60D2
:105D9000704739B14F4A0C32126802434D4B0C33F5
:105DA0001A6006E04B4A0C3212688243494B0C33AE
:105DB0001A60704739B1474A103212680243454BA6
:105DC00010331A6006E0434A103212688243414B96
:105DD00010331A60704739B13E4A3C3212680243B0
:105DE0003C4B3C331A6006E03A4A3C32126882432C
:105DF000384B3C331A60704739B1364A403212682A
:105E00000243344B40331A6006E0324A4032126893
:105E10008243304B40331A60704739B12D4A4432C7
:105E2000126802432B4B44331A6006E0294A44327D
:105E300012688243274B44331A60704739B1254AB0
:105E40004C3212680243234B4C331A6006E0214A5D
:105E50004C32126882431F4B4C331A60704739B181
:105E60001C4A5032126802431A4B50331A6006E043
:105E7000184A503212688243164B50331A607047EA
:105E800039B1144AD21F12780243124BDB1F1A7029
:105E900006E0104AD21F127882430E4BDB1F1A70A5
:105EA00070470C486030006840F0807009496031EC
:105EB0000860704701460020064A083A12680A4006
:105EC0000AB1012000E0002070470249891F0870D4
:105ED000704700001438024010B501210802FFF796
:105EE00069FF00214FF48070FFF764FF10BD30B5EB
:105EF0000246002000235068F84C20400D790C68C1
:105F000044EA0524204350609068F54C2040D1E9D4
:105F100003542C438D682C434D7944EA45042043B7
:105F20009060D06A20F470000C7D641EE4B22343BC
:105F300040EA0350D06230BD00210160017141711F
:105F40008160C16001610121017570470021E54A4E
:105F50001168E54A1140D0E900231A4383681A43C7
:105F6000C3681A431143E14AC2F804137047002181
:105F7000016041608160C160704721B1826842F078
:105F80000102826003E0826822F0010282607047B1
:105F90000A4600214168D64B1940114341607047C1
:105FA0004162826270470A460021416821F01F0168
:105FB00011434160704738B1CA49096841F4000192
:105FC000CA4AC2F8041306E0C649096821F4000170
:105FD000C64AC2F80413704738B1C249096841F48F
:105FE0008001C24AC2F8041306E0BE49096821F4E0
:105FF0008001BE4AC2F804137047F0B504460D464E
:1060000000200021092D11DDE068A5F10A0606EB4C
:106010004607072606FA07F18843A5F10A0606EBAC
:10602000460603FA06F10843E0600CE0206905EB40
:106030004507072606FA07F1884305EB450603FAEC
:1060400006F108432061072A0FDA606B561E06EB43
:1060500086071F2606FA07F18843561E06EB8606BA
:1060600005FA06F10843606322E00D2A0FDA206B7F
:10607000D61F06EB86071F2606FA07F18843D61FB0
:1060800006EB860605FA06F10843206310E0E06A95
:10609000A2F10D0606EB86071F2606FA07F18843D4
:1060A000A2F10D0606EB860605FA06F10843E0624A
:1060B000F0BD816841F08041816070470146002059
:1060C0008A6802F480020AB1012000E000207047D3
:1060D00021B1826842F48062826003E0826822F427
:1060E00080628260704721B1826842F00202826061
:1060F00003E0826822F002028260704710B50A460F
:1061000000210023416821F46041531E41EA4331DC
:10611000416010BD21B1426842F40062426003E078
:10612000426822F40062426070470146C86C80B247
:1061300070476C48001D0068704721B1826842F4C6
:106140008072826003E0826822F48072826070470D
:1061500021B1826842F40072826003E0826822F416
:1061600000728260704738B15E49096841F400519D
:106170005E4AC2F8041306E05A49096821F4005146
:106180005A4AC2F804137047F0B504461546002079
:1061900000220026092911DDE068A1F10A0707EBBA
:1061A000470C072707FA0CF29043A1F10A0707EB07
:1061B000470703FA07F21043E0600CE0206901EBA7
:1061C000410C072707FA0CF2904301EB410703FA51
:1061D00007F210432061A06BC0F30156EF1C06F1DB
:1061E000010CA7EB0C0707EB870C1F2707FA0CF233
:1061F0009043EF1C06F1010CA7EB0C0707EB870798
:1062000001FA07F21043A063F0BD10B50A46002161
:106210000023816B21F44011531E41EA0351816335
:1062200010BD08B5002300930090009B0B44009321
:10623000009B1A6008BD0A460021816821F4702184
:106240001143816070470A460021816821F44011A2
:10625000114381607047816841F48001816070471B
:10626000014600208A6802F480020AB1012000E0A1
:106270000020704721B1426842F48062426003E02E
:10628000426822F480624260704721B1426842F461
:106290008052426003E0426822F4805242607047BC
:1062A00008B5024600200090009201F12800009BF2
:1062B000184400900098006880B208BD10B50B46E5
:1062C0000021D9B2012404FA01F11AB144680C4347
:1062D000446002E044688C43446010BDFFFEFFFC54
:1062E000FDF7FFC004230140E030FCFF0020014027
:1062F000FFFD3FFF0246002013680B400BB1012059
:1063000000E000207047CA430260704770B5024643
:106310000020002300240B12556801268E4005EA58
:10632000060415681D4015B10CB1012000E00020E5
:1063300070BD00220A12D34303607047016821F048
:10634000010101600021016041608160C160016163
:1063500021214161DB49884204D13D21D94A103ACB
:1063600091608CE0D7491831884205D14FF47461AF
:10637000D44A103A916082E0D2493031884205D146
:106380004FF47411CF4A103A916078E0CD4948310A
:10639000884205D14FF07461CA4A103A91606EE0AC
:1063A000C8496031884204D1C749C64A103AD16011
:1063B00065E0C4497831884204D1C449C14A103AE1
:1063C000D1605CE0BF499031884204D1C049BD4AE8
:1063D000103AD16053E0BB49A831884205D14FF053
:1063E0003D51B84A103AD16049E0BA49884204D1D7
:1063F0003D21B84A083A116041E0B6491831884257
:1064000005D14FF47461B34A083A116037E0B149DD
:106410003031884205D14FF47411AE4A083A116008
:106420002DE0AC494831884205D14FF07461A94A4A
:10643000083A116023E0A7496031884204D1A2499B
:10644000A44A121F11601AE0A2497831884204D18F
:106450009E49A04A121F116011E09E499031884266
:1064600004D19B499B4A121F116008E09949A83149
:10647000884204D14FF03D51964A121F1160704777
:1064800010B500220268944B1A40CC680B68234375
:106490004C6923438C692343CC6923430C6A23430F
:1064A0004C6A23438C6A23434C6B23438C6B2343FA
:1064B0001A430260426922F00702D1E90B342343F8
:1064C0001A4342610B6943604B6883608B68C36009
:1064D00010BD0021016041608160C16001614161C6
:1064E0008161C161016241628162C1620163416394
:1064F0008163704721B1026842F00102026003E04B
:10650000026822F001020260704721B1026842F481
:106510000042026003E0026822F400420260704719
:1065200021B1026842F02002026003E0026822F01A
:10653000200202607047416070470146486880B29F
:10654000704722B1036843F40023036003E003684B
:1065500023F4002303600161704721B1026842F413
:106560008022026003E0026822F480220260704709
:106570000AB1016100E0C1607047014600200A686D
:1065800002F400220AB1012000E000207047014619
:1065900000200A6802F001020AB1012000E0002098
:1065A0007047014600204A6902F03800704730B554
:1065B00003460A4600200024464DAB4202D2414920
:1065C000103901E04349103902F000550DB14C6813
:1065D00000E00C68414D2C4004EA02050DB1012099
:1065E00000E0002030BD02463A4B9A4202D23548C4
:1065F000103801E03748103801F000531BB1374B19
:106600000B40C36002E0354B0B408360704710B510
:1066100001F080034BB122B1436943F08003436131
:1066200003E0436923F08003436180290BD02AB142
:10663000036801F01E042343036004E0036801F0D3
:106640001E04A343036010BD70B502460020002461
:106650000025204EB24202D21A4B103B01E01D4BE6
:10666000103B1F4E0E4036B11E2606EAD124166896
:1066700006EA040502E0566906F0800501F00056BE
:106680000EB15C6800E01C68144E344004EA010658
:1066900016B10DB1012000E0002070BD02460D4B87
:1066A0009A4202D20748103801E00A48103801F037
:1066B00000531BB1094B0B40C36002E0074B0B407A
:1066C00083607047106002403D000020400F0020B2
:1066D00000003D20106402403F801CF07D0F7D0FC4
:1066E0003C0F3C0F002044490860091D0860091D4B
:1066F0000860091D086041483F491431086070472F
:1067000000213D498279002A3AD00A46126803687E
:106710009A430B461A600A1D126803689A430B1DC0
:106720001A60027911440A6803681A430A60324AFF
:106730000832126803689A432F4B08331A601A1DF7
:10674000126803689A432C4B0C331A604279102A62
:106750000ED11A1F126803681A43274B08331A60B8
:106760001A1D126803681A43234B0C331A600DE09C
:106770002149427911440A6803681A430A6005E016
:10678000027911440A6803689A430A60704700213D
:10679000016001710C21417100218171704716491E
:1067A000103109680143144A1032116070470146E4
:1067B0000020114A143212680A400AB1012000E098
:1067C000002070470C4914310860704701460020D2
:1067D0000022094B1B6803EA0102074B14331B68B4
:1067E0000B4013B10AB1012000E0002070470249BC
:1067F0001431086070470000003C0140FFFF7F003B
:1068000010B50446FE48844208D101210846FFF72E
:10681000D1FA00210120FFF7CDFA9DE0B4F1804FBD
:1068200008D101210846FFF7B4FA00210120FFF743
:10683000B0FA91E0F348844208D101210220FFF729
:10684000A8FA00210220FFF7A4FA85E0EE4884426E
:1068500008D101210420FFF79CFA00210420FFF752
:1068600098FA79E0E948844208D101210820FFF72D
:1068700090FA00210820FFF78CFA6DE0E44884428A
:1068800008D101211020FFF784FA00211020FFF722
:1068900080FA61E0DF48844208D101212020FFF71F
:1068A00078FA00212020FFF774FA55E0DA48844294
:1068B00008D101210220FFF77DFA00210220FFF715
:1068C00079FA49E0D548844209D101210804FFF74B
:1068D00071FA00214FF48030FFF76CFA3CE0D048A9
:1068E000844209D101214804FFF764FA00214FF4E2
:1068F0000030FFF75FFA2FE0CA48844209D1012136
:106900008804FFF757FA00214FF48020FFF752FA6E
:1069100022E0C548844208D101214020FFF739FA1E
:1069200000214020FFF735FA16E0C048844208D124
:1069300001218020FFF72DFA00218020FFF729FA9E
:106940000AE0BB48844207D101218015FFF721FAF4
:106950000021A015FFF71DFA10BD00220288A84BE8
:1069600098420ED0AC4B98420BD0B0F1804F08D07B
:10697000A44B984205D0A44B984202D0A34B984216
:1069800004D14FF68F731A404B881A43A04B98429C
:1069900007D0A04B984204D04FF6FF431A400B8912
:1069A0001A4302804B68C3620B880385944B98425C
:1069B00002D0994B984201D18B7A038601238382BE
:1069C00070474FF0FF31416000210180018141801B
:1069D000817270470185828270470A4600210188D2
:1069E0004FF68F7319401143018070474162704721
:1069F000C16270470146486A70470146088D70477A
:106A000021B1028842F00202028004E002884FF6BF
:106A1000FD731A400280704721B1028842F00402DF
:106A2000028004E002884FF6FB731A400280704730
:106A300021B1028842F08002028004E002884FF611
:106A40007F731A400280704702884FF6F7731A402E
:106A5000028002880A430280704702884FF6FF4393
:106A60001A40028002880A430280704721B10288DE
:106A700042F00102028004E002884FF6FE731A40E1
:106A80000280704770B5002400220023058C4FF669
:106A9000FE7635400584028C8388048B4FF68F7513
:106AA0002C40B51E2C400D882C43751E2A408D8924
:106AB0002A434D882A43524DA84202D0564DA8423F
:106AC00013D14FF6F7752A40CD892A434FF6FB754F
:106AD0002A408D882A434FF6FF652B404FF6FF551D
:106AE0002B400D8A2B434D8A2B43838004838D6872
:106AF0004563028470BD70B5002400220023058C1C
:106B00004FF6EF7635400584028C8388048B48F677
:106B1000FF752C404FF6FF452C400D884FF6FF7651
:106B200006EA05252C434FF6DF752A408D8906EAD3
:106B300005152A434D8806EA05152A43304DA8421B
:106B400002D0354DA8421DD14FF67F752A40CD8920
:106B50004FF6FF7606EA05152A434FF6BF752A4021
:106B60008D8806EA05152A434FF6FF352B404FF274
:106B7000FF752B400D8A06EA85052B434D8A06EAF0
:106B800085052B43838004838D688563028470BDF3
:106B900070B5002400220023058C4FF6FF663540B7
:106BA0000584028C8388848B4FF68F752C404FF6BA
:106BB000FC752C400D882C434FF6FF552A408D89DB
:106BC0004FF6FF7606EA05252A434D8806EA052595
:106BD0002A430B4DA84202D00F4DA84238D14FF2A4
:106BE000FF752A40CD894FF6FF7606EA05252A4330
:106BF0004FF6FF352A408D8806EA05252A4319E01D
:106C0000000001400004004000080040000C00406B
:106C1000001000400014004000040140004001400A
:106C2000004401400048014000180040001C0040A2
:106C3000002000404EF6FF752B404DF6FF752B40AF
:106C40000D8A06EA05152B434D8A06EA05152B43E6
:106C5000838084838D68C563028470BD70B5002213
:106C600000230024058C4EF6FF7635400584038C06
:106C70008488828B48F6FF752A404FF6FF452A40EC
:106C80000D884FF6FF7606EA05252A434DF6FF7577
:106C90002B408D8906EA05352B434D8806EA0535DC
:106CA0002B43FE4DA84202D0FD4DA84208D14BF621
:106CB000FF752C400D8A4FF6FF7606EA85152C43AA
:106CC000848082838D680564038470BD0021018007
:106CD0004180818081608181C181018241827047D0
:106CE00070B50346002000241846183001258D4059
:106CF000ACB21D8CA5431D8409B108290AD100EB53
:106D0000610005684FF68F763540056005681543CC
:106D100005600FE00D1FC5F34E052844056848F6D1
:106D2000FF763540056005684FF6FF7606EA0226D5
:106D30003543056070BD4163704781637047C1632F
:106D40007047016470470A460021018B4FF68F732C
:106D500019401143018370470A460021018B48F610
:106D6000FF7319404FF6FF7303EA022319430183AF
:106D700070470A460021818B4FF68F7319401143EB
:106D8000818370470A460021818B48F6FF731940C2
:106D90004FF6FF7303EA02231943818370470A46C3
:106DA0000021018B4FF6F77319401143018370479F
:106DB0000A460021018B4FF2FF7319404FF6FF7313
:106DC00003EA02231943018370470A460021818B9D
:106DD0004FF6F77319401143818370470A4600212B
:106DE000818B4FF2FF7319404FF6FF7303EA0223C2
:106DF0001943818370470A460021018B4FF6FB73CC
:106E000019401143018370470A460021018B4FF658
:106E1000FF3319404FF6FF7303EA0223194301833E
:106E200070470A460021818B4FF6FB7319401143CE
:106E3000818370470A460021818B4FF6FF3319404A
:106E40004FF6FF7303EA02231943818370470A4612
:106E50000021018B4FF67F73194011430183704766
:106E60000A460021018BC1F30E014FF6FF7303EABE
:106E700002231943018370470A460021818B4FF694
:106E80007F7319401143818370470A460021818B2B
:106E9000C1F30E014FF6FF7303EA02231943818306
:106EA00070470A460021018C4FF6FD7319401143CB
:106EB000018470470A460021018C4FF6F773194090
:106EC0001143018470470A460021018C4FF6DF739D
:106ED00019404FF6FF7303EA021319430184704708
:106EE0000A460021018C4FF67F7319404FF6FF735D
:106EF00003EA02131943018470470A460021018CFA
:106F00004FF6FF5319404FF6FF7303EA022319436C
:106F1000018470470A460021018C4FF2FF7319402B
:106F20004FF6FF7303EA02231943018470470A46B0
:106F30000021018C4DF6FF7319404FF6FF7303EAF1
:106F4000023319430184704730B5002301248C407B
:106F5000A3B2048C9C430484048C02FA01F5ADB204
:106F60002C43048430BD30B5002304248C40A3B2EC
:106F7000048C9C430484048C02FA01F5ADB22C43CA
:106F8000048430BD828B4FF2FF331A408283828BA0
:106F90004FF6FF7303EA01231A4382837047F0B56B
:106FA0000C461546002100220026078C4EF6FF7C79
:106FB00007EA0C070784818B028C4FF6FF7707EAFC
:106FC000043640F6FF4739404FF6FF7707EA0527BA
:106FD00039434FF6FF7707EA0337394345F6FF7722
:106FE0003A4046F480573A4381830284F0BD828B55
:106FF0004FF6F3731A408283828B0A438283704771
:10700000F0B50C461546002100220026078C4FF6ED
:10701000FF6C07EA0C070784818B028C4FF6FF7721
:1070200007EA04264FF60C7739404FF6FF7707EA58
:1070300003172F4339434FF2FF573A4046F4807706
:107040003A4381830284F0BD028B4FF2FF331A4032
:107050000283028B4FF6FF7303EA01231A43028374
:107060007047F0B50C461546002100220026078C1B
:107070004FF6EF7C07EA0C070784018B028C4FF672
:10708000FF7707EA041640F6FF4739404FF6FF77CF
:1070900007EA033739434FF6FF7703E0000001406A
:1070A0000004014007EA052739434FF65F773A406D
:1070B00046F010073A4301830284F0BD028B4FF67D
:1070C000F3731A400283028B0A4302837047F0B5C0
:1070D0000C46154600210022068C4FF6FE773E40F6
:1070E0000684018B028C4FF60C7631407E1C06EA3A
:1070F00003162E4331434FF6F576324044F0010635
:10710000324301830284F0BD70B505460C462088E9
:1071100050B92389A28861882846FFF7D8FFE18803
:107120002846FFF7CBFF25E0208804280AD12389D1
:10713000A28861882846FFF794FFE1882846FFF778
:1071400083FF17E0208808280AD12389A288618854
:107150002846FFF755FFE1882846FFF748FF09E07A
:107160002389A28861882846FFF719FFE18828460D
:10717000FFF708FF70BD002101804180012181805F
:107180000021C180018170472DE9F04105460C4680
:1071900000260127608808B9022600E00026A088A2
:1071A000012801D1022700E001272088A0B9238906
:1071B000A28861882846FFF78AFFE1882846FFF702
:1071C0007DFF23893A4631462846FFF74AFFE1888A
:1071D0002846FFF739FF13E02389A28861882846F3
:1071E000FFF73FFFE1882846FFF72EFF23893A4645
:1071F00031462846FFF76BFFE1882846FFF75EFF20
:10720000BDE8F0810146486B70470146886B7047C6
:107210000146C86B70470146086C70470A884B8866
:107220001A438B881A43CB881A430B891A434B891C
:107230001A438B891A43A0F844207047002101802B
:1072400041808180C180018141818181704731B15C
:10725000B0F8442042F40042A0F8442005E0B0F821
:107260004420C2F30E02A0F84420704721B1828866
:1072700042F00402828004E082884FF6FB731A40D9
:107280008280704721B1828842F00102828004E04E
:1072900082884FF6FE731A40828070471AB1838944
:1072A0000B43838102E083898B4383817047818212
:1072B000704702460020138A0B400BB1012000E00A
:1072C00000207047CA430282704730B50246002052
:1072D00000230024158A05EA0103958905EA0104C3
:1072E00013B10CB1012000E0002030BDCA4302827E
:1072F000704741EA0203A0F8483070471AB1838909
:107300000B43838102E083898B438381704721B1E2
:10731000828842F00802828004E082884FF6F77388
:107320001A408280704701894FF6F872114001813E
:1073300070470A46002101894FF68F7319401143A7
:107340000181704730B504460D4629462046FFF7B7
:10735000F0FF208940F00700208130BD2DE9F04189
:1073600004460D4616461F46602D06D13B460122B7
:1073700031462046FFF775FE05E03B4601223146C7
:107380002046FFF7A4FE29462046FFF7D2FF2089BA
:1073900040F007002081BDE8F08130B50C460021A7
:1073A0000189C9B24FF6FF7505EA03251543254348
:1073B0002943018130BD2DE9F04105460E461746AF
:1073C0009846002443463A4631462846FFF7E5FFF3
:1073D0002C894FF6F870044044F007044FF68F7084
:1073E000044044F070042C81BDE8F081F0B50446FF
:1073F0000D4616461F463B46324629462046FFF7B5
:10740000CCFF208940F480402081F0BD82884FF677
:107410008F731A40828082880A4382807047028973
:107420004FF6F8731A40028102890A4302817047BD
:1074300002894FF67F731A40028102890A43028152
:107440007047F0B50C4615461E4600210022002369
:107450000189028B038C4FF6F877394021434FF6B0
:10746000FC473A4040F201173A434FF6DD773B4084
:107470004FF6FF7707EA06172F433B43018102834C
:107480000384F0BD21B1828842F08002828004E052
:1074900082884FF67F731A4082807047A0F85010A0
:1074A0007047000010B50446F748844208D1012116
:1074B0001020FEF77FFC00211020FEF77BFC3EE051
:1074C000F248844209D101214804FEF762FC002100
:1074D0004FF40030FEF75DFC31E0ED48844209D105
:1074E00001218804FEF755FC00214FF48020FEF7AF
:1074F00050FC24E0E748844209D10121C804FEF78A
:1075000048FC00214FF40020FEF743FC17E0E2485E
:10751000844209D101210805FEF73BFC00214FF40C
:107520008010FEF736FC0AE0DC48844207D10121D6
:107530002020FEF73FFC00212020FEF73BFC10BD81
:107540002DE9FF4705460E460024A14600BFA04690
:10755000B08900B100BF2C8A24F44054F088044361
:107560002C82AC8941F20C608443B0883189084395
:10757000718908430443AC81AC8A24F44074B08917
:107580000443AC826846FEF7D4FABF48854202D075
:10759000C248854202D1DDF80C9001E0DDF8089088
:1075A000A88900F4004040B109EBC90000EB0910C4
:1075B00031684900B0FBF1F707E009EBC90000EBC7
:1075C000091031688900B0FBF1F76420B7FBF0F0D7
:1075D00004012009642101FB1078A88900F400400F
:1075E00040B1322000EBC800B0FBF1F000F0070022
:1075F000044308E0322000EB08106421B0FBF1F0F6
:1076000000F00F0004432C81BDE8FF874FF41651B2
:10761000016000218180C18001810C214181002114
:107620008181704710B502460020108A20F47060F6
:107630000B884C8823438C882343CC8823431843EE
:10764000108210BD0021018041808180C18070477F
:1076500021B1828942F40052828104E082894DF690
:10766000FF731A4082817047028B02F47F420283CB
:10767000028B0A430283704721B1828942F400429F
:10768000828103E08289C2F30E028281704721B1B8
:10769000828A42F40062828204E0828A4FF2FF739F
:1076A0001A4082827047C1F3080282807047014607
:1076B0008888C0F308007047028A4FF6F0731A40BA
:1076C0000282028A0A430282704721B1828942F013
:1076D0000202828104E082894FF6FD731A408281A2
:1076E000704782894FF2FF731A40828182890A4370
:1076F00082817047028A4FF6DF731A400282028A43
:107700000A430282704721B1028A42F48042028217
:1077100004E0028A4BF6FF731A40028270478189A7
:1077200041F001018181704721B1828A42F0080253
:10773000828204E0828A4FF6F7731A408282704791
:10774000028BD2B20283028B42EA0122028370478B
:1077500021B1828A42F02002828204E0828A4FF6BE
:10776000DF731A408282704721B1828A42F0100290
:10777000828204E0828A4FF6EF731A408282704759
:10778000828A4FF6FB731A408282828A0A4382827F
:10779000704721B1828A42F00202828204E0828A2A
:1077A0004FF6FD731A40828270471AB1838A0B43E9
:1077B000838202E0838A8B4383827047F0B503465D
:1077C000002400260025002040F66A17B94200D1A7
:1077D00000BF1846C1F3421401F01F06012707FA43
:1077E00006F5012C01D10C3004E0022C01D110303F
:1077F00000E014301AB107682F43076002E0076801
:10780000AF430760F0BD02460020B1F5007F00D114
:1078100000BF13880B400BB1012000E0002070472F
:1078200001F40072B2F5007F00D100BFCA430280AC
:10783000704770B50246002400230025002040F662
:107840006A16B14200D100BFC1F3421501F01F0317
:10785000012606FA03F3012D02D19689334006E092
:10786000022D02D1168A334001E0968A33400C1271
:10787000012606FA04F41688344013B10CB1012035
:1078800000E0002070BD00000010014000440040F6
:1078900000480040004C00400050004000140140EF
:1078A00010B50022002340F66A14A14200D100BFA7
:1078B0000A1201249440A3B2DC43048010BD0000EE
:1078C00010B501218803FEF775FA00214FF48040BE
:1078D000FEF770FA10BD1A490860704730B50022F3
:1078E0008B071C0F0F2303FA04F2154B08338C107F
:1078F00053F824309343124C08348D1044F825304B
:1079000023468C1053F824308C07240F00FA04F41B
:1079100023430B4C08348D1044F8253030BD094901
:10792000086070470849086070470020044920310A
:10793000096801F4807109B1012000E0002070475E
:1079400000380140DC0027420004274200F1080112
:1079500041604FF0FF31816000F10801C1600161B9
:10796000002101607047002101617047426853683F
:107970004B6043688B605368996051604160086157
:1079800003685B1C0360704710B502460B685C1C03
:107990000CB9106907E002F1080000E04068446893
:1079A00024689C42FAD944684C604C68A1608860A5
:1079B00041600A611468641C146010BD0146D1E97D
:1079C00001309860D1E9010358600A695068884223
:1079D00001D188685060002008611068401E106066
:1079E0001068704770B504460D461CB9F8F720FCC6
:1079F00000BFFEE700F0F3FDD4E90F12206801FBA1
:107A0000020060600020A0632068A060E06B401E60
:107A1000226C216800FB0210E0604FF0FF306064D0
:107A2000A06475B9206908B9012000E0002080B980
:107A300004F1100001F02AFC01280AD100F0C9FD70
:107A400007E004F11000FFF781FF04F12400FFF7C5
:107A50007DFF00F0CDFD012070BD2DE9F04705460A
:107A60000E4617464FF00009DDB1502000F0E4FD4E
:107A70000446B4B105FB06F000F10108404600F0F1
:107A8000DBFD2060206848B1E563266401212046C3
:107A9000FFF7A8FF84F84D70A14602E0204600F0F1
:107AA0002CFEB9F1000F03D1F8F7C2FB00BFFEE7CF
:107AB0004846BDE8F08710B5044600F090FD11E09F
:107AC000606A08B9012000E0002050B904F12400E8
:107AD00001F0DCFB08B101F054FCA06C401EA06476
:107AE00000E002E0A06C0028EADC00BF4FF0FF30AD
:107AF000A06400F07DFD00F072FD11E0206908B97E
:107B0000012000E0002050B904F1100001F0BEFB9C
:107B100008B101F036FC606C401E606400E002E0D9
:107B2000606C0028EADC00BF4FF0FF30606400F0BA
:107B30005FFD10BD70B5044600F051FDA06BE16B18
:107B4000884201D1012000E00020054600F050FDF0
:107B5000284670BD70B504460E461546206C38B9EF
:107B6000206838BB606801F09BFC0020606021E069
:107B70007DB93146226CA06801F0BCFC216CA06884
:107B80000844A060D4E90110884213D32068A060A3
:107B900010E03146226CE06801F0ACFC216CE0683A
:107BA000401AE0602168E068884203D2216C606876
:107BB000401AE060A06B401CA06370BDFFB583B0AD
:107BC00004460D461E4600271CB9F8F731FB00BFDE
:107BD000FEE70DB9206C08B9012000E0002018B9BB
:107BE000F8F726FB00BFFEE700BF00F0F8FCA06B33
:107BF000E16B884217D2324629462046FFF7AAFF9A
:107C0000606A08B9012000E0002038B904F12400BE
:107C100001F03CFB012801D100F0DBFC00F0E8FCA6
:107C2000012007B0F0BD059818B900F0E1FC002074
:107C3000F7E71FB901A801F05EFB012700F0D8FCAF
:107C400000F0DEFF00F0CBFC606C401C08B90020A7
:107C50006064A06C401C08B90020A06400F0C8FC5F
:107C600005A901A801F055FBC0B92046FFF762FF46
:107C700070B104F11000059901F0CBFA2046FFF72E
:107C80001AFF00F00DFF0028AFD100F0A2FCACE716
:107C90002046FFF710FF00F003FFA6E72046FFF79E
:107CA0000AFF00F0FDFE0020BBE770B5054650203E
:107CB00000F0C2FC0446E4B1002060602060A060D7
:107CC000E060A0630120E06300202064401E606447
:107CD000A06484F84D5004F11000FFF737FE04F162
:107CE0002400FFF733FE00231A4619462046FFF70B
:107CF00065FF1CB9F8F79CFA00BFFEE7204670BD8F
:107D000070B504461CB9F8F793FA00BFFEE701F01E
:107D100047FB616888420CD1E068401EE060E06883
:107D200028B900231A4619462046FFF747FF0125C8
:107D300000E00025284670BD70B5044600F04FFCF9
:107D4000A06B08B9012000E00020054600F050FCBF
:107D5000284670BD70B504460D46206870B1216C90
:107D6000E0680844E0606168E068884201D3206808
:107D7000E0602846226CE16801F0BCFB70BD2DE993
:107D8000FF4182B004460D461E464FF000081CB964
:107D9000F8F74EFA00BFFEE70DB9206C08B90120D4
:107DA00000E0002018B9F8F743FA00BFFEE700BF73
:107DB00000F015FCA06B80B3E76829462046FFF76A
:107DC000C9FFB6B9A06B401EA063206810B901F0CE
:107DD000E7FA6060206908B9012000E00020B0B92E
:107DE00004F1100001F052FA012810D100F0F1FB6B
:107DF0000DE0E760606A08B9012000E0002030B9BA
:107E000004F1240001F042FA08B100F0E2FB00F0B6
:107E1000EFFB012006B0BDE8F081FFE7049818B938
:107E200000F0E6FB0020F5E7B8F1000F04D168464A
:107E300001F061FA4FF0010800F0DAFB00F0E0FE1B
:107E400000F0CDFB606C401C08B900206064A06CA1
:107E5000401C08B90020A06400F0CAFB04A96846D1
:107E600001F057FA08BB2046FFF766FFB8B120685B
:107E700030B900F0B4FB606801F0A1FA00F0B8FB83
:107E800004F12400049901F0C4F92046FFF713FE21
:107E900000F006FE00288BD100F09BFB88E720460F
:107EA000FFF709FE00F0FCFD82E72046FFF703FE26
:107EB00000F0F6FD0020ADE770B504460E461CB993
:107EC000F8F7B6F900BFFEE701F06AFA6168884288
:107ED00004D1E068401CE06001250BE0002332463D
:107EE00019462046FFF74BFF0546012D02D1E068F9
:107EF000401CE060284670BD70B506460D46022263
:107F000000213046FFF7A9FD044604B1A5631CB962
:107F1000F8F78EF900BFFEE7204670BD2DE9F04767
:107F200004460F46154698461CB9F8F781F900BF7C
:107F3000FEE70FB9206C08B9012000E0002018B955
:107F4000F8F776F900BFFEE7F8F772F98146A06B03
:107F5000E16B88421BD2424639462046FFF7FAFDC4
:107F6000A06C401C70B9606A08B9012000E00020D4
:107F700058B904F1240001F089F930B12DB1012084
:107F8000286002E0A06C401CA064012600E00026EE
:107F90004846F8F754F93046BDE8F0872DE9F0413E
:107FA00004460F4615461CB9F8F742F900BFFEE734
:107FB0000FB9206C08B9012000E0002018B9F8F7CB
:107FC00037F900BFFEE7F8F733F98046A06BE8B158
:107FD00039462046FFF7BEFEA06B401EA063606CD2
:107FE000401C70B9206908B9012000E0002058B990
:107FF00004F1100001F04AF930B12DB101202860E0
:1080000002E0606C401C6064012600E000264046EF
:10801000F8F715F93046BDE8F08170B504461CB993
:10802000F8F706F900BFFEE700F0D9FAA56B00F0FB
:10803000DFFA284670BD70B504461CB9F8F7F8F8A9
:1080400000BFFEE7A56B284670BD014600200BE08F
:108050003D4A02EBC00252688A4204D100223A4BE8
:1080600043F8302002E0401C0828F1D300BF7047DD
:1080700010B504461CB9F8F7DBF800BFFEE7204650
:10808000FFF7E3FF206800F038FB204600F035FBE7
:1080900010BD014691F84C00704780F84C107047B5
:1080A000014691F84D00704770B504461CB9F8F7C9
:1080B000BFF800BFFEE7A06B08B9012000E0002078
:1080C0000546284670BD70B504461CB9F8F7B0F8EF
:1080D00000BFFEE7A06BE16B884201D1012000E008
:1080E00000200546284670BD024600200BE0164BD6
:1080F00053F8303033B9144B43F8301003EBC0035E
:108100005A6002E0401C0828F1D300BF704770B5E8
:1081100004460D4600F063FA606C401C08B900206C
:108120006064A06C401C08B90020A06400F060FAF4
:10813000A06B20B9294604F1240001F08DF82046F7
:10814000FFF7B9FC70BD0000600500202DE9F0418B
:1081500004460D4616461F464FF000086560246130
:10816000B5420CD8F01BA169884202D34FF0010838
:1081700011E0211DF0480068FFF706FC0BE0BE424D
:1081800004D2BD4202D34FF0010804E0211DEB48A8
:108190000068FFF7F9FB4046BDE8F0812DE9FE439A
:1081A00005460E4617461C46DDF828804FF00009AC
:1081B000E348006808B3009601970295ACB901F056
:1081C000F2F8012808D1002342466946DC480068DD
:1081D000FFF7F4FC814610E000231A466946D848B0
:1081E0000068FFF7EBFC814607E000232246694662
:1081F000D3480068FFF792FE81464846BDE8FE83FB
:108200002DE9F84381462BE0CC480068C06805683A
:10821000CA480068C068C468201DFFF7CFFB20462D
:10822000616A8847E06901281AD1A0694619AE42FF
:1082300007D966602461211DC0480068FFF7A4FBD0
:108240000EE0002003462A46014600902046FFF734
:10825000A5FF07461FB9F7F7EBFF00BFFEE700BF1A
:10826000B6480068006808B9012000E00020002836
:10827000CAD0B248D0F80080AF480068AF49086063
:10828000AD48C0F80080BDE8F88370B5044600F042
:1082900009FF0546AB480068854206D2A948006838
:1082A000FFF7AEFF0120206001E000202060A5481C
:1082B0000560284670BD70B586B002A8FFF7E5FFDF
:1082C000064650E0059C44B1606908B9012000E011
:1082D000002010B9201DFFF771FB039830B1012871
:1082E00026D0022825D003283BD136E00498A26985
:1082F0008118034632462046FFF728FF012816D191
:108300002046616A8847E069012810D1002000906A
:108310000498A1694218002319462046FFF73EFF42
:1083200005461DB9F7F784FF00BFFEE700BF19E05F
:1083300018E00498A061A06908B1012000E00020C5
:1083400018B9F7F775FF00BFFEE7A069811933463A
:1083500032462046FFF7FAFE04E0204600F0CDF951
:1083600000E000BF00BF00231A4603A9744800685C
:10837000FFF705FD0028A5D106B070BDF8B505468C
:108380000F466E480068C068C468201DFFF716FBE2
:10839000E069012817D1A06941192B463A462046C9
:1083A000FFF7D4FE01280ED1002003462A460146DD
:1083B00000902046FFF7F2FE06461EB9F7F738FF99
:1083C00000BFFEE700BF2046616A8847F8BDF8B5E8
:1083D00004460E4600F014FC6846FFF756FF0546BB
:1083E0000098A0B946B9AC4206D800F059FB29461E
:1083F0002046FFF7C3FF0CE0611B51480068FFF700
:1084000086FE00F04DFB20B900F0E3F801E000F03B
:1084100047FBF8BD0146494A126812680AB90122B1
:1084200000E000220A600A6822B9444A1268D26851
:10843000106800E00020704708B500BF6846FFF7ED
:10844000E9FF044620460099FFF7C1FFFFF733FF1D
:10845000F4E710B500F0C3F83948006890B93A481D
:10846000FFF774FA3948FFF771FA37483349086063
:1084700036483149086000220C210A20FFF7EDFA46
:108480002F49086000F0B4F810BD1FB50024FFF7B5
:10849000E0FF2B48006868B100200223CDE90030DE
:1084A000029003464FF4007229A103902A4800F07D
:1084B000B2F904461CB9F7F7BBFE00BFFEE7204641
:1084C00004B010BD2DE9F04706460D461746984604
:1084D000DDF820904DB900240DB1012000E000200E
:1084E000A0B9F7F7A5FE00BFFEE7282000F0A4F82A
:1084F00004465CB1FFF7ADFF2660A561E761C4F8F3
:108500002080C4F82490201DFFF72DFA2046BDE8F6
:10851000F08770B50446264600F061F8706908B12E
:10852000012000E00020054600F062F8284670BDFA
:1085300001460A46106A7047C4020020C0020020AB
:10854000C8020020CC020020A0050020B4050020B5
:10855000546D72205376630039840008001F4FF079
:1085600080730360001F0160001F00230360143844
:108570000260001FDB1E0360203870472A48006835
:1085800042F21071B0FBF1F0401E4FF0E021486163
:1085900007200861704710B52448006840F47C004B
:1085A000224908600846006840F07C400860FFF7F8
:1085B000E5FF00201E490860F7F708FE1D48006827
:1085C00040F040401B490860F7F7F6FD002010BD61
:1085D00070474FF0805015491C390860704710B53E
:1085E000F7F726FE12480068401C1149086010BDCC
:1085F00010B50F480068401E0D4908600846006825
:1086000010B90020F7F71BFE10BD10B54FF08050D9
:1086100006491C390860F7F70BFE00F0C2F900208C
:10862000F7F70DFE10BD00009C02002020ED00E0D9
:10863000D002002034EF00E02DE9F04104464FF075
:10864000000800F0DDFA3D48006898B93C493D4A11
:108650001160002151604FF420513B4A51600021CC
:10866000116037484FF420514160114601600120EC
:108670003249086044B1103404F0070020B104F01E
:108680000700C0F108000444002C31D0B4F5205F8D
:108690002ED22C4F3846056801E02F462D686868B9
:1086A000A04202D228680028F7D1274885421FD06F
:1086B000386800F11008286838606868001B2028B6
:1086C00010D92E196868001B70606C6071681D48B5
:1086D00000E00068026852688A42FAD30268326099
:1086E000066000BF194968680968081A17490860D8
:1086F00000F0D6F94046BDE8F08170B50646354633
:10870000B6B1103D2C4600F07BFA61680D4800E0E0
:108710000068026852688A42FAD3026822600460E4
:108720000A496068096808440849086000F0B8F917
:1087300070BD06480068704770470000E8020020DE
:10874000C8050020D4020020DC020020E402002042
:1087500010B5002407E004EB8401FE4A02EB81001F
:10876000FFF7F4F8641C052CF5D3FB48FFF7EEF88F
:10877000FA48FFF7EBF8FA48FFF7E8F8F948FFF78F
:10878000E5F8F948FFF7E2F8F348F8490860F348DC
:10879000F749086010BD2DE9F04104460E46154624
:1087A0009846069F0A22314604F1340000F0D2FEBA
:1087B00000213D200155052D00D30425E562A56467
:1087C000201DFFF7D0F804F11800FFF7CCF8246162
:1087D000C5F10500A0616462BDE8F08170B5054691
:1087E0000E464C20FFF728FF044694B11EB9A8009E
:1087F000FFF722FF00E030462063206B20B92046BF
:10880000FFF77BFF002404E0A900A522206B00F005
:1088100083FE204670BD2DE9FF4F81B0804616468D
:108820009A46DDE90E5BB8F1000F03D1F7F700FDC2
:1088300000BFFEE7052D01D2012000E0002018B99D
:10884000F7F7F6FC00BFFEE730461099FFF7C6FFCA
:108850000446002C64D0701E216B01EB800929F0C6
:10886000070909F0070008B9012000E0002018B945
:10887000F7F7DEFC00BFFEE700962A462046119B74
:108880000299FFF788FF524641464846FFF766FEC9
:108890002060BBF1000F01D0CBF80040FFF79FFE36
:1088A000B4480068401CB3490860B348006840B948
:1088B000B14804600846006801280CD1FFF748FF62
:1088C00009E0AE48006830B9AB480068C06AA84209
:1088D00001D8A9480460AA49E06A0968884202D917
:1088E000A749E06A0860A74800682064A5480068B6
:1088F000401CA4490860A449E06A0968884202D97A
:10890000A149E06A0860E16A01EB8101914A02EB4A
:108910008100211DFFF72AF80127FFF769FE01E01A
:108920004FF0FF37012F09D19448006830B19248C9
:108930000068C06AA84201D2FFF74BFE384605B076
:10894000BDE8F08F70B50446FFF749FE8A4800681D
:10895000844200D1002414B98748006800E0204612
:108960000546281DFFF72AF8A86A18B105F1180076
:10897000FFF724F8291D7B48FEF7F8FF83480068BD
:10898000401C824908607F480068401C7D4908609F
:10899000FFF72EFE7948006810B10CB9FFF719FEF9
:1089A00070BD70B57A480068002873D179480068B6
:1089B000401C784908600846006868BB6B4800683E
:1089C000006808B9012000E0002018B9F7F730FC72
:1089D00000BFFEE7654805686548006863490860B0
:1089E000634805606C480068401C6B4908605F483C
:1089F0000068006808B9012000E0002020B14FF0B5
:108A0000FF306649086006E058480068C068C468DE
:108A100062496068086000BF5E4800685F49096895
:108A2000884236D300BF51480068006808B9012069
:108A300000E0002020B14FF0FF305849086027E0E7
:108A40004A480068C068C468656852480068A8421F
:108A500002D2524805601BE0201DFEF7AFFFA06A5E
:108A600018B104F11800FEF7A9FF4749E06A096848
:108A7000884202D94449E06A0860E16A01EB810159
:108A8000344A02EB8100211DFEF770FFCBE701E0C5
:108A900000BF04E042480068401C4149086070BDC6
:108AA00070B500253A48006818B9F7F7C1FB00BF58
:108AB000FEE7FFF794FD36480068401E3449086021
:108AC00008460068002878D12A480068002874D039
:108AD000002621E02248C068C46804F11800FEF7AF
:108AE0006DFF201DFEF76AFF2749E06A096888428A
:108AF00002D92549E06A0860E16A01EB8101154A63
:108B000002EB8100211DFEF731FF1B49E06A096875
:108B1000C96A884200D301261148006808B90120BB
:108B200000E000200028D5D01D48006860B106E0B4
:108B3000FFF737FF1A480068401E194908601848B7
:108B400000680028F4D10126012E2FD015480068B6
:108B500001282AE0C82D00202C2E0020402E0020C5
:108B6000542E0020682E00207C2E0020F0020020D1
:108B7000F4020020FC020020EC0200200C03002084
:108B8000040300202003002008030020F802002036
:108B900010030020000300201C03002024030020F9
:108BA000140300201803002007E005D10125002050
:108BB000F9490860FFF70DFD00BFFFF719FD2846D2
:108BC00070BD10B50446F54800684460F44800687C
:108BD000844207D2F1480168091DF2480068FEF797
:108BE000D3FE0CE0ED480168091DEF480068FEF770
:108BF000CBFEEE480068844201D2EC48046010BD10
:108C0000EB480068401CEA49086070472DE9F041D4
:108C100004460E464FF000081CB9F7F709FB00BFE9
:108C2000FEE70EB1012000E0002018B9F7F700FBC5
:108C300000BFFEE7FFF7E4FF20688519D8492068E8
:108C40000968884209D92068A8420FD9D448006829
:108C500085420BD94FF0010808E02068A84203D8EC
:108C6000CF480068854201D94FF001082560B8F16E
:108C7000000F07D0C9480068001DFEF79FFE284678
:108C8000FFF79FFFFFF70CFF07460FB9FFF7A1FCA7
:108C9000BDE8F08170B5044600267CB1FFF7B0FF57
:108CA000BF4800680519BD480068001DFEF786FE34
:108CB0002846FFF786FFFFF7F3FE06460EB9FFF7DB
:108CC00088FC70BD70B50446FFF789FC14B9B34841
:108CD000006800E020460646F56AFFF789FC284652
:108CE00070BD2DE9F04706460D464FF00009052DF1
:108CF00001D2012000E0002018B9F7F799FA00BF6F
:108D0000FEE7052D00D30425FFF769FCA3480068A2
:108D1000864200D1002616B9A048006800E030461F
:108D20000446A76CAF4234D0BD4203D92EB14FF0F8
:108D3000010902E00EB94FF00109D4F82C80E16A74
:108D4000A06C884200D1E562A564C5F10500A06170
:108D500007EB8701974A02EB81016069884213D1D2
:108D6000201DFEF72BFE9449E06A0968884202D96B
:108D70009149E06A0860E16A01EB81018D4A02EBEA
:108D80008100211DFEF7F2FDB9F1010F01D1FFF7BE
:108D900020FCFFF72DFCBDE8F08710B58448006883
:108DA00018B101207C4908602CE00BE08248006883
:108DB00018B9F7F73DFA00BFFEE77F480068401E8C
:108DC0007D4908607C48006800EB8000794951F8D3
:108DD00020000028EAD07849096801EB8101754A32
:108DE00002EB810041684968416000F10801426876
:108DF0008A4202D14168496841604168C968674A4E
:108E0000116000BF10BD70B50446FFF7E8FB634872
:108E10000068844200D1002414B96048006800E072
:108E200020460546281DFEF7C9FDA86A18B105F1C0
:108E30001800FEF7C3FD291D6048FEF797FDFFF7F8
:108E4000D7FB8CB95E48006810B1FFF7C2FB0BE09E
:108E50005A4800685B490968884203D100204F499D
:108E6000086001E0FFF799FF70BD70B50546002668
:108E70002C461DB9F7F7DCF900BFFEE74F496069E2
:108E8000884201D1012000E0002080B14E49A06A53
:108E9000884201D1012000E00020012807D0A06A0B
:108EA00008B9012000E00020012800D10126304649
:108EB00070BD70B505461DB9F7F7BAF900BFFEE7FA
:108EC0002C4644B335480068844224D0FFF787FB22
:108ED0002046FFF7CAFF01281BD1201DFEF76EFDBB
:108EE0003549E06A0968884202D93349E06A086076
:108EF000E16A01EB81012F4A02EB8100211DFEF79F
:108F000035FD2649E06A0968C96A884201D3FFF73E
:108F100060FBFFF76DFB70BD2DE9F04105460026B3
:108F20001DB9F7F785F900BFFEE72C46F7F780F982
:108F300007462046FFF799FF012826D11C48006804
:108F4000F0B91649E06A0968C96A884201D301206C
:108F500000E000200646201DFEF730FD1649E06ABD
:108F60000968884202D91449E06A0860E16A01EBA5
:108F70008101104A02EB8100211DFEF7F7FC04E09D
:108F800004F118011048FEF7F1FC3846F7F757F9DD
:108F90003046BDE8F081000018030020EC020020FC
:108FA00000030020F4020020F0020020240300202F
:108FB00010030020C82D0020080300207C2E002074
:108FC0000C030020FC020020542E002010B50446A3
:108FD000206BFFF792FB2046FFF78FFB10BD70B5AB
:108FE00023E0FFF70DFEFD48006808B9012000E00E
:108FF00000200546FFF754FDBDB9FFF7F0FAF7482A
:10900000C068C468201DFEF7D9FCF5480068401E02
:10901000F3490860F3480068401EF2490860FFF712
:10902000E7FA2046FFF7D2FF00BFEE4800680028AD
:10903000D7D170BD00BFFFF7D2FFEB480068012811
:10904000F9D9FFF7C6FAF6E71FB5002000900190A6
:10905000029003464FF48072E4A10390E548FFF7C5
:10906000DAFB0446012C02D1FFF70FFA0446012C6B
:1090700009D1F7F7DDF80120DF4908600020DF495A
:109080000860FFF788FA1CB9F7F7D2F800BFFEE7CF
:109090001FBD10B5F7F7CCF80020D7490860FFF7DF
:1090A00097FA10BD10B5FFF79AFAD4480468FFF795
:1090B0009FFA204610BD70B5F7F7BAF80546CF48BD
:1090C00004682846F7F7BBF8204670BDC44800681E
:1090D00070470146002002E0491C421C90B20A7809
:1090E000A52AF9D0800870472DE9FE4381460C4639
:1090F0001646204641684968416000F1080142680F
:109100008A4202D14168496841604168CF6800BF26
:10911000204641684968416000F1080142688A427E
:1091200002D14168496841604168CD68286BFFF70A
:10913000D0FF8046286CE96A334605F13402CDE958
:1091400000180290AEA1B34800F0E2FDB1494846D4
:1091500000F0F4F9BD42DBD1BDE8FE8370B50546F1
:10916000FFF74EFD00202870ABA1284600F0E6F97D
:10917000AA480068441C00BF641E04EB84009A499E
:1091800051F8200008B9012000E0002040B904EBAC
:109190008400954A02EB800152222846FFF7A4FF83
:1091A000002CE9D19E480068006808B9012000E061
:1091B000002028B942229A4801682846FFF794FF08
:1091C00098480068006808B9012000E0002028B92C
:1091D0004222944801682846FFF786FF7F480068CE
:1091E00008B9012000E0002020B944227B4928462C
:1091F000FFF77AFF8C48006808B9012000E00020E2
:1092000020B9532288492846FFF76EFFFFF748FC34
:1092100070BD70B505460C461DB9F7F709F800BFDB
:10922000FEE78248016818312846FEF7ADFB7F480B
:109230000068001DFEF7C2FB601C30B97B48016866
:10924000091D7948FEF792FB05E06C480068061995
:109250003046FFF7B6FC70BD70B504460D461CB92C
:10926000F6F7E6FF00BFFEE77048016818312046B8
:10927000FEF77CFB6D480068001DFEF79FFB5F4812
:10928000006846193046FFF79CFC70BD70B5064675
:10929000F068C4681CB9F6F7CBFF00BFFEE704F125
:1092A0001800FEF78BFB62480068A0B9201DFEF78E
:1092B00085FB6049E06A0968884202D95D49E06A35
:1092C0000860E16A01EB8101474A02EB8100211D40
:1092D000FEF74CFB04E004F118015748FEF746FB8B
:1092E0005249E06A0968C96A884201D3012500E051
:1092F0000025284670BD10B504461CB9F6F798FF46
:1093000000BFFEE74D48006820603C480068606090
:1093100010BD70B504460D461CB9F6F789FF00BFB5
:10932000FEE71DB9F6F784FF00BFFEE7FFF757F928
:109330002868401C08B900261FE0404920680968D9
:10934000884206D02D4960680968884201D8012604
:1093500013E02A4960680968081A296888420BD214
:109360002868264A61681268511A401A2860204607
:10937000FFF7C1FF002600E00126FFF739F930466C
:1093800070BD01202E4908607047014611B10A46A0
:10939000506C00E00020704708B1024651647047ED
:1093A0002249086870471449096809B9002005E096
:1093B0001F49096809B9012000E00220704770B513
:1093C00005462C464DB11949E06A0968C96A8842C8
:1093D00065D216480068C06A34E060E0682E00205C
:1093E000FC020020F8020020C82D002049444C4512
:1093F00000000000359000080C030020000300204E
:109400002573090925630925750925750925750D34
:109410000A000000902E00200D0A00000403002026
:10942000F0020020F40200207C2E0020EC0200203C
:109430001003002008030020542E00201C030020ED
:1094400018030020C0F10500A061E16A01EB810171
:10945000254A02EB81016069884201D1012000E0C8
:109460000020C0B1201DFEF7A9FA20480068C06A9C
:10947000E0621F49E06A0968884202D91C49E06A33
:109480000860E16A01EB8101174A02EB8100211DAE
:10949000FEF76CFA03E015480068C06AE06270BD30
:1094A00070B505462C46EDB1A16CE06A884219D032
:1094B000201DFEF783FAA06CE062E06AC0F10500AF
:1094C000A0610B49E06A0968884202D90849E06A4C
:1094D0000860E16A01EB8101034A02EB8100211D72
:1094E000FEF744FA70BD0000C82D0020EC020020F9
:1094F0000803002040EA01039B0703D009E008C9E4
:10950000121F08C0042AFAD203E011F8013B00F848
:10951000013B521EF9D27047D2B201E000F8012B94
:10952000491EFBD270470022F6E710B513460A46E3
:1095300004461946FFF7F0FF204610BD421E12F800
:10954000013F002BFBD111F8013B02F8013B002B3E
:10955000F9D1704710B5044604E00B7800F8013BE0
:1095600003B1491C521EF8D2204610BD421C10F80F
:10957000011B0029FBD1801A704710B5002200E0C2
:10958000521C835C8C5CA34201D1002BF8D1D8B271
:10959000E1B2401A10BD2DE9FE4F804681EA03007A
:1095A000C00F0C46009021F0004123F00045B8EBBD
:1095B0000200A94105D24046214690461C460B4672
:1095C000024623F00040104347D0270DC7F30A009E
:1095D000C3F30A510290401A019040286BDAC3F39A
:1095E000130040F4801B0098924620B10023D2EB78
:1095F000030A63EB0B0B01985946C0F14002504639
:1096000000F0A7F906460D4650465946019A00F06B
:10961000AFF910EB08006141002487EA115284EA97
:10962000E7731A4340D0009A62B3019A012A4FEAC5
:10963000075215DC001B61EB02014FF0004202EA09
:109640000752CDE90042001C41F5801132462B46FD
:1096500000F0E6F903B0BDE8F08F40462146F9E797
:10966000001B61EB0201001C41F5801300185B41F7
:109670002018A2F5001747EB030140EAD570B61990
:109680006D4111E06D084FEA360645EAC0754FEAB4
:109690000752001B61EB0201001C41F580114908D3
:1096A0004FEA30000019514132462B4603B0BDE865
:1096B000F04F00F0A6B90098012240000023D0EB43
:1096C000020263EBE073009821464FEAE074B8EBC6
:1096D000000061EB0401E9E783F000435BE781F000
:1096E000004158E72DE9FE4F81EA030404F00044ED
:1096F00021F0004100944FF0000B23F0004350EAAA
:1097000001045ED052EA03045BD0C3F30A54C1F3F0
:109710000A552C44A4F2F3340194A0FB0254C1F383
:10972000130141F48011C3F3130343F4801301FBCD
:10973000024400FB034E840A970A44EA815447EA34
:109740008357A4FB076802958D0A05FB07854FEA3E
:10975000932C04FB0C542705029D4FEA065847EA58
:109760001637B5EB08056EEB070C870E920E47EA2D
:10977000811742EA8312A7FB0201B6EB0B0164EBEF
:1097800000042B0D43EA0C335E1844EB1C50DA4600
:109790005146E7FB0201C5F313044FEA0B3343EADA
:1097A00014534FEA0432019C43EA0603A4F10C046B
:1097B0000294009CCDE900B400F032F903B0BDE89A
:1097C000F08F00200146F9E72DE9F04D81EA03040E
:1097D00004F0004B21F0004514464FF0000A23F03E
:1097E000004150EA050220D054EA01021DD0C5F321
:1097F0000A570246C5F31303C1F31300C1F30A5617
:1098000040F4801543F48013A7EB0608101BD646DE
:1098100008F2FD3873EB050002D308F1010801E0FE
:1098200092185B41B8F1000F03DA00200146BDE851
:10983000F08D00204FF48011064684460EE0171B81
:1098400073EB050705D3121B63EB050306434CEAD4
:10985000010C49084FEA300092185B4150EA0107B9
:10986000EDD152EA030012D082EA040083EA050136
:10987000084305D0101BAB4106D20122002306E0AD
:1098800000224FF0004302E06FF0010253101AEB88
:1098900006004CEB085110EB0A0041EB0B01BDE850
:1098A000F04D00F0AEB80EB5C10F80EAE07008448C
:1098B000CA07002140F233438DE80E000A460B46EA
:1098C00000F0AEF803B000BD00F0004230F0004000
:1098D0000AD0C10D01F56071C0F3160042EA0151D2
:1098E000C20840071143704700200146704701F04D
:1098F000004330B421F0004150EA010206D00A0DC5
:10990000A2F56072C1F31301002A02DC30BC002012
:109910007047440F44EAC104C100E01830BC00EBBA
:10992000C25000F037B830B50B4601460020202267
:10993000012409E021FA02F59D4205D303FA02F55C
:10994000491B04FA02F52844151EA2F10102F1DCBC
:1099500030BD202A04DB203A00FA02F100207047D3
:109960009140C2F1200320FA03F31943904070475D
:10997000202A06DBCB17203A41FA02F043EAE073D3
:1099800006E041FA02F3D040C2F1200291400843C0
:10999000194670470029A8BF7047401C490008BFFE
:1099A00020F00100704710B4B0FA80FC00FA0CF00F
:1099B00050EA010404BF10BC704749B1CCF1200447
:1099C00021FA04F411FA0CF118BF012121430843D4
:1099D000A3EB0C01CB1D4FEA00614FEA102042BF00
:1099E000002010BC704700EBC35010440029A4BFF6
:1099F00010BC7047401C490008BF20F0010010BC9B
:109A0000704710B5141E73F1000408DA401C41F1D0
:109A1000000192185B411A4301D120F0010010BDF2
:109A20002DE9F04D92469B4611B1B1FA81F202E068
:109A3000B0FA80F220329046FFF78BFF04460F46C3
:109A400040EA0A0041EA0B0153465A46084313D044
:109A5000114653EA010019D0C8F14002504600F007
:109A6000F7F805460E46504659464246FFF771FF45
:109A7000084305D0012004E020463946BDE8F08DBA
:109A80000020054346EAE0762C4337430A986305F5
:109A9000E40AA0EB08000022FD0A44EA47540A3019
:109AA00002D500200146E9E7010510196941DDE909
:109AB000084500196941BDE8F04DA2E770B521F0F5
:109AC000004303430CD0C1F30A550024D5EB040531
:109AD00064EB0403D617AD1AB34102DB0020014644
:109AE00070BD201841EB025170BD2DE9F04D0023EF
:109AF0001A461B1A8A4103DB00200146BDE8F08D9F
:109B0000C1F30A52C1F3130141F480154FF0000B69
:109B1000D10702D100186D41521E0027044640F2C1
:109B2000FF11384601EB620A3E468046024600209D
:109B30004FF4801100F08CF8C2197141BB1846EB4C
:109B40000100B4EB030C75EB000C04D3E41A65EBD5
:109B5000000517460E46241908F101006D418046A4
:109B60003428E3DDF91946EB0600091BA84103D2AE
:109B70004FF0FF32134601E0002213461BEB0700B3
:109B800046EB0A51BDE8F04DFFF73BBF70B5C1F39E
:109B90000A5201F000450024C1F3130140F2FF33E3
:109BA00041F480119A4201DA002070BD40F2334343
:109BB0009A42A2F2334203DC524200F049F800E03C
:109BC00090402C43F1D0404270BD000030B5041EDF
:109BD00071F1000404DB4FF00044404264EB0101EA
:109BE000141E73F1000405DB1C464FF00043524283
:109BF00063EB04038B4208BF824230BD30B5041EC4
:109C000071F1000404DB4FF00044404264EB0101B9
:109C1000141E73F1000405DB1C464FF00043524252
:109C200063EB0403994208BF904230BD064C074DD8
:109C300006E0E06840F0010394E80700984710341C
:109C4000AC42F6D3F6F7A4FA08BE000828BE000816
:109C5000202A04DB203A21FA02F00021704721FA81
:109C600002F3D040C2F120029140084319467047E8
:109C70000EB540F2334102910021CDE900110A46B0
:109C80000B46FFF7CDFE03B000BD70B58C1810F881
:109C9000015B15F0070301D110F8013B2A1106D131
:109CA00010F8012B03E010F8016B01F8016B5B1E4B
:109CB000F9D12B0705D40023521E0DD401F8013B26
:109CC000FAE710F8013BCB1A921C03E013F8015B92
:109CD00001F8015B521EF9D5A142D8D3002070BD16
:109CE0000FB41CB50246002007AC00290BD0491E5A
:109CF000CDE90021054B6A462146069801F04EFE4B
:109D0000009A002111701CBC5DF814FB55BB0008C3
:109D10000FB4084B10B504A902AA039801F03EFE47
:109D2000044602A9002001F020FF204610BC5DF887
:109D300014FB00006BBB000803B4019841000098BD
:109D400050EAC12018BF04204A0D18BF40F001009E
:109D500040F2FF72B2EB515F08BF40F002000128F1
:109D600008BF052002B070474100080218BF042058
:109D70000A0E18BF40F001004FF07F4232EA0101A5
:109D800008BF40F00200012808BF0520704700000E
:109D900010EE100A10B510EE901A4FF0684202EB68
:109DA00040032DED028BB3F1654F3CBF02EB410246
:109DB000B2F1654F7CD200BFC0F3C753C1F3C752A5
:109DC0009A1A1B2A09DD10F0004F14BF9FED6E0A8E
:109DD0009FED6E0ABDEC028B10BD12F11A0F1BDA5B
:109DE00011F0004F09D010F0004F0CBF9FED680A32
:109DF0009FED680ABDEC028B10BD80EE208A18EE44
:109E0000100AFFF7B1FF042808BF01F0A9FDB0EE6A
:109E1000480ABDEC028B10BD4200B2EB410F37D9AE
:109E200010F0004F19BFDFED5C1A9FED5C1ADFEDFB
:109E30005C1A9FED5C1AB0EE602A0A46F1EE400A09
:109E400080F00041B0EE420A10460A1A5200B2F108
:109E5000807F34D2484010F0004FDFED532A9FED51
:109E6000533A1DBFBEEE002A71EEE21A31EE431ADC
:109E7000B6EE002A04BF71EEA21A31EE031AF0EE1C
:109E8000402A42EE602A40EE020A82EEA02A18E042
:109E900011F0004F04BF9FED461AF0EE411AD4D0E6
:109EA00010F0004F1CBFDFED431A9FED431A00E096
:109EB00026E004BFDFED411A9FED411AC5E780EEB1
:109EC000202A22EE020ADFED3F0ADFED3F2ABDEC39
:109ED000028B40EE202ADFED3D0A40EE220ADFED44
:109EE0003C2A40EE202ADFED3B0A40EE220A22EE19
:109EF000000A00EE201A31EE020A30EE210A10BDEF
:109F00004FF07F42B2EB400F28BFB2EB410F05D2BA
:109F1000BDEC028BBDE8104001F01EBD40EA01031C
:109F20005B0008BF41F0FF410BD0B2EB400F08BF10
:109F3000B2EB410F08D120F0804000EE100A21F072
:109F4000804100EE901A37E7B2EB400F12BF5FEA94
:109F5000410240F0FF4001F000413FF42DAF4A00C4
:109F600092EA40033FF528AF002AACBF9FED1A1AD2
:109F70009FED1A1A20EE010A60EE810A10EE100A17
:109F800010EE901A18E70000DB0FC9BFDB0FC93FC6
:109F9000DB0F4940DB0F49C00000C9BF22AAFDB951
:109FA0000000C93F22AAFD390060ED3EC30ACE374A
:109FB00000000000000049C022AA7DBA000049400C
:109FC00022AA7D3A2DAD65BD8FB8D53D0FB511BE26
:109FD00061C84C3EA8AAAABE0000804F0000802F96
:109FE00070B52DED020B2DED0A8B82B00D98C40FCC
:109FF00020F00045AE48854248D3AE48854219D38B
:10A000000C99C5F31300084309D09DED0C0B02B069
:10A01000BDEC0A8B02B0BDE8704001F059BC002CC9
:10A0200014BF9FEDA50B9DED0C0B02B0BDEC0A8B90
:10A0300002B070BD9FEDA20B53EC102B9DED0C0BED
:10A0400051EC100BFFF7DAFD0AD2022001F0A0FC60
:10A0500002B0BDEC0A8B02B0BDE8704001F05CBC00
:10A060009FED990B53EC102B9DED0C0B51EC100B4D
:10A07000FFF7ACFD0AD2022001F08AFC02B0BDEC71
:10A080000A8B02B0BDE8704001F056BC90489FEDCD
:10A0900092BBA8425CD29248854219D2914878443A
:10A0A00000EBC40090ED000B53EC102B9DED0C0B5E
:10A0B00051EC100BFFF710FB41EC1A0B8A48784467
:10A0C00000EBC40090ED009BC4F10100041B36E0DE
:10A0D0009FED870B53EC102B9DED0C0B51EC100BEF
:10A0E000FFF700FB41EC100B8348784400EBC40001
:10A0F00090ED001B51EC100B53EC112BFFF74BFABA
:10A10000FFF744FD0446FFF7CEFB41EC180B9FED33
:10A110007C0B53EC102BFFF7E5FA9DED0C1B53EC79
:10A12000112BFFF7DCFA41EC1A0B9FED770B51EC8A
:10A13000180B53EC102BFFF7D5FA41EC190B51EC2F
:10A140001A0B53EC192BFFF7C7FACDE90C011BE0F2
:10A150006F48854217D29FED700B53EC102B9DED8D
:10A160000C0B51EC100BFFF716FA53EC1B2BFFF7FF
:10A1700045FD08D29DED0C0B53EC1B2B51EC100B45
:10A18000FFF709FA6EE000249DED0C0B53EC102B49
:10A1900051EC100BFFF7A6FA41EC180B60480521B3
:10A1A000B0EE480AF0EE680A784401F065FA53EC24
:10A1B000182B51EC100BFFF795FA9DED0C1B53EC8F
:10A1C000112BFFF78CFA41EC180B9FED570B5CB38A
:10A1D00053EC182B51EC100BFFF77EFA9DED0C0B96
:10A1E00041EC1C0B53EC182B51EC100BFFF77AFAD7
:10A1F00053EC1C2BFFF7E8FA53EC192BFFF76FFA1F
:10A2000053EC1A2BFFF768FA53EC1B2BFFF767FA96
:10A21000CDE900016FF47F70844226DB01EB04502E
:10A2200001909DED000B00E753EC102B51EC180B47
:10A23000FFF752FA9DED0C0B41EC190B53EC182B68
:10A2400051EC100BFFF74EFA53EC192BFFF7BCFA49
:10A250009DED0C1B53EC112BFFF73EFA53EC1B2B1F
:10A26000FFF73DFA41EC100BDFE608464FF07A515C
:10A2700001EB04519FED2E0B084453EC102B019081
:10A280009DED000B51EC100BFFF72CFA0D4645EC41
:10A29000100B044651EC100BFFF74EFD042808BFCD
:10A2A00001F04AFB45EC104BBFE600000000000047
:10A2B000422E86400000F07F0000000000000000F9
:10A2C000EF39FAFE422E864051302DD5104987C015
:10A2D000422ED63F00000000000000000000F03FCA
:10A2E000B2A2F03F6E1B00005E1B000000000000E9
:10A2F000FE822B654715F73F121B0000000000008F
:10A300000000E0FE422EE63F763C7935EF39EA3D2B
:10A310000000303E000000009C7500883CE4377E61
:10A32000841A00000000000000000000000000404F
:10A3300000000000000070012DE9F04D2DED040B30
:10A340002DED0E8B96B0DDE92550279CDDF890A011
:10A3500025F0004624F00048BAF1000F14BF012197
:10A36000002101EB4502FC4953184A1093422AD3BD
:10A37000002814BF0123002303EB44030B44F749D7
:10A380008B4220D358EA00019FEDF59B76D0DFF891
:10A39000D8B35D4503D1BAF1000F05D188E0BAF119
:10A3A000000F08BF002100D0012101EB450111F58C
:10A3B000001F08D8002814BF0121002101EB44012F
:10A3C00011F5001F0BD99DED261B9DED240B16B03A
:10A3D000BDEC0E8B04B0BDE8F04D01F083BA002750
:10A3E000002DBCBFE149884521DAE1498845A8BF75
:10A3F00002271CDAC3451ADCDE4901EB2851142977
:10A4000008DDC1F1340220FA02F101FA02F28242BF
:10A410000DD108E058B9C1F1140228FA02F101FA8D
:10A4200002F2424503D101F00101C1F1020756EAEF
:10A430000A0124D1002C22DA002D18BF022F01D0EE
:10A44000012F0AD0022001F0A3FA16B0BDEC0E8B4A
:10A4500004B0BDE8F04D01F023BA022001F098FAF3
:10A4600001F01EFA51EC100B81F0004141EC100B91
:10A4700016B0BDEC0E8B04B0BDE8F08D18E09FED7A
:10A48000BEAB9FEDBF8B002871D1B848804522D16B
:10A4900005F1804010F5801008BFBAF1000F07D019
:10A4A000B3450ADC002CA8BF9DED260BE0DA0DE0D9
:10A4B000B0EE490AF0EE690ADAE7002C06DA9DED03
:10A4C000260B51EC100B81F000416FE0AE48784450
:10A4D00090ED000BCCE7D8454DD1002C48DA2EB1D9
:10A4E00086423AD1BAF1000F42D126E0BAF1000F0C
:10A4F00013D0022001F04CFA01F00EFA8DED020BA0
:10A500009DED240B8DED000B10EE900A039961F385
:10A510001E0003909DED020BAAE78DED02AB9DEDB1
:10A52000240B1AEE901A10EE900A8DED000B61F3D9
:10A530001E0003909DED020B9AE78DED028B9DEDC1
:10A54000240B18EE901A10EE900A8DED000B61F3BB
:10A550001E0003909DED020B8AE709DA9DED240BA6
:10A5600051EC190B53EC102BFFF72EF91EE020E0F5
:10A570009DED240B7CE786421BDAB4F1804F0DD0B1
:10A58000A4F10050B0F1FF5013D1002D11DB9DED6F
:10A59000240B51EC100B01F0F9FA07E09DED240BB0
:10A5A00053EC102B51EC100B00F0C2BC41EC100B23
:10A5B0005EE79DED240B51EC100B01F0DBFABAF1D4
:10A5C000000FCDE90E0142D19FED710B46B3A6F10C
:10A5D000E040B0F17F600CD05E4538D1002D00DA4C
:10A5E000A7B3022F0CBF01204FF0FF30FFF75BF93C
:10A5F000DCE7002D01DD002C0DDA002D01DD002C43
:10A600001FDB002D16DA002C14DB012F08BF9FED95
:10A61000620B3FF42DAFB0EE4A0AF0EE6A0A27E76C
:10A62000022F18BF002D0CD0012F0AD1002DFFF6EC
:10A630001FAF06E0002DB8BF002C08DA012F3FF451
:10A6400017AFB0EE480AF0EE680A11E71BE00120F0
:10A6500000EBE57050EA070115D0791EB0EE498A8B
:10A66000F0EE698A084308BF9FED4D8B4E480025E8
:10A67000804570DD4D494E48884514DDB0420DDB04
:10A68000002C19DB2FE0012001F082F916B0BDEC9F
:10A690000E8B04B0BDE8F04D01F02EB9B34502DCDD
:10A6A000002C09DC1FE0864202DA002C1BDA03E0F2
:10A6B0005E452BDD002C16DD022001F069F901F06A
:10A6C0002BF98DED020B53EC1A2B51EC180BFFF705
:10A6D00009F8CDE900010399019861F31E00039088
:10A6E0009DED020BC4E6022001F052F901F024F9BD
:10A6F00010EE901A18EE900A8DED020B8DED008B86
:10A7000061F31E0003909DED020BB1E69DED0E0B73
:10A7100053EC192B51EC100BFEF7DEFF9FED260BCF
:10A72000CDE9080153EC102B9DED080B51EC100BFB
:10A73000FEF7D8FF9FED221B53EC112BFEF7CFFF46
:10A740009DED081B53EC112BFEF7CCFF9FED1E1B5C
:10A7500053EC112B3CE08CE0FFFF1F00FFFF0F00CC
:10A76000000000000000F03F0000F03F0000F07F1C
:10A770000000404301FCFFFF000000000000F07FEC
:10A7800000000000000000003E1800000000000073
:10A790000000000000000080000000000000F0FF4A
:10A7A000000000000000F0BF0000E0410000F043A6
:10A7B000FFFFEF3F00000000000000000000D03F5E
:10A7C000555555555555D53F000000000000E03F58
:10A7D000FEF785FF9DED080B41EC1A0B53EC102B97
:10A7E00051EC100BFEF77EFF53EC1A2BFEF77AFFAD
:10A7F00041EC1A0B9FEDFE0B53EC102B9DED080B5B
:10A8000051EC100BFEF76EFF41EC1B0B9FEDFA0BAA
:10A8100051EC1A0B53EC102BFEF764FF41EC1A0BB2
:10A820009FEDF70B53EC102B9DED080B51EC100B2B
:10A83000FEF758FF53EC1A2BFEF74EFF41EC1A0BB4
:10A8400051EC1B0B53EC1A2BFEF7A5FE0690CDE93D
:10A8500006519DED060B53EC1B2B51EC100BFEF734
:10A860003BFF53EC1A2BFEF73AFF41EC100B00F0C4
:10A87000A1B90020B6F5801F0EDA9FEDE30B53EC73
:10A88000102B9DED0E0B51EC100BFEF72BFFCDE9BD
:10A890000E016FF034000E4600EB2650A0F2FF3799
:10A8A000C6F31300DA4940F07F6646F0405688420E
:10A8B000D8BF002408DDD7498142C8BF012403DC8A
:10A8C0000024A6F580167F1CD348784400EBC40012
:10A8D0000F9690ED00CB9DED0E0B53EC1C2B51EC25
:10A8E000100BFEF7F9FE9DED0E0B41EC1B0B53EC2C
:10A8F0001C2B51EC100BFEF74EFE41EC100B51ECF3
:10A90000190B53EC102BFEF75FFF41EC1D0B51ECC4
:10A910001B0B53EC1D2BFEF7E5FE41EC1A0BBF4859
:10A920008DED10AB7844109590ED000B4FF000507A
:10A9300040EA660000EB84408DED080B00F5002036
:10A9400009909DED080B53EC1C2B51EC100BFEF7FE
:10A95000C3FE9DED0E1B53EC112BFEF7C0FE41EC28
:10A96000100B53EC102B9DED100B51EC100BFEF760
:10A97000B9FE9DED080B41EC1C0B53EC102B9DED2B
:10A98000100B51EC100BFEF7ADFE53EC1B2BFEF73A
:10A99000A6FE53EC1C2BFEF79FFE53EC1D2BFEF77F
:10A9A000A1FE41EC1C0B53EC1A2B51EC1A0BFEF7D9
:10A9B00099FE41EC1B0B9A480621B0EE4B0AF0EED3
:10A9C0006B0A784400F058FEB0EE401AF0EE601AC0
:10A9D000B0EE41DAF0EE61DA53EC1B2B51EC1B0BBD
:10A9E000FEF780FE53EC1D2BFEF77CFE9DED100B59
:10A9F00041EC1B0B53EC1A2B51EC100BFEF7CBFD6B
:10AA000053EC1C2BFEF76EFE53EC1B2BFEF7C3FD25
:10AA10009DED100B41EC1B0B53EC102B51EC100B6C
:10AA2000FEF760FE41EC1D0B9FED7FEB53EC1E2B00
:10AA3000FEF7B1FD53EC1B2BFEF7ADFD0890CDE901
:10AA400008519DED080B53EC1E2B51EC100BFEF73B
:10AA500043FE53EC1D2BFEF73FFE53EC1B2BFEF782
:10AA60003EFE9DED080B41EC1D0B53EC102B9DEDB4
:10AA7000100B51EC100BFEF735FE41EC1B0B53ECA9
:10AA80001A2B51EC1D0BFEF72DFE9DED080B41EC32
:10AA90001A0B53EC102B51EC1C0BFEF723FE53EC5E
:10AAA0001A2BFEF778FD41EC1A0B51EC1B0B53EC03
:10AAB0001A2BFEF770FD0C90CDE90C519DED0C0B9F
:10AAC00053EC1B2B51EC100BFEF706FE53EC1A2B2C
:10AAD000FEF705FE41EC1B0B9FED550B53EC102BC5
:10AAE0009DED0C0B51EC100BFEF7FCFD41EC1A0B2D
:10AAF0009FED510B51EC1B0B53EC102BFEF7F2FDAD
:10AB000041EC1B0B9FED4E0B53EC102B9DED0C0BF2
:10AB100051EC100BFEF7E6FD53EC1B2BFEF73BFD53
:10AB200041EC100B4848784400EBC40090ED001B4A
:10AB300051EC100B53EC112BFEF72DFD41EC1B0BD0
:10AB40003846FEF7B0FECDE9080153EC1B2B51EC63
:10AB50001A0BFEF720FD41EC100B3C48784400EB4B
:10AB6000C40090ED00CB51EC100B53EC1C2BFEF706
:10AB700012FD9DED081B53EC112BFEF70CFD06900A
:10AB8000CDE906519DED080B53EC102B9DED060B06
:10AB900051EC100BFEF7A0FD53EC1C2BFEF79CFDB7
:10ABA00053EC1A2BFEF798FD53EC1B2BFEF797FD89
:10ABB00041EC100B9DED261B53EC102B8DED001B73
:10ABC00000959DED260B51EC100BFEF78BFD9DEDD6
:10ABD000000B41EC1A0B53EC102B9DED260B51ECA6
:10ABE000100BFEF779FD9DED061B53EC112B2FE0AA
:10ABF000000000604715F73FFE822B654715F73FC1
:10AC000044DF5DF80BAE543E0000000000004043FE
:10AC10008E9803007AB60B008A130000E813000038
:10AC2000C212000000000000000000000000084008
:10AC3000000000E009C7EE3FFD033ADC09C7EE3F24
:10AC4000F5015B14E02F3EBE4E110000081100001C
:10AC5000FEF748FD53EC1A2BFEF79DFC9DED060B0D
:10AC600041EC1A0B53EC102B9DED000B51EC100B2B
:10AC7000FEF738FDCDE90C019DED0C0B51EC1A0BE4
:10AC800053EC102BFEF787FCCDE902010C46AA49D4
:10AC90008C422FDB611A084318D19DED0C0B53EC4D
:10ACA000102B9DED020B51EC100BFEF715FD41EC46
:10ACB0001B0B9FEDA30B51EC1A0B53EC102BFEF763
:10ACC0006AFC53EC1B2BFEF799FF2DD2022000F0FB
:10ACD0005FFE00F021FE10EE901A18EE900A8DED46
:10ACE000020B8DED008B61F31E0003909DED020BB6
:10ACF000FFF7BEBB944A24F00041914214D393491C
:10AD0000214408437FF4EFAC9DED0C0B53EC102B6A
:10AD10009DED020B51EC100BFEF7DEFC53EC1A2BF1
:10AD2000FEF76CFF7FF6DFAC24F000408849894ACB
:10AD3000002601EB205182422BDA481C4FF480118F
:10AD400021FA00F02044844AC0F30A517A44A1F267
:10AD5000FF3192ED000B814A8DED080BCA4020EACD
:10AD60000202C0F3130040F48010C1F1140120FA74
:10AD700001F60992002CB8BF76429DED080B53EC0A
:10AD8000102B9DED0C0B51EC100BFEF7A5FCCDE943
:10AD90000C019DED0C0B51EC1A0B53EC102BFEF734
:10ADA000FAFB9FED6F0B0890CDE9085153EC102B87
:10ADB0009DED080B51EC100BFEF794FC41EC1B0BC6
:10ADC0009FED690B53EC102B9DED080B51EC100B14
:10ADD000FEF788FC9DED0C0B41EC1C0B53EC102B8B
:10ADE0009DED080B51EC100BFEF776FC53EC1A2B83
:10ADF000FEF775FC9FED5E1B53EC112BFEF772FC0A
:10AE000053EC1C2BFEF7C7FB41EC1A0B51EC1B0B50
:10AE100053EC1A2BFEF7BFFBCDE902019DED020BAF
:10AE200053EC1B2B51EC100BFEF756FC53EC1A2B7A
:10AE3000FEF755FC9DED020B41EC1A0B53EC102B69
:10AE400051EC100BFEF74EFCCDE908014A489DED90
:10AE5000080B0521784400F00FFC9DED081B51EC18
:10AE6000100B53EC112BFEF73DFC9DED021B53EC38
:10AE7000112BFEF734FCCDE906019DED020B53ECDE
:10AE80001A2B51EC100BFEF72DFC53EC1A2BFEF78E
:10AE900082FB9FED3B0B41EC1A0B53EC102B9DED0D
:10AEA000060B51EC100BFEF717FC9DED060B41EC69
:10AEB0001B0B53EC102B9DED020B51EC100BFEF70E
:10AEC00011FC53EC1B2BFEF77FFC53EC1A2BFEF707
:10AED00003FC9DED021B53EC112BFEF7FDFB53EC25
:10AEE000192BFEF7FCFBCDE9020101EB0650011521
:10AEF0000029C8BF039015DC9DED020B324651ECD2
:10AF0000100BFEF7DBFDFEF717FF042808BF00F06B
:10AF100013FD32469DED020B51EC100BFEF7CEFDFA
:10AF2000CDE902019DED020B51EC180B53EC102BF7
:10AF3000FEF7D8FBFFF73ABB00009040000000008E
:10AF4000FE822B654715973C00CC904000346F3F44
:10AF500001FCFFFF0000E03FC00F0000FFFF0F00FB
:10AF600000000000432EE63F396CA80C615C20BE57
:10AF7000EF39FAFE422EE63F600E000000000000AE
:10AF8000000000000000004010B52F499FED2C1B71
:10AF90002DED020B84B0059820F000408842DCBF04
:10AFA00000209DED040B32DD2849884209D1049828
:10AFB00040B94FF0010000F0EBFC00F09DFC06B042
:10AFC00010BD05DB9DED040B00F082FC06B010BD4A
:10AFD00068469DED040B00F07BF810F0030011D0E3
:10AFE000012818D09DED021B9DED000B02281AD000
:10AFF00000F08AFA51EC100B81F0004106B041ECF0
:10B00000100B10BD9DED021B9DED000B012000F00B
:10B01000AFFB06B010BD9DED021B9DED000B00F0D7
:10B0200073FA06B010BD012000F0A2FB51EC100B2A
:10B0300081F0004106B041EC100B10BD0000000093
:10B040000000000000000000FB21E93F0000F07F4D
:10B0500000B52DED048BB0EE409AF0EE609A83B00F
:10B0600051EC190BFEF741FD41EC180B18EE100ADC
:10B0700018EE901A8DED008B002818BF01200843B0
:10B0800020F00040C0F17F6000F1E040C00F14D01C
:10B0900019EE101A19EE900A8DED009B002918BFC9
:10B0A0000121084320F00040C0F17F6000F1E04042
:10B0B000C00F04BF012000F06BFCB0EE480A03B0E3
:10B0C000F0EE680ABDEC048B00BD0000000000003B
:10B0D0002DE9F14F04462DED020B2DED088B8AB0C2
:10B0E0009FEDE70B80ED020B139EE74826F000452D
:10B0F00085420ADC9DED120B002084ED000B0AB0A6
:10B10000BDEC088B03B0BDE8F08FE0489FEDE0ABED
:10B110009FEDE1BBA84247DDE14F9FEDE39B9FED33
:10B12000E48B9DED120B53EC1A2B51EC100B002EFF
:10B130001CDDFEF7D1FA41EC100BBD4208D053ECF8
:10B140001B2B51EC100BFEF7C7FAC4E900010BE012
:10B1500053EC192B51EC100BFEF7BEFA53EC182BE5
:10B16000FEF7BAFAC4E900010120C8E7FEF713FAB6
:10B1700041EC100BBD4208D053EC1B2B51EC100BD3
:10B18000FEF709FAC4E900010BE053EC192B51EC6E
:10B19000100BFEF700FA53EC182BFEF7FCF9C4E98C
:10B1A00000014FF0FF30AAE7C348A84279DB9DEDCC
:10B1B000120B51EC100B00F0DDFC41EC180B9FED75
:10B1C000C00B53EC102BFEF78DFA9FEDBF1B53EC19
:10B1D000112BFEF7E0F9FEF7D9FC0746FEF763FBFB
:10B1E00041EC190B53EC1A2BFEF77CFA53EC182B9D
:10B1F000FEF775FA41EC180B53EC1B2B51EC190BB5
:10B20000FEF770FADFF8C8A241EC100B4FEA1558B0
:10B210000125FA4453EC102B51EC180BFEF75CFAA5
:10B22000032DC4E900013DD0C1F30A5005EB4511DF
:10B23000A8EB00001139814234DA0AEB051BB0EEAD
:10B2400048AA9BED000BF0EE68AA53EC102B51ECD2
:10B25000190BFEF747FA41EC1B0B51EC1A0B53ECA0
:10B260001B2BFEF739FA41EC180B51EC1A0B53EC7F
:10B27000182BFEF731FA53EC1B2BFEF72DFA9BED42
:10B28000020B41EC1A0B53EC102B51EC190BFEF78F
:10B2900029FA53EC1A2BFEF71FFA41EC100B6D1C28
:10B2A000B8E70EE0002EA8BF3846BFF628AF94EDF1
:10B2B000000B51EC100B81F00041C4E90001784211
:10B2C0001DE7C6F3130040F4801EC6F30A50A0F237
:10B2D000F530471100F01F05C5F12000DDF848B03A
:10B2E00008900020069007900520EC467949002D33
:10B2F00007EB0002794408BF51F8221009D051F839
:10B30000223001EB8201AB404A68089922FA01F130
:10B310001943A1FB0E26A1FB0B131A449A4234BF1A
:10B320000123002303EB06080CEB8003D3E901A6FD
:10B330000E448E4234BF0121002192448A4411B14F
:10B34000924502D903E0924501D2012100E000219B
:10B35000C3E901A641444CF82010011EA0F10100F0
:10B36000C4DC029800F10050850F0298DDE9036704
:10B370008000DDF81480FEF796FA41EC1A0B304697
:10B38000FEF776FC9FED541B53EC112BFEF7AAF948
:10B3900041EC1B0B3846FEF76BFC9FED511B53EC49
:10B3A000112BFEF79FF941EC180B4046FEF760FCAD
:10B3B0009FED4D1B53EC112BFEF794F941EC190B4B
:10B3C00051EC180B53EC192BFEF7E5F853EC1B2B43
:10B3D000FEF7E1F853EC1A2BFEF7DDF8CDE9080192
:10B3E000002008909DED080B53EC1A2B51EC100B2C
:10B3F000FEF772F953EC1B2BFEF76EF953EC182B8A
:10B40000FEF76AF953EC192BFEF769F99FED381B2B
:10B4100053EC112BFEF766F99FED370B41EC180B3F
:10B4200053EC102B9DED080B51EC100BFEF75AF965
:10B4300053EC182BFEF7AFF89FED310B41EC180BD6
:10B4400053EC102B9DED080B51EC100BFEF74AF955
:10B4500053EC182BFEF79FF841EC100B139810F0EB
:10B46000004F06D06D4251EC100B81F0004141ECD1
:10B47000100B284684ED000B41E6000000000000A0
:10B480000000000000000000FB21E93F7CD90240E1
:10B4900000004054FB21F93F3163621A61B4D03D92
:10B4A000FB21F93F000000000000601A61B4D03DAC
:10B4B0007370032E8A19A33BFB2139410000000061
:10B4C00083C8C96D305FE43F000000000000E03F2A
:10B4D000020B0000500A0000000000000000103EB7
:10B4E000000000000000103C000000000000103AC6
:10B4F000182D4454FB21F93D3326A611460B113C6F
:10B5000000000054FB21F93D10B52DED040B2DED8D
:10B51000088B82B0B0EE419AF0EE619A0B9820F061
:10B5200000449FED4BABB4F1795F11DA9DED0A0B4E
:10B5300051EC100BFEF72AFB002801BFB0EE4A0ABF
:10B54000F0EE6A0A02B0BDEC088B04BF04B010BD77
:10B550009DED0A0B53EC102B51EC100BFEF7C2F8CB
:10B5600041EC180B3C480621B0EE480AF0EE680AA0
:10B57000784400F081F853EC182B51EC100BFEF7D7
:10B58000B1F89DED0A0B41EC1B0B53EC192B51EC60
:10B59000100BFEF7A7F841EC190B53EC1B2B51ECE9
:10B5A000180BFEF79FF853EC192BFEF795F89FED5B
:10B5B0002C0B41EC190B53EC102B51EC180BFEF734
:10B5C00091F841EC100B2848844210DA53EC192B07
:10B5D00051EC100BFEF780F853EC1A2BFEF77FF8B6
:10B5E00041EC100B02B0BDEC088B04B010BD1F483D
:10B5F000A042BCBF9FED1E1B8DED001B06DBA4F51A
:10B6000000100190002000909DED001B51EC100BEC
:10B6100053EC112BFEF760F89DED000B41EC180B7D
:10B6200053EC102B51EC1A0BFEF756F841EC1A0BA9
:10B6300053EC192B51EC180BFEF74EF853EC1A2B68
:10B64000FEF74DF841EC100BCCE7000000000000C5
:10B65000000000000000F03F6C0700000000000048
:10B66000000000000000E03F3333D33F0000E93F1B
:10B67000000000000000D23F70B504462DED028BA3
:10B680004D1E00EBC500B0EE408AF0EE608A90EDF2
:10B69000000B35F0060017D053EC182B51EC100BB3
:10B6A000FEF720F841EC100B6D1E04EBC50090ED89
:10B6B000001B51EC100B53EC112BFDF76CFF41EC10
:10B6C000100B35F00600E7D1022D36D0042D1CD02A
:10B6D000062D1CBFBDEC028B70BD53EC182B51EC3A
:10B6E000100BFDF7FFFF94ED0A1B53EC112BFDF738
:10B6F00052FF53EC182BFDF7F5FF94ED081B53ECAC
:10B70000112BFDF748FF41EC100B53EC182B51ECBB
:10B71000100BFDF7E7FF94ED061B53EC112BFDF723
:10B720003AFF53EC182BFDF7DDFF94ED040B53ECBF
:10B73000102BFDF730FF41EC100B53EC182B51ECA4
:10B74000100BFDF7CFFF94ED021B53EC112BFDF70F
:10B7500022FF53EC182BFDF7C5FF94ED001B53ECB3
:10B76000112BFDF718FFBDEC028B41EC100B70BDE7
:10B7700031B504462DED040B2DED0A8BB0EE41BA28
:10B78000F0EE61BA0B989DED0A0B20F00040B0F18D
:10B79000795F0DDA51EC100BFEF7CEFA042808BFE2
:10B7A00000F0CAF89DED0A0BBDEC0A8B05B030BD68
:10B7B00053EC102B51EC100BFDF794FF41EC180BE0
:10B7C0009DED0A0B53EC182B51EC100BFDF78AFF83
:10B7D00041EC190B2C48B0EE480AF0EE680A05213E
:10B7E0007844FFF749FF9FED2ACBB0EE40AAF0EE78
:10B7F00060AA9CB353EC1C2B51EC190BFDF772FFA4
:10B8000041EC1C0B53EC1A2B51EC190BFDF76AFFA2
:10B810009FED210B41EC190B53EC102B51EC1B0B42
:10B82000FDF760FF53EC192BFDF756FF53EC182B77
:10B83000FDF758FF53EC1B2BFDF74EFF53EC1C2B71
:10B84000FDF74AFF9DED0A1B53EC112BFDF747FF57
:10B85000BDEC0A8B05B041EC100B30BDFFE753EC9B
:10B860001A2B51EC180BFDF73DFF53EC1C2BFDF789
:10B8700092FE53EC192BFDF735FF9DED0A1B53EC9F
:10B88000112BFDF788FEE3E7FC0500000000000037
:10B89000495555555555C5BF000000000000E03F13
:10B8A0009FED070B10B553EC102B9FED070B51ECE0
:10B8B000100BFDF789FF41EC100B10BD00000000DC
:10B8C0000000000000000000000000000000F03F49
:10B8D00010B553EC102B51EC100BFDF75CFE41EC56
:10B8E000100B10BD10B553EC112B51EC100BFDF7E4
:10B8F00052FE41EC100B10BD9FED050B10B553EC43
:10B90000102B51EC100BFDF75FFF41EC100B10BD3D
:10B9100000000000000000009FED050B10B553EC87
:10B92000102B51EC100BFDF7DDFE41EC100B10BDA0
:10B9300000000000000000709FED050B10B553ECF7
:10B94000102B51EC100BFDF7CDFE41EC100B10BD90
:10B95000000000000000001030EE200A70470000D8
:10B960009FED020A20EE000A704700000000001060
:10B9700002E008C8121F08C1002AFAD170477047B8
:10B98000002001E001C1121F002AFBD17047000016
:10B990000149086070470000280300202DE9FF4F8F
:10B9A0008BB09A460F460546002606E025280BD0A8
:10B9B00052460D9990476D1C761C28780028F5D1C9
:10B9C0000FB03046BDE8F08F0024A0460122604948
:10B9D00000E0044315F8013F203B02FA03F008425F
:10B9E000F7D128782E2817D115F8010F44F0040458
:10B9F0002A280ED06FF02F022878A0F130010929F3
:10BA00000AD808EB880102EB410100EB01086D1C2C
:10BA1000F2E757F8048B6D1C287869283ED006DCC5
:10BA20000028CDD063280BD0642804D136E07328D9
:10BA300010D075284BD052460D999047761C85E062
:10BA400017F8040B8DF8000000208DF80100E9467E
:10BA5000012003E057F8049B4FF0FF3061074FF0DF
:10BA6000000401D40AE0641C44450DDA8442FADB88
:10BA700019F804100029F6D106E0641C8442FCDBAE
:10BA800019F804100029F8D1264404E019F8010B34
:10BA900052460D999047641EF8D257E001CF4FF0FF
:10BAA0000A0B002802DA40422D2102E0210504D5CC
:10BAB0002B218DF82410012103E0E10705D020217E
:10BAC000F7E70DF1200908910CE00021F9E701CF1B
:10BAD0004FF00A0BF9E75946FDF725FF01F1300257
:10BAE00009F8012D0028F6D1ADEB090000F1200B7B
:10BAF000600701D44FF00108D84502DDA8EB0B0028
:10BB000000E000208046002406E009A85246005DBF
:10BB10000D999047641C761C08988442F5DB04E07C
:10BB2000302052460D999047761CB8F10001A8F1DB
:10BB30000108F5DC05E019F8010B52460D99904714
:10BB4000761CBBF10001ABF1010BF4DC6D1C34E79A
:10BB5000092801004A68002A06D00A68531C0B60B5
:10BB600010704868401E486070470A68531C0B609C
:10BB70001070704782B0CDE9000121F000400190C3
:10BB80009DED000B02B051EC100B704700B52DED90
:10BB9000048B83B041EC190BFDF7A7FF41EC180BA8
:10BBA00018EE100A18EE901A8DED008B002818BFC1
:10BBB0000120084320F00040C0F17F6000F1E04028
:10BBC000C00F14D019EE101A19EE900A8DED009BDB
:10BBD000002918BF0121084320F00040C0F17F6018
:10BBE00000F1E040C00F04BF0120FFF7D1FE51EC8F
:10BBF000180B03B0BDEC048B00BD0000000000007A
:10BC0000000000000000E03F000000000000E0BF76
:10BC10000000E0FE422EE63F0000E0FE422EE6BFBE
:10BC2000763C7935EF39EA3D763C7935EF39EABD36
:10BC30003E5555555555C53F93BDBE166CC166BFA3
:10BC40002CDE25AF6A56113FF16BD2C541BDBBBE9C
:10BC5000D0A4BE726937663E000000000000F03FCD
:10BC6000000000000000F83F00000000000000009D
:10BC70000000004003B8E23F0000000000000000A8
:10BC800006D0CF43EBFD4C3E033333333333E33F36
:10BC9000FFAB6FDBB66DDB3F4D268F515555D53F62
:10BCA00001411DA96074D13F65DBC9934A86CD3F30
:10BCB000EF4E454A287ECA3F3E5555555555C53F1E
:10BCC00093BDBE166CC166BF2CDE25AF6A56113F10
:10BCD000F16BD2C541BDBBBED0A4BE726937663E12
:10BCE0004C5555555555A53F7751C1166CC156BF9A
:10BCF0009015CB19A001FA3EAD529C804F7E92BEAA
:10BD0000C4B1B4BD9EEE213ED43888BEE9FAA8BDC8
:10BD1000000000000000000000004054FB21F93F3B
:10BD20003163621A61B4D03D0000601A61B4D03D45
:10BD30007370032E8A19A33B0000002E8A19A33BBF
:10BD4000C14920259A837B390000000000000000D3
:10BD50006E83F9A22915444ED15727FCC0DD34F576
:10BD6000999562DB4190433CAB6351FE61C5BBDEFC
:10BD70003A6E24B7E0D24D42EA2E49061C92D10910
:10BD80001CEB1DFE3EA729B1F53582E88444BB2E8D
:10BD900026709CE9417E5FB439D69139F4395383DA
:10BDA0008B5F849C3B28F9BDFF97F81F0F9805DE39
:10BDB0008B112FEF1F6D0A5ACF7E366DB709CB2737
:10BDC000663F464F2DEA5F9EC7BA27757BF1E5EBCC
:10BDD000F739073DEA92528AB15FFB6B085D8D1F10
:10BDE000A6F810111111813FD561C119A0012ABF18
:10BDF0007DFEB157E31DC73EEB9C2B8AE6E55ABE9C
:10BE00007CD5CF5A3AD9E53D28BE00080000002075
:10BE10002C0300008A9C000800BF00082C030020AF
:10BE20008C2F000080B90008411BFF01041A020496
:10BE30001A03041A04041A05041A06041A07041A39
:10BE400008041A09041A0A041A0B041A0C041A0D1D
:10BE50000402B20E1A43E01A90EC1A8AEC1AB808DF
:10BE60001ADA081ACB041AD60C1A1C081AB3081AC4
:10BE70000E041A18041AA4041A1214C132FE35CD85
:10BE8000CCCC3D223F1A8004111A400819041AA094
:10BE9000041AC0041B20410C19041AF0041B704240
:10BEA0000819043434436452C85A8C1421295B1491
:10BEB000A08601180835FA8E3CDB0F493C011A4B6D
:10BEC00030750409161C810227141A42DC72692994
:10BED000F81A2C10323C720A89B00136320702443B
:10BEE000056B7A0393116809010203040607080928
:10BEF0000CA910C11AAA010111023E281AFF014122
:040000050800018965
:00000001FF
